race_id,date,venue_id,venue_name,cup_id,cup_name,grade,day_index,race_number,class,race_type,distance,lap,entries_number,start_at,weather,wind_speed,cancel
011320260610,20260610,13,いわき平,2026060813,スポーツ報知・いわき健康ＳＣ,2,3,1,A級,一般,1625,4,7,2026-06-10 15:52,晴れ,1.0,0
021320260610,20260610,13,いわき平,2026060813,スポーツ報知・いわき健康ＳＣ,2,3,2,A級,一般,1625,4,7,2026-06-10 16:14,晴れ,1.0,0
031320260610,20260610,13,いわき平,2026060813,スポーツ報知・いわき健康ＳＣ,2,3,3,A級,特選,1625,4,7,2026-06-10 16:38,晴れ,1.0,0
041320260610,20260610,13,いわき平,2026060813,スポーツ報知・いわき健康ＳＣ,2,3,4,A級,特選,1625,4,7,2026-06-10 17:02,晴れ,1.0,0
051320260610,20260610,13,いわき平,2026060813,スポーツ報知・いわき健康ＳＣ,2,3,5,S級,一般,2025,5,5,2026-06-10 17:26,晴れ,1.0,0
061320260610,20260610,13,いわき平,2026060813,スポーツ報知・いわき健康ＳＣ,2,3,6,S級,一般,2025,5,6,2026-06-10 17:51,晴れ,1.0,0
071320260610,20260610,13,いわき平,2026060813,スポーツ報知・いわき健康ＳＣ,2,3,7,S級,一般,2025,5,6,2026-06-10 18:17,晴れ,1.0,0
081320260610,20260610,13,いわき平,2026060813,スポーツ報知・いわき健康ＳＣ,2,3,8,S級,特選,2025,5,7,2026-06-10 18:43,晴れ,1.0,0
091320260610,20260610,13,いわき平,2026060813,スポーツ報知・いわき健康ＳＣ,2,3,9,S級,特選,2025,5,7,2026-06-10 19:09,晴れ,1.0,0
101320260610,20260610,13,いわき平,2026060813,スポーツ報知・いわき健康ＳＣ,2,3,10,S級,特選,2025,5,7,2026-06-10 19:35,晴れ,1.0,0
111320260610,20260610,13,いわき平,2026060813,スポーツ報知・いわき健康ＳＣ,2,3,11,A級,決勝,1625,4,7,2026-06-10 20:02,晴れ,1.0,0
121320260610,20260610,13,いわき平,2026060813,スポーツ報知・いわき健康ＳＣ,2,3,12,S級,決勝,2025,5,7,2026-06-10 20:30,晴れ,1.0,0
014420260610,20260610,44,大垣,2026060844,山田裕仁杯・ウィンチケット杯,1,3,1,A級,一般,1625,4,6,2026-06-10 08:30,晴れ,1.2,0
024420260610,20260610,44,大垣,2026060844,山田裕仁杯・ウィンチケット杯,1,3,2,A級,一般,1625,4,6,2026-06-10 08:50,晴れ,1.0,0
034420260610,20260610,44,大垣,2026060844,山田裕仁杯・ウィンチケット杯,1,3,3,A級,一般,1625,4,6,2026-06-10 09:10,晴れ,1.0,0
044420260610,20260610,44,大垣,2026060844,山田裕仁杯・ウィンチケット杯,1,3,4,A級,特選,1625,4,7,2026-06-10 09:30,晴れ,1.5,0
054420260610,20260610,44,大垣,2026060844,山田裕仁杯・ウィンチケット杯,1,3,5,A級,特選,1625,4,7,2026-06-10 09:50,晴れ,1.5,0
064420260610,20260610,44,大垣,2026060844,山田裕仁杯・ウィンチケット杯,1,3,6,A級,特選,1625,4,7,2026-06-10 10:10,晴れ,1.2,0
074420260610,20260610,44,大垣,2026060844,山田裕仁杯・ウィンチケット杯,1,3,7,A級,決勝,1625,4,7,2026-06-10 10:30,晴れ,1.8,0
016320260610,20260610,63,防府,2026060863,デイリースポーツ杯争奪戦,1,3,1,A級,チ一般,1682,5,7,2026-06-10 11:01,晴れ,0.7,0
026320260610,20260610,63,防府,2026060863,デイリースポーツ杯争奪戦,1,3,2,A級,チ一般,1682,5,7,2026-06-10 11:25,晴れ,0.3,0
036320260610,20260610,63,防府,2026060863,デイリースポーツ杯争奪戦,1,3,3,A級,チ選抜,1682,5,7,2026-06-10 11:55,晴れ,0.5,0
046320260610,20260610,63,防府,2026060863,デイリースポーツ杯争奪戦,1,3,4,L級,ガ一般,1682,5,7,2026-06-10 12:25,晴れ,0.3,0
056320260610,20260610,63,防府,2026060863,デイリースポーツ杯争奪戦,1,3,5,A級,特一般,1682,5,7,2026-06-10 12:55,晴れ,0.3,0
066320260610,20260610,63,防府,2026060863,デイリースポーツ杯争奪戦,1,3,6,A級,特一般,1682,5,7,2026-06-10 13:25,晴れ,0.5,0
076320260610,20260610,63,防府,2026060863,デイリースポーツ杯争奪戦,1,3,7,A級,特選,1682,5,7,2026-06-10 13:55,晴れ,0.5,0
086320260610,20260610,63,防府,2026060863,デイリースポーツ杯争奪戦,1,3,8,A級,特選,1682,5,7,2026-06-10 14:25,晴れ,0.4,0
096320260610,20260610,63,防府,2026060863,デイリースポーツ杯争奪戦,1,3,9,A級,チ決勝,1682,5,7,2026-06-10 14:55,晴れ,0.5,0
106320260610,20260610,63,防府,2026060863,デイリースポーツ杯争奪戦,1,3,10,L級,ガ決勝,1682,5,7,2026-06-10 15:25,晴れ,1.4,0
116320260610,20260610,63,防府,2026060863,デイリースポーツ杯争奪戦,1,3,11,A級,決勝,1682,5,7,2026-06-10 15:59,晴れ,2.1,0
012220260610,20260610,22,前橋,2026060922,山口シネマ杯,2,2,1,A級,一般,1700,5,6,2026-06-10 10:45,曇り,0.0,0
022220260610,20260610,22,前橋,2026060922,山口シネマ杯,2,2,2,A級,一般,1700,5,7,2026-06-10 11:09,曇り,0.0,0
032220260610,20260610,22,前橋,2026060922,山口シネマ杯,2,2,3,A級,準決勝,1700,5,7,2026-06-10 11:35,曇り,0.0,0
042220260610,20260610,22,前橋,2026060922,山口シネマ杯,2,2,4,A級,準決勝,1700,5,7,2026-06-10 12:05,曇り,0.0,0
052220260610,20260610,22,前橋,2026060922,山口シネマ杯,2,2,5,A級,準決勝,1700,5,7,2026-06-10 12:35,曇り,0.0,0
062220260610,20260610,22,前橋,2026060922,山口シネマ杯,2,2,6,S級,一般,2035,6,7,2026-06-10 13:05,曇り,0.0,0
072220260610,20260610,22,前橋,2026060922,山口シネマ杯,2,2,7,S級,一般,2035,6,7,2026-06-10 13:35,曇り,0.0,0
082220260610,20260610,22,前橋,2026060922,山口シネマ杯,2,2,8,S級,選抜,2035,6,7,2026-06-10 14:05,曇り,0.0,0
092220260610,20260610,22,前橋,2026060922,山口シネマ杯,2,2,9,S級,選抜,2035,6,7,2026-06-10 14:35,曇り,0.0,0
102220260610,20260610,22,前橋,2026060922,山口シネマ杯,2,2,10,S級,準決勝,2035,6,7,2026-06-10 15:05,曇り,0.0,0
112220260610,20260610,22,前橋,2026060922,山口シネマ杯,2,2,11,S級,準決勝,2035,6,7,2026-06-10 15:37,曇り,0.0,0
122220260610,20260610,22,前橋,2026060922,山口シネマ杯,2,2,12,S級,準決勝,2035,6,7,2026-06-10 16:21,曇り,0.0,0
012420260610,20260610,24,宇都宮,2026060924,チャリロト杯,1,2,1,A級,チ一般,1525,3,5,2026-06-10 20:50,曇り,1.0,0
022420260610,20260610,24,宇都宮,2026060924,チャリロト杯,1,2,2,A級,チ一般,1525,3,6,2026-06-10 21:10,曇り,1.0,0
032420260610,20260610,24,宇都宮,2026060924,チャリロト杯,1,2,3,A級,チ準決,1525,3,7,2026-06-10 21:30,曇り,1.0,0
042420260610,20260610,24,宇都宮,2026060924,チャリロト杯,1,2,4,A級,チ準決,1525,3,7,2026-06-10 21:50,曇り,1.0,0
052420260610,20260610,24,宇都宮,2026060924,チャリロト杯,1,2,5,A級,特一般,1525,3,7,2026-06-10 22:10,曇り,1.0,0
062420260610,20260610,24,宇都宮,2026060924,チャリロト杯,1,2,6,A級,特一般,1525,3,7,2026-06-10 22:30,曇り,1.0,0
072420260610,20260610,24,宇都宮,2026060924,チャリロト杯,1,2,7,A級,準決勝,1525,3,7,2026-06-10 22:50,曇り,0.0,0
082420260610,20260610,24,宇都宮,2026060924,チャリロト杯,1,2,8,A級,準決勝,1525,3,7,2026-06-10 23:10,曇り,1.0,0
092420260610,20260610,24,宇都宮,2026060924,チャリロト杯,1,2,9,A級,準決勝,1525,3,7,2026-06-10 23:30,曇り,1.0,0
018620260610,20260610,86,別府,2026060986,前検日コメならウィンチケット杯,1,2,1,L級,ガ予２,1625,4,7,2026-06-10 20:40,晴れ,1.0,0
028620260610,20260610,86,別府,2026060986,前検日コメならウィンチケット杯,1,2,2,L級,ガ予２,1625,4,7,2026-06-10 21:00,晴れ,1.0,0
038620260610,20260610,86,別府,2026060986,前検日コメならウィンチケット杯,1,2,3,A級,一般,1625,4,7,2026-06-10 21:20,晴れ,0.5,0
048620260610,20260610,86,別府,2026060986,前検日コメならウィンチケット杯,1,2,4,A級,一般,1625,4,7,2026-06-10 21:40,晴れ,0.5,0
058620260610,20260610,86,別府,2026060986,前検日コメならウィンチケット杯,1,2,5,A級,選抜,1625,4,7,2026-06-10 22:00,晴れ,0.5,0
068620260610,20260610,86,別府,2026060986,前検日コメならウィンチケット杯,1,2,6,A級,選抜,1625,4,7,2026-06-10 22:20,晴れ,0.5,0
078620260610,20260610,86,別府,2026060986,前検日コメならウィンチケット杯,1,2,7,A級,準決勝,1625,4,7,2026-06-10 22:40,晴れ,0.5,0
088620260610,20260610,86,別府,2026060986,前検日コメならウィンチケット杯,1,2,8,A級,準決勝,1625,4,7,2026-06-10 23:00,晴れ,0.0,0
098620260610,20260610,86,別府,2026060986,前検日コメならウィンチケット杯,1,2,9,A級,準決勝,1625,4,7,2026-06-10 23:20,晴れ,0.5,0
011220260610,20260610,12,青森,2026061012,ウィンチケット ニッカン・コム,1,1,1,A級,チ予選,1625,4,7,2026-06-10 08:40,曇り,2.0,0
021220260610,20260610,12,青森,2026061012,ウィンチケット ニッカン・コム,1,1,2,A級,チ予選,1625,4,7,2026-06-10 09:00,曇り,2.0,0
031220260610,20260610,12,青森,2026061012,ウィンチケット ニッカン・コム,1,1,3,A級,チ予選,1625,4,7,2026-06-10 09:20,曇り,2.0,0
041220260610,20260610,12,青森,2026061012,ウィンチケット ニッカン・コム,1,1,4,A級,チ予選,1625,4,7,2026-06-10 09:40,曇り,2.0,0
051220260610,20260610,12,青森,2026061012,ウィンチケット ニッカン・コム,1,1,5,A級,チ予選,1625,4,7,2026-06-10 10:00,曇り,2.0,0
061220260610,20260610,12,青森,2026061012,ウィンチケット ニッカン・コム,1,1,6,A級,チ予選,1625,4,7,2026-06-10 10:20,曇り,2.0,0
071220260610,20260610,12,青森,2026061012,ウィンチケット ニッカン・コム,1,1,7,A級,チ予選,1625,4,7,2026-06-10 10:40,曇り,2.0,0
012720260610,20260610,27,京王閣,2026061027,ＪＦＮ杯＆サンケイスポーツ杯,1,1,1,A級,チ予選,1625,4,6,2026-06-10 16:06,曇り,1.0,0
022720260610,20260610,27,京王閣,2026061027,ＪＦＮ杯＆サンケイスポーツ杯,1,1,2,A級,チ予選,1625,4,7,2026-06-10 16:28,曇り,1.0,0
032720260610,20260610,27,京王閣,2026061027,ＪＦＮ杯＆サンケイスポーツ杯,1,1,3,A級,チ予選,1625,4,7,2026-06-10 16:50,曇り,1.0,0
042720260610,20260610,27,京王閣,2026061027,ＪＦＮ杯＆サンケイスポーツ杯,1,1,4,A級,チ予選,1625,4,7,2026-06-10 17:14,曇り,1.5,0
052720260610,20260610,27,京王閣,2026061027,ＪＦＮ杯＆サンケイスポーツ杯,1,1,5,L級,ガ予１,1625,4,7,2026-06-10 17:38,曇り,2.0,0
062720260610,20260610,27,京王閣,2026061027,ＪＦＮ杯＆サンケイスポーツ杯,1,1,6,L級,ガ予１,1625,4,7,2026-06-10 18:04,曇り,2.0,0
072720260610,20260610,27,京王閣,2026061027,ＪＦＮ杯＆サンケイスポーツ杯,1,1,7,A級,特予選,1625,4,7,2026-06-10 18:30,曇り,1.0,0
082720260610,20260610,27,京王閣,2026061027,ＪＦＮ杯＆サンケイスポーツ杯,1,1,8,A級,特予選,1625,4,7,2026-06-10 18:56,曇り,1.0,0
092720260610,20260610,27,京王閣,2026061027,ＪＦＮ杯＆サンケイスポーツ杯,1,1,9,A級,特予選,1625,4,7,2026-06-10 19:22,曇り,1.0,0
102720260610,20260610,27,京王閣,2026061027,ＪＦＮ杯＆サンケイスポーツ杯,1,1,10,A級,特予選,1625,4,7,2026-06-10 19:48,曇り,0.5,0
112720260610,20260610,27,京王閣,2026061027,ＪＦＮ杯＆サンケイスポーツ杯,1,1,11,A級,初特選,1625,4,7,2026-06-10 20:16,曇り,0.5,0
013820260610,20260610,38,静岡,2026061038,スピードチャンネル・スカパー杯,1,1,1,A級,チ予選,1625,4,7,2026-06-10 10:53,曇り,1.0,0
023820260610,20260610,38,静岡,2026061038,スピードチャンネル・スカパー杯,1,1,2,A級,チ予選,1625,4,7,2026-06-10 11:17,晴れ,1.0,0
033820260610,20260610,38,静岡,2026061038,スピードチャンネル・スカパー杯,1,1,3,A級,チ予選,1625,4,7,2026-06-10 11:45,晴れ,1.5,0
043820260610,20260610,38,静岡,2026061038,スピードチャンネル・スカパー杯,1,1,4,A級,チ予選,1625,4,7,2026-06-10 12:15,晴れ,1.5,0
053820260610,20260610,38,静岡,2026061038,スピードチャンネル・スカパー杯,1,1,5,L級,ガ予１,1625,4,7,2026-06-10 12:45,曇り,1.0,0
063820260610,20260610,38,静岡,2026061038,スピードチャンネル・スカパー杯,1,1,6,L級,ガ予１,1625,4,7,2026-06-10 13:15,曇り,1.0,0
073820260610,20260610,38,静岡,2026061038,スピードチャンネル・スカパー杯,1,1,7,A級,特予選,1625,4,7,2026-06-10 13:45,晴れ,1.0,0
083820260610,20260610,38,静岡,2026061038,スピードチャンネル・スカパー杯,1,1,8,A級,特予選,1625,4,7,2026-06-10 14:15,晴れ,1.0,0
093820260610,20260610,38,静岡,2026061038,スピードチャンネル・スカパー杯,1,1,9,A級,特予選,1625,4,7,2026-06-10 14:45,晴れ,1.0,0
103820260610,20260610,38,静岡,2026061038,スピードチャンネル・スカパー杯,1,1,10,A級,特予選,1625,4,7,2026-06-10 15:15,曇り,1.0,0
113820260610,20260610,38,静岡,2026061038,スピードチャンネル・スカパー杯,1,1,11,A級,初特選,1625,4,7,2026-06-10 15:45,曇り,1.0,0
012220260611,20260611,22,前橋,2026060922,山口シネマ杯,2,3,1,A級,一般,1700,5,6,2026-06-11 10:53,晴れ,0.0,0
022220260611,20260611,22,前橋,2026060922,山口シネマ杯,2,3,2,A級,一般,1700,5,6,2026-06-11 11:17,晴れ,0.0,0
032220260611,20260611,22,前橋,2026060922,山口シネマ杯,2,3,3,A級,特選,1700,5,7,2026-06-11 11:41,晴れ,0.0,0
042220260611,20260611,22,前橋,2026060922,山口シネマ杯,2,3,4,A級,特選,1700,5,7,2026-06-11 12:05,晴れ,0.0,0
052220260611,20260611,22,前橋,2026060922,山口シネマ杯,2,3,5,S級,一般,2035,6,7,2026-06-11 12:29,晴れ,0.0,0
062220260611,20260611,22,前橋,2026060922,山口シネマ杯,2,3,6,S級,一般,2035,6,7,2026-06-11 12:55,晴れ,0.0,0
072220260611,20260611,22,前橋,2026060922,山口シネマ杯,2,3,7,S級,一般,2035,6,7,2026-06-11 13:21,晴れ,0.0,0
082220260611,20260611,22,前橋,2026060922,山口シネマ杯,2,3,8,S級,特選,2035,6,7,2026-06-11 13:50,晴れ,0.0,0
092220260611,20260611,22,前橋,2026060922,山口シネマ杯,2,3,9,S級,特選,2035,6,7,2026-06-11 14:22,晴れ,0.0,0
102220260611,20260611,22,前橋,2026060922,山口シネマ杯,2,3,10,S級,特選,2035,6,7,2026-06-11 14:56,晴れ,0.0,0
112220260611,20260611,22,前橋,2026060922,山口シネマ杯,2,3,11,A級,決勝,1700,5,7,2026-06-11 15:32,晴れ,0.0,0
122220260611,20260611,22,前橋,2026060922,山口シネマ杯,2,3,12,S級,決勝,2035,6,7,2026-06-11 16:15,晴れ,0.0,0
012420260611,20260611,24,宇都宮,2026060924,チャリロト杯,1,3,1,A級,チ一般,1525,3,5,2026-06-11 20:50,雨,1.0,0
022420260611,20260611,24,宇都宮,2026060924,チャリロト杯,1,3,2,A級,チ一般,1525,3,5,2026-06-11 21:10,雨,0.0,0
032420260611,20260611,24,宇都宮,2026060924,チャリロト杯,1,3,3,A級,チ選抜,1525,3,7,2026-06-11 21:30,雨,0.0,0
042420260611,20260611,24,宇都宮,2026060924,チャリロト杯,1,3,4,A級,特一般,1525,3,7,2026-06-11 21:50,雨,0.0,0
052420260611,20260611,24,宇都宮,2026060924,チャリロト杯,1,3,5,A級,特一般,1525,3,7,2026-06-11 22:10,雨,0.0,0
062420260611,20260611,24,宇都宮,2026060924,チャリロト杯,1,3,6,A級,特選,1525,3,7,2026-06-11 22:30,雨,0.0,0
072420260611,20260611,24,宇都宮,2026060924,チャリロト杯,1,3,7,A級,特選,1525,3,7,2026-06-11 22:50,雨,0.0,0
082420260611,20260611,24,宇都宮,2026060924,チャリロト杯,1,3,8,A級,チ決勝,1525,3,7,2026-06-11 23:10,雨,0.0,0
092420260611,20260611,24,宇都宮,2026060924,チャリロト杯,1,3,9,A級,決勝,1525,3,7,2026-06-11 23:30,雨,0.0,0
018620260611,20260611,86,別府,2026060986,前検日コメならウィンチケット杯,1,3,1,L級,ガ一般,1625,4,7,2026-06-11 20:40,晴れ,0.0,0
028620260611,20260611,86,別府,2026060986,前検日コメならウィンチケット杯,1,3,2,A級,一般,1625,4,7,2026-06-11 21:00,晴れ,0.0,0
038620260611,20260611,86,別府,2026060986,前検日コメならウィンチケット杯,1,3,3,A級,一般,1625,4,7,2026-06-11 21:20,晴れ,0.5,0
048620260611,20260611,86,別府,2026060986,前検日コメならウィンチケット杯,1,3,4,A級,一般,1625,4,7,2026-06-11 21:40,晴れ,0.5,0
058620260611,20260611,86,別府,2026060986,前検日コメならウィンチケット杯,1,3,5,A級,特選,1625,4,7,2026-06-11 22:00,晴れ,0.5,0
068620260611,20260611,86,別府,2026060986,前検日コメならウィンチケット杯,1,3,6,A級,特選,1625,4,7,2026-06-11 22:20,晴れ,0.5,0
078620260611,20260611,86,別府,2026060986,前検日コメならウィンチケット杯,1,3,7,A級,特選,1625,4,7,2026-06-11 22:40,晴れ,1.0,0
088620260611,20260611,86,別府,2026060986,前検日コメならウィンチケット杯,1,3,8,L級,ガ決勝,1625,4,7,2026-06-11 23:00,晴れ,0.5,0
098620260611,20260611,86,別府,2026060986,前検日コメならウィンチケット杯,1,3,9,A級,決勝,1625,4,7,2026-06-11 23:20,晴れ,1.0,0
011220260611,20260611,12,青森,2026061012,ウィンチケット ニッカン・コム,1,2,1,A級,チ一般,1625,4,6,2026-06-11 08:30,晴れ,1.0,0
021220260611,20260611,12,青森,2026061012,ウィンチケット ニッカン・コム,1,2,2,A級,チ一般,1625,4,7,2026-06-11 08:50,晴れ,1.0,0
031220260611,20260611,12,青森,2026061012,ウィンチケット ニッカン・コム,1,2,3,A級,チ選抜,1625,4,7,2026-06-11 09:11,晴れ,1.0,0
041220260611,20260611,12,青森,2026061012,ウィンチケット ニッカン・コム,1,2,4,A級,チ選抜,1625,4,7,2026-06-11 09:32,晴れ,1.0,0
051220260611,20260611,12,青森,2026061012,ウィンチケット ニッカン・コム,1,2,5,A級,チ準決,1625,4,7,2026-06-11 09:53,晴れ,1.0,0
061220260611,20260611,12,青森,2026061012,ウィンチケット ニッカン・コム,1,2,6,A級,チ準決,1625,4,7,2026-06-11 10:14,晴れ,1.0,0
071220260611,20260611,12,青森,2026061012,ウィンチケット ニッカン・コム,1,2,7,A級,チ準決,1625,4,7,2026-06-11 10:35,晴れ,1.0,0
012720260611,20260611,27,京王閣,2026061027,ＪＦＮ杯＆サンケイスポーツ杯,1,2,1,A級,チ一般,1625,4,5,2026-06-11 15:55,曇り,3.0,0
022720260611,20260611,27,京王閣,2026061027,ＪＦＮ杯＆サンケイスポーツ杯,1,2,2,A級,チ一般,1625,4,6,2026-06-11 16:22,曇り,3.0,0
032720260611,20260611,27,京王閣,2026061027,ＪＦＮ杯＆サンケイスポーツ杯,1,2,3,A級,チ準決,1625,4,7,2026-06-11 16:46,曇り,3.0,0
042720260611,20260611,27,京王閣,2026061027,ＪＦＮ杯＆サンケイスポーツ杯,1,2,4,A級,チ準決,1625,4,7,2026-06-11 17:11,曇り,3.0,0
052720260611,20260611,27,京王閣,2026061027,ＪＦＮ杯＆サンケイスポーツ杯,1,2,5,L級,ガ予２,1625,4,7,2026-06-11 17:37,曇り,3.0,0
062720260611,20260611,27,京王閣,2026061027,ＪＦＮ杯＆サンケイスポーツ杯,1,2,6,L級,ガ予２,1625,4,7,2026-06-11 18:03,曇り,3.0,0
072720260611,20260611,27,京王閣,2026061027,ＪＦＮ杯＆サンケイスポーツ杯,1,2,7,A級,特一般,1625,4,7,2026-06-11 18:29,曇り,3.0,0
082720260611,20260611,27,京王閣,2026061027,ＪＦＮ杯＆サンケイスポーツ杯,1,2,8,A級,特一般,1625,4,7,2026-06-11 18:55,曇り,2.0,0
092720260611,20260611,27,京王閣,2026061027,ＪＦＮ杯＆サンケイスポーツ杯,1,2,9,A級,準決勝,1625,4,7,2026-06-11 19:21,曇り,2.0,0
102720260611,20260611,27,京王閣,2026061027,ＪＦＮ杯＆サンケイスポーツ杯,1,2,10,A級,準決勝,1625,4,7,2026-06-11 19:48,曇り,2.0,0
112720260611,20260611,27,京王閣,2026061027,ＪＦＮ杯＆サンケイスポーツ杯,1,2,11,A級,準決勝,1625,4,7,2026-06-11 20:15,曇り,2.0,0
013820260611,20260611,38,静岡,2026061038,スピードチャンネル・スカパー杯,1,2,1,A級,チ一般,1625,4,5,2026-06-11 11:01,晴れ,1.5,0
023820260611,20260611,38,静岡,2026061038,スピードチャンネル・スカパー杯,1,2,2,A級,チ一般,1625,4,6,2026-06-11 11:25,晴れ,1.5,0
033820260611,20260611,38,静岡,2026061038,スピードチャンネル・スカパー杯,1,2,3,A級,チ準決,1625,4,7,2026-06-11 11:49,晴れ,1.5,0
043820260611,20260611,38,静岡,2026061038,スピードチャンネル・スカパー杯,1,2,4,A級,チ準決,1625,4,7,2026-06-11 12:13,晴れ,1.5,0
053820260611,20260611,38,静岡,2026061038,スピードチャンネル・スカパー杯,1,2,5,L級,ガ予２,1625,4,7,2026-06-11 12:37,晴れ,2.0,0
063820260611,20260611,38,静岡,2026061038,スピードチャンネル・スカパー杯,1,2,6,L級,ガ予２,1625,4,7,2026-06-11 13:03,晴れ,2.0,0
073820260611,20260611,38,静岡,2026061038,スピードチャンネル・スカパー杯,1,2,7,A級,特一般,1625,4,6,2026-06-11 13:32,晴れ,2.0,0
083820260611,20260611,38,静岡,2026061038,スピードチャンネル・スカパー杯,1,2,8,A級,特一般,1625,4,7,2026-06-11 14:11,曇り,2.0,0
093820260611,20260611,38,静岡,2026061038,スピードチャンネル・スカパー杯,1,2,9,A級,準決勝,1625,4,7,2026-06-11 14:46,曇り,1.5,0
103820260611,20260611,38,静岡,2026061038,スピードチャンネル・スカパー杯,1,2,10,A級,準決勝,1625,4,7,2026-06-11 15:21,曇り,2.0,0
113820260611,20260611,38,静岡,2026061038,スピードチャンネル・スカパー杯,1,2,11,A級,準決勝,1625,4,7,2026-06-11 16:00,曇り,2.0,0
014320260611,20260611,43,岐阜,2026061143,アジア・アジアパラ大会協賛競輪,3,1,1,S級,一予選,2025,5,9,2026-06-11 10:45,晴れ,0.6,0
024320260611,20260611,43,岐阜,2026061143,アジア・アジアパラ大会協賛競輪,3,1,2,S級,一予選,2025,5,9,2026-06-11 11:09,晴れ,0.5,0
034320260611,20260611,43,岐阜,2026061143,アジア・アジアパラ大会協賛競輪,3,1,3,S級,一予選,2025,5,9,2026-06-11 11:33,晴れ,0.4,0
044320260611,20260611,43,岐阜,2026061143,アジア・アジアパラ大会協賛競輪,3,1,4,S級,一予選,2025,5,9,2026-06-11 11:57,晴れ,0.2,0
054320260611,20260611,43,岐阜,2026061143,アジア・アジアパラ大会協賛競輪,3,1,5,S級,一予選,2025,5,9,2026-06-11 12:21,晴れ,0.8,0
064320260611,20260611,43,岐阜,2026061143,アジア・アジアパラ大会協賛競輪,3,1,6,S級,一予選,2025,5,9,2026-06-11 12:47,晴れ,0.3,0
074320260611,20260611,43,岐阜,2026061143,アジア・アジアパラ大会協賛競輪,3,1,7,S級,一予選,2025,5,9,2026-06-11 13:13,晴れ,0.2,0
084320260611,20260611,43,岐阜,2026061143,アジア・アジアパラ大会協賛競輪,3,1,8,S級,一予選,2025,5,9,2026-06-11 13:39,晴れ,0.2,0
094320260611,20260611,43,岐阜,2026061143,アジア・アジアパラ大会協賛競輪,3,1,9,S級,一予選,2025,5,9,2026-06-11 14:06,晴れ,1.0,0
104320260611,20260611,43,岐阜,2026061143,アジア・アジアパラ大会協賛競輪,3,1,10,S級,一予選,2025,5,9,2026-06-11 14:37,晴れ,1.0,0
114320260611,20260611,43,岐阜,2026061143,アジア・アジアパラ大会協賛競輪,3,1,11,S級,一予選,2025,5,9,2026-06-11 15:08,晴れ,1.2,0
124320260611,20260611,43,岐阜,2026061143,アジア・アジアパラ大会協賛競輪,3,1,12,S級,初特選,2025,5,9,2026-06-11 15:40,晴れ,0.8,0
016120260611,20260611,61,玉野,2026061161,車輪疾駆の風々杯,3,1,1,L級,ガ予１,1625,4,7,2026-06-11 15:45,晴れ,1.8,0
026120260611,20260611,61,玉野,2026061161,車輪疾駆の風々杯,3,1,2,L級,ガ予１,1625,4,7,2026-06-11 16:08,晴れ,1.8,0
036120260611,20260611,61,玉野,2026061161,車輪疾駆の風々杯,3,1,3,L級,ガ予１,1625,4,7,2026-06-11 16:32,晴れ,2.2,0
046120260611,20260611,61,玉野,2026061161,車輪疾駆の風々杯,3,1,4,S級,一予選,2025,5,9,2026-06-11 16:58,晴れ,2.2,0
056120260611,20260611,61,玉野,2026061161,車輪疾駆の風々杯,3,1,5,S級,一予選,2025,5,9,2026-06-11 17:24,晴れ,1.8,0
066120260611,20260611,61,玉野,2026061161,車輪疾駆の風々杯,3,1,6,S級,一予選,2025,5,9,2026-06-11 17:50,晴れ,1.3,0
076120260611,20260611,61,玉野,2026061161,車輪疾駆の風々杯,3,1,7,S級,一予選,2025,5,9,2026-06-11 18:16,晴れ,1.3,0
086120260611,20260611,61,玉野,2026061161,車輪疾駆の風々杯,3,1,8,S級,一予選,2025,5,9,2026-06-11 18:42,晴れ,0.4,0
096120260611,20260611,61,玉野,2026061161,車輪疾駆の風々杯,3,1,9,S級,一予選,2025,5,9,2026-06-11 19:08,晴れ,0.5,0
106120260611,20260611,61,玉野,2026061161,車輪疾駆の風々杯,3,1,10,S級,一予選,2025,5,9,2026-06-11 19:35,晴れ,0.4,0
116120260611,20260611,61,玉野,2026061161,車輪疾駆の風々杯,3,1,11,S級,一予選,2025,5,9,2026-06-11 20:02,晴れ,0.6,0
126120260611,20260611,61,玉野,2026061161,車輪疾駆の風々杯,3,1,12,S級,初特選,2025,5,9,2026-06-11 20:30,晴れ,0.4,0
011220260612,20260612,12,青森,2026061012,ウィンチケット ニッカン・コム,1,3,1,A級,チ一般,1625,4,6,2026-06-12 08:30,晴れ,1.0,0
021220260612,20260612,12,青森,2026061012,ウィンチケット ニッカン・コム,1,3,2,A級,チ一般,1625,4,7,2026-06-12 08:50,晴れ,1.0,0
031220260612,20260612,12,青森,2026061012,ウィンチケット ニッカン・コム,1,3,3,A級,チ一般,1625,4,7,2026-06-12 09:11,晴れ,1.0,0
041220260612,20260612,12,青森,2026061012,ウィンチケット ニッカン・コム,1,3,4,A級,チ選抜,1625,4,7,2026-06-12 09:32,晴れ,1.0,0
051220260612,20260612,12,青森,2026061012,ウィンチケット ニッカン・コム,1,3,5,A級,チ選抜,1625,4,7,2026-06-12 09:53,晴れ,1.0,0
061220260612,20260612,12,青森,2026061012,ウィンチケット ニッカン・コム,1,3,6,A級,チ選抜,1625,4,7,2026-06-12 10:14,晴れ,1.0,0
071220260612,20260612,12,青森,2026061012,ウィンチケット ニッカン・コム,1,3,7,A級,チ決勝,1625,4,7,2026-06-12 10:35,晴れ,1.0,0
012720260612,20260612,27,京王閣,2026061027,ＪＦＮ杯＆サンケイスポーツ杯,1,3,1,A級,チ一般,1625,4,5,2026-06-12 15:55,曇り,1.0,0
022720260612,20260612,27,京王閣,2026061027,ＪＦＮ杯＆サンケイスポーツ杯,1,3,2,A級,チ一般,1625,4,5,2026-06-12 16:22,曇り,0.5,0
032720260612,20260612,27,京王閣,2026061027,ＪＦＮ杯＆サンケイスポーツ杯,1,3,3,A級,チ選抜,1625,4,7,2026-06-12 16:46,曇り,0.5,0
042720260612,20260612,27,京王閣,2026061027,ＪＦＮ杯＆サンケイスポーツ杯,1,3,4,L級,ガ一般,1625,4,6,2026-06-12 17:11,曇り,1.0,0
052720260612,20260612,27,京王閣,2026061027,ＪＦＮ杯＆サンケイスポーツ杯,1,3,5,A級,特一般,1625,4,7,2026-06-12 17:37,曇り,1.0,0
062720260612,20260612,27,京王閣,2026061027,ＪＦＮ杯＆サンケイスポーツ杯,1,3,6,A級,特一般,1625,4,7,2026-06-12 18:03,曇り,1.0,0
072720260612,20260612,27,京王閣,2026061027,ＪＦＮ杯＆サンケイスポーツ杯,1,3,7,A級,チ決勝,1625,4,7,2026-06-12 18:29,曇り,1.5,0
082720260612,20260612,27,京王閣,2026061027,ＪＦＮ杯＆サンケイスポーツ杯,1,3,8,L級,ガ決勝,1625,4,7,2026-06-12 18:55,曇り,1.5,0
092720260612,20260612,27,京王閣,2026061027,ＪＦＮ杯＆サンケイスポーツ杯,1,3,9,A級,特選,1625,4,7,2026-06-12 19:21,曇り,1.0,0
102720260612,20260612,27,京王閣,2026061027,ＪＦＮ杯＆サンケイスポーツ杯,1,3,10,A級,特選,1625,4,7,2026-06-12 19:48,曇り,0.5,0
112720260612,20260612,27,京王閣,2026061027,ＪＦＮ杯＆サンケイスポーツ杯,1,3,11,A級,決勝,1625,4,7,2026-06-12 20:15,曇り,0.5,0
013820260612,20260612,38,静岡,2026061038,スピードチャンネル・スカパー杯,1,3,1,A級,チ一般,1625,4,5,2026-06-12 11:04,晴れ,1.0,0
023820260612,20260612,38,静岡,2026061038,スピードチャンネル・スカパー杯,1,3,2,A級,チ一般,1625,4,6,2026-06-12 11:39,晴れ,1.5,0
033820260612,20260612,38,静岡,2026061038,スピードチャンネル・スカパー杯,1,3,3,A級,チ選抜,1625,4,7,2026-06-12 12:08,晴れ,2.0,0
043820260612,20260612,38,静岡,2026061038,スピードチャンネル・スカパー杯,1,3,4,L級,ガ一般,1625,4,7,2026-06-12 12:34,曇り,2.0,0
053820260612,20260612,38,静岡,2026061038,スピードチャンネル・スカパー杯,1,3,5,A級,特一般,1625,4,7,2026-06-12 13:00,雨,1.0,0
063820260612,20260612,38,静岡,2026061038,スピードチャンネル・スカパー杯,1,3,6,A級,特一般,1625,4,7,2026-06-12 13:26,雨,1.5,0
073820260612,20260612,38,静岡,2026061038,スピードチャンネル・スカパー杯,1,3,7,A級,特選,1625,4,7,2026-06-12 13:53,雨,1.0,0
083820260612,20260612,38,静岡,2026061038,スピードチャンネル・スカパー杯,1,3,8,A級,特選,1625,4,7,2026-06-12 14:21,曇り,0.5,0
093820260612,20260612,38,静岡,2026061038,スピードチャンネル・スカパー杯,1,3,9,A級,チ決勝,1625,4,7,2026-06-12 14:54,曇り,0.5,0
103820260612,20260612,38,静岡,2026061038,スピードチャンネル・スカパー杯,1,3,10,L級,ガ決勝,1625,4,7,2026-06-12 15:32,曇り,0.5,0
113820260612,20260612,38,静岡,2026061038,スピードチャンネル・スカパー杯,1,3,11,A級,決勝,1625,4,7,2026-06-12 16:15,雨,0.5,0
014320260612,20260612,43,岐阜,2026061143,アジア・アジアパラ大会協賛競輪,3,2,1,S級,選抜,2025,5,9,2026-06-12 10:45,晴れ,0.8,0
024320260612,20260612,43,岐阜,2026061143,アジア・アジアパラ大会協賛競輪,3,2,2,S級,選抜,2025,5,9,2026-06-12 11:09,晴れ,0.5,0
034320260612,20260612,43,岐阜,2026061143,アジア・アジアパラ大会協賛競輪,3,2,3,S級,選抜,2025,5,9,2026-06-12 11:33,晴れ,1.2,0
044320260612,20260612,43,岐阜,2026061143,アジア・アジアパラ大会協賛競輪,3,2,4,S級,選抜,2025,5,9,2026-06-12 11:57,晴れ,0.3,0
054320260612,20260612,43,岐阜,2026061143,アジア・アジアパラ大会協賛競輪,3,2,5,S級,選抜,2025,5,9,2026-06-12 12:21,晴れ,0.3,0
064320260612,20260612,43,岐阜,2026061143,アジア・アジアパラ大会協賛競輪,3,2,6,S級,二予選,2025,5,9,2026-06-12 12:47,晴れ,1.4,0
074320260612,20260612,43,岐阜,2026061143,アジア・アジアパラ大会協賛競輪,3,2,7,S級,二予選,2025,5,9,2026-06-12 13:13,晴れ,1.0,0
084320260612,20260612,43,岐阜,2026061143,アジア・アジアパラ大会協賛競輪,3,2,8,S級,二予選,2025,5,9,2026-06-12 13:39,晴れ,1.8,0
094320260612,20260612,43,岐阜,2026061143,アジア・アジアパラ大会協賛競輪,3,2,9,S級,二予選,2025,5,9,2026-06-12 14:06,晴れ,2.2,0
104320260612,20260612,43,岐阜,2026061143,アジア・アジアパラ大会協賛競輪,3,2,10,S級,二予選,2025,5,9,2026-06-12 14:37,晴れ,1.4,0
114320260612,20260612,43,岐阜,2026061143,アジア・アジアパラ大会協賛競輪,3,2,11,S級,二予選,2025,5,9,2026-06-12 15:08,晴れ,1.6,0
124320260612,20260612,43,岐阜,2026061143,アジア・アジアパラ大会協賛競輪,3,2,12,S級,二予選,2025,5,9,2026-06-12 15:40,晴れ,1.5,0
016120260612,20260612,61,玉野,2026061161,車輪疾駆の風々杯,3,2,1,L級,ガ予２,1625,4,7,2026-06-12 15:45,晴れ,1.3,0
026120260612,20260612,61,玉野,2026061161,車輪疾駆の風々杯,3,2,2,L級,ガ予２,1625,4,7,2026-06-12 16:08,晴れ,1.3,0
036120260612,20260612,61,玉野,2026061161,車輪疾駆の風々杯,3,2,3,L級,ガ予２,1625,4,7,2026-06-12 16:32,晴れ,1.8,0
046120260612,20260612,61,玉野,2026061161,車輪疾駆の風々杯,3,2,4,S級,選抜,2025,5,9,2026-06-12 16:58,晴れ,0.9,0
056120260612,20260612,61,玉野,2026061161,車輪疾駆の風々杯,3,2,5,S級,選抜,2025,5,9,2026-06-12 17:24,晴れ,1.3,0
066120260612,20260612,61,玉野,2026061161,車輪疾駆の風々杯,3,2,6,S級,選抜,2025,5,9,2026-06-12 17:50,晴れ,1.3,0
076120260612,20260612,61,玉野,2026061161,車輪疾駆の風々杯,3,2,7,S級,二予選,2025,5,9,2026-06-12 18:16,晴れ,0.5,0
086120260612,20260612,61,玉野,2026061161,車輪疾駆の風々杯,3,2,8,S級,二予選,2025,5,9,2026-06-12 18:42,晴れ,1.3,0
096120260612,20260612,61,玉野,2026061161,車輪疾駆の風々杯,3,2,9,S級,二予選,2025,5,9,2026-06-12 19:08,晴れ,1.3,0
106120260612,20260612,61,玉野,2026061161,車輪疾駆の風々杯,3,2,10,S級,二予選,2025,5,9,2026-06-12 19:35,晴れ,0.9,0
116120260612,20260612,61,玉野,2026061161,車輪疾駆の風々杯,3,2,11,S級,二予選,2025,5,9,2026-06-12 20:02,晴れ,0.5,0
126120260612,20260612,61,玉野,2026061161,車輪疾駆の風々杯,3,2,12,S級,二予選,2025,5,9,2026-06-12 20:30,晴れ,0.4,0
012120260612,20260612,21,弥彦,2026061221,きむちゃんねる杯,1,1,1,L級,ガ予１,1625,4,7,2026-06-12 20:50,晴れ,0.0,0
022120260612,20260612,21,弥彦,2026061221,きむちゃんねる杯,1,1,2,L級,ガ予１,1625,4,7,2026-06-12 21:10,晴れ,0.0,0
032120260612,20260612,21,弥彦,2026061221,きむちゃんねる杯,1,1,3,A級,予選,1625,4,7,2026-06-12 21:30,晴れ,0.0,0
042120260612,20260612,21,弥彦,2026061221,きむちゃんねる杯,1,1,4,A級,予選,1625,4,7,2026-06-12 21:50,晴れ,0.0,0
052120260612,20260612,21,弥彦,2026061221,きむちゃんねる杯,1,1,5,A級,予選,1625,4,7,2026-06-12 22:10,晴れ,0.0,0
062120260612,20260612,21,弥彦,2026061221,きむちゃんねる杯,1,1,6,A級,予選,1625,4,7,2026-06-12 22:30,晴れ,0.0,0
072120260612,20260612,21,弥彦,2026061221,きむちゃんねる杯,1,1,7,A級,予選,1625,4,7,2026-06-12 22:50,晴れ,0.0,0
082120260612,20260612,21,弥彦,2026061221,きむちゃんねる杯,1,1,8,A級,予選,1625,4,7,2026-06-12 23:10,晴れ,0.0,0
092120260612,20260612,21,弥彦,2026061221,きむちゃんねる杯,1,1,9,A級,初特選,1625,4,7,2026-06-12 23:30,晴れ,0.0,0
018420260612,20260612,84,武雄,2026061284,オッズパーク杯,1,1,1,A級,チ予選,1625,4,7,2026-06-12 20:40,曇り,0.5,0
028420260612,20260612,84,武雄,2026061284,オッズパーク杯,1,1,2,A級,チ予選,1625,4,7,2026-06-12 21:00,曇り,0.5,0
038420260612,20260612,84,武雄,2026061284,オッズパーク杯,1,1,3,A級,チ予選,1625,4,7,2026-06-12 21:20,曇り,0.0,0
048420260612,20260612,84,武雄,2026061284,オッズパーク杯,1,1,4,A級,チ予選,1625,4,7,2026-06-12 21:40,曇り,0.5,0
058420260612,20260612,84,武雄,2026061284,オッズパーク杯,1,1,5,A級,特予選,1625,4,7,2026-06-12 22:00,曇り,0.5,0
068420260612,20260612,84,武雄,2026061284,オッズパーク杯,1,1,6,A級,特予選,1625,4,7,2026-06-12 22:20,曇り,0.5,0
078420260612,20260612,84,武雄,2026061284,オッズパーク杯,1,1,7,A級,特予選,1625,4,7,2026-06-12 22:40,曇り,1.0,0
088420260612,20260612,84,武雄,2026061284,オッズパーク杯,1,1,8,A級,特予選,1625,4,7,2026-06-12 23:00,曇り,1.0,0
098420260612,20260612,84,武雄,2026061284,オッズパーク杯,1,1,9,A級,初特選,1625,4,7,2026-06-12 23:20,曇り,1.0,0
014320260613,20260613,43,岐阜,2026061143,アジア・アジアパラ大会協賛競輪,3,3,1,S級,一般,2025,5,7,2026-06-13 10:45,晴れ,0.2,0
024320260613,20260613,43,岐阜,2026061143,アジア・アジアパラ大会協賛競輪,3,3,2,S級,一般,2025,5,7,2026-06-13 11:09,晴れ,0.2,0
034320260613,20260613,43,岐阜,2026061143,アジア・アジアパラ大会協賛競輪,3,3,3,S級,一般,2025,5,7,2026-06-13 11:33,晴れ,0.4,0
044320260613,20260613,43,岐阜,2026061143,アジア・アジアパラ大会協賛競輪,3,3,4,S級,選抜,2025,5,9,2026-06-13 11:57,晴れ,0.7,0
054320260613,20260613,43,岐阜,2026061143,アジア・アジアパラ大会協賛競輪,3,3,5,S級,選抜,2025,5,9,2026-06-13 12:21,晴れ,0.6,0
064320260613,20260613,43,岐阜,2026061143,アジア・アジアパラ大会協賛競輪,3,3,6,S級,選抜,2025,5,9,2026-06-13 12:47,晴れ,1.0,0
074320260613,20260613,43,岐阜,2026061143,アジア・アジアパラ大会協賛競輪,3,3,7,S級,特選,2025,5,9,2026-06-13 13:13,晴れ,1.5,0
084320260613,20260613,43,岐阜,2026061143,アジア・アジアパラ大会協賛競輪,3,3,8,S級,特選,2025,5,9,2026-06-13 13:39,晴れ,0.8,0
094320260613,20260613,43,岐阜,2026061143,アジア・アジアパラ大会協賛競輪,3,3,9,S級,特選,2025,5,9,2026-06-13 14:06,晴れ,0.8,0
104320260613,20260613,43,岐阜,2026061143,アジア・アジアパラ大会協賛競輪,3,3,10,S級,準決勝,2025,5,9,2026-06-13 14:37,晴れ,1.0,0
114320260613,20260613,43,岐阜,2026061143,アジア・アジアパラ大会協賛競輪,3,3,11,S級,準決勝,2025,5,9,2026-06-13 15:08,晴れ,1.2,0
124320260613,20260613,43,岐阜,2026061143,アジア・アジアパラ大会協賛競輪,3,3,12,S級,準決勝,2025,5,9,2026-06-13 15:40,晴れ,1.0,0
016120260613,20260613,61,玉野,2026061161,車輪疾駆の風々杯,3,3,1,L級,ガ一般,1625,4,7,2026-06-13 15:45,晴れ,1.8,0
026120260613,20260613,61,玉野,2026061161,車輪疾駆の風々杯,3,3,2,L級,ガ準決,1625,4,7,2026-06-13 16:08,晴れ,1.3,0
036120260613,20260613,61,玉野,2026061161,車輪疾駆の風々杯,3,3,3,L級,ガ準決,1625,4,7,2026-06-13 16:32,晴れ,1.8,0
046120260613,20260613,61,玉野,2026061161,車輪疾駆の風々杯,3,3,4,S級,選抜,2025,5,9,2026-06-13 16:58,晴れ,2.7,0
056120260613,20260613,61,玉野,2026061161,車輪疾駆の風々杯,3,3,5,S級,選抜,2025,5,9,2026-06-13 17:24,晴れ,1.8,0
066120260613,20260613,61,玉野,2026061161,車輪疾駆の風々杯,3,3,6,S級,選抜,2025,5,9,2026-06-13 17:50,晴れ,1.3,0
076120260613,20260613,61,玉野,2026061161,車輪疾駆の風々杯,3,3,7,S級,特選,2025,5,9,2026-06-13 18:16,晴れ,1.0,0
086120260613,20260613,61,玉野,2026061161,車輪疾駆の風々杯,3,3,8,S級,特選,2025,5,9,2026-06-13 18:42,晴れ,1.3,0
096120260613,20260613,61,玉野,2026061161,車輪疾駆の風々杯,3,3,9,S級,特選,2025,5,9,2026-06-13 19:08,晴れ,0.4,0
106120260613,20260613,61,玉野,2026061161,車輪疾駆の風々杯,3,3,10,S級,準決勝,2025,5,9,2026-06-13 19:35,晴れ,0.5,0
116120260613,20260613,61,玉野,2026061161,車輪疾駆の風々杯,3,3,11,S級,準決勝,2025,5,9,2026-06-13 20:02,晴れ,0.5,0
126120260613,20260613,61,玉野,2026061161,車輪疾駆の風々杯,3,3,12,S級,準決勝,2025,5,9,2026-06-13 20:30,晴れ,0.4,0
012120260613,20260613,21,弥彦,2026061221,きむちゃんねる杯,1,2,1,L級,ガ予２,1625,4,7,2026-06-13 20:50,晴れ,0.0,0
022120260613,20260613,21,弥彦,2026061221,きむちゃんねる杯,1,2,2,L級,ガ予２,1625,4,7,2026-06-13 21:10,晴れ,0.0,0
032120260613,20260613,21,弥彦,2026061221,きむちゃんねる杯,1,2,3,A級,一般,1625,4,7,2026-06-13 21:30,晴れ,0.0,0
042120260613,20260613,21,弥彦,2026061221,きむちゃんねる杯,1,2,4,A級,一般,1625,4,7,2026-06-13 21:50,晴れ,0.0,0
052120260613,20260613,21,弥彦,2026061221,きむちゃんねる杯,1,2,5,A級,選抜,1625,4,7,2026-06-13 22:10,晴れ,0.0,0
062120260613,20260613,21,弥彦,2026061221,きむちゃんねる杯,1,2,6,A級,選抜,1625,4,7,2026-06-13 22:30,晴れ,0.0,0
072120260613,20260613,21,弥彦,2026061221,きむちゃんねる杯,1,2,7,A級,準決勝,1625,4,7,2026-06-13 22:50,晴れ,0.0,0
082120260613,20260613,21,弥彦,2026061221,きむちゃんねる杯,1,2,8,A級,準決勝,1625,4,7,2026-06-13 23:10,晴れ,0.0,0
092120260613,20260613,21,弥彦,2026061221,きむちゃんねる杯,1,2,9,A級,準決勝,1625,4,7,2026-06-13 23:30,晴れ,0.0,0
018420260613,20260613,84,武雄,2026061284,オッズパーク杯,1,2,1,A級,チ一般,1625,4,6,2026-06-13 20:40,晴れ,1.0,0
028420260613,20260613,84,武雄,2026061284,オッズパーク杯,1,2,2,A級,チ一般,1625,4,7,2026-06-13 21:00,晴れ,1.0,0
038420260613,20260613,84,武雄,2026061284,オッズパーク杯,1,2,3,A級,チ準決,1625,4,7,2026-06-13 21:20,晴れ,1.0,0
048420260613,20260613,84,武雄,2026061284,オッズパーク杯,1,2,4,A級,チ準決,1625,4,7,2026-06-13 21:40,晴れ,1.0,0
058420260613,20260613,84,武雄,2026061284,オッズパーク杯,1,2,5,A級,特一般,1625,4,7,2026-06-13 22:00,晴れ,1.0,0
068420260613,20260613,84,武雄,2026061284,オッズパーク杯,1,2,6,A級,特一般,1625,4,7,2026-06-13 22:20,晴れ,0.5,0
078420260613,20260613,84,武雄,2026061284,オッズパーク杯,1,2,7,A級,準決勝,1625,4,7,2026-06-13 22:40,晴れ,1.0,0
088420260613,20260613,84,武雄,2026061284,オッズパーク杯,1,2,8,A級,準決勝,1625,4,7,2026-06-13 23:00,晴れ,1.0,0
098420260613,20260613,84,武雄,2026061284,オッズパーク杯,1,2,9,A級,準決勝,1625,4,7,2026-06-13 23:20,晴れ,0.5,0
012320260613,20260613,23,取手,2026061323,競輪投票サービスＢＥＴＩＭＯ杯,1,1,1,A級,予選,1625,4,7,2026-06-13 08:30,晴れ,1.0,0
022320260613,20260613,23,取手,2026061323,競輪投票サービスＢＥＴＩＭＯ杯,1,1,2,A級,予選,1625,4,7,2026-06-13 08:50,晴れ,1.0,0
032320260613,20260613,23,取手,2026061323,競輪投票サービスＢＥＴＩＭＯ杯,1,1,3,A級,予選,1625,4,7,2026-06-13 09:11,晴れ,1.0,0
042320260613,20260613,23,取手,2026061323,競輪投票サービスＢＥＴＩＭＯ杯,1,1,4,A級,予選,1625,4,7,2026-06-13 09:32,晴れ,0.0,0
052320260613,20260613,23,取手,2026061323,競輪投票サービスＢＥＴＩＭＯ杯,1,1,5,A級,予選,1625,4,7,2026-06-13 09:53,晴れ,1.0,0
062320260613,20260613,23,取手,2026061323,競輪投票サービスＢＥＴＩＭＯ杯,1,1,6,A級,予選,1625,4,7,2026-06-13 10:14,晴れ,1.0,0
072320260613,20260613,23,取手,2026061323,競輪投票サービスＢＥＴＩＭＯ杯,1,1,7,A級,初特選,1625,4,7,2026-06-13 10:35,晴れ,1.0,0
013720260613,20260613,37,伊東,2026061337,スポーツニッポン杯争奪戦,2,1,1,A級,予選,1692,5,7,2026-06-13 10:53,曇り,1.0,0
023720260613,20260613,37,伊東,2026061337,スポーツニッポン杯争奪戦,2,1,2,A級,予選,1692,5,7,2026-06-13 11:17,曇り,1.5,0
033720260613,20260613,37,伊東,2026061337,スポーツニッポン杯争奪戦,2,1,3,A級,予選,1692,5,7,2026-06-13 11:41,曇り,2.0,0
043720260613,20260613,37,伊東,2026061337,スポーツニッポン杯争奪戦,2,1,4,A級,予選,1692,5,7,2026-06-13 12:05,曇り,1.0,0
053720260613,20260613,37,伊東,2026061337,スポーツニッポン杯争奪戦,2,1,5,A級,初特選,1692,5,7,2026-06-13 12:29,晴れ,1.5,0
063720260613,20260613,37,伊東,2026061337,スポーツニッポン杯争奪戦,2,1,6,S級,予選,2025,6,7,2026-06-13 12:55,晴れ,1.5,0
073720260613,20260613,37,伊東,2026061337,スポーツニッポン杯争奪戦,2,1,7,S級,予選,2025,6,7,2026-06-13 13:21,晴れ,1.0,0
083720260613,20260613,37,伊東,2026061337,スポーツニッポン杯争奪戦,2,1,8,S級,予選,2025,6,7,2026-06-13 13:50,晴れ,1.5,0
093720260613,20260613,37,伊東,2026061337,スポーツニッポン杯争奪戦,2,1,9,S級,予選,2025,6,7,2026-06-13 14:22,晴れ,2.0,0
103720260613,20260613,37,伊東,2026061337,スポーツニッポン杯争奪戦,2,1,10,S級,予選,2025,6,7,2026-06-13 14:56,晴れ,1.5,0
113720260613,20260613,37,伊東,2026061337,スポーツニッポン杯争奪戦,2,1,11,S級,予選,2025,6,7,2026-06-13 15:32,晴れ,1.0,0
123720260613,20260613,37,伊東,2026061337,スポーツニッポン杯争奪戦,2,1,12,S級,初特選,2025,6,7,2026-06-13 16:15,晴れ,1.5,0
015320260613,20260613,53,奈良,2026061353,前検日コメならウィンチケット杯,1,1,1,A級,チ予選,1682,5,7,2026-06-13 11:01,晴れ,0.7,0
025320260613,20260613,53,奈良,2026061353,前検日コメならウィンチケット杯,1,1,2,A級,チ予選,1682,5,7,2026-06-13 11:25,晴れ,0.9,0
035320260613,20260613,53,奈良,2026061353,前検日コメならウィンチケット杯,1,1,3,A級,チ予選,1682,5,7,2026-06-13 11:49,晴れ,0.7,0
045320260613,20260613,53,奈良,2026061353,前検日コメならウィンチケット杯,1,1,4,A級,チ予選,1682,5,7,2026-06-13 12:13,晴れ,1.1,0
055320260613,20260613,53,奈良,2026061353,前検日コメならウィンチケット杯,1,1,5,L級,ガ予１,1682,5,6,2026-06-13 12:37,晴れ,0.8,0
065320260613,20260613,53,奈良,2026061353,前検日コメならウィンチケット杯,1,1,6,L級,ガ予１,1682,5,6,2026-06-13 13:03,晴れ,0.9,0
075320260613,20260613,53,奈良,2026061353,前検日コメならウィンチケット杯,1,1,7,A級,特予選,1682,5,7,2026-06-13 13:32,晴れ,0.8,0
085320260613,20260613,53,奈良,2026061353,前検日コメならウィンチケット杯,1,1,8,A級,特予選,1682,5,7,2026-06-13 14:11,晴れ,0.4,0
095320260613,20260613,53,奈良,2026061353,前検日コメならウィンチケット杯,1,1,9,A級,特予選,1682,5,7,2026-06-13 14:46,晴れ,1.7,0
105320260613,20260613,53,奈良,2026061353,前検日コメならウィンチケット杯,1,1,10,A級,特予選,1682,5,7,2026-06-13 15:21,晴れ,1.5,0
115320260613,20260613,53,奈良,2026061353,前検日コメならウィンチケット杯,1,1,11,A級,初特選,1682,5,7,2026-06-13 16:00,晴れ,2.0,0
014320260614,20260614,43,岐阜,2026061143,アジア・アジアパラ大会協賛競輪,3,4,1,S級,一般,2025,5,6,2026-06-14 10:45,曇り,0.2,0
024320260614,20260614,43,岐阜,2026061143,アジア・アジアパラ大会協賛競輪,3,4,2,S級,一般,2025,5,7,2026-06-14 11:09,曇り,0.2,0
034320260614,20260614,43,岐阜,2026061143,アジア・アジアパラ大会協賛競輪,3,4,3,S級,一般,2025,5,7,2026-06-14 11:33,曇り,0.8,0
044320260614,20260614,43,岐阜,2026061143,アジア・アジアパラ大会協賛競輪,3,4,4,S級,選抜,2025,5,9,2026-06-14 11:57,曇り,0.5,0
054320260614,20260614,43,岐阜,2026061143,アジア・アジアパラ大会協賛競輪,3,4,5,S級,選抜,2025,5,9,2026-06-14 12:21,曇り,1.2,0
064320260614,20260614,43,岐阜,2026061143,アジア・アジアパラ大会協賛競輪,3,4,6,S級,選抜,2025,5,9,2026-06-14 12:47,曇り,1.8,0
074320260614,20260614,43,岐阜,2026061143,アジア・アジアパラ大会協賛競輪,3,4,7,S級,特選,2025,5,9,2026-06-14 13:13,曇り,0.6,0
084320260614,20260614,43,岐阜,2026061143,アジア・アジアパラ大会協賛競輪,3,4,8,S級,特選,2025,5,9,2026-06-14 13:39,曇り,0.5,0
094320260614,20260614,43,岐阜,2026061143,アジア・アジアパラ大会協賛競輪,3,4,9,S級,特選,2025,5,9,2026-06-14 14:06,曇り,0.5,0
104320260614,20260614,43,岐阜,2026061143,アジア・アジアパラ大会協賛競輪,3,4,10,S級,特秀,2025,5,9,2026-06-14 14:37,曇り,1.3,0
114320260614,20260614,43,岐阜,2026061143,アジア・アジアパラ大会協賛競輪,3,4,11,S級,特秀,2025,5,9,2026-06-14 15:08,曇り,1.6,0
124320260614,20260614,43,岐阜,2026061143,アジア・アジアパラ大会協賛競輪,3,4,12,S級,決勝,2025,5,9,2026-06-14 15:40,曇り,1.8,0
016120260614,20260614,61,玉野,2026061161,車輪疾駆の風々杯,3,4,1,L級,ガ一般,1625,4,7,2026-06-14 15:45,曇り,3.1,0
026120260614,20260614,61,玉野,2026061161,車輪疾駆の風々杯,3,4,2,L級,ガ一般,1625,4,7,2026-06-14 16:08,曇り,2.2,0
036120260614,20260614,61,玉野,2026061161,車輪疾駆の風々杯,3,4,3,S級,一般,2025,5,8,2026-06-14 16:32,曇り,2.2,0
046120260614,20260614,61,玉野,2026061161,車輪疾駆の風々杯,3,4,4,S級,一般,2025,5,8,2026-06-14 16:58,曇り,2.2,0
056120260614,20260614,61,玉野,2026061161,車輪疾駆の風々杯,3,4,5,S級,一般,2025,5,9,2026-06-14 17:24,曇り,3.1,0
066120260614,20260614,61,玉野,2026061161,車輪疾駆の風々杯,3,4,6,S級,選抜,2025,5,9,2026-06-14 17:50,曇り,2.2,0
076120260614,20260614,61,玉野,2026061161,車輪疾駆の風々杯,3,4,7,S級,選抜,2025,5,9,2026-06-14 18:16,曇り,2.7,0
086120260614,20260614,61,玉野,2026061161,車輪疾駆の風々杯,3,4,8,S級,選抜,2025,5,9,2026-06-14 18:42,曇り,2.7,0
096120260614,20260614,61,玉野,2026061161,車輪疾駆の風々杯,3,4,9,S級,特選,2025,5,9,2026-06-14 19:08,曇り,2.2,0
106120260614,20260614,61,玉野,2026061161,車輪疾駆の風々杯,3,4,10,S級,特選,2025,5,9,2026-06-14 19:35,曇り,1.8,0
116120260614,20260614,61,玉野,2026061161,車輪疾駆の風々杯,3,4,11,L級,ガ決勝,1625,4,7,2026-06-14 20:02,曇り,1.3,0
126120260614,20260614,61,玉野,2026061161,車輪疾駆の風々杯,3,4,12,S級,決勝,2025,5,9,2026-06-14 20:30,曇り,2.2,0
012120260614,20260614,21,弥彦,2026061221,きむちゃんねる杯,1,3,1,L級,ガ一般,1625,4,6,2026-06-14 20:50,曇り,1.3,0
022120260614,20260614,21,弥彦,2026061221,きむちゃんねる杯,1,3,2,A級,一般,1625,4,7,2026-06-14 21:10,曇り,2.7,0
032120260614,20260614,21,弥彦,2026061221,きむちゃんねる杯,1,3,3,A級,一般,1625,4,7,2026-06-14 21:30,曇り,2.7,0
042120260614,20260614,21,弥彦,2026061221,きむちゃんねる杯,1,3,4,A級,一般,1625,4,7,2026-06-14 21:50,曇り,2.0,0
052120260614,20260614,21,弥彦,2026061221,きむちゃんねる杯,1,3,5,A級,特選,1625,4,7,2026-06-14 22:10,曇り,2.2,0
062120260614,20260614,21,弥彦,2026061221,きむちゃんねる杯,1,3,6,A級,特選,1625,4,7,2026-06-14 22:30,曇り,1.3,0
072120260614,20260614,21,弥彦,2026061221,きむちゃんねる杯,1,3,7,A級,特選,1625,4,7,2026-06-14 22:50,曇り,0.4,0
082120260614,20260614,21,弥彦,2026061221,きむちゃんねる杯,1,3,8,L級,ガ決勝,1625,4,7,2026-06-14 23:10,曇り,0.4,0
092120260614,20260614,21,弥彦,2026061221,きむちゃんねる杯,1,3,9,A級,決勝,1625,4,7,2026-06-14 23:30,曇り,0.4,0
018420260614,20260614,84,武雄,2026061284,オッズパーク杯,1,3,1,A級,チ一般,1625,4,6,2026-06-14 20:40,曇り,1.0,0
028420260614,20260614,84,武雄,2026061284,オッズパーク杯,1,3,2,A級,チ一般,1625,4,7,2026-06-14 21:00,曇り,0.5,0
038420260614,20260614,84,武雄,2026061284,オッズパーク杯,1,3,3,A級,チ選抜,1625,4,7,2026-06-14 21:20,曇り,0.5,0
048420260614,20260614,84,武雄,2026061284,オッズパーク杯,1,3,4,A級,特一般,1625,4,7,2026-06-14 21:40,曇り,0.5,0
058420260614,20260614,84,武雄,2026061284,オッズパーク杯,1,3,5,A級,特一般,1625,4,7,2026-06-14 22:00,曇り,0.0,0
068420260614,20260614,84,武雄,2026061284,オッズパーク杯,1,3,6,A級,特選,1625,4,7,2026-06-14 22:20,曇り,0.0,0
078420260614,20260614,84,武雄,2026061284,オッズパーク杯,1,3,7,A級,特選,1625,4,7,2026-06-14 22:40,曇り,0.0,0
088420260614,20260614,84,武雄,2026061284,オッズパーク杯,1,3,8,A級,チ決勝,1625,4,7,2026-06-14 23:00,曇り,0.5,0
098420260614,20260614,84,武雄,2026061284,オッズパーク杯,1,3,9,A級,決勝,1625,4,7,2026-06-14 23:20,曇り,0.5,0
012320260614,20260614,23,取手,2026061323,競輪投票サービスＢＥＴＩＭＯ杯,1,2,1,A級,一般,1625,4,7,2026-06-14 08:40,曇り,1.0,0
022320260614,20260614,23,取手,2026061323,競輪投票サービスＢＥＴＩＭＯ杯,1,2,2,A級,一般,1625,4,7,2026-06-14 09:00,曇り,1.0,0
032320260614,20260614,23,取手,2026061323,競輪投票サービスＢＥＴＩＭＯ杯,1,2,3,A級,選抜,1625,4,7,2026-06-14 09:20,曇り,1.0,0
042320260614,20260614,23,取手,2026061323,競輪投票サービスＢＥＴＩＭＯ杯,1,2,4,A級,選抜,1625,4,7,2026-06-14 09:40,曇り,1.0,0
052320260614,20260614,23,取手,2026061323,競輪投票サービスＢＥＴＩＭＯ杯,1,2,5,A級,準決勝,1625,4,7,2026-06-14 10:00,曇り,1.0,0
062320260614,20260614,23,取手,2026061323,競輪投票サービスＢＥＴＩＭＯ杯,1,2,6,A級,準決勝,1625,4,7,2026-06-14 10:20,曇り,1.0,0
072320260614,20260614,23,取手,2026061323,競輪投票サービスＢＥＴＩＭＯ杯,1,2,7,A級,準決勝,1625,4,7,2026-06-14 10:40,曇り,1.0,0
013720260614,20260614,37,伊東,2026061337,スポーツニッポン杯争奪戦,2,2,1,A級,一般,1692,5,7,2026-06-14 10:53,曇り,1.0,0
023720260614,20260614,37,伊東,2026061337,スポーツニッポン杯争奪戦,2,2,2,A級,一般,1692,5,7,2026-06-14 11:17,曇り,1.0,0
033720260614,20260614,37,伊東,2026061337,スポーツニッポン杯争奪戦,2,2,3,A級,準決勝,1692,5,7,2026-06-14 11:41,曇り,1.5,0
043720260614,20260614,37,伊東,2026061337,スポーツニッポン杯争奪戦,2,2,4,A級,準決勝,1692,5,7,2026-06-14 12:05,曇り,1.0,0
053720260614,20260614,37,伊東,2026061337,スポーツニッポン杯争奪戦,2,2,5,A級,準決勝,1692,5,7,2026-06-14 12:29,曇り,1.5,0
063720260614,20260614,37,伊東,2026061337,スポーツニッポン杯争奪戦,2,2,6,S級,一般,2025,6,7,2026-06-14 12:55,曇り,1.5,0
073720260614,20260614,37,伊東,2026061337,スポーツニッポン杯争奪戦,2,2,7,S級,一般,2025,6,7,2026-06-14 13:21,曇り,1.5,0
083720260614,20260614,37,伊東,2026061337,スポーツニッポン杯争奪戦,2,2,8,S級,選抜,2025,6,7,2026-06-14 13:50,曇り,1.5,0
093720260614,20260614,37,伊東,2026061337,スポーツニッポン杯争奪戦,2,2,9,S級,選抜,2025,6,7,2026-06-14 14:22,曇り,1.0,0
103720260614,20260614,37,伊東,2026061337,スポーツニッポン杯争奪戦,2,2,10,S級,準決勝,2025,6,7,2026-06-14 14:56,曇り,1.5,0
113720260614,20260614,37,伊東,2026061337,スポーツニッポン杯争奪戦,2,2,11,S級,準決勝,2025,6,7,2026-06-14 15:32,曇り,1.0,0
123720260614,20260614,37,伊東,2026061337,スポーツニッポン杯争奪戦,2,2,12,S級,準決勝,2025,6,7,2026-06-14 16:15,曇り,1.0,0
015320260614,20260614,53,奈良,2026061353,前検日コメならウィンチケット杯,1,2,1,A級,チ一般,1682,5,5,2026-06-14 11:01,曇り,1.4,0
025320260614,20260614,53,奈良,2026061353,前検日コメならウィンチケット杯,1,2,2,A級,チ一般,1682,5,5,2026-06-14 11:25,曇り,1.5,0
035320260614,20260614,53,奈良,2026061353,前検日コメならウィンチケット杯,1,2,3,A級,チ準決,1682,5,7,2026-06-14 11:49,曇り,1.2,0
045320260614,20260614,53,奈良,2026061353,前検日コメならウィンチケット杯,1,2,4,A級,チ準決,1682,5,7,2026-06-14 12:13,曇り,1.1,0
055320260614,20260614,53,奈良,2026061353,前検日コメならウィンチケット杯,1,2,5,L級,ガ予２,1682,5,6,2026-06-14 12:37,曇り,1.2,0
065320260614,20260614,53,奈良,2026061353,前検日コメならウィンチケット杯,1,2,6,L級,ガ予２,1682,5,6,2026-06-14 13:03,曇り,1.1,0
075320260614,20260614,53,奈良,2026061353,前検日コメならウィンチケット杯,1,2,7,A級,特一般,1682,5,7,2026-06-14 13:32,曇り,0.9,0
085320260614,20260614,53,奈良,2026061353,前検日コメならウィンチケット杯,1,2,8,A級,特一般,1682,5,7,2026-06-14 14:11,曇り,1.2,0
095320260614,20260614,53,奈良,2026061353,前検日コメならウィンチケット杯,1,2,9,A級,準決勝,1682,5,7,2026-06-14 14:46,曇り,0.7,0
105320260614,20260614,53,奈良,2026061353,前検日コメならウィンチケット杯,1,2,10,A級,準決勝,1682,5,7,2026-06-14 15:21,曇り,0.4,0
115320260614,20260614,53,奈良,2026061353,前検日コメならウィンチケット杯,1,2,11,A級,準決勝,1682,5,7,2026-06-14 16:00,曇り,0.3,0
011120260614,20260614,11,函館,2026061411,スピＣＨスカパー杯＆北海ＹＳＣ,1,1,1,A級,チ予選,1625,4,7,2026-06-14 15:55,晴れ,2.0,0
021120260614,20260614,11,函館,2026061411,スピＣＨスカパー杯＆北海ＹＳＣ,1,1,2,A級,チ予選,1625,4,7,2026-06-14 16:22,晴れ,2.0,0
031120260614,20260614,11,函館,2026061411,スピＣＨスカパー杯＆北海ＹＳＣ,1,1,3,A級,チ予選,1625,4,7,2026-06-14 16:46,晴れ,2.0,0
041120260614,20260614,11,函館,2026061411,スピＣＨスカパー杯＆北海ＹＳＣ,1,1,4,A級,チ予選,1625,4,7,2026-06-14 17:11,晴れ,1.0,0
051120260614,20260614,11,函館,2026061411,スピＣＨスカパー杯＆北海ＹＳＣ,1,1,5,A級,チ予選,1625,4,7,2026-06-14 17:37,晴れ,1.0,0
061120260614,20260614,11,函館,2026061411,スピＣＨスカパー杯＆北海ＹＳＣ,1,1,6,A級,特予選,1625,4,7,2026-06-14 18:03,晴れ,1.0,0
071120260614,20260614,11,函館,2026061411,スピＣＨスカパー杯＆北海ＹＳＣ,1,1,7,A級,特予選,1625,4,7,2026-06-14 18:29,晴れ,1.0,0
081120260614,20260614,11,函館,2026061411,スピＣＨスカパー杯＆北海ＹＳＣ,1,1,8,A級,特予選,1625,4,7,2026-06-14 18:55,晴れ,1.0,0
091120260614,20260614,11,函館,2026061411,スピＣＨスカパー杯＆北海ＹＳＣ,1,1,9,A級,特予選,1625,4,7,2026-06-14 19:21,晴れ,1.0,0
101120260614,20260614,11,函館,2026061411,スピＣＨスカパー杯＆北海ＹＳＣ,1,1,10,A級,特予選,1625,4,7,2026-06-14 19:48,晴れ,1.0,0
111120260614,20260614,11,函館,2026061411,スピＣＨスカパー杯＆北海ＹＳＣ,1,1,11,A級,初特選,1625,4,7,2026-06-14 20:15,晴れ,1.0,0
013620260614,20260614,36,小田原,2026061436,楽天Ｋドリームス杯,1,1,1,A級,チ予選,1692,5,7,2026-06-14 08:30,曇り,0.5,0
023620260614,20260614,36,小田原,2026061436,楽天Ｋドリームス杯,1,1,2,A級,チ予選,1692,5,7,2026-06-14 08:50,曇り,0.5,0
033620260614,20260614,36,小田原,2026061436,楽天Ｋドリームス杯,1,1,3,A級,チ予選,1692,5,7,2026-06-14 09:10,曇り,0.5,0
043620260614,20260614,36,小田原,2026061436,楽天Ｋドリームス杯,1,1,4,A級,チ予選,1692,5,7,2026-06-14 09:30,曇り,1.0,0
053620260614,20260614,36,小田原,2026061436,楽天Ｋドリームス杯,1,1,5,A級,チ予選,1692,5,7,2026-06-14 09:50,曇り,1.0,0
063620260614,20260614,36,小田原,2026061436,楽天Ｋドリームス杯,1,1,6,A級,チ予選,1692,5,7,2026-06-14 10:10,曇り,1.0,0
073620260614,20260614,36,小田原,2026061436,楽天Ｋドリームス杯,1,1,7,A級,チ予選,1692,5,7,2026-06-14 10:30,曇り,1.0,0
012320260615,20260615,23,取手,2026061323,競輪投票サービスＢＥＴＩＭＯ杯,1,3,1,A級,一般,1625,4,7,2026-06-15 08:40,雨,1.0,0
022320260615,20260615,23,取手,2026061323,競輪投票サービスＢＥＴＩＭＯ杯,1,3,2,A級,一般,1625,4,7,2026-06-15 09:00,曇り,1.0,0
032320260615,20260615,23,取手,2026061323,競輪投票サービスＢＥＴＩＭＯ杯,1,3,3,A級,一般,1625,4,7,2026-06-15 09:20,曇り,1.0,0
042320260615,20260615,23,取手,2026061323,競輪投票サービスＢＥＴＩＭＯ杯,1,3,4,A級,特選,1625,4,7,2026-06-15 09:40,曇り,1.0,0
052320260615,20260615,23,取手,2026061323,競輪投票サービスＢＥＴＩＭＯ杯,1,3,5,A級,特選,1625,4,7,2026-06-15 10:00,曇り,2.0,0
062320260615,20260615,23,取手,2026061323,競輪投票サービスＢＥＴＩＭＯ杯,1,3,6,A級,特選,1625,4,7,2026-06-15 10:20,曇り,2.0,0
072320260615,20260615,23,取手,2026061323,競輪投票サービスＢＥＴＩＭＯ杯,1,3,7,A級,決勝,1625,4,7,2026-06-15 10:40,曇り,2.0,0
013720260615,20260615,37,伊東,2026061337,スポーツニッポン杯争奪戦,2,3,1,A級,一般,1692,5,7,2026-06-15 10:45,曇り,1.0,0
023720260615,20260615,37,伊東,2026061337,スポーツニッポン杯争奪戦,2,3,2,A級,一般,1692,5,7,2026-06-15 11:12,雨,2.0,0
033720260615,20260615,37,伊東,2026061337,スポーツニッポン杯争奪戦,2,3,3,A級,特選,1692,5,7,2026-06-15 11:40,雨,2.0,0
043720260615,20260615,37,伊東,2026061337,スポーツニッポン杯争奪戦,2,3,4,A級,特選,1692,5,7,2026-06-15 12:08,曇り,2.0,0
053720260615,20260615,37,伊東,2026061337,スポーツニッポン杯争奪戦,2,3,5,S級,一般,2025,6,7,2026-06-15 12:37,曇り,1.5,0
063720260615,20260615,37,伊東,2026061337,スポーツニッポン杯争奪戦,2,3,6,S級,一般,2025,6,7,2026-06-15 13:07,曇り,2.0,0
073720260615,20260615,37,伊東,2026061337,スポーツニッポン杯争奪戦,2,3,7,S級,一般,2025,6,7,2026-06-15 13:37,曇り,2.0,0
083720260615,20260615,37,伊東,2026061337,スポーツニッポン杯争奪戦,2,3,8,S級,特選,2025,6,7,2026-06-15 14:07,曇り,2.0,0
093720260615,20260615,37,伊東,2026061337,スポーツニッポン杯争奪戦,2,3,9,S級,特選,2025,6,7,2026-06-15 14:37,曇り,2.0,0
103720260615,20260615,37,伊東,2026061337,スポーツニッポン杯争奪戦,2,3,10,S級,特選,2025,6,7,2026-06-15 15:07,曇り,2.0,0
113720260615,20260615,37,伊東,2026061337,スポーツニッポン杯争奪戦,2,3,11,A級,決勝,1692,5,7,2026-06-15 15:38,曇り,1.5,0
123720260615,20260615,37,伊東,2026061337,スポーツニッポン杯争奪戦,2,3,12,S級,決勝,2025,6,7,2026-06-15 16:15,曇り,2.0,0
015320260615,20260615,53,奈良,2026061353,前検日コメならウィンチケット杯,1,3,1,A級,チ一般,1682,5,5,2026-06-15 10:58,曇り,0.5,0
025320260615,20260615,53,奈良,2026061353,前検日コメならウィンチケット杯,1,3,2,A級,チ一般,1682,5,5,2026-06-15 11:26,曇り,0.4,0
035320260615,20260615,53,奈良,2026061353,前検日コメならウィンチケット杯,1,3,3,A級,チ選抜,1682,5,7,2026-06-15 11:54,曇り,0.9,0
045320260615,20260615,53,奈良,2026061353,前検日コメならウィンチケット杯,1,3,4,A級,チ決勝,1682,5,7,2026-06-15 12:22,曇り,1.0,0
055320260615,20260615,53,奈良,2026061353,前検日コメならウィンチケット杯,1,3,5,L級,ガ一般,1682,5,5,2026-06-15 12:52,曇り,0.7,0
065320260615,20260615,53,奈良,2026061353,前検日コメならウィンチケット杯,1,3,6,A級,特一般,1682,5,7,2026-06-15 13:22,曇り,0.7,0
075320260615,20260615,53,奈良,2026061353,前検日コメならウィンチケット杯,1,3,7,A級,特一般,1682,5,7,2026-06-15 13:52,曇り,0.8,0
085320260615,20260615,53,奈良,2026061353,前検日コメならウィンチケット杯,1,3,8,A級,特選,1682,5,7,2026-06-15 14:22,晴れ,0.8,0
095320260615,20260615,53,奈良,2026061353,前検日コメならウィンチケット杯,1,3,9,A級,特選,1682,5,7,2026-06-15 14:52,曇り,1.1,0
105320260615,20260615,53,奈良,2026061353,前検日コメならウィンチケット杯,1,3,10,L級,ガ決勝,1682,5,7,2026-06-15 15:22,曇り,0.5,0
115320260615,20260615,53,奈良,2026061353,前検日コメならウィンチケット杯,1,3,11,A級,決勝,1682,5,7,2026-06-15 15:52,曇り,0.4,0
011120260615,20260615,11,函館,2026061411,スピＣＨスカパー杯＆北海ＹＳＣ,1,2,1,A級,チ一般,1625,4,6,2026-06-15 15:59,晴れ,2.0,0
021120260615,20260615,11,函館,2026061411,スピＣＨスカパー杯＆北海ＹＳＣ,1,2,2,A級,チ一般,1625,4,6,2026-06-15 16:22,曇り,1.0,0
031120260615,20260615,11,函館,2026061411,スピＣＨスカパー杯＆北海ＹＳＣ,1,2,3,A級,チ準決,1625,4,7,2026-06-15 16:46,曇り,1.0,0
041120260615,20260615,11,函館,2026061411,スピＣＨスカパー杯＆北海ＹＳＣ,1,2,4,A級,チ準決,1625,4,7,2026-06-15 17:12,曇り,2.0,0
051120260615,20260615,11,函館,2026061411,スピＣＨスカパー杯＆北海ＹＳＣ,1,2,5,A級,チ準決,1625,4,7,2026-06-15 17:38,曇り,2.0,0
061120260615,20260615,11,函館,2026061411,スピＣＨスカパー杯＆北海ＹＳＣ,1,2,6,A級,特一般,1625,4,7,2026-06-15 18:04,晴れ,2.0,0
071120260615,20260615,11,函館,2026061411,スピＣＨスカパー杯＆北海ＹＳＣ,1,2,7,A級,特一般,1625,4,7,2026-06-15 18:30,晴れ,2.0,0
081120260615,20260615,11,函館,2026061411,スピＣＨスカパー杯＆北海ＹＳＣ,1,2,8,A級,特一般,1625,4,7,2026-06-15 18:56,晴れ,2.0,0
091120260615,20260615,11,函館,2026061411,スピＣＨスカパー杯＆北海ＹＳＣ,1,2,9,A級,準決勝,1625,4,7,2026-06-15 19:22,晴れ,1.0,0
101120260615,20260615,11,函館,2026061411,スピＣＨスカパー杯＆北海ＹＳＣ,1,2,10,A級,準決勝,1625,4,7,2026-06-15 19:48,晴れ,1.0,0
111120260615,20260615,11,函館,2026061411,スピＣＨスカパー杯＆北海ＹＳＣ,1,2,11,A級,準決勝,1625,4,7,2026-06-15 20:16,晴れ,1.0,0
013620260615,20260615,36,小田原,2026061436,楽天Ｋドリームス杯,1,2,1,A級,チ一般,1692,5,6,2026-06-15 08:30,曇り,1.0,0
023620260615,20260615,36,小田原,2026061436,楽天Ｋドリームス杯,1,2,2,A級,チ一般,1692,5,6,2026-06-15 08:50,曇り,0.5,0
033620260615,20260615,36,小田原,2026061436,楽天Ｋドリームス杯,1,2,3,A級,チ選抜,1692,5,7,2026-06-15 09:10,曇り,1.0,0
043620260615,20260615,36,小田原,2026061436,楽天Ｋドリームス杯,1,2,4,A級,チ選抜,1692,5,7,2026-06-15 09:30,曇り,1.0,0
053620260615,20260615,36,小田原,2026061436,楽天Ｋドリームス杯,1,2,5,A級,チ準決,1692,5,7,2026-06-15 09:50,曇り,1.0,0
063620260615,20260615,36,小田原,2026061436,楽天Ｋドリームス杯,1,2,6,A級,チ準決,1692,5,7,2026-06-15 10:10,曇り,1.0,0
073620260615,20260615,36,小田原,2026061436,楽天Ｋドリームス杯,1,2,7,A級,チ準決,1692,5,7,2026-06-15 10:30,曇り,1.0,0
013120260615,20260615,31,松戸,2026061531,第２６回チャリロト松戸杯,1,1,1,L級,ガ予１,1682,5,7,2026-06-15 20:40,晴れ,0.5,0
023120260615,20260615,31,松戸,2026061531,第２６回チャリロト松戸杯,1,1,2,L級,ガ予１,1682,5,7,2026-06-15 21:00,晴れ,0.5,0
033120260615,20260615,31,松戸,2026061531,第２６回チャリロト松戸杯,1,1,3,A級,予選,1682,5,7,2026-06-15 21:20,晴れ,0.5,0
043120260615,20260615,31,松戸,2026061531,第２６回チャリロト松戸杯,1,1,4,A級,予選,1682,5,7,2026-06-15 21:40,晴れ,0.5,0
053120260615,20260615,31,松戸,2026061531,第２６回チャリロト松戸杯,1,1,5,A級,予選,1682,5,7,2026-06-15 22:00,晴れ,0.5,0
063120260615,20260615,31,松戸,2026061531,第２６回チャリロト松戸杯,1,1,6,A級,予選,1682,5,7,2026-06-15 22:20,晴れ,0.5,0
073120260615,20260615,31,松戸,2026061531,第２６回チャリロト松戸杯,1,1,7,A級,予選,1682,5,7,2026-06-15 22:40,晴れ,0.5,0
083120260615,20260615,31,松戸,2026061531,第２６回チャリロト松戸杯,1,1,8,A級,予選,1682,5,7,2026-06-15 23:00,晴れ,0.5,0
093120260615,20260615,31,松戸,2026061531,第２６回チャリロト松戸杯,1,1,9,A級,初特選,1682,5,7,2026-06-15 23:20,晴れ,0.5,0
014720260615,20260615,47,松阪,2026061547,前検日コメならウィンチケット杯,1,1,1,L級,ガ予１,1625,4,7,2026-06-15 20:50,晴れ,1.0,0
024720260615,20260615,47,松阪,2026061547,前検日コメならウィンチケット杯,1,1,2,L級,ガ予１,1625,4,7,2026-06-15 21:10,晴れ,1.0,0
034720260615,20260615,47,松阪,2026061547,前検日コメならウィンチケット杯,1,1,3,A級,予選,1625,4,7,2026-06-15 21:30,晴れ,1.0,0
044720260615,20260615,47,松阪,2026061547,前検日コメならウィンチケット杯,1,1,4,A級,予選,1625,4,7,2026-06-15 21:50,晴れ,1.0,0
054720260615,20260615,47,松阪,2026061547,前検日コメならウィンチケット杯,1,1,5,A級,予選,1625,4,7,2026-06-15 22:10,晴れ,1.0,0
064720260615,20260615,47,松阪,2026061547,前検日コメならウィンチケット杯,1,1,6,A級,予選,1625,4,7,2026-06-15 22:30,晴れ,0.5,0
074720260615,20260615,47,松阪,2026061547,前検日コメならウィンチケット杯,1,1,7,A級,予選,1625,4,7,2026-06-15 22:50,晴れ,0.5,0
084720260615,20260615,47,松阪,2026061547,前検日コメならウィンチケット杯,1,1,8,A級,予選,1625,4,7,2026-06-15 23:10,晴れ,0.5,0
094720260615,20260615,47,松阪,2026061547,前検日コメならウィンチケット杯,1,1,9,A級,初特選,1625,4,7,2026-06-15 23:30,晴れ,0.5,0
018620260615,20260615,86,別府,2026061586,スポーツニッポン杯,2,1,1,A級,予選,1625,4,7,2026-06-15 15:45,晴れ,1.0,0
028620260615,20260615,86,別府,2026061586,スポーツニッポン杯,2,1,2,A級,予選,1625,4,7,2026-06-15 16:07,晴れ,1.0,0
038620260615,20260615,86,別府,2026061586,スポーツニッポン杯,2,1,3,A級,予選,1625,4,7,2026-06-15 16:33,晴れ,1.0,0
048620260615,20260615,86,別府,2026061586,スポーツニッポン杯,2,1,4,A級,予選,1625,4,7,2026-06-15 16:59,曇り,1.0,0
058620260615,20260615,86,別府,2026061586,スポーツニッポン杯,2,1,5,A級,初特選,1625,4,7,2026-06-15 17:25,曇り,1.0,0
068620260615,20260615,86,別府,2026061586,スポーツニッポン杯,2,1,6,S級,予選,2025,5,7,2026-06-15 17:51,曇り,0.5,0
078620260615,20260615,86,別府,2026061586,スポーツニッポン杯,2,1,7,S級,予選,2025,5,7,2026-06-15 18:17,曇り,0.5,0
088620260615,20260615,86,別府,2026061586,スポーツニッポン杯,2,1,8,S級,予選,2025,5,7,2026-06-15 18:43,曇り,0.5,0
098620260615,20260615,86,別府,2026061586,スポーツニッポン杯,2,1,9,S級,予選,2025,5,7,2026-06-15 19:09,曇り,0.5,0
108620260615,20260615,86,別府,2026061586,スポーツニッポン杯,2,1,10,S級,予選,2025,5,7,2026-06-15 19:35,曇り,0.0,0
118620260615,20260615,86,別府,2026061586,スポーツニッポン杯,2,1,11,S級,予選,2025,5,7,2026-06-15 20:02,曇り,0.0,0
128620260615,20260615,86,別府,2026061586,スポーツニッポン杯,2,1,12,S級,初特選,2025,5,7,2026-06-15 20:30,曇り,0.5,0
011120260616,20260616,11,函館,2026061411,スピＣＨスカパー杯＆北海ＹＳＣ,1,3,1,A級,チ一般,1625,4,6,2026-06-16 16:11,晴れ,2.0,0
021120260616,20260616,11,函館,2026061411,スピＣＨスカパー杯＆北海ＹＳＣ,1,3,2,A級,チ一般,1625,4,7,2026-06-16 16:37,晴れ,2.0,0
031120260616,20260616,11,函館,2026061411,スピＣＨスカパー杯＆北海ＹＳＣ,1,3,3,A級,チ選抜,1625,4,7,2026-06-16 16:59,晴れ,2.0,0
041120260616,20260616,11,函館,2026061411,スピＣＨスカパー杯＆北海ＹＳＣ,1,3,4,A級,チ選抜,1625,4,7,2026-06-16 17:21,晴れ,2.0,0
051120260616,20260616,11,函館,2026061411,スピＣＨスカパー杯＆北海ＹＳＣ,1,3,5,A級,特一般,1625,4,7,2026-06-16 17:44,晴れ,2.0,0
061120260616,20260616,11,函館,2026061411,スピＣＨスカパー杯＆北海ＹＳＣ,1,3,6,A級,特一般,1625,4,7,2026-06-16 18:08,晴れ,2.0,0
071120260616,20260616,11,函館,2026061411,スピＣＨスカパー杯＆北海ＹＳＣ,1,3,7,A級,特選,1625,4,7,2026-06-16 18:32,晴れ,1.0,0
081120260616,20260616,11,函館,2026061411,スピＣＨスカパー杯＆北海ＹＳＣ,1,3,8,A級,特選,1625,4,7,2026-06-16 18:56,晴れ,1.0,0
091120260616,20260616,11,函館,2026061411,スピＣＨスカパー杯＆北海ＹＳＣ,1,3,9,A級,特選,1625,4,7,2026-06-16 19:21,晴れ,1.0,0
101120260616,20260616,11,函館,2026061411,スピＣＨスカパー杯＆北海ＹＳＣ,1,3,10,A級,チ決勝,1625,4,7,2026-06-16 19:48,晴れ,1.0,0
111120260616,20260616,11,函館,2026061411,スピＣＨスカパー杯＆北海ＹＳＣ,1,3,11,A級,決勝,1625,4,7,2026-06-16 20:16,晴れ,1.0,0
013620260616,20260616,36,小田原,2026061436,楽天Ｋドリームス杯,1,3,1,A級,チ一般,1692,5,6,2026-06-16 08:30,晴れ,1.0,0
023620260616,20260616,36,小田原,2026061436,楽天Ｋドリームス杯,1,3,2,A級,チ一般,1692,5,6,2026-06-16 08:50,晴れ,1.0,0
033620260616,20260616,36,小田原,2026061436,楽天Ｋドリームス杯,1,3,3,A級,チ一般,1692,5,6,2026-06-16 09:11,晴れ,1.0,0
043620260616,20260616,36,小田原,2026061436,楽天Ｋドリームス杯,1,3,4,A級,チ選抜,1692,5,7,2026-06-16 09:32,晴れ,1.0,0
053620260616,20260616,36,小田原,2026061436,楽天Ｋドリームス杯,1,3,5,A級,チ選抜,1692,5,7,2026-06-16 09:53,晴れ,1.0,0
063620260616,20260616,36,小田原,2026061436,楽天Ｋドリームス杯,1,3,6,A級,チ選抜,1692,5,7,2026-06-16 10:14,晴れ,1.5,0
073620260616,20260616,36,小田原,2026061436,楽天Ｋドリームス杯,1,3,7,A級,チ決勝,1692,5,7,2026-06-16 10:35,晴れ,1.5,0
013120260616,20260616,31,松戸,2026061531,第２６回チャリロト松戸杯,1,2,1,L級,ガ予２,1682,5,7,2026-06-16 20:40,曇り,0.5,0
023120260616,20260616,31,松戸,2026061531,第２６回チャリロト松戸杯,1,2,2,L級,ガ予２,1682,5,7,2026-06-16 21:00,曇り,0.5,0
033120260616,20260616,31,松戸,2026061531,第２６回チャリロト松戸杯,1,2,3,A級,一般,1682,5,7,2026-06-16 21:20,曇り,0.5,0
043120260616,20260616,31,松戸,2026061531,第２６回チャリロト松戸杯,1,2,4,A級,一般,1682,5,7,2026-06-16 21:40,曇り,0.5,0
053120260616,20260616,31,松戸,2026061531,第２６回チャリロト松戸杯,1,2,5,A級,選抜,1682,5,7,2026-06-16 22:00,曇り,0.5,0
063120260616,20260616,31,松戸,2026061531,第２６回チャリロト松戸杯,1,2,6,A級,選抜,1682,5,7,2026-06-16 22:20,曇り,0.5,0
073120260616,20260616,31,松戸,2026061531,第２６回チャリロト松戸杯,1,2,7,A級,準決勝,1682,5,7,2026-06-16 22:40,曇り,0.5,0
083120260616,20260616,31,松戸,2026061531,第２６回チャリロト松戸杯,1,2,8,A級,準決勝,1682,5,7,2026-06-16 23:00,曇り,0.5,0
093120260616,20260616,31,松戸,2026061531,第２６回チャリロト松戸杯,1,2,9,A級,準決勝,1682,5,7,2026-06-16 23:20,曇り,0.5,0
014720260616,20260616,47,松阪,2026061547,前検日コメならウィンチケット杯,1,2,1,L級,ガ予２,1625,4,7,2026-06-16 20:50,曇り,0.5,0
024720260616,20260616,47,松阪,2026061547,前検日コメならウィンチケット杯,1,2,2,L級,ガ予２,1625,4,7,2026-06-16 21:10,曇り,0.5,0
034720260616,20260616,47,松阪,2026061547,前検日コメならウィンチケット杯,1,2,3,A級,一般,1625,4,7,2026-06-16 21:30,曇り,0.5,0
044720260616,20260616,47,松阪,2026061547,前検日コメならウィンチケット杯,1,2,4,A級,一般,1625,4,7,2026-06-16 21:50,曇り,0.2,0
054720260616,20260616,47,松阪,2026061547,前検日コメならウィンチケット杯,1,2,5,A級,選抜,1625,4,7,2026-06-16 22:10,曇り,0.2,0
064720260616,20260616,47,松阪,2026061547,前検日コメならウィンチケット杯,1,2,6,A級,選抜,1625,4,7,2026-06-16 22:30,曇り,0.2,0
074720260616,20260616,47,松阪,2026061547,前検日コメならウィンチケット杯,1,2,7,A級,準決勝,1625,4,7,2026-06-16 22:50,曇り,0.2,0
084720260616,20260616,47,松阪,2026061547,前検日コメならウィンチケット杯,1,2,8,A級,準決勝,1625,4,7,2026-06-16 23:10,曇り,0.2,0
094720260616,20260616,47,松阪,2026061547,前検日コメならウィンチケット杯,1,2,9,A級,準決勝,1625,4,7,2026-06-16 23:30,曇り,0.2,0
018620260616,20260616,86,別府,2026061586,スポーツニッポン杯,2,2,1,A級,一般,1625,4,7,2026-06-16 15:55,雨,3.0,0
028620260616,20260616,86,別府,2026061586,スポーツニッポン杯,2,2,2,A級,一般,1625,4,7,2026-06-16 16:20,曇り,2.5,0
038620260616,20260616,86,別府,2026061586,スポーツニッポン杯,2,2,3,A級,準決勝,1625,4,7,2026-06-16 16:44,曇り,2.0,0
048620260616,20260616,86,別府,2026061586,スポーツニッポン杯,2,2,4,A級,準決勝,1625,4,7,2026-06-16 17:08,曇り,1.5,0
058620260616,20260616,86,別府,2026061586,スポーツニッポン杯,2,2,5,A級,準決勝,1625,4,7,2026-06-16 17:32,晴れ,1.5,0
068620260616,20260616,86,別府,2026061586,スポーツニッポン杯,2,2,6,S級,一般,2025,5,7,2026-06-16 17:56,曇り,2.0,0
078620260616,20260616,86,別府,2026061586,スポーツニッポン杯,2,2,7,S級,一般,2025,5,7,2026-06-16 18:20,曇り,2.5,0
088620260616,20260616,86,別府,2026061586,スポーツニッポン杯,2,2,8,S級,選抜,2025,5,7,2026-06-16 18:44,晴れ,2.0,0
098620260616,20260616,86,別府,2026061586,スポーツニッポン杯,2,2,9,S級,選抜,2025,5,7,2026-06-16 19:09,晴れ,2.5,0
108620260616,20260616,86,別府,2026061586,スポーツニッポン杯,2,2,10,S級,準決勝,2025,5,7,2026-06-16 19:35,晴れ,1.5,0
118620260616,20260616,86,別府,2026061586,スポーツニッポン杯,2,2,11,S級,準決勝,2025,5,7,2026-06-16 20:02,晴れ,1.5,0
128620260616,20260616,86,別府,2026061586,スポーツニッポン杯,2,2,12,S級,準決勝,2025,5,7,2026-06-16 20:30,晴れ,1.0,0
014620260616,20260616,46,富山,2026061646,ＣＴＣなら３分前まで買える杯,1,1,1,A級,チ予選,1682,5,7,2026-06-16 10:57,晴れ,1.0,0
024620260616,20260616,46,富山,2026061646,ＣＴＣなら３分前まで買える杯,1,1,2,A級,チ予選,1682,5,7,2026-06-16 11:21,晴れ,0.8,0
034620260616,20260616,46,富山,2026061646,ＣＴＣなら３分前まで買える杯,1,1,3,A級,チ予選,1682,5,7,2026-06-16 11:45,晴れ,1.2,0
044620260616,20260616,46,富山,2026061646,ＣＴＣなら３分前まで買える杯,1,1,4,A級,チ予選,1682,5,7,2026-06-16 12:11,晴れ,0.7,0
054620260616,20260616,46,富山,2026061646,ＣＴＣなら３分前まで買える杯,1,1,5,A級,チ予選,1682,5,7,2026-06-16 12:37,晴れ,0.7,0
064620260616,20260616,46,富山,2026061646,ＣＴＣなら３分前まで買える杯,1,1,6,A級,特予選,1682,5,7,2026-06-16 13:05,晴れ,0.5,0
074620260616,20260616,46,富山,2026061646,ＣＴＣなら３分前まで買える杯,1,1,7,A級,特予選,1682,5,7,2026-06-16 13:37,晴れ,0.9,0
084620260616,20260616,46,富山,2026061646,ＣＴＣなら３分前まで買える杯,1,1,8,A級,特予選,1682,5,7,2026-06-16 14:14,曇り,0.9,0
094620260616,20260616,46,富山,2026061646,ＣＴＣなら３分前まで買える杯,1,1,9,A級,特予選,1682,5,7,2026-06-16 14:51,曇り,0.7,0
104620260616,20260616,46,富山,2026061646,ＣＴＣなら３分前まで買える杯,1,1,10,A級,特予選,1682,5,7,2026-06-16 15:28,曇り,0.6,0
114620260616,20260616,46,富山,2026061646,ＣＴＣなら３分前まで買える杯,1,1,11,A級,初特選,1682,5,7,2026-06-16 16:06,曇り,1.0,0
015620260616,20260616,56,岸和田,2026061656,高松宮記念杯競輪,5,1,1,S級,東予１,2025,5,9,2026-06-16 10:45,曇り,1.3,0
025620260616,20260616,56,岸和田,2026061656,高松宮記念杯競輪,5,1,2,S級,西予１,2025,5,9,2026-06-16 11:09,曇り,1.8,0
035620260616,20260616,56,岸和田,2026061656,高松宮記念杯競輪,5,1,3,S級,東予１,2025,5,9,2026-06-16 11:33,曇り,2.2,0
045620260616,20260616,56,岸和田,2026061656,高松宮記念杯競輪,5,1,4,S級,西予１,2025,5,9,2026-06-16 11:58,曇り,1.8,0
055620260616,20260616,56,岸和田,2026061656,高松宮記念杯競輪,5,1,5,L級,東ガ予,1625,4,7,2026-06-16 12:24,曇り,1.8,0
065620260616,20260616,56,岸和田,2026061656,高松宮記念杯競輪,5,1,6,L級,西ガ予,1625,4,7,2026-06-16 12:52,曇り,1.8,0
075620260616,20260616,56,岸和田,2026061656,高松宮記念杯競輪,5,1,7,L級,東ガ予,1625,4,7,2026-06-16 13:22,曇り,1.8,0
085620260616,20260616,56,岸和田,2026061656,高松宮記念杯競輪,5,1,8,L級,西ガ予,1625,4,7,2026-06-16 13:59,曇り,1.3,0
095620260616,20260616,56,岸和田,2026061656,高松宮記念杯競輪,5,1,9,S級,東予１,2025,5,9,2026-06-16 14:36,曇り,1.8,0
105620260616,20260616,56,岸和田,2026061656,高松宮記念杯競輪,5,1,10,S級,西予１,2025,5,9,2026-06-16 15:13,曇り,1.8,0
115620260616,20260616,56,岸和田,2026061656,高松宮記念杯競輪,5,1,11,S級,東予１,2025,5,9,2026-06-16 15:50,曇り,1.8,0
125620260616,20260616,56,岸和田,2026061656,高松宮記念杯競輪,5,1,12,S級,西予１,2025,5,9,2026-06-16 16:30,曇り,1.8,0
013120260617,20260617,31,松戸,2026061531,第２６回チャリロト松戸杯,1,3,1,L級,ガ一般,1682,5,7,2026-06-17 20:40,曇り,1.0,0
023120260617,20260617,31,松戸,2026061531,第２６回チャリロト松戸杯,1,3,2,A級,一般,1682,5,7,2026-06-17 21:00,曇り,1.0,0
033120260617,20260617,31,松戸,2026061531,第２６回チャリロト松戸杯,1,3,3,A級,一般,1682,5,7,2026-06-17 21:20,曇り,1.0,0
043120260617,20260617,31,松戸,2026061531,第２６回チャリロト松戸杯,1,3,4,A級,一般,1682,5,7,2026-06-17 21:40,曇り,1.0,0
053120260617,20260617,31,松戸,2026061531,第２６回チャリロト松戸杯,1,3,5,A級,特選,1682,5,7,2026-06-17 22:00,曇り,1.0,0
063120260617,20260617,31,松戸,2026061531,第２６回チャリロト松戸杯,1,3,6,A級,特選,1682,5,7,2026-06-17 22:20,曇り,0.5,0
073120260617,20260617,31,松戸,2026061531,第２６回チャリロト松戸杯,1,3,7,A級,特選,1682,5,7,2026-06-17 22:40,曇り,0.5,0
083120260617,20260617,31,松戸,2026061531,第２６回チャリロト松戸杯,1,3,8,L級,ガ決勝,1682,5,7,2026-06-17 23:00,曇り,0.5,0
093120260617,20260617,31,松戸,2026061531,第２６回チャリロト松戸杯,1,3,9,A級,決勝,1682,5,7,2026-06-17 23:20,曇り,0.5,0
014720260617,20260617,47,松阪,2026061547,前検日コメならウィンチケット杯,1,3,1,L級,ガ一般,1625,4,6,2026-06-17 20:50,雨,0.5,0
024720260617,20260617,47,松阪,2026061547,前検日コメならウィンチケット杯,1,3,2,A級,一般,1625,4,6,2026-06-17 21:10,雨,0.2,0
034720260617,20260617,47,松阪,2026061547,前検日コメならウィンチケット杯,1,3,3,A級,一般,1625,4,6,2026-06-17 21:30,雨,0.2,0
044720260617,20260617,47,松阪,2026061547,前検日コメならウィンチケット杯,1,3,4,A級,一般,1625,4,7,2026-06-17 21:50,雨,0.2,0
054720260617,20260617,47,松阪,2026061547,前検日コメならウィンチケット杯,1,3,5,A級,特選,1625,4,7,2026-06-17 22:10,雨,0.2,0
064720260617,20260617,47,松阪,2026061547,前検日コメならウィンチケット杯,1,3,6,A級,特選,1625,4,7,2026-06-17 22:30,雨,0.2,0
074720260617,20260617,47,松阪,2026061547,前検日コメならウィンチケット杯,1,3,7,A級,特選,1625,4,7,2026-06-17 22:50,雨,1.0,0
084720260617,20260617,47,松阪,2026061547,前検日コメならウィンチケット杯,1,3,8,L級,ガ決勝,1625,4,7,2026-06-17 23:10,雨,0.5,0
094720260617,20260617,47,松阪,2026061547,前検日コメならウィンチケット杯,1,3,9,A級,決勝,1625,4,7,2026-06-17 23:30,雨,0.2,0
018620260617,20260617,86,別府,2026061586,スポーツニッポン杯,2,3,1,A級,一般,1625,4,7,2026-06-17 16:11,雨,0.5,0
028620260617,20260617,86,別府,2026061586,スポーツニッポン杯,2,3,2,A級,一般,1625,4,7,2026-06-17 16:37,雨,1.0,0
038620260617,20260617,86,別府,2026061586,スポーツニッポン杯,2,3,3,A級,特選,1625,4,7,2026-06-17 16:59,曇り,1.5,0
048620260617,20260617,86,別府,2026061586,スポーツニッポン杯,2,3,4,A級,特選,1625,4,7,2026-06-17 17:21,曇り,0.5,0
058620260617,20260617,86,別府,2026061586,スポーツニッポン杯,2,3,5,S級,一般,2025,5,7,2026-06-17 17:43,曇り,0.5,0
068620260617,20260617,86,別府,2026061586,スポーツニッポン杯,2,3,6,S級,一般,2025,5,7,2026-06-17 18:05,曇り,1.0,0
078620260617,20260617,86,別府,2026061586,スポーツニッポン杯,2,3,7,S級,一般,2025,5,7,2026-06-17 18:27,曇り,0.5,0
088620260617,20260617,86,別府,2026061586,スポーツニッポン杯,2,3,8,S級,特選,2025,5,7,2026-06-17 18:49,曇り,0.5,0
098620260617,20260617,86,別府,2026061586,スポーツニッポン杯,2,3,9,S級,特選,2025,5,7,2026-06-17 19:12,曇り,0.5,0
108620260617,20260617,86,別府,2026061586,スポーツニッポン杯,2,3,10,S級,特選,2025,5,7,2026-06-17 19:36,曇り,0.5,0
118620260617,20260617,86,別府,2026061586,スポーツニッポン杯,2,3,11,A級,決勝,1625,4,7,2026-06-17 20:02,曇り,0.5,0
128620260617,20260617,86,別府,2026061586,スポーツニッポン杯,2,3,12,S級,決勝,2025,5,7,2026-06-17 20:30,曇り,0.5,0
014620260617,20260617,46,富山,2026061646,ＣＴＣなら３分前まで買える杯,1,2,1,A級,チ一般,1682,5,6,2026-06-17 10:57,晴れ,1.0,0
024620260617,20260617,46,富山,2026061646,ＣＴＣなら３分前まで買える杯,1,2,2,A級,チ一般,1682,5,6,2026-06-17 11:21,晴れ,1.2,0
034620260617,20260617,46,富山,2026061646,ＣＴＣなら３分前まで買える杯,1,2,3,A級,チ準決,1682,5,7,2026-06-17 11:45,晴れ,1.3,0
044620260617,20260617,46,富山,2026061646,ＣＴＣなら３分前まで買える杯,1,2,4,A級,チ準決,1682,5,7,2026-06-17 12:11,晴れ,1.1,0
054620260617,20260617,46,富山,2026061646,ＣＴＣなら３分前まで買える杯,1,2,5,A級,チ準決,1682,5,7,2026-06-17 12:37,晴れ,0.9,0
064620260617,20260617,46,富山,2026061646,ＣＴＣなら３分前まで買える杯,1,2,6,A級,特一般,1682,5,7,2026-06-17 13:05,晴れ,0.9,0
074620260617,20260617,46,富山,2026061646,ＣＴＣなら３分前まで買える杯,1,2,7,A級,特一般,1682,5,7,2026-06-17 13:37,晴れ,1.2,0
084620260617,20260617,46,富山,2026061646,ＣＴＣなら３分前まで買える杯,1,2,8,A級,特一般,1682,5,7,2026-06-17 14:14,晴れ,0.8,0
094620260617,20260617,46,富山,2026061646,ＣＴＣなら３分前まで買える杯,1,2,9,A級,準決勝,1682,5,7,2026-06-17 14:51,晴れ,1.4,0
104620260617,20260617,46,富山,2026061646,ＣＴＣなら３分前まで買える杯,1,2,10,A級,準決勝,1682,5,7,2026-06-17 15:28,晴れ,0.9,0
114620260617,20260617,46,富山,2026061646,ＣＴＣなら３分前まで買える杯,1,2,11,A級,準決勝,1682,5,7,2026-06-17 16:06,晴れ,1.1,0
015620260617,20260617,56,岸和田,2026061656,高松宮記念杯競輪,5,2,1,S級,東予１,2025,5,9,2026-06-17 10:45,曇り,2.7,0
025620260617,20260617,56,岸和田,2026061656,高松宮記念杯競輪,5,2,2,S級,西予１,2025,5,9,2026-06-17 11:09,曇り,2.2,0
035620260617,20260617,56,岸和田,2026061656,高松宮記念杯競輪,5,2,3,S級,東予１,2025,5,9,2026-06-17 11:33,曇り,1.3,0
045620260617,20260617,56,岸和田,2026061656,高松宮記念杯競輪,5,2,4,S級,西予１,2025,5,9,2026-06-17 11:58,曇り,1.8,0
055620260617,20260617,56,岸和田,2026061656,高松宮記念杯競輪,5,2,5,L級,ガ選抜,1625,4,7,2026-06-17 12:24,曇り,1.3,0
065620260617,20260617,56,岸和田,2026061656,高松宮記念杯競輪,5,2,6,L級,ガ選抜,1625,4,7,2026-06-17 12:52,曇り,1.8,0
075620260617,20260617,56,岸和田,2026061656,高松宮記念杯競輪,5,2,7,S級,東予２,2025,5,8,2026-06-17 13:22,曇り,1.3,0
085620260617,20260617,56,岸和田,2026061656,高松宮記念杯競輪,5,2,8,S級,西予２,2025,5,9,2026-06-17 13:59,曇り,1.3,0
095620260617,20260617,56,岸和田,2026061656,高松宮記念杯競輪,5,2,9,S級,東予２,2025,5,8,2026-06-17 14:36,曇り,1.3,0
105620260617,20260617,56,岸和田,2026061656,高松宮記念杯競輪,5,2,10,S級,西予２,2025,5,9,2026-06-17 15:13,曇り,1.8,0
115620260617,20260617,56,岸和田,2026061656,高松宮記念杯競輪,5,2,11,L級,東ガ準,1625,4,7,2026-06-17 15:50,曇り,1.3,0
125620260617,20260617,56,岸和田,2026061656,高松宮記念杯競輪,5,2,12,L級,西ガ準,1625,4,7,2026-06-17 16:30,曇り,0.9,0
011220260617,20260617,12,青森,2026061712,ウィンチケット ニッカン・コム,1,1,1,A級,チ予選,1625,4,7,2026-06-17 08:30,晴れ,1.0,0
021220260617,20260617,12,青森,2026061712,ウィンチケット ニッカン・コム,1,1,2,A級,チ予選,1625,4,7,2026-06-17 08:50,晴れ,1.0,0
031220260617,20260617,12,青森,2026061712,ウィンチケット ニッカン・コム,1,1,3,A級,チ予選,1625,4,7,2026-06-17 09:11,晴れ,1.0,0
041220260617,20260617,12,青森,2026061712,ウィンチケット ニッカン・コム,1,1,4,A級,チ予選,1625,4,7,2026-06-17 09:32,晴れ,1.0,0
051220260617,20260617,12,青森,2026061712,ウィンチケット ニッカン・コム,1,1,5,A級,チ予選,1625,4,7,2026-06-17 09:53,晴れ,1.0,0
061220260617,20260617,12,青森,2026061712,ウィンチケット ニッカン・コム,1,1,6,A級,チ予選,1625,4,7,2026-06-17 10:14,晴れ,1.0,0
071220260617,20260617,12,青森,2026061712,ウィンチケット ニッカン・コム,1,1,7,A級,チ予選,1625,4,7,2026-06-17 10:35,晴れ,1.0,0
012720260617,20260617,27,京王閣,2026061727,ＦＣ東京＆京王電鉄＆日刊コム杯,2,1,1,A級,予選,1625,4,7,2026-06-17 15:55,,0.0,1
022720260617,20260617,27,京王閣,2026061727,ＦＣ東京＆京王電鉄＆日刊コム杯,2,1,2,A級,予選,1625,4,7,2026-06-17 16:20,曇り,2.0,0
032720260617,20260617,27,京王閣,2026061727,ＦＣ東京＆京王電鉄＆日刊コム杯,2,1,3,A級,予選,1625,4,7,2026-06-17 16:44,曇り,2.0,0
042720260617,20260617,27,京王閣,2026061727,ＦＣ東京＆京王電鉄＆日刊コム杯,2,1,4,A級,予選,1625,4,7,2026-06-17 17:07,曇り,2.0,0
052720260617,20260617,27,京王閣,2026061727,ＦＣ東京＆京王電鉄＆日刊コム杯,2,1,5,A級,初特選,1625,4,7,2026-06-17 17:30,曇り,3.0,0
062720260617,20260617,27,京王閣,2026061727,ＦＣ東京＆京王電鉄＆日刊コム杯,2,1,6,S級,予選,2025,5,7,2026-06-17 17:53,曇り,2.0,0
072720260617,20260617,27,京王閣,2026061727,ＦＣ東京＆京王電鉄＆日刊コム杯,2,1,7,S級,予選,2025,5,7,2026-06-17 18:16,曇り,2.0,0
082720260617,20260617,27,京王閣,2026061727,ＦＣ東京＆京王電鉄＆日刊コム杯,2,1,8,S級,予選,2025,5,7,2026-06-17 18:39,曇り,2.0,0
092720260617,20260617,27,京王閣,2026061727,ＦＣ東京＆京王電鉄＆日刊コム杯,2,1,9,S級,予選,2025,5,7,2026-06-17 19:02,曇り,2.0,0
102720260617,20260617,27,京王閣,2026061727,ＦＣ東京＆京王電鉄＆日刊コム杯,2,1,10,S級,予選,2025,5,7,2026-06-17 19:25,曇り,1.5,0
112720260617,20260617,27,京王閣,2026061727,ＦＣ東京＆京王電鉄＆日刊コム杯,2,1,11,S級,予選,2025,5,7,2026-06-17 19:50,曇り,1.0,0
122720260617,20260617,27,京王閣,2026061727,ＦＣ東京＆京王電鉄＆日刊コム杯,2,1,12,S級,初特選,2025,5,7,2026-06-17 20:18,曇り,2.0,0
014620260618,20260618,46,富山,2026061646,ＣＴＣなら３分前まで買える杯,1,3,1,A級,チ一般,1682,5,6,2026-06-18 10:57,晴れ,0.5,0
024620260618,20260618,46,富山,2026061646,ＣＴＣなら３分前まで買える杯,1,3,2,A級,チ一般,1682,5,6,2026-06-18 11:21,晴れ,0.5,0
034620260618,20260618,46,富山,2026061646,ＣＴＣなら３分前まで買える杯,1,3,3,A級,チ選抜,1682,5,7,2026-06-18 11:45,晴れ,1.2,0
044620260618,20260618,46,富山,2026061646,ＣＴＣなら３分前まで買える杯,1,3,4,A級,チ選抜,1682,5,7,2026-06-18 12:11,晴れ,0.9,0
054620260618,20260618,46,富山,2026061646,ＣＴＣなら３分前まで買える杯,1,3,5,A級,特一般,1682,5,6,2026-06-18 12:37,晴れ,1.0,0
064620260618,20260618,46,富山,2026061646,ＣＴＣなら３分前まで買える杯,1,3,6,A級,特一般,1682,5,7,2026-06-18 13:05,晴れ,0.8,0
074620260618,20260618,46,富山,2026061646,ＣＴＣなら３分前まで買える杯,1,3,7,A級,特選,1682,5,7,2026-06-18 13:37,曇り,0.6,0
084620260618,20260618,46,富山,2026061646,ＣＴＣなら３分前まで買える杯,1,3,8,A級,特選,1682,5,7,2026-06-18 14:14,曇り,0.9,0
094620260618,20260618,46,富山,2026061646,ＣＴＣなら３分前まで買える杯,1,3,9,A級,特選,1682,5,7,2026-06-18 14:51,曇り,0.5,0
104620260618,20260618,46,富山,2026061646,ＣＴＣなら３分前まで買える杯,1,3,10,A級,チ決勝,1682,5,7,2026-06-18 15:28,曇り,0.8,0
114620260618,20260618,46,富山,2026061646,ＣＴＣなら３分前まで買える杯,1,3,11,A級,決勝,1682,5,7,2026-06-18 16:06,曇り,0.6,0
015620260618,20260618,56,岸和田,2026061656,高松宮記念杯競輪,5,3,1,S級,東予２,2025,5,9,2026-06-18 10:45,曇り,2.2,0
025620260618,20260618,56,岸和田,2026061656,高松宮記念杯競輪,5,3,2,S級,西予２,2025,5,8,2026-06-18 11:09,曇り,1.8,0
035620260618,20260618,56,岸和田,2026061656,高松宮記念杯競輪,5,3,3,S級,東予２,2025,5,9,2026-06-18 11:33,曇り,1.8,0
045620260618,20260618,56,岸和田,2026061656,高松宮記念杯競輪,5,3,4,S級,西予２,2025,5,9,2026-06-18 11:58,曇り,1.8,0
055620260618,20260618,56,岸和田,2026061656,高松宮記念杯競輪,5,3,5,L級,ガ選抜,1625,4,7,2026-06-18 12:24,曇り,2.2,0
065620260618,20260618,56,岸和田,2026061656,高松宮記念杯競輪,5,3,6,L級,ガ選抜,1625,4,7,2026-06-18 12:52,曇り,2.7,0
075620260618,20260618,56,岸和田,2026061656,高松宮記念杯競輪,5,3,7,L級,ガ特選,1625,4,7,2026-06-18 13:22,曇り,2.2,0
085620260618,20260618,56,岸和田,2026061656,高松宮記念杯競輪,5,3,8,S級,東予２,2025,5,9,2026-06-18 13:59,曇り,1.8,0
095620260618,20260618,56,岸和田,2026061656,高松宮記念杯競輪,5,3,9,S級,西予２,2025,5,9,2026-06-18 14:36,曇り,2.2,0
105620260618,20260618,56,岸和田,2026061656,高松宮記念杯競輪,5,3,10,S級,東予２,2025,5,9,2026-06-18 15:13,曇り,1.8,0
115620260618,20260618,56,岸和田,2026061656,高松宮記念杯競輪,5,3,11,S級,西予２,2025,5,9,2026-06-18 15:50,曇り,1.8,0
125620260618,20260618,56,岸和田,2026061656,高松宮記念杯競輪,5,3,12,L級,ガ決勝,1625,4,7,2026-06-18 16:30,晴れ,1.8,0
011220260618,20260618,12,青森,2026061712,ウィンチケット ニッカン・コム,1,2,1,A級,チ一般,1625,4,6,2026-06-18 08:30,晴れ,1.0,0
021220260618,20260618,12,青森,2026061712,ウィンチケット ニッカン・コム,1,2,2,A級,チ一般,1625,4,7,2026-06-18 08:50,晴れ,1.0,0
031220260618,20260618,12,青森,2026061712,ウィンチケット ニッカン・コム,1,2,3,A級,チ選抜,1625,4,7,2026-06-18 09:11,晴れ,1.0,0
041220260618,20260618,12,青森,2026061712,ウィンチケット ニッカン・コム,1,2,4,A級,チ選抜,1625,4,7,2026-06-18 09:32,晴れ,1.0,0
051220260618,20260618,12,青森,2026061712,ウィンチケット ニッカン・コム,1,2,5,A級,チ準決,1625,4,7,2026-06-18 09:53,晴れ,1.0,0
061220260618,20260618,12,青森,2026061712,ウィンチケット ニッカン・コム,1,2,6,A級,チ準決,1625,4,7,2026-06-18 10:14,晴れ,1.0,0
071220260618,20260618,12,青森,2026061712,ウィンチケット ニッカン・コム,1,2,7,A級,チ準決,1625,4,7,2026-06-18 10:35,晴れ,1.0,0
012720260618,20260618,27,京王閣,2026061727,ＦＣ東京＆京王電鉄＆日刊コム杯,2,2,1,A級,一般,1625,4,7,2026-06-18 15:55,曇り,2.0,0
022720260618,20260618,27,京王閣,2026061727,ＦＣ東京＆京王電鉄＆日刊コム杯,2,2,2,A級,一般,1625,4,7,2026-06-18 16:20,晴れ,2.0,0
032720260618,20260618,27,京王閣,2026061727,ＦＣ東京＆京王電鉄＆日刊コム杯,2,2,3,A級,準決勝,1625,4,7,2026-06-18 16:44,晴れ,2.0,0
042720260618,20260618,27,京王閣,2026061727,ＦＣ東京＆京王電鉄＆日刊コム杯,2,2,4,A級,準決勝,1625,4,7,2026-06-18 17:08,晴れ,1.5,0
052720260618,20260618,27,京王閣,2026061727,ＦＣ東京＆京王電鉄＆日刊コム杯,2,2,5,A級,準決勝,1625,4,7,2026-06-18 17:32,晴れ,2.0,0
062720260618,20260618,27,京王閣,2026061727,ＦＣ東京＆京王電鉄＆日刊コム杯,2,2,6,S級,一般,2025,5,7,2026-06-18 17:56,晴れ,1.5,0
072720260618,20260618,27,京王閣,2026061727,ＦＣ東京＆京王電鉄＆日刊コム杯,2,2,7,S級,一般,2025,5,7,2026-06-18 18:20,曇り,1.5,0
082720260618,20260618,27,京王閣,2026061727,ＦＣ東京＆京王電鉄＆日刊コム杯,2,2,8,S級,選抜,2025,5,7,2026-06-18 18:44,曇り,1.0,0
092720260618,20260618,27,京王閣,2026061727,ＦＣ東京＆京王電鉄＆日刊コム杯,2,2,9,S級,選抜,2025,5,7,2026-06-18 19:09,曇り,1.0,0
102720260618,20260618,27,京王閣,2026061727,ＦＣ東京＆京王電鉄＆日刊コム杯,2,2,10,S級,準決勝,2025,5,7,2026-06-18 19:35,曇り,0.5,0
112720260618,20260618,27,京王閣,2026061727,ＦＣ東京＆京王電鉄＆日刊コム杯,2,2,11,S級,準決勝,2025,5,7,2026-06-18 20:02,曇り,0.5,0
122720260618,20260618,27,京王閣,2026061727,ＦＣ東京＆京王電鉄＆日刊コム杯,2,2,12,S級,準決勝,2025,5,7,2026-06-18 20:30,曇り,0.5,0
017420260618,20260618,74,高知,2026061874,オッズパーク杯,1,1,1,L級,ガ予１,1500,3,7,2026-06-18 20:40,曇り,1.0,0
027420260618,20260618,74,高知,2026061874,オッズパーク杯,1,1,2,L級,ガ予１,1500,3,7,2026-06-18 21:00,曇り,1.0,0
037420260618,20260618,74,高知,2026061874,オッズパーク杯,1,1,3,A級,予選,1500,3,7,2026-06-18 21:20,曇り,1.0,0
047420260618,20260618,74,高知,2026061874,オッズパーク杯,1,1,4,A級,予選,1500,3,7,2026-06-18 21:40,曇り,1.0,0
057420260618,20260618,74,高知,2026061874,オッズパーク杯,1,1,5,A級,予選,1500,3,7,2026-06-18 22:00,曇り,1.0,0
067420260618,20260618,74,高知,2026061874,オッズパーク杯,1,1,6,A級,予選,1500,3,7,2026-06-18 22:20,曇り,1.0,0
077420260618,20260618,74,高知,2026061874,オッズパーク杯,1,1,7,A級,予選,1500,3,7,2026-06-18 22:40,曇り,1.0,0
087420260618,20260618,74,高知,2026061874,オッズパーク杯,1,1,8,A級,予選,1500,3,7,2026-06-18 23:00,曇り,1.0,0
097420260618,20260618,74,高知,2026061874,オッズパーク杯,1,1,9,A級,初特選,1500,3,7,2026-06-18 23:20,曇り,1.0,0
018120260618,20260618,81,小倉,2026061881,寒北斗酒造杯,1,1,1,A級,チ予選,1625,4,7,2026-06-18 16:11,晴れ,0.0,0
028120260618,20260618,81,小倉,2026061881,寒北斗酒造杯,1,1,2,A級,チ予選,1625,4,7,2026-06-18 16:37,晴れ,0.0,0
038120260618,20260618,81,小倉,2026061881,寒北斗酒造杯,1,1,3,A級,チ予選,1625,4,7,2026-06-18 16:59,晴れ,0.0,0
048120260618,20260618,81,小倉,2026061881,寒北斗酒造杯,1,1,4,A級,チ予選,1625,4,7,2026-06-18 17:21,晴れ,0.0,0
058120260618,20260618,81,小倉,2026061881,寒北斗酒造杯,1,1,5,A級,チ予選,1625,4,7,2026-06-18 17:44,晴れ,0.0,0
068120260618,20260618,81,小倉,2026061881,寒北斗酒造杯,1,1,6,A級,特予選,1625,4,7,2026-06-18 18:08,晴れ,0.0,0
078120260618,20260618,81,小倉,2026061881,寒北斗酒造杯,1,1,7,A級,特予選,1625,4,7,2026-06-18 18:32,晴れ,0.0,0
088120260618,20260618,81,小倉,2026061881,寒北斗酒造杯,1,1,8,A級,特予選,1625,4,7,2026-06-18 18:56,晴れ,0.0,0
098120260618,20260618,81,小倉,2026061881,寒北斗酒造杯,1,1,9,A級,特予選,1625,4,7,2026-06-18 19:21,晴れ,0.0,0
108120260618,20260618,81,小倉,2026061881,寒北斗酒造杯,1,1,10,A級,特予選,1625,4,7,2026-06-18 19:48,晴れ,0.0,0
118120260618,20260618,81,小倉,2026061881,寒北斗酒造杯,1,1,11,A級,初特選,1625,4,7,2026-06-18 20:16,晴れ,0.0,0
018720260618,20260618,87,熊本,2026061887,競輪するならみんなの競輪杯,1,1,1,L級,ガ予１,1625,4,7,2026-06-18 20:50,曇り,0.5,0
028720260618,20260618,87,熊本,2026061887,競輪するならみんなの競輪杯,1,1,2,L級,ガ予１,1625,4,7,2026-06-18 21:10,曇り,0.5,0
038720260618,20260618,87,熊本,2026061887,競輪するならみんなの競輪杯,1,1,3,A級,予選,1625,4,7,2026-06-18 21:30,曇り,0.5,0
048720260618,20260618,87,熊本,2026061887,競輪するならみんなの競輪杯,1,1,4,A級,予選,1625,4,7,2026-06-18 21:50,曇り,0.5,0
058720260618,20260618,87,熊本,2026061887,競輪するならみんなの競輪杯,1,1,5,A級,予選,1625,4,7,2026-06-18 22:10,曇り,0.5,0
068720260618,20260618,87,熊本,2026061887,競輪するならみんなの競輪杯,1,1,6,A級,予選,1625,4,7,2026-06-18 22:30,曇り,0.5,0
078720260618,20260618,87,熊本,2026061887,競輪するならみんなの競輪杯,1,1,7,A級,予選,1625,4,7,2026-06-18 22:50,曇り,0.5,0
088720260618,20260618,87,熊本,2026061887,競輪するならみんなの競輪杯,1,1,8,A級,予選,1625,4,7,2026-06-18 23:10,曇り,0.5,0
098720260618,20260618,87,熊本,2026061887,競輪するならみんなの競輪杯,1,1,9,A級,初特選,1625,4,7,2026-06-18 23:30,曇り,0.5,0
015620260619,20260619,56,岸和田,2026061656,高松宮記念杯競輪,5,4,1,S級,選抜,2025,5,9,2026-06-19 10:45,曇り,1.8,0
025620260619,20260619,56,岸和田,2026061656,高松宮記念杯競輪,5,4,2,S級,選抜,2025,5,9,2026-06-19 11:09,曇り,1.8,0
035620260619,20260619,56,岸和田,2026061656,高松宮記念杯競輪,5,4,3,S級,選抜,2025,5,9,2026-06-19 11:33,曇り,1.8,0
045620260619,20260619,56,岸和田,2026061656,高松宮記念杯競輪,5,4,4,S級,選抜,2025,5,9,2026-06-19 11:58,曇り,1.8,0
055620260619,20260619,56,岸和田,2026061656,高松宮記念杯競輪,5,4,5,S級,東二予,2025,5,9,2026-06-19 12:24,曇り,1.8,0
065620260619,20260619,56,岸和田,2026061656,高松宮記念杯競輪,5,4,6,S級,西二予,2025,5,9,2026-06-19 12:52,曇り,0.9,0
075620260619,20260619,56,岸和田,2026061656,高松宮記念杯競輪,5,4,7,S級,東二予,2025,5,9,2026-06-19 13:22,曇り,1.3,0
085620260619,20260619,56,岸和田,2026061656,高松宮記念杯競輪,5,4,8,S級,西二予,2025,5,9,2026-06-19 13:59,曇り,1.3,0
095620260619,20260619,56,岸和田,2026061656,高松宮記念杯競輪,5,4,9,S級,東二予,2025,5,9,2026-06-19 14:36,曇り,1.3,0
105620260619,20260619,56,岸和田,2026061656,高松宮記念杯競輪,5,4,10,S級,西二予,2025,5,9,2026-06-19 15:13,曇り,0.9,0
115620260619,20260619,56,岸和田,2026061656,高松宮記念杯競輪,5,4,11,S級,青龍賞,2025,5,9,2026-06-19 15:50,曇り,1.8,0
125620260619,20260619,56,岸和田,2026061656,高松宮記念杯競輪,5,4,12,S級,白虎賞,2025,5,9,2026-06-19 16:30,曇り,0.9,0
011220260619,20260619,12,青森,2026061712,ウィンチケット ニッカン・コム,1,3,1,A級,チ一般,1625,4,6,2026-06-19 08:40,晴れ,1.0,0
021220260619,20260619,12,青森,2026061712,ウィンチケット ニッカン・コム,1,3,2,A級,チ一般,1625,4,6,2026-06-19 09:00,晴れ,1.0,0
031220260619,20260619,12,青森,2026061712,ウィンチケット ニッカン・コム,1,3,3,A級,チ一般,1625,4,6,2026-06-19 09:20,晴れ,1.0,0
041220260619,20260619,12,青森,2026061712,ウィンチケット ニッカン・コム,1,3,4,A級,チ選抜,1625,4,7,2026-06-19 09:40,晴れ,1.0,0
051220260619,20260619,12,青森,2026061712,ウィンチケット ニッカン・コム,1,3,5,A級,チ選抜,1625,4,7,2026-06-19 10:00,晴れ,1.0,0
061220260619,20260619,12,青森,2026061712,ウィンチケット ニッカン・コム,1,3,6,A級,チ選抜,1625,4,7,2026-06-19 10:20,晴れ,1.0,0
071220260619,20260619,12,青森,2026061712,ウィンチケット ニッカン・コム,1,3,7,A級,チ決勝,1625,4,7,2026-06-19 10:40,晴れ,1.0,0
012720260619,20260619,27,京王閣,2026061727,ＦＣ東京＆京王電鉄＆日刊コム杯,2,3,1,A級,一般,1625,4,7,2026-06-19 15:55,曇り,2.0,0
022720260619,20260619,27,京王閣,2026061727,ＦＣ東京＆京王電鉄＆日刊コム杯,2,3,2,A級,一般,1625,4,7,2026-06-19 16:20,曇り,1.0,0
032720260619,20260619,27,京王閣,2026061727,ＦＣ東京＆京王電鉄＆日刊コム杯,2,3,3,A級,特選,1625,4,7,2026-06-19 16:44,曇り,1.0,0
042720260619,20260619,27,京王閣,2026061727,ＦＣ東京＆京王電鉄＆日刊コム杯,2,3,4,A級,特選,1625,4,7,2026-06-19 17:08,曇り,1.5,0
052720260619,20260619,27,京王閣,2026061727,ＦＣ東京＆京王電鉄＆日刊コム杯,2,3,5,S級,一般,2025,5,7,2026-06-19 17:32,曇り,1.5,0
062720260619,20260619,27,京王閣,2026061727,ＦＣ東京＆京王電鉄＆日刊コム杯,2,3,6,S級,一般,2025,5,7,2026-06-19 17:56,曇り,1.5,0
072720260619,20260619,27,京王閣,2026061727,ＦＣ東京＆京王電鉄＆日刊コム杯,2,3,7,S級,一般,2025,5,7,2026-06-19 18:20,曇り,1.0,0
082720260619,20260619,27,京王閣,2026061727,ＦＣ東京＆京王電鉄＆日刊コム杯,2,3,8,S級,特選,2025,5,7,2026-06-19 18:44,曇り,2.0,0
092720260619,20260619,27,京王閣,2026061727,ＦＣ東京＆京王電鉄＆日刊コム杯,2,3,9,S級,特選,2025,5,7,2026-06-19 19:09,曇り,2.0,0
102720260619,20260619,27,京王閣,2026061727,ＦＣ東京＆京王電鉄＆日刊コム杯,2,3,10,S級,特選,2025,5,7,2026-06-19 19:35,曇り,1.0,0
112720260619,20260619,27,京王閣,2026061727,ＦＣ東京＆京王電鉄＆日刊コム杯,2,3,11,A級,決勝,1625,4,7,2026-06-19 20:02,曇り,1.0,0
122720260619,20260619,27,京王閣,2026061727,ＦＣ東京＆京王電鉄＆日刊コム杯,2,3,12,S級,決勝,2025,5,7,2026-06-19 20:30,曇り,1.0,0
017420260619,20260619,74,高知,2026061874,オッズパーク杯,1,2,1,L級,ガ予２,1500,3,7,2026-06-19 20:40,曇り,1.0,0
027420260619,20260619,74,高知,2026061874,オッズパーク杯,1,2,2,L級,ガ予２,1500,3,7,2026-06-19 21:00,曇り,1.0,0
037420260619,20260619,74,高知,2026061874,オッズパーク杯,1,2,3,A級,一般,1500,3,7,2026-06-19 21:20,曇り,1.0,0
047420260619,20260619,74,高知,2026061874,オッズパーク杯,1,2,4,A級,一般,1500,3,7,2026-06-19 21:40,曇り,1.0,0
057420260619,20260619,74,高知,2026061874,オッズパーク杯,1,2,5,A級,選抜,1500,3,7,2026-06-19 22:00,雨,1.0,0
067420260619,20260619,74,高知,2026061874,オッズパーク杯,1,2,6,A級,選抜,1500,3,7,2026-06-19 22:20,雨,1.0,0
077420260619,20260619,74,高知,2026061874,オッズパーク杯,1,2,7,A級,準決勝,1500,3,7,2026-06-19 22:40,雨,1.0,0
087420260619,20260619,74,高知,2026061874,オッズパーク杯,1,2,8,A級,準決勝,1500,3,7,2026-06-19 23:00,雨,1.0,0
097420260619,20260619,74,高知,2026061874,オッズパーク杯,1,2,9,A級,準決勝,1500,3,7,2026-06-19 23:20,雨,1.0,0
018120260619,20260619,81,小倉,2026061881,寒北斗酒造杯,1,2,1,A級,チ一般,1625,4,6,2026-06-19 16:11,曇り,0.0,0
028120260619,20260619,81,小倉,2026061881,寒北斗酒造杯,1,2,2,A級,チ一般,1625,4,7,2026-06-19 16:37,曇り,0.0,0
038120260619,20260619,81,小倉,2026061881,寒北斗酒造杯,1,2,3,A級,チ準決,1625,4,7,2026-06-19 16:59,曇り,0.0,0
048120260619,20260619,81,小倉,2026061881,寒北斗酒造杯,1,2,4,A級,チ準決,1625,4,7,2026-06-19 17:21,雨,0.0,0
058120260619,20260619,81,小倉,2026061881,寒北斗酒造杯,1,2,5,A級,チ準決,1625,4,7,2026-06-19 17:44,雨,0.0,0
068120260619,20260619,81,小倉,2026061881,寒北斗酒造杯,1,2,6,A級,特一般,1625,4,7,2026-06-19 18:08,雨,0.0,0
078120260619,20260619,81,小倉,2026061881,寒北斗酒造杯,1,2,7,A級,特一般,1625,4,7,2026-06-19 18:32,雨,0.0,0
088120260619,20260619,81,小倉,2026061881,寒北斗酒造杯,1,2,8,A級,特一般,1625,4,7,2026-06-19 18:56,雨,0.0,0
098120260619,20260619,81,小倉,2026061881,寒北斗酒造杯,1,2,9,A級,準決勝,1625,4,7,2026-06-19 19:21,雨,0.0,0
108120260619,20260619,81,小倉,2026061881,寒北斗酒造杯,1,2,10,A級,準決勝,1625,4,7,2026-06-19 19:48,雨,0.0,0
118120260619,20260619,81,小倉,2026061881,寒北斗酒造杯,1,2,11,A級,準決勝,1625,4,7,2026-06-19 20:16,雨,0.0,0
018720260619,20260619,87,熊本,2026061887,競輪するならみんなの競輪杯,1,2,1,L級,ガ予２,1625,4,7,2026-06-19 20:50,曇り,1.0,0
028720260619,20260619,87,熊本,2026061887,競輪するならみんなの競輪杯,1,2,2,L級,ガ予２,1625,4,7,2026-06-19 21:10,雨,1.0,0
038720260619,20260619,87,熊本,2026061887,競輪するならみんなの競輪杯,1,2,3,A級,一般,1625,4,7,2026-06-19 21:30,曇り,1.0,0
048720260619,20260619,87,熊本,2026061887,競輪するならみんなの競輪杯,1,2,4,A級,一般,1625,4,7,2026-06-19 21:50,曇り,1.0,0
058720260619,20260619,87,熊本,2026061887,競輪するならみんなの競輪杯,1,2,5,A級,選抜,1625,4,7,2026-06-19 22:10,雨,1.0,0
068720260619,20260619,87,熊本,2026061887,競輪するならみんなの競輪杯,1,2,6,A級,選抜,1625,4,7,2026-06-19 22:30,曇り,1.0,0
078720260619,20260619,87,熊本,2026061887,競輪するならみんなの競輪杯,1,2,7,A級,準決勝,1625,4,7,2026-06-19 22:50,曇り,1.0,0
088720260619,20260619,87,熊本,2026061887,競輪するならみんなの競輪杯,1,2,8,A級,準決勝,1625,4,7,2026-06-19 23:10,雨,1.0,0
098720260619,20260619,87,熊本,2026061887,競輪するならみんなの競輪杯,1,2,9,A級,準決勝,1625,4,7,2026-06-19 23:30,曇り,1.0,0
013520260619,20260619,35,平塚,2026061935,オッズパーク杯,2,1,1,A級,予選,1625,4,7,2026-06-19 10:57,晴れ,0.5,0
023520260619,20260619,35,平塚,2026061935,オッズパーク杯,2,1,2,A級,予選,1625,4,7,2026-06-19 11:21,晴れ,1.0,0
033520260619,20260619,35,平塚,2026061935,オッズパーク杯,2,1,3,A級,予選,1625,4,7,2026-06-19 11:45,晴れ,1.0,0
043520260619,20260619,35,平塚,2026061935,オッズパーク杯,2,1,4,A級,予選,1625,4,7,2026-06-19 12:10,晴れ,1.0,0
053520260619,20260619,35,平塚,2026061935,オッズパーク杯,2,1,5,A級,初特選,1625,4,7,2026-06-19 12:37,晴れ,1.0,0
063520260619,20260619,35,平塚,2026061935,オッズパーク杯,2,1,6,S級,予選,2025,5,7,2026-06-19 13:06,晴れ,1.0,0
073520260619,20260619,35,平塚,2026061935,オッズパーク杯,2,1,7,S級,予選,2025,5,7,2026-06-19 13:29,晴れ,1.5,0
083520260619,20260619,35,平塚,2026061935,オッズパーク杯,2,1,8,S級,予選,2025,5,7,2026-06-19 13:52,曇り,1.5,0
093520260619,20260619,35,平塚,2026061935,オッズパーク杯,2,1,9,S級,予選,2025,5,7,2026-06-19 14:20,曇り,1.5,0
103520260619,20260619,35,平塚,2026061935,オッズパーク杯,2,1,10,S級,予選,2025,5,7,2026-06-19 14:55,曇り,1.0,0
113520260619,20260619,35,平塚,2026061935,オッズパーク杯,2,1,11,S級,予選,2025,5,7,2026-06-19 15:30,曇り,1.0,0
123520260619,20260619,35,平塚,2026061935,オッズパーク杯,2,1,12,S級,初特選,2025,5,7,2026-06-19 16:06,曇り,1.0,0
017520260619,20260619,75,松山,2026061975,ＣＭＳ杯争奪戦,1,1,1,A級,チ予選,1625,4,7,2026-06-19 08:30,曇り,0.5,0
027520260619,20260619,75,松山,2026061975,ＣＭＳ杯争奪戦,1,1,2,A級,チ予選,1625,4,7,2026-06-19 08:50,曇り,1.1,0
037520260619,20260619,75,松山,2026061975,ＣＭＳ杯争奪戦,1,1,3,A級,チ予選,1625,4,7,2026-06-19 09:10,曇り,1.0,0
047520260619,20260619,75,松山,2026061975,ＣＭＳ杯争奪戦,1,1,4,A級,チ予選,1625,4,7,2026-06-19 09:30,曇り,1.1,0
057520260619,20260619,75,松山,2026061975,ＣＭＳ杯争奪戦,1,1,5,A級,チ予選,1625,4,7,2026-06-19 09:50,晴れ,0.8,0
067520260619,20260619,75,松山,2026061975,ＣＭＳ杯争奪戦,1,1,6,A級,チ予選,1625,4,7,2026-06-19 10:10,晴れ,0.6,0
077520260619,20260619,75,松山,2026061975,ＣＭＳ杯争奪戦,1,1,7,A級,チ予選,1625,4,7,2026-06-19 10:30,晴れ,1.1,0
015620260620,20260620,56,岸和田,2026061656,高松宮記念杯競輪,5,5,1,S級,一般,2025,5,9,2026-06-20 10:45,曇り,0.9,0
025620260620,20260620,56,岸和田,2026061656,高松宮記念杯競輪,5,5,2,S級,一般,2025,5,9,2026-06-20 11:09,曇り,0.9,0
035620260620,20260620,56,岸和田,2026061656,高松宮記念杯競輪,5,5,3,S級,一般,2025,5,9,2026-06-20 11:33,曇り,0.9,0
045620260620,20260620,56,岸和田,2026061656,高松宮記念杯競輪,5,5,4,S級,選抜,2025,5,9,2026-06-20 11:58,曇り,0.9,0
055620260620,20260620,56,岸和田,2026061656,高松宮記念杯競輪,5,5,5,S級,選抜,2025,5,9,2026-06-20 12:24,曇り,1.8,0
065620260620,20260620,56,岸和田,2026061656,高松宮記念杯競輪,5,5,6,S級,特選,2025,5,9,2026-06-20 12:52,曇り,1.8,0
075620260620,20260620,56,岸和田,2026061656,高松宮記念杯競輪,5,5,7,S級,特選,2025,5,9,2026-06-20 13:22,曇り,1.3,0
085620260620,20260620,56,岸和田,2026061656,高松宮記念杯競輪,5,5,8,S級,特選,2025,5,9,2026-06-20 13:59,雨,1.8,0
095620260620,20260620,56,岸和田,2026061656,高松宮記念杯競輪,5,5,9,S級,東準決,2025,5,9,2026-06-20 14:36,雨,1.8,0
105620260620,20260620,56,岸和田,2026061656,高松宮記念杯競輪,5,5,10,S級,西準決,2025,5,9,2026-06-20 15:13,雨,0.9,0
115620260620,20260620,56,岸和田,2026061656,高松宮記念杯競輪,5,5,11,S級,東準決,2025,5,9,2026-06-20 15:50,雨,0.9,0
125620260620,20260620,56,岸和田,2026061656,高松宮記念杯競輪,5,5,12,S級,西準決,2025,5,9,2026-06-20 16:30,雨,0.9,0
017420260620,20260620,74,高知,2026061874,オッズパーク杯,1,3,1,L級,ガ一般,1500,3,7,2026-06-20 20:40,雨,1.0,0
027420260620,20260620,74,高知,2026061874,オッズパーク杯,1,3,2,A級,一般,1500,3,7,2026-06-20 21:00,雨,1.0,0
037420260620,20260620,74,高知,2026061874,オッズパーク杯,1,3,3,A級,一般,1500,3,7,2026-06-20 21:20,雨,1.0,0
047420260620,20260620,74,高知,2026061874,オッズパーク杯,1,3,4,A級,一般,1500,3,7,2026-06-20 21:40,曇り,1.0,0
057420260620,20260620,74,高知,2026061874,オッズパーク杯,1,3,5,A級,特選,1500,3,7,2026-06-20 22:00,曇り,1.0,0
067420260620,20260620,74,高知,2026061874,オッズパーク杯,1,3,6,A級,特選,1500,3,7,2026-06-20 22:20,雨,1.0,0
077420260620,20260620,74,高知,2026061874,オッズパーク杯,1,3,7,A級,特選,1500,3,7,2026-06-20 22:40,雨,1.0,0
087420260620,20260620,74,高知,2026061874,オッズパーク杯,1,3,8,L級,ガ決勝,1500,3,7,2026-06-20 23:00,曇り,1.0,0
097420260620,20260620,74,高知,2026061874,オッズパーク杯,1,3,9,A級,決勝,1500,3,7,2026-06-20 23:20,雨,1.0,0
018120260620,20260620,81,小倉,2026061881,寒北斗酒造杯,1,3,1,A級,チ一般,1625,4,6,2026-06-20 16:11,雨,0.0,0
028120260620,20260620,81,小倉,2026061881,寒北斗酒造杯,1,3,2,A級,チ一般,1625,4,6,2026-06-20 16:37,雨,0.0,0
038120260620,20260620,81,小倉,2026061881,寒北斗酒造杯,1,3,3,A級,チ選抜,1625,4,7,2026-06-20 16:59,雨,0.0,0
048120260620,20260620,81,小倉,2026061881,寒北斗酒造杯,1,3,4,A級,チ選抜,1625,4,7,2026-06-20 17:21,雨,0.0,0
058120260620,20260620,81,小倉,2026061881,寒北斗酒造杯,1,3,5,A級,特一般,1625,4,7,2026-06-20 17:44,雨,0.0,0
068120260620,20260620,81,小倉,2026061881,寒北斗酒造杯,1,3,6,A級,特一般,1625,4,7,2026-06-20 18:08,雨,0.0,0
078120260620,20260620,81,小倉,2026061881,寒北斗酒造杯,1,3,7,A級,特選,1625,4,7,2026-06-20 18:32,雨,0.0,0
088120260620,20260620,81,小倉,2026061881,寒北斗酒造杯,1,3,8,A級,特選,1625,4,7,2026-06-20 18:56,雨,0.0,0
098120260620,20260620,81,小倉,2026061881,寒北斗酒造杯,1,3,9,A級,特選,1625,4,7,2026-06-20 19:21,雨,0.0,0
108120260620,20260620,81,小倉,2026061881,寒北斗酒造杯,1,3,10,A級,チ決勝,1625,4,7,2026-06-20 19:48,雨,0.0,0
118120260620,20260620,81,小倉,2026061881,寒北斗酒造杯,1,3,11,A級,決勝,1625,4,7,2026-06-20 20:16,雨,0.0,0
018720260620,20260620,87,熊本,2026061887,競輪するならみんなの競輪杯,1,3,1,L級,ガ一般,1625,4,7,2026-06-20 20:50,雨,0.5,0
028720260620,20260620,87,熊本,2026061887,競輪するならみんなの競輪杯,1,3,2,A級,一般,1625,4,7,2026-06-20 21:10,雨,0.5,0
038720260620,20260620,87,熊本,2026061887,競輪するならみんなの競輪杯,1,3,3,A級,一般,1625,4,7,2026-06-20 21:30,雨,1.0,0
048720260620,20260620,87,熊本,2026061887,競輪するならみんなの競輪杯,1,3,4,A級,一般,1625,4,7,2026-06-20 21:50,雨,1.0,0
058720260620,20260620,87,熊本,2026061887,競輪するならみんなの競輪杯,1,3,5,A級,特選,1625,4,7,2026-06-20 22:10,雨,1.0,0
068720260620,20260620,87,熊本,2026061887,競輪するならみんなの競輪杯,1,3,6,A級,特選,1625,4,7,2026-06-20 22:30,雨,1.0,0
078720260620,20260620,87,熊本,2026061887,競輪するならみんなの競輪杯,1,3,7,A級,特選,1625,4,7,2026-06-20 22:50,雨,1.0,0
088720260620,20260620,87,熊本,2026061887,競輪するならみんなの競輪杯,1,3,8,L級,ガ決勝,1625,4,7,2026-06-20 23:10,雨,1.0,0
098720260620,20260620,87,熊本,2026061887,競輪するならみんなの競輪杯,1,3,9,A級,決勝,1625,4,7,2026-06-20 23:30,雨,1.0,0
013520260620,20260620,35,平塚,2026061935,オッズパーク杯,2,2,1,A級,一般,1625,4,7,2026-06-20 10:57,雨,1.0,0
023520260620,20260620,35,平塚,2026061935,オッズパーク杯,2,2,2,A級,一般,1625,4,7,2026-06-20 11:21,曇り,0.5,0
033520260620,20260620,35,平塚,2026061935,オッズパーク杯,2,2,3,A級,準決勝,1625,4,7,2026-06-20 11:45,雨,0.5,0
043520260620,20260620,35,平塚,2026061935,オッズパーク杯,2,2,4,A級,準決勝,1625,4,7,2026-06-20 12:10,雨,0.5,0
053520260620,20260620,35,平塚,2026061935,オッズパーク杯,2,2,5,A級,準決勝,1625,4,7,2026-06-20 12:37,雨,0.5,0
063520260620,20260620,35,平塚,2026061935,オッズパーク杯,2,2,6,S級,一般,2025,5,7,2026-06-20 13:06,雨,0.5,0
073520260620,20260620,35,平塚,2026061935,オッズパーク杯,2,2,7,S級,一般,2025,5,7,2026-06-20 13:29,雨,0.5,0
083520260620,20260620,35,平塚,2026061935,オッズパーク杯,2,2,8,S級,選抜,2025,5,7,2026-06-20 13:52,雨,0.5,0
093520260620,20260620,35,平塚,2026061935,オッズパーク杯,2,2,9,S級,選抜,2025,5,7,2026-06-20 14:20,雨,0.5,0
103520260620,20260620,35,平塚,2026061935,オッズパーク杯,2,2,10,S級,準決勝,2025,5,7,2026-06-20 14:55,雨,0.5,0
113520260620,20260620,35,平塚,2026061935,オッズパーク杯,2,2,11,S級,準決勝,2025,5,7,2026-06-20 15:30,雨,0.5,0
123520260620,20260620,35,平塚,2026061935,オッズパーク杯,2,2,12,S級,準決勝,2025,5,7,2026-06-20 16:06,雨,0.5,0
017520260620,20260620,75,松山,2026061975,ＣＭＳ杯争奪戦,1,2,1,A級,チ一般,1625,4,6,2026-06-20 08:30,曇り,0.3,0
027520260620,20260620,75,松山,2026061975,ＣＭＳ杯争奪戦,1,2,2,A級,チ一般,1625,4,6,2026-06-20 08:50,曇り,0.3,0
037520260620,20260620,75,松山,2026061975,ＣＭＳ杯争奪戦,1,2,3,A級,チ選抜,1625,4,7,2026-06-20 09:11,曇り,0.4,0
047520260620,20260620,75,松山,2026061975,ＣＭＳ杯争奪戦,1,2,4,A級,チ選抜,1625,4,7,2026-06-20 09:32,曇り,2.0,0
057520260620,20260620,75,松山,2026061975,ＣＭＳ杯争奪戦,1,2,5,A級,チ準決,1625,4,7,2026-06-20 09:53,晴れ,1.8,0
067520260620,20260620,75,松山,2026061975,ＣＭＳ杯争奪戦,1,2,6,A級,チ準決,1625,4,7,2026-06-20 10:14,晴れ,2.2,0
077520260620,20260620,75,松山,2026061975,ＣＭＳ杯争奪戦,1,2,7,A級,チ準決,1625,4,7,2026-06-20 10:35,晴れ,2.8,0
011120260620,20260620,11,函館,2026062011,サンスポＺＢＡＴ！杯＆Ｓ石狩Ｃ,2,1,1,A級,予選,1625,4,7,2026-06-20 15:55,曇り,2.0,0
021120260620,20260620,11,函館,2026062011,サンスポＺＢＡＴ！杯＆Ｓ石狩Ｃ,2,1,2,A級,予選,1625,4,7,2026-06-20 16:20,曇り,2.0,0
031120260620,20260620,11,函館,2026062011,サンスポＺＢＡＴ！杯＆Ｓ石狩Ｃ,2,1,3,A級,予選,1625,4,7,2026-06-20 16:44,曇り,2.0,0
041120260620,20260620,11,函館,2026062011,サンスポＺＢＡＴ！杯＆Ｓ石狩Ｃ,2,1,4,A級,予選,1625,4,7,2026-06-20 17:08,曇り,2.0,0
051120260620,20260620,11,函館,2026062011,サンスポＺＢＡＴ！杯＆Ｓ石狩Ｃ,2,1,5,A級,初特選,1625,4,7,2026-06-20 17:32,曇り,3.0,0
061120260620,20260620,11,函館,2026062011,サンスポＺＢＡＴ！杯＆Ｓ石狩Ｃ,2,1,6,S級,予選,2025,5,7,2026-06-20 17:56,曇り,3.0,0
071120260620,20260620,11,函館,2026062011,サンスポＺＢＡＴ！杯＆Ｓ石狩Ｃ,2,1,7,S級,予選,2025,5,7,2026-06-20 18:20,曇り,2.0,0
081120260620,20260620,11,函館,2026062011,サンスポＺＢＡＴ！杯＆Ｓ石狩Ｃ,2,1,8,S級,予選,2025,5,7,2026-06-20 18:44,曇り,2.0,0
091120260620,20260620,11,函館,2026062011,サンスポＺＢＡＴ！杯＆Ｓ石狩Ｃ,2,1,9,S級,予選,2025,5,7,2026-06-20 19:09,曇り,3.0,0
101120260620,20260620,11,函館,2026062011,サンスポＺＢＡＴ！杯＆Ｓ石狩Ｃ,2,1,10,S級,予選,2025,5,7,2026-06-20 19:35,曇り,3.0,0
111120260620,20260620,11,函館,2026062011,サンスポＺＢＡＴ！杯＆Ｓ石狩Ｃ,2,1,11,S級,予選,2025,5,7,2026-06-20 20:02,曇り,3.0,0
121120260620,20260620,11,函館,2026062011,サンスポＺＢＡＴ！杯＆Ｓ石狩Ｃ,2,1,12,S級,初特選,2025,5,7,2026-06-20 20:30,曇り,3.0,0
015620260621,20260621,56,岸和田,2026061656,高松宮記念杯競輪,5,6,1,S級,一般,2025,5,9,2026-06-21 10:45,晴れ,2.2,0
025620260621,20260621,56,岸和田,2026061656,高松宮記念杯競輪,5,6,2,S級,一般,2025,5,9,2026-06-21 11:09,晴れ,2.2,0
035620260621,20260621,56,岸和田,2026061656,高松宮記念杯競輪,5,6,3,S級,一般,2025,5,9,2026-06-21 11:33,晴れ,2.7,0
045620260621,20260621,56,岸和田,2026061656,高松宮記念杯競輪,5,6,4,S級,選抜,2025,5,9,2026-06-21 11:58,晴れ,2.2,0
055620260621,20260621,56,岸和田,2026061656,高松宮記念杯競輪,5,6,5,S級,選抜,2025,5,9,2026-06-21 12:24,晴れ,1.8,0
065620260621,20260621,56,岸和田,2026061656,高松宮記念杯競輪,5,6,6,S級,特選,2025,5,9,2026-06-21 12:52,曇り,2.2,0
075620260621,20260621,56,岸和田,2026061656,高松宮記念杯競輪,5,6,7,S級,特選,2025,5,9,2026-06-21 13:22,曇り,2.2,0
085620260621,20260621,56,岸和田,2026061656,高松宮記念杯競輪,5,6,8,S級,特選,2025,5,9,2026-06-21 13:59,晴れ,3.6,0
095620260621,20260621,56,岸和田,2026061656,高松宮記念杯競輪,5,6,9,S級,特秀,2025,5,9,2026-06-21 14:36,晴れ,3.6,0
105620260621,20260621,56,岸和田,2026061656,高松宮記念杯競輪,5,6,10,S級,特秀,2025,5,9,2026-06-21 15:13,曇り,2.7,0
115620260621,20260621,56,岸和田,2026061656,高松宮記念杯競輪,5,6,11,S級,特秀,2025,5,9,2026-06-21 15:50,晴れ,2.2,0
125620260621,20260621,56,岸和田,2026061656,高松宮記念杯競輪,5,6,12,S級,決勝,2425,6,9,2026-06-21 16:30,晴れ,2.2,0
013520260621,20260621,35,平塚,2026061935,オッズパーク杯,2,3,1,A級,一般,1625,4,7,2026-06-21 10:57,曇り,0.5,0
023520260621,20260621,35,平塚,2026061935,オッズパーク杯,2,3,2,A級,一般,1625,4,7,2026-06-21 11:21,曇り,0.5,0
033520260621,20260621,35,平塚,2026061935,オッズパーク杯,2,3,3,A級,特選,1625,4,7,2026-06-21 11:45,曇り,1.0,0
043520260621,20260621,35,平塚,2026061935,オッズパーク杯,2,3,4,A級,特選,1625,4,7,2026-06-21 12:10,曇り,1.0,0
053520260621,20260621,35,平塚,2026061935,オッズパーク杯,2,3,5,S級,一般,2025,5,7,2026-06-21 12:37,晴れ,1.5,0
063520260621,20260621,35,平塚,2026061935,オッズパーク杯,2,3,6,S級,一般,2025,5,7,2026-06-21 13:06,晴れ,1.5,0
073520260621,20260621,35,平塚,2026061935,オッズパーク杯,2,3,7,S級,一般,2025,5,7,2026-06-21 13:29,晴れ,1.0,0
083520260621,20260621,35,平塚,2026061935,オッズパーク杯,2,3,8,S級,特選,2025,5,7,2026-06-21 13:52,晴れ,1.0,0
093520260621,20260621,35,平塚,2026061935,オッズパーク杯,2,3,9,S級,特選,2025,5,7,2026-06-21 14:20,晴れ,0.5,0
103520260621,20260621,35,平塚,2026061935,オッズパーク杯,2,3,10,S級,特選,2025,5,7,2026-06-21 14:55,晴れ,1.0,0
113520260621,20260621,35,平塚,2026061935,オッズパーク杯,2,3,11,A級,決勝,1625,4,7,2026-06-21 15:30,晴れ,1.0,0
123520260621,20260621,35,平塚,2026061935,オッズパーク杯,2,3,12,S級,決勝,2025,5,7,2026-06-21 16:06,晴れ,0.5,0
017520260621,20260621,75,松山,2026061975,ＣＭＳ杯争奪戦,1,3,1,A級,チ一般,1625,4,7,2026-06-21 08:30,晴れ,1.6,0
027520260621,20260621,75,松山,2026061975,ＣＭＳ杯争奪戦,1,3,2,A級,チ一般,1625,4,7,2026-06-21 08:50,晴れ,2.5,0
037520260621,20260621,75,松山,2026061975,ＣＭＳ杯争奪戦,1,3,3,A級,チ一般,1625,4,7,2026-06-21 09:11,晴れ,2.2,0
047520260621,20260621,75,松山,2026061975,ＣＭＳ杯争奪戦,1,3,4,A級,チ選抜,1625,4,7,2026-06-21 09:32,晴れ,2.4,0
057520260621,20260621,75,松山,2026061975,ＣＭＳ杯争奪戦,1,3,5,A級,チ選抜,1625,4,7,2026-06-21 09:53,晴れ,2.6,0
067520260621,20260621,75,松山,2026061975,ＣＭＳ杯争奪戦,1,3,6,A級,チ選抜,1625,4,7,2026-06-21 10:14,晴れ,1.8,0
077520260621,20260621,75,松山,2026061975,ＣＭＳ杯争奪戦,1,3,7,A級,チ決勝,1625,4,7,2026-06-21 10:35,晴れ,2.4,0
011120260621,20260621,11,函館,2026062011,サンスポＺＢＡＴ！杯＆Ｓ石狩Ｃ,2,2,1,A級,一般,1625,4,7,2026-06-21 15:55,雨,3.0,0
021120260621,20260621,11,函館,2026062011,サンスポＺＢＡＴ！杯＆Ｓ石狩Ｃ,2,2,2,A級,一般,1625,4,7,2026-06-21 16:20,雨,3.0,0
031120260621,20260621,11,函館,2026062011,サンスポＺＢＡＴ！杯＆Ｓ石狩Ｃ,2,2,3,A級,準決勝,1625,4,7,2026-06-21 16:44,雨,2.0,0
041120260621,20260621,11,函館,2026062011,サンスポＺＢＡＴ！杯＆Ｓ石狩Ｃ,2,2,4,A級,準決勝,1625,4,7,2026-06-21 17:08,雨,2.0,0
051120260621,20260621,11,函館,2026062011,サンスポＺＢＡＴ！杯＆Ｓ石狩Ｃ,2,2,5,A級,準決勝,1625,4,7,2026-06-21 17:32,雨,2.0,0
061120260621,20260621,11,函館,2026062011,サンスポＺＢＡＴ！杯＆Ｓ石狩Ｃ,2,2,6,S級,一般,2025,5,7,2026-06-21 17:56,雨,2.0,0
071120260621,20260621,11,函館,2026062011,サンスポＺＢＡＴ！杯＆Ｓ石狩Ｃ,2,2,7,S級,一般,2025,5,7,2026-06-21 18:20,雨,2.0,0
081120260621,20260621,11,函館,2026062011,サンスポＺＢＡＴ！杯＆Ｓ石狩Ｃ,2,2,8,S級,選抜,2025,5,7,2026-06-21 18:44,雨,2.0,0
091120260621,20260621,11,函館,2026062011,サンスポＺＢＡＴ！杯＆Ｓ石狩Ｃ,2,2,9,S級,選抜,2025,5,7,2026-06-21 19:09,雨,2.0,0
101120260621,20260621,11,函館,2026062011,サンスポＺＢＡＴ！杯＆Ｓ石狩Ｃ,2,2,10,S級,準決勝,2025,5,7,2026-06-21 19:35,雨,2.0,0
111120260621,20260621,11,函館,2026062011,サンスポＺＢＡＴ！杯＆Ｓ石狩Ｃ,2,2,11,S級,準決勝,2025,5,7,2026-06-21 20:02,雨,2.0,0
121120260621,20260621,11,函館,2026062011,サンスポＺＢＡＴ！杯＆Ｓ石狩Ｃ,2,2,12,S級,準決勝,2025,5,7,2026-06-21 20:30,雨,2.0,0
012420260621,20260621,24,宇都宮,2026062124,前検日コメならウィンチケット杯,1,1,1,L級,ガ予１,1525,3,7,2026-06-21 20:40,曇り,2.0,0
022420260621,20260621,24,宇都宮,2026062124,前検日コメならウィンチケット杯,1,1,2,L級,ガ予１,1525,3,7,2026-06-21 21:00,曇り,2.0,0
032420260621,20260621,24,宇都宮,2026062124,前検日コメならウィンチケット杯,1,1,3,A級,予選,1525,3,7,2026-06-21 21:20,曇り,1.0,0
042420260621,20260621,24,宇都宮,2026062124,前検日コメならウィンチケット杯,1,1,4,A級,予選,1525,3,7,2026-06-21 21:40,曇り,1.0,0
052420260621,20260621,24,宇都宮,2026062124,前検日コメならウィンチケット杯,1,1,5,A級,予選,1525,3,7,2026-06-21 22:00,雨,1.0,0
062420260621,20260621,24,宇都宮,2026062124,前検日コメならウィンチケット杯,1,1,6,A級,予選,1525,3,7,2026-06-21 22:20,雨,1.0,0
072420260621,20260621,24,宇都宮,2026062124,前検日コメならウィンチケット杯,1,1,7,A級,予選,1525,3,7,2026-06-21 22:40,雨,1.0,0
082420260621,20260621,24,宇都宮,2026062124,前検日コメならウィンチケット杯,1,1,8,A級,予選,1525,3,7,2026-06-21 23:00,雨,1.0,0
092420260621,20260621,24,宇都宮,2026062124,前検日コメならウィンチケット杯,1,1,9,A級,初特選,1525,3,7,2026-06-21 23:20,雨,1.0,0
018420260621,20260621,84,武雄,2026062184,オッズパーク杯,1,1,1,L級,ガ予１,1625,4,7,2026-06-21 20:50,晴れ,0.5,0
028420260621,20260621,84,武雄,2026062184,オッズパーク杯,1,1,2,L級,ガ予１,1625,4,7,2026-06-21 21:10,晴れ,0.5,0
038420260621,20260621,84,武雄,2026062184,オッズパーク杯,1,1,3,A級,予選,1625,4,7,2026-06-21 21:30,晴れ,0.5,0
048420260621,20260621,84,武雄,2026062184,オッズパーク杯,1,1,4,A級,予選,1625,4,7,2026-06-21 21:50,晴れ,1.0,0
058420260621,20260621,84,武雄,2026062184,オッズパーク杯,1,1,5,A級,予選,1625,4,7,2026-06-21 22:10,晴れ,1.0,0
068420260621,20260621,84,武雄,2026062184,オッズパーク杯,1,1,6,A級,予選,1625,4,7,2026-06-21 22:30,晴れ,0.5,0
078420260621,20260621,84,武雄,2026062184,オッズパーク杯,1,1,7,A級,予選,1625,4,7,2026-06-21 22:50,晴れ,0.5,0
088420260621,20260621,84,武雄,2026062184,オッズパーク杯,1,1,8,A級,予選,1625,4,7,2026-06-21 23:10,晴れ,1.0,0
098420260621,20260621,84,武雄,2026062184,オッズパーク杯,1,1,9,A級,初特選,1625,4,7,2026-06-21 23:30,晴れ,0.5,0
011120260622,20260622,11,函館,2026062011,サンスポＺＢＡＴ！杯＆Ｓ石狩Ｃ,2,3,1,A級,一般,1625,4,7,2026-06-22 15:59,雨,2.0,0
021120260622,20260622,11,函館,2026062011,サンスポＺＢＡＴ！杯＆Ｓ石狩Ｃ,2,3,2,A級,一般,1625,4,7,2026-06-22 16:21,雨,1.0,0
031120260622,20260622,11,函館,2026062011,サンスポＺＢＡＴ！杯＆Ｓ石狩Ｃ,2,3,3,A級,特選,1625,4,7,2026-06-22 16:43,雨,1.0,0
041120260622,20260622,11,函館,2026062011,サンスポＺＢＡＴ！杯＆Ｓ石狩Ｃ,2,3,4,A級,特選,1625,4,7,2026-06-22 17:07,雨,1.0,0
051120260622,20260622,11,函館,2026062011,サンスポＺＢＡＴ！杯＆Ｓ石狩Ｃ,2,3,5,S級,一般,2025,5,7,2026-06-22 17:31,雨,1.0,0
061120260622,20260622,11,函館,2026062011,サンスポＺＢＡＴ！杯＆Ｓ石狩Ｃ,2,3,6,S級,一般,2025,5,7,2026-06-22 17:55,雨,1.0,0
071120260622,20260622,11,函館,2026062011,サンスポＺＢＡＴ！杯＆Ｓ石狩Ｃ,2,3,7,S級,一般,2025,5,7,2026-06-22 18:19,雨,1.0,0
081120260622,20260622,11,函館,2026062011,サンスポＺＢＡＴ！杯＆Ｓ石狩Ｃ,2,3,8,S級,特選,2025,5,7,2026-06-22 18:43,雨,1.0,0
091120260622,20260622,11,函館,2026062011,サンスポＺＢＡＴ！杯＆Ｓ石狩Ｃ,2,3,9,S級,特選,2025,5,7,2026-06-22 19:09,雨,1.0,0
101120260622,20260622,11,函館,2026062011,サンスポＺＢＡＴ！杯＆Ｓ石狩Ｃ,2,3,10,S級,特選,2025,5,7,2026-06-22 19:35,雨,1.0,0
111120260622,20260622,11,函館,2026062011,サンスポＺＢＡＴ！杯＆Ｓ石狩Ｃ,2,3,11,A級,決勝,1625,4,7,2026-06-22 20:01,雨,1.0,0
121120260622,20260622,11,函館,2026062011,サンスポＺＢＡＴ！杯＆Ｓ石狩Ｃ,2,3,12,S級,決勝,2025,5,7,2026-06-22 20:30,雨,1.0,0
012420260622,20260622,24,宇都宮,2026062124,前検日コメならウィンチケット杯,1,2,1,L級,ガ予２,1525,3,7,2026-06-22 20:40,曇り,1.0,0
022420260622,20260622,24,宇都宮,2026062124,前検日コメならウィンチケット杯,1,2,2,L級,ガ予２,1525,3,7,2026-06-22 21:00,曇り,1.0,0
032420260622,20260622,24,宇都宮,2026062124,前検日コメならウィンチケット杯,1,2,3,A級,一般,1525,3,7,2026-06-22 21:20,曇り,1.0,0
042420260622,20260622,24,宇都宮,2026062124,前検日コメならウィンチケット杯,1,2,4,A級,一般,1525,3,7,2026-06-22 21:40,曇り,1.0,0
052420260622,20260622,24,宇都宮,2026062124,前検日コメならウィンチケット杯,1,2,5,A級,選抜,1525,3,7,2026-06-22 22:00,曇り,1.0,0
062420260622,20260622,24,宇都宮,2026062124,前検日コメならウィンチケット杯,1,2,6,A級,選抜,1525,3,7,2026-06-22 22:20,曇り,1.0,0
072420260622,20260622,24,宇都宮,2026062124,前検日コメならウィンチケット杯,1,2,7,A級,準決勝,1525,3,7,2026-06-22 22:40,曇り,1.0,0
082420260622,20260622,24,宇都宮,2026062124,前検日コメならウィンチケット杯,1,2,8,A級,準決勝,1525,3,7,2026-06-22 23:00,曇り,1.0,0
092420260622,20260622,24,宇都宮,2026062124,前検日コメならウィンチケット杯,1,2,9,A級,準決勝,1525,3,7,2026-06-22 23:20,曇り,1.0,0
018420260622,20260622,84,武雄,2026062184,オッズパーク杯,1,2,1,L級,ガ予２,1625,4,7,2026-06-22 20:50,雨,0.5,0
028420260622,20260622,84,武雄,2026062184,オッズパーク杯,1,2,2,L級,ガ予２,1625,4,7,2026-06-22 21:10,雨,0.5,0
038420260622,20260622,84,武雄,2026062184,オッズパーク杯,1,2,3,A級,一般,1625,4,7,2026-06-22 21:30,雨,0.5,0
048420260622,20260622,84,武雄,2026062184,オッズパーク杯,1,2,4,A級,一般,1625,4,7,2026-06-22 21:50,雨,0.5,0
058420260622,20260622,84,武雄,2026062184,オッズパーク杯,1,2,5,A級,選抜,1625,4,7,2026-06-22 22:10,雨,1.0,0
068420260622,20260622,84,武雄,2026062184,オッズパーク杯,1,2,6,A級,選抜,1625,4,7,2026-06-22 22:30,雨,1.0,0
078420260622,20260622,84,武雄,2026062184,オッズパーク杯,1,2,7,A級,準決勝,1625,4,7,2026-06-22 22:50,雨,0.5,0
088420260622,20260622,84,武雄,2026062184,オッズパーク杯,1,2,8,A級,準決勝,1625,4,7,2026-06-22 23:10,雨,0.5,0
098420260622,20260622,84,武雄,2026062184,オッズパーク杯,1,2,9,A級,準決勝,1625,4,7,2026-06-22 23:30,雨,0.5,0
012120260622,20260622,21,弥彦,2026062221,ワイズスクウェア賞,1,1,1,A級,チ予選,1625,4,7,2026-06-22 10:58,曇り,2.2,0
022120260622,20260622,21,弥彦,2026062221,ワイズスクウェア賞,1,1,2,A級,チ予選,1625,4,7,2026-06-22 11:26,曇り,2.5,0
032120260622,20260622,21,弥彦,2026062221,ワイズスクウェア賞,1,1,3,A級,チ予選,1625,4,7,2026-06-22 11:54,曇り,3.6,0
042120260622,20260622,21,弥彦,2026062221,ワイズスクウェア賞,1,1,4,A級,チ予選,1625,4,7,2026-06-22 12:22,曇り,3.5,0
052120260622,20260622,21,弥彦,2026062221,ワイズスクウェア賞,1,1,5,L級,ガ予１,1625,4,7,2026-06-22 12:52,曇り,2.2,0
062120260622,20260622,21,弥彦,2026062221,ワイズスクウェア賞,1,1,6,L級,ガ予１,1625,4,7,2026-06-22 13:22,曇り,2.2,0
072120260622,20260622,21,弥彦,2026062221,ワイズスクウェア賞,1,1,7,A級,特予選,1625,4,7,2026-06-22 13:52,曇り,2.2,0
082120260622,20260622,21,弥彦,2026062221,ワイズスクウェア賞,1,1,8,A級,特予選,1625,4,7,2026-06-22 14:22,曇り,2.7,0
092120260622,20260622,21,弥彦,2026062221,ワイズスクウェア賞,1,1,9,A級,特予選,1625,4,7,2026-06-22 14:52,曇り,1.8,0
102120260622,20260622,21,弥彦,2026062221,ワイズスクウェア賞,1,1,10,A級,特予選,1625,4,7,2026-06-22 15:22,曇り,1.3,0
112120260622,20260622,21,弥彦,2026062221,ワイズスクウェア賞,1,1,11,A級,初特選,1625,4,7,2026-06-22 15:52,曇り,2.2,0
013620260622,20260622,36,小田原,2026062236,サンケイスポーツ杯争奪戦,2,1,1,A級,予選,1692,5,7,2026-06-22 10:45,曇り,1.0,0
023620260622,20260622,36,小田原,2026062236,サンケイスポーツ杯争奪戦,2,1,2,A級,予選,1692,5,7,2026-06-22 11:12,曇り,0.5,0
033620260622,20260622,36,小田原,2026062236,サンケイスポーツ杯争奪戦,2,1,3,A級,予選,1692,5,7,2026-06-22 11:40,晴れ,1.0,0
043620260622,20260622,36,小田原,2026062236,サンケイスポーツ杯争奪戦,2,1,4,A級,予選,1692,5,7,2026-06-22 12:08,晴れ,1.5,0
053620260622,20260622,36,小田原,2026062236,サンケイスポーツ杯争奪戦,2,1,5,A級,初特選,1692,5,7,2026-06-22 12:37,曇り,1.5,0
063620260622,20260622,36,小田原,2026062236,サンケイスポーツ杯争奪戦,2,1,6,S級,予選,2025,6,7,2026-06-22 13:07,曇り,1.5,0
073620260622,20260622,36,小田原,2026062236,サンケイスポーツ杯争奪戦,2,1,7,S級,予選,2025,6,7,2026-06-22 13:37,曇り,2.0,0
083620260622,20260622,36,小田原,2026062236,サンケイスポーツ杯争奪戦,2,1,8,S級,予選,2025,6,7,2026-06-22 14:07,曇り,1.5,0
093620260622,20260622,36,小田原,2026062236,サンケイスポーツ杯争奪戦,2,1,9,S級,予選,2025,6,7,2026-06-22 14:37,曇り,1.0,0
103620260622,20260622,36,小田原,2026062236,サンケイスポーツ杯争奪戦,2,1,10,S級,予選,2025,6,7,2026-06-22 15:07,曇り,0.5,0
113620260622,20260622,36,小田原,2026062236,サンケイスポーツ杯争奪戦,2,1,11,S級,予選,2025,6,7,2026-06-22 15:38,曇り,0.5,0
123620260622,20260622,36,小田原,2026062236,サンケイスポーツ杯争奪戦,2,1,12,S級,初特選,2025,6,7,2026-06-22 16:14,曇り,1.0,0
014320260622,20260622,43,岐阜,2026062243,ウィンチケット杯,1,1,1,A級,予選,1625,4,7,2026-06-22 08:30,晴れ,1.5,0
024320260622,20260622,43,岐阜,2026062243,ウィンチケット杯,1,1,2,A級,予選,1625,4,7,2026-06-22 08:50,晴れ,1.5,0
034320260622,20260622,43,岐阜,2026062243,ウィンチケット杯,1,1,3,A級,予選,1625,4,7,2026-06-22 09:11,晴れ,1.8,0
044320260622,20260622,43,岐阜,2026062243,ウィンチケット杯,1,1,4,A級,予選,1625,4,7,2026-06-22 09:32,晴れ,2.0,0
054320260622,20260622,43,岐阜,2026062243,ウィンチケット杯,1,1,5,A級,予選,1625,4,7,2026-06-22 09:53,曇り,2.0,0
064320260622,20260622,43,岐阜,2026062243,ウィンチケット杯,1,1,6,A級,予選,1625,4,7,2026-06-22 10:14,曇り,2.0,0
074320260622,20260622,43,岐阜,2026062243,ウィンチケット杯,1,1,7,A級,初特選,1625,4,7,2026-06-22 10:35,曇り,2.0,0
018320260622,20260622,83,久留米,2026062283,楽天Ｋドリームス杯×ＨＰＣＪＣ,2,1,1,A級,予選,1625,4,7,2026-06-22 15:45,雨,1.0,0
028320260622,20260622,83,久留米,2026062283,楽天Ｋドリームス杯×ＨＰＣＪＣ,2,1,2,A級,予選,1625,4,7,2026-06-22 16:07,雨,0.5,0
038320260622,20260622,83,久留米,2026062283,楽天Ｋドリームス杯×ＨＰＣＪＣ,2,1,3,A級,予選,1625,4,7,2026-06-22 16:31,雨,1.0,0
048320260622,20260622,83,久留米,2026062283,楽天Ｋドリームス杯×ＨＰＣＪＣ,2,1,4,A級,予選,1625,4,7,2026-06-22 16:55,雨,0.5,0
058320260622,20260622,83,久留米,2026062283,楽天Ｋドリームス杯×ＨＰＣＪＣ,2,1,5,A級,初特選,1625,4,7,2026-06-22 17:19,雨,1.0,0
068320260622,20260622,83,久留米,2026062283,楽天Ｋドリームス杯×ＨＰＣＪＣ,2,1,6,S級,予選,2025,5,7,2026-06-22 17:43,雨,1.0,0
078320260622,20260622,83,久留米,2026062283,楽天Ｋドリームス杯×ＨＰＣＪＣ,2,1,7,S級,予選,2025,5,7,2026-06-22 18:07,雨,1.0,0
088320260622,20260622,83,久留米,2026062283,楽天Ｋドリームス杯×ＨＰＣＪＣ,2,1,8,S級,予選,2025,5,7,2026-06-22 18:31,雨,1.0,0
098320260622,20260622,83,久留米,2026062283,楽天Ｋドリームス杯×ＨＰＣＪＣ,2,1,9,S級,予選,2025,5,7,2026-06-22 18:56,雨,0.5,0
108320260622,20260622,83,久留米,2026062283,楽天Ｋドリームス杯×ＨＰＣＪＣ,2,1,10,S級,予選,2025,5,7,2026-06-22 19:22,雨,0.5,0
118320260622,20260622,83,久留米,2026062283,楽天Ｋドリームス杯×ＨＰＣＪＣ,2,1,11,S級,予選,2025,5,7,2026-06-22 19:48,雨,0.0,0
128320260622,20260622,83,久留米,2026062283,楽天Ｋドリームス杯×ＨＰＣＪＣ,2,1,12,S級,初特選,2025,5,7,2026-06-22 20:15,雨,0.0,0
012420260623,20260623,24,宇都宮,2026062124,前検日コメならウィンチケット杯,1,3,1,L級,ガ一般,1525,3,7,2026-06-23 20:40,曇り,1.0,0
022420260623,20260623,24,宇都宮,2026062124,前検日コメならウィンチケット杯,1,3,2,A級,一般,1525,3,7,2026-06-23 21:00,曇り,1.0,0
032420260623,20260623,24,宇都宮,2026062124,前検日コメならウィンチケット杯,1,3,3,A級,一般,1525,3,7,2026-06-23 21:20,曇り,1.0,0
042420260623,20260623,24,宇都宮,2026062124,前検日コメならウィンチケット杯,1,3,4,A級,一般,1525,3,7,2026-06-23 21:40,曇り,1.0,0
052420260623,20260623,24,宇都宮,2026062124,前検日コメならウィンチケット杯,1,3,5,A級,特選,1525,3,7,2026-06-23 22:00,曇り,1.0,0
062420260623,20260623,24,宇都宮,2026062124,前検日コメならウィンチケット杯,1,3,6,A級,特選,1525,3,7,2026-06-23 22:20,曇り,1.0,0
072420260623,20260623,24,宇都宮,2026062124,前検日コメならウィンチケット杯,1,3,7,A級,特選,1525,3,7,2026-06-23 22:40,曇り,1.0,0
082420260623,20260623,24,宇都宮,2026062124,前検日コメならウィンチケット杯,1,3,8,L級,ガ決勝,1525,3,7,2026-06-23 23:00,曇り,1.0,0
092420260623,20260623,24,宇都宮,2026062124,前検日コメならウィンチケット杯,1,3,9,A級,決勝,1525,3,7,2026-06-23 23:20,曇り,1.0,0
018420260623,20260623,84,武雄,2026062184,オッズパーク杯,1,3,1,L級,ガ一般,1625,4,7,2026-06-23 20:50,雨,0.5,0
028420260623,20260623,84,武雄,2026062184,オッズパーク杯,1,3,2,A級,一般,1625,4,7,2026-06-23 21:10,雨,1.0,0
038420260623,20260623,84,武雄,2026062184,オッズパーク杯,1,3,3,A級,一般,1625,4,7,2026-06-23 21:30,雨,1.5,0
048420260623,20260623,84,武雄,2026062184,オッズパーク杯,1,3,4,A級,一般,1625,4,7,2026-06-23 21:50,雨,1.0,0
058420260623,20260623,84,武雄,2026062184,オッズパーク杯,1,3,5,A級,特選,1625,4,7,2026-06-23 22:10,,0.0,1
068420260623,20260623,84,武雄,2026062184,オッズパーク杯,1,3,6,A級,特選,1625,4,7,2026-06-23 22:30,雨,1.5,0
078420260623,20260623,84,武雄,2026062184,オッズパーク杯,1,3,7,A級,特選,1625,4,7,2026-06-23 22:50,雨,1.5,0
088420260623,20260623,84,武雄,2026062184,オッズパーク杯,1,3,8,L級,ガ決勝,1625,4,7,2026-06-23 23:10,雨,1.5,0
098420260623,20260623,84,武雄,2026062184,オッズパーク杯,1,3,9,A級,決勝,1625,4,7,2026-06-23 23:30,雨,1.5,0
012120260623,20260623,21,弥彦,2026062221,ワイズスクウェア賞,1,2,1,A級,チ一般,1625,4,6,2026-06-23 11:01,曇り,1.0,0
022120260623,20260623,21,弥彦,2026062221,ワイズスクウェア賞,1,2,2,A級,チ一般,1625,4,6,2026-06-23 11:25,晴れ,0.9,0
032120260623,20260623,21,弥彦,2026062221,ワイズスクウェア賞,1,2,3,A級,チ準決,1625,4,7,2026-06-23 11:52,晴れ,1.8,0
042120260623,20260623,21,弥彦,2026062221,ワイズスクウェア賞,1,2,4,A級,チ準決,1625,4,7,2026-06-23 12:19,晴れ,1.8,0
052120260623,20260623,21,弥彦,2026062221,ワイズスクウェア賞,1,2,5,L級,ガ予２,1625,4,7,2026-06-23 12:46,晴れ,1.8,0
062120260623,20260623,21,弥彦,2026062221,ワイズスクウェア賞,1,2,6,L級,ガ予２,1625,4,7,2026-06-23 13:16,晴れ,2.2,0
072120260623,20260623,21,弥彦,2026062221,ワイズスクウェア賞,1,2,7,A級,特一般,1625,4,7,2026-06-23 13:46,晴れ,1.8,0
082120260623,20260623,21,弥彦,2026062221,ワイズスクウェア賞,1,2,8,A級,特一般,1625,4,7,2026-06-23 14:16,,0.0,1
092120260623,20260623,21,弥彦,2026062221,ワイズスクウェア賞,1,2,9,A級,準決勝,1625,4,7,2026-06-23 14:46,晴れ,1.3,0
102120260623,20260623,21,弥彦,2026062221,ワイズスクウェア賞,1,2,10,A級,準決勝,1625,4,7,2026-06-23 15:16,晴れ,2.2,0
112120260623,20260623,21,弥彦,2026062221,ワイズスクウェア賞,1,2,11,A級,準決勝,1625,4,7,2026-06-23 15:46,晴れ,1.8,0
013620260623,20260623,36,小田原,2026062236,サンケイスポーツ杯争奪戦,2,2,1,A級,一般,1692,5,7,2026-06-23 10:53,曇り,1.0,0
023620260623,20260623,36,小田原,2026062236,サンケイスポーツ杯争奪戦,2,2,2,A級,一般,1692,5,7,2026-06-23 11:17,曇り,1.5,0
033620260623,20260623,36,小田原,2026062236,サンケイスポーツ杯争奪戦,2,2,3,A級,準決勝,1692,5,7,2026-06-23 11:43,曇り,1.0,0
043620260623,20260623,36,小田原,2026062236,サンケイスポーツ杯争奪戦,2,2,4,A級,準決勝,1692,5,7,2026-06-23 12:10,曇り,1.5,0
053620260623,20260623,36,小田原,2026062236,サンケイスポーツ杯争奪戦,2,2,5,A級,準決勝,1692,5,7,2026-06-23 12:37,曇り,1.5,0
063620260623,20260623,36,小田原,2026062236,サンケイスポーツ杯争奪戦,2,2,6,S級,一般,2025,6,6,2026-06-23 13:06,曇り,1.5,0
073620260623,20260623,36,小田原,2026062236,サンケイスポーツ杯争奪戦,2,2,7,S級,一般,2025,6,7,2026-06-23 13:36,曇り,1.0,0
083620260623,20260623,36,小田原,2026062236,サンケイスポーツ杯争奪戦,2,2,8,S級,選抜,2025,6,7,2026-06-23 14:06,曇り,1.5,0
093620260623,20260623,36,小田原,2026062236,サンケイスポーツ杯争奪戦,2,2,9,S級,選抜,2025,6,7,2026-06-23 14:36,曇り,1.0,0
103620260623,20260623,36,小田原,2026062236,サンケイスポーツ杯争奪戦,2,2,10,S級,準決勝,2025,6,7,2026-06-23 15:06,曇り,0.5,0
113620260623,20260623,36,小田原,2026062236,サンケイスポーツ杯争奪戦,2,2,11,S級,準決勝,2025,6,7,2026-06-23 15:39,曇り,0.5,0
123620260623,20260623,36,小田原,2026062236,サンケイスポーツ杯争奪戦,2,2,12,S級,準決勝,2025,6,7,2026-06-23 16:24,曇り,0.5,0
014320260623,20260623,43,岐阜,2026062243,ウィンチケット杯,1,2,1,A級,一般,1625,4,6,2026-06-23 08:30,晴れ,0.5,0
024320260623,20260623,43,岐阜,2026062243,ウィンチケット杯,1,2,2,A級,一般,1625,4,7,2026-06-23 08:50,晴れ,0.3,0
034320260623,20260623,43,岐阜,2026062243,ウィンチケット杯,1,2,3,A級,選抜,1625,4,7,2026-06-23 09:10,晴れ,0.3,0
044320260623,20260623,43,岐阜,2026062243,ウィンチケット杯,1,2,4,A級,選抜,1625,4,7,2026-06-23 09:30,晴れ,0.3,0
054320260623,20260623,43,岐阜,2026062243,ウィンチケット杯,1,2,5,A級,準決勝,1625,4,7,2026-06-23 09:50,晴れ,0.3,0
064320260623,20260623,43,岐阜,2026062243,ウィンチケット杯,1,2,6,A級,準決勝,1625,4,7,2026-06-23 10:10,晴れ,0.3,0
074320260623,20260623,43,岐阜,2026062243,ウィンチケット杯,1,2,7,A級,準決勝,1625,4,7,2026-06-23 10:30,晴れ,0.3,0
018320260623,20260623,83,久留米,2026062283,楽天Ｋドリームス杯×ＨＰＣＪＣ,2,2,1,A級,一般,1625,4,7,2026-06-23 15:53,雨,0.0,0
028320260623,20260623,83,久留米,2026062283,楽天Ｋドリームス杯×ＨＰＣＪＣ,2,2,2,A級,一般,1625,4,7,2026-06-23 16:17,雨,1.0,0
038320260623,20260623,83,久留米,2026062283,楽天Ｋドリームス杯×ＨＰＣＪＣ,2,2,3,A級,準決勝,1625,4,7,2026-06-23 16:41,雨,0.5,0
048320260623,20260623,83,久留米,2026062283,楽天Ｋドリームス杯×ＨＰＣＪＣ,2,2,4,A級,準決勝,1625,4,7,2026-06-23 17:05,雨,1.0,0
058320260623,20260623,83,久留米,2026062283,楽天Ｋドリームス杯×ＨＰＣＪＣ,2,2,5,A級,準決勝,1625,4,7,2026-06-23 17:29,雨,0.0,0
068320260623,20260623,83,久留米,2026062283,楽天Ｋドリームス杯×ＨＰＣＪＣ,2,2,6,S級,一般,2025,5,7,2026-06-23 17:53,雨,0.0,0
078320260623,20260623,83,久留米,2026062283,楽天Ｋドリームス杯×ＨＰＣＪＣ,2,2,7,S級,一般,2025,5,7,2026-06-23 18:17,雨,0.5,0
088320260623,20260623,83,久留米,2026062283,楽天Ｋドリームス杯×ＨＰＣＪＣ,2,2,8,S級,選抜,2025,5,7,2026-06-23 18:42,雨,0.5,0
098320260623,20260623,83,久留米,2026062283,楽天Ｋドリームス杯×ＨＰＣＪＣ,2,2,9,S級,選抜,2025,5,7,2026-06-23 19:08,曇り,1.0,0
108320260623,20260623,83,久留米,2026062283,楽天Ｋドリームス杯×ＨＰＣＪＣ,2,2,10,S級,準決勝,2025,5,7,2026-06-23 19:34,曇り,1.0,0
118320260623,20260623,83,久留米,2026062283,楽天Ｋドリームス杯×ＨＰＣＪＣ,2,2,11,S級,準決勝,2025,5,7,2026-06-23 20:01,曇り,1.0,0
128320260623,20260623,83,久留米,2026062283,楽天Ｋドリームス杯×ＨＰＣＪＣ,2,2,12,S級,準決勝,2025,5,7,2026-06-23 20:30,曇り,0.0,0
012720260623,20260623,27,京王閣,2026062327,スピチャン＆日野ＴＢ＆東スポ杯,1,1,1,A級,チ予選,1625,4,7,2026-06-23 16:09,曇り,2.0,0
022720260623,20260623,27,京王閣,2026062327,スピチャン＆日野ＴＢ＆東スポ杯,1,1,2,A級,チ予選,1625,4,7,2026-06-23 16:31,曇り,2.0,0
032720260623,20260623,27,京王閣,2026062327,スピチャン＆日野ＴＢ＆東スポ杯,1,1,3,A級,チ予選,1625,4,7,2026-06-23 16:53,曇り,2.0,0
042720260623,20260623,27,京王閣,2026062327,スピチャン＆日野ＴＢ＆東スポ杯,1,1,4,A級,チ予選,1625,4,7,2026-06-23 17:17,曇り,2.0,0
052720260623,20260623,27,京王閣,2026062327,スピチャン＆日野ＴＢ＆東スポ杯,1,1,5,L級,ガ予１,1625,4,7,2026-06-23 17:41,曇り,1.5,0
062720260623,20260623,27,京王閣,2026062327,スピチャン＆日野ＴＢ＆東スポ杯,1,1,6,L級,ガ予１,1625,4,7,2026-06-23 18:05,曇り,1.5,0
072720260623,20260623,27,京王閣,2026062327,スピチャン＆日野ＴＢ＆東スポ杯,1,1,7,A級,特予選,1625,4,7,2026-06-23 18:29,曇り,2.0,0
082720260623,20260623,27,京王閣,2026062327,スピチャン＆日野ＴＢ＆東スポ杯,1,1,8,A級,特予選,1625,4,7,2026-06-23 18:55,曇り,1.5,0
092720260623,20260623,27,京王閣,2026062327,スピチャン＆日野ＴＢ＆東スポ杯,1,1,9,A級,特予選,1625,4,7,2026-06-23 19:21,曇り,1.5,0
102720260623,20260623,27,京王閣,2026062327,スピチャン＆日野ＴＢ＆東スポ杯,1,1,10,A級,特予選,1625,4,7,2026-06-23 19:47,曇り,1.0,0
112720260623,20260623,27,京王閣,2026062327,スピチャン＆日野ＴＢ＆東スポ杯,1,1,11,A級,初特選,1625,4,7,2026-06-23 20:15,曇り,1.5,0
013720260623,20260623,37,伊東,2026062337,夏の朝からわくわくチャリロト杯,1,1,1,L級,ガ予１,1692,5,7,2026-06-23 08:40,曇り,0.5,0
023720260623,20260623,37,伊東,2026062337,夏の朝からわくわくチャリロト杯,1,1,2,L級,ガ予１,1692,5,7,2026-06-23 09:00,曇り,0.5,0
033720260623,20260623,37,伊東,2026062337,夏の朝からわくわくチャリロト杯,1,1,3,A級,特予選,1692,5,7,2026-06-23 09:20,曇り,0.5,0
043720260623,20260623,37,伊東,2026062337,夏の朝からわくわくチャリロト杯,1,1,4,A級,特予選,1692,5,7,2026-06-23 09:40,曇り,0.5,0
053720260623,20260623,37,伊東,2026062337,夏の朝からわくわくチャリロト杯,1,1,5,A級,特予選,1692,5,7,2026-06-23 10:00,曇り,0.5,0
063720260623,20260623,37,伊東,2026062337,夏の朝からわくわくチャリロト杯,1,1,6,A級,特予選,1692,5,7,2026-06-23 10:20,曇り,0.5,0
073720260623,20260623,37,伊東,2026062337,夏の朝からわくわくチャリロト杯,1,1,7,A級,初特選,1692,5,7,2026-06-23 10:40,曇り,0.5,0
015520260623,20260623,55,和歌山,2026062355,オッズパーク杯,2,1,1,A級,予選,1625,4,7,2026-06-23 10:45,曇り,1.3,0
025520260623,20260623,55,和歌山,2026062355,オッズパーク杯,2,1,2,A級,予選,1625,4,7,2026-06-23 11:09,曇り,1.5,0
035520260623,20260623,55,和歌山,2026062355,オッズパーク杯,2,1,3,A級,予選,1625,4,7,2026-06-23 11:34,曇り,1.3,0
045520260623,20260623,55,和歌山,2026062355,オッズパーク杯,2,1,4,A級,予選,1625,4,7,2026-06-23 12:01,曇り,1.3,0
055520260623,20260623,55,和歌山,2026062355,オッズパーク杯,2,1,5,A級,初特選,1625,4,7,2026-06-23 12:28,曇り,1.0,0
065520260623,20260623,55,和歌山,2026062355,オッズパーク杯,2,1,6,S級,予選,2025,5,7,2026-06-23 12:56,曇り,1.0,0
075520260623,20260623,55,和歌山,2026062355,オッズパーク杯,2,1,7,S級,予選,2025,5,7,2026-06-23 13:26,曇り,1.3,0
085520260623,20260623,55,和歌山,2026062355,オッズパーク杯,2,1,8,S級,予選,2025,5,7,2026-06-23 13:56,曇り,1.8,0
095520260623,20260623,55,和歌山,2026062355,オッズパーク杯,2,1,9,S級,予選,2025,5,7,2026-06-23 14:26,曇り,1.3,0
105520260623,20260623,55,和歌山,2026062355,オッズパーク杯,2,1,10,S級,予選,2025,5,7,2026-06-23 14:56,曇り,1.0,0
115520260623,20260623,55,和歌山,2026062355,オッズパーク杯,2,1,11,S級,予選,2025,5,7,2026-06-23 15:28,曇り,1.3,0
125520260623,20260623,55,和歌山,2026062355,オッズパーク杯,2,1,12,S級,初特選,2025,5,7,2026-06-23 16:01,曇り,1.0,0
012120260624,20260624,21,弥彦,2026062221,ワイズスクウェア賞,1,3,1,A級,チ一般,1625,4,5,2026-06-24 11:01,晴れ,1.5,0
022120260624,20260624,21,弥彦,2026062221,ワイズスクウェア賞,1,3,2,A級,チ一般,1625,4,5,2026-06-24 11:25,晴れ,1.3,0
032120260624,20260624,21,弥彦,2026062221,ワイズスクウェア賞,1,3,3,A級,チ選抜,1625,4,7,2026-06-24 11:52,晴れ,1.8,0
042120260624,20260624,21,弥彦,2026062221,ワイズスクウェア賞,1,3,4,L級,ガ一般,1625,4,6,2026-06-24 12:19,晴れ,1.0,0
052120260624,20260624,21,弥彦,2026062221,ワイズスクウェア賞,1,3,5,A級,特一般,1625,4,7,2026-06-24 12:46,晴れ,1.3,0
062120260624,20260624,21,弥彦,2026062221,ワイズスクウェア賞,1,3,6,A級,特一般,1625,4,7,2026-06-24 13:16,晴れ,1.8,0
072120260624,20260624,21,弥彦,2026062221,ワイズスクウェア賞,1,3,7,A級,特選,1625,4,7,2026-06-24 13:46,晴れ,1.8,0
082120260624,20260624,21,弥彦,2026062221,ワイズスクウェア賞,1,3,8,A級,特選,1625,4,7,2026-06-24 14:16,晴れ,1.3,0
092120260624,20260624,21,弥彦,2026062221,ワイズスクウェア賞,1,3,9,A級,チ決勝,1625,4,7,2026-06-24 14:46,晴れ,1.8,0
102120260624,20260624,21,弥彦,2026062221,ワイズスクウェア賞,1,3,10,L級,ガ決勝,1625,4,7,2026-06-24 15:16,晴れ,1.3,0
112120260624,20260624,21,弥彦,2026062221,ワイズスクウェア賞,1,3,11,A級,決勝,1625,4,7,2026-06-24 15:46,晴れ,1.3,0
013620260624,20260624,36,小田原,2026062236,サンケイスポーツ杯争奪戦,2,3,1,A級,一般,1692,5,7,2026-06-24 10:53,曇り,0.5,0
023620260624,20260624,36,小田原,2026062236,サンケイスポーツ杯争奪戦,2,3,2,A級,一般,1692,5,7,2026-06-24 11:17,曇り,0.5,0
033620260624,20260624,36,小田原,2026062236,サンケイスポーツ杯争奪戦,2,3,3,A級,特選,1692,5,7,2026-06-24 11:43,曇り,1.0,0
043620260624,20260624,36,小田原,2026062236,サンケイスポーツ杯争奪戦,2,3,4,A級,特選,1692,5,7,2026-06-24 12:10,曇り,1.0,0
053620260624,20260624,36,小田原,2026062236,サンケイスポーツ杯争奪戦,2,3,5,S級,一般,2025,6,6,2026-06-24 12:37,曇り,1.0,0
063620260624,20260624,36,小田原,2026062236,サンケイスポーツ杯争奪戦,2,3,6,S級,一般,2025,6,7,2026-06-24 13:06,曇り,1.0,0
073620260624,20260624,36,小田原,2026062236,サンケイスポーツ杯争奪戦,2,3,7,S級,一般,2025,6,7,2026-06-24 13:36,曇り,1.0,0
083620260624,20260624,36,小田原,2026062236,サンケイスポーツ杯争奪戦,2,3,8,S級,特選,2025,6,7,2026-06-24 14:06,曇り,0.5,0
093620260624,20260624,36,小田原,2026062236,サンケイスポーツ杯争奪戦,2,3,9,S級,特選,2025,6,7,2026-06-24 14:36,曇り,0.5,0
103620260624,20260624,36,小田原,2026062236,サンケイスポーツ杯争奪戦,2,3,10,S級,特選,2025,6,7,2026-06-24 15:06,曇り,1.0,0
113620260624,20260624,36,小田原,2026062236,サンケイスポーツ杯争奪戦,2,3,11,A級,決勝,1692,5,7,2026-06-24 15:39,曇り,1.0,0
123620260624,20260624,36,小田原,2026062236,サンケイスポーツ杯争奪戦,2,3,12,S級,決勝,2025,6,7,2026-06-24 16:24,曇り,1.5,0
014320260624,20260624,43,岐阜,2026062243,ウィンチケット杯,1,3,1,A級,一般,1625,4,5,2026-06-24 08:30,曇り,0.3,0
024320260624,20260624,43,岐阜,2026062243,ウィンチケット杯,1,3,2,A級,一般,1625,4,5,2026-06-24 08:50,曇り,0.3,0
034320260624,20260624,43,岐阜,2026062243,ウィンチケット杯,1,3,3,A級,一般,1625,4,5,2026-06-24 09:10,曇り,0.3,0
044320260624,20260624,43,岐阜,2026062243,ウィンチケット杯,1,3,4,A級,特選,1625,4,7,2026-06-24 09:30,曇り,0.3,0
054320260624,20260624,43,岐阜,2026062243,ウィンチケット杯,1,3,5,A級,特選,1625,4,7,2026-06-24 09:50,曇り,0.2,0
064320260624,20260624,43,岐阜,2026062243,ウィンチケット杯,1,3,6,A級,特選,1625,4,7,2026-06-24 10:10,曇り,0.3,0
074320260624,20260624,43,岐阜,2026062243,ウィンチケット杯,1,3,7,A級,決勝,1625,4,7,2026-06-24 10:30,曇り,0.2,0
018320260624,20260624,83,久留米,2026062283,楽天Ｋドリームス杯×ＨＰＣＪＣ,2,3,1,A級,一般,1625,4,7,2026-06-24 15:53,雨,0.0,0
028320260624,20260624,83,久留米,2026062283,楽天Ｋドリームス杯×ＨＰＣＪＣ,2,3,2,A級,一般,1625,4,7,2026-06-24 16:17,雨,0.0,0
038320260624,20260624,83,久留米,2026062283,楽天Ｋドリームス杯×ＨＰＣＪＣ,2,3,3,A級,特選,1625,4,7,2026-06-24 16:41,雨,0.0,0
048320260624,20260624,83,久留米,2026062283,楽天Ｋドリームス杯×ＨＰＣＪＣ,2,3,4,A級,特選,1625,4,7,2026-06-24 17:05,雨,0.0,0
058320260624,20260624,83,久留米,2026062283,楽天Ｋドリームス杯×ＨＰＣＪＣ,2,3,5,S級,一般,2025,5,6,2026-06-24 17:29,雨,0.0,0
068320260624,20260624,83,久留米,2026062283,楽天Ｋドリームス杯×ＨＰＣＪＣ,2,3,6,S級,一般,2025,5,7,2026-06-24 17:53,雨,0.0,0
078320260624,20260624,83,久留米,2026062283,楽天Ｋドリームス杯×ＨＰＣＪＣ,2,3,7,S級,一般,2025,5,7,2026-06-24 18:17,雨,0.0,0
088320260624,20260624,83,久留米,2026062283,楽天Ｋドリームス杯×ＨＰＣＪＣ,2,3,8,S級,特選,2025,5,7,2026-06-24 18:42,雨,0.0,0
098320260624,20260624,83,久留米,2026062283,楽天Ｋドリームス杯×ＨＰＣＪＣ,2,3,9,S級,特選,2025,5,7,2026-06-24 19:08,雨,0.0,0
108320260624,20260624,83,久留米,2026062283,楽天Ｋドリームス杯×ＨＰＣＪＣ,2,3,10,S級,特選,2025,5,7,2026-06-24 19:34,雨,0.0,0
118320260624,20260624,83,久留米,2026062283,楽天Ｋドリームス杯×ＨＰＣＪＣ,2,3,11,A級,決勝,1625,4,7,2026-06-24 20:01,雨,0.0,0
128320260624,20260624,83,久留米,2026062283,楽天Ｋドリームス杯×ＨＰＣＪＣ,2,3,12,S級,決勝,2025,5,7,2026-06-24 20:30,雨,0.0,0
012720260624,20260624,27,京王閣,2026062327,スピチャン＆日野ＴＢ＆東スポ杯,1,2,1,A級,チ一般,1625,4,5,2026-06-24 16:09,曇り,1.0,0
022720260624,20260624,27,京王閣,2026062327,スピチャン＆日野ＴＢ＆東スポ杯,1,2,2,A級,チ一般,1625,4,6,2026-06-24 16:31,曇り,1.5,0
032720260624,20260624,27,京王閣,2026062327,スピチャン＆日野ＴＢ＆東スポ杯,1,2,3,A級,チ準決,1625,4,7,2026-06-24 16:53,曇り,2.0,0
042720260624,20260624,27,京王閣,2026062327,スピチャン＆日野ＴＢ＆東スポ杯,1,2,4,A級,チ準決,1625,4,7,2026-06-24 17:17,曇り,1.5,0
052720260624,20260624,27,京王閣,2026062327,スピチャン＆日野ＴＢ＆東スポ杯,1,2,5,L級,ガ予２,1625,4,7,2026-06-24 17:41,曇り,2.0,0
062720260624,20260624,27,京王閣,2026062327,スピチャン＆日野ＴＢ＆東スポ杯,1,2,6,L級,ガ予２,1625,4,7,2026-06-24 18:05,曇り,2.0,0
072720260624,20260624,27,京王閣,2026062327,スピチャン＆日野ＴＢ＆東スポ杯,1,2,7,A級,特一般,1625,4,6,2026-06-24 18:29,曇り,1.5,0
082720260624,20260624,27,京王閣,2026062327,スピチャン＆日野ＴＢ＆東スポ杯,1,2,8,A級,特一般,1625,4,7,2026-06-24 18:55,曇り,1.5,0
092720260624,20260624,27,京王閣,2026062327,スピチャン＆日野ＴＢ＆東スポ杯,1,2,9,A級,準決勝,1625,4,7,2026-06-24 19:21,曇り,1.5,0
102720260624,20260624,27,京王閣,2026062327,スピチャン＆日野ＴＢ＆東スポ杯,1,2,10,A級,準決勝,1625,4,7,2026-06-24 19:47,曇り,2.0,0
112720260624,20260624,27,京王閣,2026062327,スピチャン＆日野ＴＢ＆東スポ杯,1,2,11,A級,準決勝,1625,4,7,2026-06-24 20:15,曇り,1.5,0
013720260624,20260624,37,伊東,2026062337,夏の朝からわくわくチャリロト杯,1,2,1,L級,ガ予２,1692,5,6,2026-06-24 08:40,曇り,0.5,0
023720260624,20260624,37,伊東,2026062337,夏の朝からわくわくチャリロト杯,1,2,2,L級,ガ予２,1692,5,7,2026-06-24 09:00,曇り,0.5,0
033720260624,20260624,37,伊東,2026062337,夏の朝からわくわくチャリロト杯,1,2,3,A級,特一般,1692,5,7,2026-06-24 09:20,曇り,1.0,0
043720260624,20260624,37,伊東,2026062337,夏の朝からわくわくチャリロト杯,1,2,4,A級,特一般,1692,5,7,2026-06-24 09:40,曇り,0.5,0
053720260624,20260624,37,伊東,2026062337,夏の朝からわくわくチャリロト杯,1,2,5,A級,準決勝,1692,5,7,2026-06-24 10:00,曇り,1.0,0
063720260624,20260624,37,伊東,2026062337,夏の朝からわくわくチャリロト杯,1,2,6,A級,準決勝,1692,5,7,2026-06-24 10:20,曇り,1.0,0
073720260624,20260624,37,伊東,2026062337,夏の朝からわくわくチャリロト杯,1,2,7,A級,準決勝,1692,5,7,2026-06-24 10:40,曇り,1.0,0
015520260624,20260624,55,和歌山,2026062355,オッズパーク杯,2,2,1,A級,一般,1625,4,7,2026-06-24 10:45,雨,1.0,0
025520260624,20260624,55,和歌山,2026062355,オッズパーク杯,2,2,2,A級,一般,1625,4,7,2026-06-24 11:09,雨,1.0,0
035520260624,20260624,55,和歌山,2026062355,オッズパーク杯,2,2,3,A級,準決勝,1625,4,7,2026-06-24 11:34,雨,1.3,0
045520260624,20260624,55,和歌山,2026062355,オッズパーク杯,2,2,4,A級,準決勝,1625,4,7,2026-06-24 12:01,雨,1.3,0
055520260624,20260624,55,和歌山,2026062355,オッズパーク杯,2,2,5,A級,準決勝,1625,4,7,2026-06-24 12:28,雨,1.3,0
065520260624,20260624,55,和歌山,2026062355,オッズパーク杯,2,2,6,S級,一般,2025,5,6,2026-06-24 12:56,雨,0.8,0
075520260624,20260624,55,和歌山,2026062355,オッズパーク杯,2,2,7,S級,一般,2025,5,7,2026-06-24 13:26,雨,0.9,0
085520260624,20260624,55,和歌山,2026062355,オッズパーク杯,2,2,8,S級,選抜,2025,5,7,2026-06-24 13:56,雨,1.3,0
095520260624,20260624,55,和歌山,2026062355,オッズパーク杯,2,2,9,S級,選抜,2025,5,7,2026-06-24 14:26,雨,1.8,0
105520260624,20260624,55,和歌山,2026062355,オッズパーク杯,2,2,10,S級,準決勝,2025,5,7,2026-06-24 14:56,雨,1.3,0
115520260624,20260624,55,和歌山,2026062355,オッズパーク杯,2,2,11,S級,準決勝,2025,5,7,2026-06-24 15:28,雨,1.0,0
125520260624,20260624,55,和歌山,2026062355,オッズパーク杯,2,2,12,S級,準決勝,2025,5,7,2026-06-24 16:01,雨,1.0,0
012720260625,20260625,27,京王閣,2026062327,スピチャン＆日野ＴＢ＆東スポ杯,1,3,1,A級,チ一般,1625,4,5,2026-06-25 15:59,雨,1.0,0
022720260625,20260625,27,京王閣,2026062327,スピチャン＆日野ＴＢ＆東スポ杯,1,3,2,A級,チ一般,1625,4,6,2026-06-25 16:22,雨,1.0,0
032720260625,20260625,27,京王閣,2026062327,スピチャン＆日野ＴＢ＆東スポ杯,1,3,3,A級,チ選抜,1625,4,7,2026-06-25 16:46,雨,1.0,0
042720260625,20260625,27,京王閣,2026062327,スピチャン＆日野ＴＢ＆東スポ杯,1,3,4,L級,ガ一般,1625,4,7,2026-06-25 17:12,雨,1.0,0
052720260625,20260625,27,京王閣,2026062327,スピチャン＆日野ＴＢ＆東スポ杯,1,3,5,A級,特一般,1625,4,7,2026-06-25 17:38,雨,1.0,0
062720260625,20260625,27,京王閣,2026062327,スピチャン＆日野ＴＢ＆東スポ杯,1,3,6,A級,特一般,1625,4,7,2026-06-25 18:04,雨,1.0,0
072720260625,20260625,27,京王閣,2026062327,スピチャン＆日野ＴＢ＆東スポ杯,1,3,7,A級,チ決勝,1625,4,7,2026-06-25 18:30,雨,1.0,0
082720260625,20260625,27,京王閣,2026062327,スピチャン＆日野ＴＢ＆東スポ杯,1,3,8,L級,ガ決勝,1625,4,7,2026-06-25 18:56,雨,1.0,0
092720260625,20260625,27,京王閣,2026062327,スピチャン＆日野ＴＢ＆東スポ杯,1,3,9,A級,特選,1625,4,7,2026-06-25 19:22,雨,1.0,0
102720260625,20260625,27,京王閣,2026062327,スピチャン＆日野ＴＢ＆東スポ杯,1,3,10,A級,特選,1625,4,7,2026-06-25 19:48,雨,1.0,0
112720260625,20260625,27,京王閣,2026062327,スピチャン＆日野ＴＢ＆東スポ杯,1,3,11,A級,決勝,1625,4,7,2026-06-25 20:16,雨,1.0,0
013720260625,20260625,37,伊東,2026062337,夏の朝からわくわくチャリロト杯,1,3,1,L級,ガ一般,1692,5,5,2026-06-25 08:30,雨,1.0,0
023720260625,20260625,37,伊東,2026062337,夏の朝からわくわくチャリロト杯,1,3,2,A級,特一般,1692,5,7,2026-06-25 08:50,雨,0.5,0
033720260625,20260625,37,伊東,2026062337,夏の朝からわくわくチャリロト杯,1,3,3,A級,特一般,1692,5,7,2026-06-25 09:11,雨,2.0,0
043720260625,20260625,37,伊東,2026062337,夏の朝からわくわくチャリロト杯,1,3,4,A級,特選,1692,5,7,2026-06-25 09:32,雨,1.5,0
053720260625,20260625,37,伊東,2026062337,夏の朝からわくわくチャリロト杯,1,3,5,A級,特選,1692,5,7,2026-06-25 09:53,雨,1.5,0
063720260625,20260625,37,伊東,2026062337,夏の朝からわくわくチャリロト杯,1,3,6,L級,ガ決勝,1692,5,7,2026-06-25 10:14,雨,1.0,0
073720260625,20260625,37,伊東,2026062337,夏の朝からわくわくチャリロト杯,1,3,7,A級,決勝,1692,5,7,2026-06-25 10:35,雨,1.0,0
015520260625,20260625,55,和歌山,2026062355,オッズパーク杯,2,3,1,A級,一般,1625,4,7,2026-06-25 10:57,雨,0.2,0
025520260625,20260625,55,和歌山,2026062355,オッズパーク杯,2,3,2,A級,一般,1625,4,7,2026-06-25 11:23,雨,1.0,0
035520260625,20260625,55,和歌山,2026062355,オッズパーク杯,2,3,3,A級,特選,1625,4,7,2026-06-25 11:51,雨,1.0,0
045520260625,20260625,55,和歌山,2026062355,オッズパーク杯,2,3,4,A級,特選,1625,4,7,2026-06-25 12:19,雨,1.0,0
055520260625,20260625,55,和歌山,2026062355,オッズパーク杯,2,3,5,S級,一般,2025,5,6,2026-06-25 12:47,雨,1.0,0
065520260625,20260625,55,和歌山,2026062355,オッズパーク杯,2,3,6,S級,一般,2025,5,6,2026-06-25 13:15,雨,1.3,0
075520260625,20260625,55,和歌山,2026062355,オッズパーク杯,2,3,7,S級,一般,2025,5,6,2026-06-25 13:43,雨,1.0,0
085520260625,20260625,55,和歌山,2026062355,オッズパーク杯,2,3,8,S級,特選,2025,5,7,2026-06-25 14:11,雨,0.5,0
095520260625,20260625,55,和歌山,2026062355,オッズパーク杯,2,3,9,S級,特選,2025,5,7,2026-06-25 14:39,雨,1.3,0
105520260625,20260625,55,和歌山,2026062355,オッズパーク杯,2,3,10,S級,特選,2025,5,7,2026-06-25 15:07,曇り,1.0,0
115520260625,20260625,55,和歌山,2026062355,オッズパーク杯,2,3,11,A級,決勝,1625,4,7,2026-06-25 15:37,雨,1.0,0
125520260625,20260625,55,和歌山,2026062355,オッズパーク杯,2,3,12,S級,決勝,2025,5,7,2026-06-25 16:15,雨,1.0,0
011220260625,20260625,12,青森,2026062512,楽天Ｋドリームス杯,1,1,1,A級,チ予選,1625,4,7,2026-06-25 20:57,晴れ,1.0,0
021220260625,20260625,12,青森,2026062512,楽天Ｋドリームス杯,1,1,2,A級,チ予選,1625,4,7,2026-06-25 21:21,晴れ,1.0,0
031220260625,20260625,12,青森,2026062512,楽天Ｋドリームス杯,1,1,3,A級,チ予選,1625,4,7,2026-06-25 21:45,晴れ,1.0,0
041220260625,20260625,12,青森,2026062512,楽天Ｋドリームス杯,1,1,4,A級,チ予選,1625,4,7,2026-06-25 22:09,晴れ,1.0,0
051220260625,20260625,12,青森,2026062512,楽天Ｋドリームス杯,1,1,5,A級,チ予選,1625,4,7,2026-06-25 22:36,晴れ,1.0,0
061220260625,20260625,12,青森,2026062512,楽天Ｋドリームス杯,1,1,6,A級,チ予選,1625,4,7,2026-06-25 23:03,晴れ,1.0,0
071220260625,20260625,12,青森,2026062512,楽天Ｋドリームス杯,1,1,7,A級,チ予選,1625,4,7,2026-06-25 23:30,晴れ,1.0,0
013120260625,20260625,31,松戸,2026062531,第２３回さわやかチャレンジＣ,2,1,1,A級,予選,1682,5,7,2026-06-25 15:45,雨,0.5,0
023120260625,20260625,31,松戸,2026062531,第２３回さわやかチャレンジＣ,2,1,2,A級,予選,1682,5,7,2026-06-25 16:07,雨,0.5,0
033120260625,20260625,31,松戸,2026062531,第２３回さわやかチャレンジＣ,2,1,3,A級,予選,1682,5,7,2026-06-25 16:33,雨,0.5,0
043120260625,20260625,31,松戸,2026062531,第２３回さわやかチャレンジＣ,2,1,4,A級,予選,1682,5,7,2026-06-25 16:59,雨,0.5,0
053120260625,20260625,31,松戸,2026062531,第２３回さわやかチャレンジＣ,2,1,5,A級,初特選,1682,5,7,2026-06-25 17:25,雨,0.5,0
063120260625,20260625,31,松戸,2026062531,第２３回さわやかチャレンジＣ,2,1,6,S級,予選,2015,6,7,2026-06-25 17:51,雨,0.5,0
073120260625,20260625,31,松戸,2026062531,第２３回さわやかチャレンジＣ,2,1,7,S級,予選,2015,6,7,2026-06-25 18:17,雨,0.5,0
083120260625,20260625,31,松戸,2026062531,第２３回さわやかチャレンジＣ,2,1,8,S級,予選,2015,6,7,2026-06-25 18:43,雨,0.5,0
093120260625,20260625,31,松戸,2026062531,第２３回さわやかチャレンジＣ,2,1,9,S級,予選,2015,6,7,2026-06-25 19:09,雨,0.5,0
103120260625,20260625,31,松戸,2026062531,第２３回さわやかチャレンジＣ,2,1,10,S級,予選,2015,6,7,2026-06-25 19:35,雨,0.5,0
113120260625,20260625,31,松戸,2026062531,第２３回さわやかチャレンジＣ,2,1,11,S級,予選,2015,6,7,2026-06-25 20:02,雨,0.5,0
123120260625,20260625,31,松戸,2026062531,第２３回さわやかチャレンジＣ,2,1,12,S級,初特選,2015,6,7,2026-06-25 20:30,雨,0.5,0
014420260625,20260625,44,大垣,2026062544,前検日コメならウィンチケット杯,1,1,1,L級,ガ予１,1625,4,7,2026-06-25 20:49,雨,0.5,0
024420260625,20260625,44,大垣,2026062544,前検日コメならウィンチケット杯,1,1,2,L級,ガ予１,1625,4,7,2026-06-25 21:13,雨,0.5,0
034420260625,20260625,44,大垣,2026062544,前検日コメならウィンチケット杯,1,1,3,A級,チ予選,1625,4,7,2026-06-25 21:37,雨,0.5,0
044420260625,20260625,44,大垣,2026062544,前検日コメならウィンチケット杯,1,1,4,A級,チ予選,1625,4,7,2026-06-25 22:01,雨,0.5,0
054420260625,20260625,44,大垣,2026062544,前検日コメならウィンチケット杯,1,1,5,A級,チ予選,1625,4,7,2026-06-25 22:27,雨,0.5,0
064420260625,20260625,44,大垣,2026062544,前検日コメならウィンチケット杯,1,1,6,A級,チ予選,1625,4,7,2026-06-25 22:54,雨,0.5,0
074420260625,20260625,44,大垣,2026062544,前検日コメならウィンチケット杯,1,1,7,A級,チ予選,1625,4,7,2026-06-25 23:21,雨,0.5,0
014620260625,20260625,46,富山,2026062546,オッズパーク杯,2,1,1,A級,予選,1682,5,7,2026-06-25 10:45,曇り,0.5,0
024620260625,20260625,46,富山,2026062546,オッズパーク杯,2,1,2,A級,予選,1682,5,7,2026-06-25 11:10,曇り,0.5,0
034620260625,20260625,46,富山,2026062546,オッズパーク杯,2,1,3,A級,予選,1682,5,7,2026-06-25 11:37,曇り,0.5,0
044620260625,20260625,46,富山,2026062546,オッズパーク杯,2,1,4,A級,予選,1682,5,7,2026-06-25 12:05,曇り,0.5,0
054620260625,20260625,46,富山,2026062546,オッズパーク杯,2,1,5,A級,初特選,1682,5,7,2026-06-25 12:33,曇り,0.5,0
064620260625,20260625,46,富山,2026062546,オッズパーク杯,2,1,6,S級,予選,2015,6,7,2026-06-25 13:01,曇り,0.5,0
074620260625,20260625,46,富山,2026062546,オッズパーク杯,2,1,7,S級,予選,2015,6,7,2026-06-25 13:29,曇り,0.5,0
084620260625,20260625,46,富山,2026062546,オッズパーク杯,2,1,8,S級,予選,2015,6,7,2026-06-25 13:57,曇り,0.5,0
094620260625,20260625,46,富山,2026062546,オッズパーク杯,2,1,9,S級,予選,2015,6,7,2026-06-25 14:25,曇り,0.5,0
104620260625,20260625,46,富山,2026062546,オッズパーク杯,2,1,10,S級,予選,2015,6,7,2026-06-25 14:53,曇り,0.5,0
114620260625,20260625,46,富山,2026062546,オッズパーク杯,2,1,11,S級,予選,2015,6,7,2026-06-25 15:22,曇り,0.5,0
124620260625,20260625,46,富山,2026062546,オッズパーク杯,2,1,12,S級,初特選,2015,6,7,2026-06-25 15:52,曇り,0.5,0
017320260625,20260625,73,小松島,2026062573,オッズパーク杯,1,1,1,L級,ガ予１,1625,4,7,2026-06-25 20:41,曇り,0.4,0
027320260625,20260625,73,小松島,2026062573,オッズパーク杯,1,1,2,L級,ガ予１,1625,4,7,2026-06-25 21:05,曇り,0.4,0
037320260625,20260625,73,小松島,2026062573,オッズパーク杯,1,1,3,A級,チ予選,1625,4,7,2026-06-25 21:29,曇り,0.9,0
047320260625,20260625,73,小松島,2026062573,オッズパーク杯,1,1,4,A級,チ予選,1625,4,7,2026-06-25 21:53,曇り,1.3,0
057320260625,20260625,73,小松島,2026062573,オッズパーク杯,1,1,5,A級,チ予選,1625,4,7,2026-06-25 22:18,曇り,2.7,0
067320260625,20260625,73,小松島,2026062573,オッズパーク杯,1,1,6,A級,チ予選,1625,4,7,2026-06-25 22:45,曇り,1.3,0
077320260625,20260625,73,小松島,2026062573,オッズパーク杯,1,1,7,A級,チ予選,1625,4,7,2026-06-25 23:12,曇り,1.3,0
011220260626,20260626,12,青森,2026062512,楽天Ｋドリームス杯,1,2,1,A級,チ一般,1625,4,6,2026-06-26 20:57,曇り,1.0,0
021220260626,20260626,12,青森,2026062512,楽天Ｋドリームス杯,1,2,2,A級,チ一般,1625,4,7,2026-06-26 21:21,曇り,1.0,0
031220260626,20260626,12,青森,2026062512,楽天Ｋドリームス杯,1,2,3,A級,チ選抜,1625,4,7,2026-06-26 21:45,晴れ,1.0,0
041220260626,20260626,12,青森,2026062512,楽天Ｋドリームス杯,1,2,4,A級,チ選抜,1625,4,7,2026-06-26 22:09,晴れ,1.0,0
051220260626,20260626,12,青森,2026062512,楽天Ｋドリームス杯,1,2,5,A級,チ準決,1625,4,7,2026-06-26 22:36,晴れ,1.0,0
061220260626,20260626,12,青森,2026062512,楽天Ｋドリームス杯,1,2,6,A級,チ準決,1625,4,7,2026-06-26 23:03,晴れ,1.0,0
071220260626,20260626,12,青森,2026062512,楽天Ｋドリームス杯,1,2,7,A級,チ準決,1625,4,7,2026-06-26 23:30,晴れ,1.0,0
013120260626,20260626,31,松戸,2026062531,第２３回さわやかチャレンジＣ,2,2,1,A級,一般,1682,5,7,2026-06-26 16:02,雨,1.0,0
023120260626,20260626,31,松戸,2026062531,第２３回さわやかチャレンジＣ,2,2,2,A級,一般,1682,5,7,2026-06-26 16:26,雨,1.0,0
033120260626,20260626,31,松戸,2026062531,第２３回さわやかチャレンジＣ,2,2,3,A級,準決勝,1682,5,7,2026-06-26 16:50,雨,1.0,0
043120260626,20260626,31,松戸,2026062531,第２３回さわやかチャレンジＣ,2,2,4,A級,準決勝,1682,5,7,2026-06-26 17:14,雨,0.5,0
053120260626,20260626,31,松戸,2026062531,第２３回さわやかチャレンジＣ,2,2,5,A級,準決勝,1682,5,7,2026-06-26 17:38,雨,0.5,0
063120260626,20260626,31,松戸,2026062531,第２３回さわやかチャレンジＣ,2,2,6,S級,一般,2015,6,6,2026-06-26 18:02,雨,0.5,0
073120260626,20260626,31,松戸,2026062531,第２３回さわやかチャレンジＣ,2,2,7,S級,一般,2015,6,7,2026-06-26 18:26,雨,0.5,0
083120260626,20260626,31,松戸,2026062531,第２３回さわやかチャレンジＣ,2,2,8,S級,選抜,2015,6,7,2026-06-26 18:50,雨,0.5,0
093120260626,20260626,31,松戸,2026062531,第２３回さわやかチャレンジＣ,2,2,9,S級,選抜,2015,6,7,2026-06-26 19:14,雨,0.5,0
103120260626,20260626,31,松戸,2026062531,第２３回さわやかチャレンジＣ,2,2,10,S級,準決勝,2015,6,7,2026-06-26 19:38,雨,0.5,0
113120260626,20260626,31,松戸,2026062531,第２３回さわやかチャレンジＣ,2,2,11,S級,準決勝,2015,6,7,2026-06-26 20:04,雨,0.5,0
123120260626,20260626,31,松戸,2026062531,第２３回さわやかチャレンジＣ,2,2,12,S級,準決勝,2015,6,7,2026-06-26 20:30,雨,0.5,0
014420260626,20260626,44,大垣,2026062544,前検日コメならウィンチケット杯,1,2,1,L級,ガ予２,1625,4,7,2026-06-26 20:49,雨,0.5,0
024420260626,20260626,44,大垣,2026062544,前検日コメならウィンチケット杯,1,2,2,L級,ガ予２,1625,4,7,2026-06-26 21:13,雨,0.5,0
034420260626,20260626,44,大垣,2026062544,前検日コメならウィンチケット杯,1,2,3,A級,チ一般,1625,4,7,2026-06-26 21:37,雨,0.5,0
044420260626,20260626,44,大垣,2026062544,前検日コメならウィンチケット杯,1,2,4,A級,チ一般,1625,4,7,2026-06-26 22:01,雨,0.5,0
054420260626,20260626,44,大垣,2026062544,前検日コメならウィンチケット杯,1,2,5,A級,チ準決,1625,4,7,2026-06-26 22:27,雨,1.0,0
064420260626,20260626,44,大垣,2026062544,前検日コメならウィンチケット杯,1,2,6,A級,チ準決,1625,4,7,2026-06-26 22:54,雨,1.0,0
074420260626,20260626,44,大垣,2026062544,前検日コメならウィンチケット杯,1,2,7,A級,チ準決,1625,4,7,2026-06-26 23:21,雨,0.5,0
014620260626,20260626,46,富山,2026062546,オッズパーク杯,2,2,1,A級,一般,1682,5,6,2026-06-26 10:45,雨,0.5,0
024620260626,20260626,46,富山,2026062546,オッズパーク杯,2,2,2,A級,一般,1682,5,7,2026-06-26 11:13,雨,1.0,0
034620260626,20260626,46,富山,2026062546,オッズパーク杯,2,2,3,A級,準決勝,1682,5,7,2026-06-26 11:42,雨,1.0,0
044620260626,20260626,46,富山,2026062546,オッズパーク杯,2,2,4,A級,準決勝,1682,5,7,2026-06-26 12:11,曇り,1.0,0
054620260626,20260626,46,富山,2026062546,オッズパーク杯,2,2,5,A級,準決勝,1682,5,7,2026-06-26 12:40,曇り,1.0,0
064620260626,20260626,46,富山,2026062546,オッズパーク杯,2,2,6,S級,一般,2015,6,7,2026-06-26 13:09,曇り,1.5,0
074620260626,20260626,46,富山,2026062546,オッズパーク杯,2,2,7,S級,一般,2015,6,7,2026-06-26 13:38,曇り,2.0,0
084620260626,20260626,46,富山,2026062546,オッズパーク杯,2,2,8,S級,選抜,2015,6,7,2026-06-26 14:07,雨,2.0,0
094620260626,20260626,46,富山,2026062546,オッズパーク杯,2,2,9,S級,選抜,2015,6,7,2026-06-26 14:37,曇り,1.0,0
104620260626,20260626,46,富山,2026062546,オッズパーク杯,2,2,10,S級,準決勝,2015,6,7,2026-06-26 15:07,雨,1.0,0
114620260626,20260626,46,富山,2026062546,オッズパーク杯,2,2,11,S級,準決勝,2015,6,7,2026-06-26 15:38,雨,1.0,0
124620260626,20260626,46,富山,2026062546,オッズパーク杯,2,2,12,S級,準決勝,2015,6,7,2026-06-26 16:09,雨,1.0,0
017320260626,20260626,73,小松島,2026062573,オッズパーク杯,1,2,1,L級,ガ予２,1625,4,6,2026-06-26 20:41,雨,1.8,0
027320260626,20260626,73,小松島,2026062573,オッズパーク杯,1,2,2,L級,ガ予２,1625,4,7,2026-06-26 21:05,雨,0.9,0
037320260626,20260626,73,小松島,2026062573,オッズパーク杯,1,2,3,A級,チ一般,1625,4,6,2026-06-26 21:29,雨,0.4,0
047320260626,20260626,73,小松島,2026062573,オッズパーク杯,1,2,4,A級,チ一般,1625,4,7,2026-06-26 21:53,雨,0.4,0
057320260626,20260626,73,小松島,2026062573,オッズパーク杯,1,2,5,A級,チ準決,1625,4,7,2026-06-26 22:18,雨,0.4,0
067320260626,20260626,73,小松島,2026062573,オッズパーク杯,1,2,6,A級,チ準決,1625,4,7,2026-06-26 22:45,雨,0.4,0
077320260626,20260626,73,小松島,2026062573,オッズパーク杯,1,2,7,A級,チ準決,1625,4,7,2026-06-26 23:12,雨,0.4,0
016220260626,20260626,62,広島,2026062662,オッズパーク杯,1,1,1,A級,予選,1615,4,7,2026-06-26 08:30,雨,0.3,0
026220260626,20260626,62,広島,2026062662,オッズパーク杯,1,1,2,A級,予選,1615,4,7,2026-06-26 08:50,雨,0.8,0
036220260626,20260626,62,広島,2026062662,オッズパーク杯,1,1,3,A級,予選,1615,4,7,2026-06-26 09:11,雨,1.6,0
046220260626,20260626,62,広島,2026062662,オッズパーク杯,1,1,4,A級,予選,1615,4,7,2026-06-26 09:32,雨,0.5,0
056220260626,20260626,62,広島,2026062662,オッズパーク杯,1,1,5,A級,予選,1615,4,7,2026-06-26 09:53,雨,0.6,0
066220260626,20260626,62,広島,2026062662,オッズパーク杯,1,1,6,A級,予選,1615,4,7,2026-06-26 10:14,雨,0.7,0
076220260626,20260626,62,広島,2026062662,オッズパーク杯,1,1,7,A級,初特選,1615,4,7,2026-06-26 10:35,雨,0.7,0
018120260626,20260626,81,小倉,2026062681,ＬＯＶＥ ＦＭ杯×ウィンチケ杯,2,1,1,A級,予選,1625,4,7,2026-06-26 15:54,雨,0.0,0
028120260626,20260626,81,小倉,2026062681,ＬＯＶＥ ＦＭ杯×ウィンチケ杯,2,1,2,A級,予選,1625,4,7,2026-06-26 16:16,雨,0.0,0
038120260626,20260626,81,小倉,2026062681,ＬＯＶＥ ＦＭ杯×ウィンチケ杯,2,1,3,A級,予選,1625,4,7,2026-06-26 16:38,雨,0.0,0
048120260626,20260626,81,小倉,2026062681,ＬＯＶＥ ＦＭ杯×ウィンチケ杯,2,1,4,A級,予選,1625,4,7,2026-06-26 17:02,雨,0.0,0
058120260626,20260626,81,小倉,2026062681,ＬＯＶＥ ＦＭ杯×ウィンチケ杯,2,1,5,A級,初特選,1625,4,7,2026-06-26 17:26,雨,0.0,0
068120260626,20260626,81,小倉,2026062681,ＬＯＶＥ ＦＭ杯×ウィンチケ杯,2,1,6,L級,ガ予１,1625,4,7,2026-06-26 17:50,雨,0.0,0
078120260626,20260626,81,小倉,2026062681,ＬＯＶＥ ＦＭ杯×ウィンチケ杯,2,1,7,L級,ガ予１,1625,4,7,2026-06-26 18:14,雨,0.0,0
088120260626,20260626,81,小倉,2026062681,ＬＯＶＥ ＦＭ杯×ウィンチケ杯,2,1,8,S級,予選,2025,5,7,2026-06-26 18:38,雨,0.0,0
098120260626,20260626,81,小倉,2026062681,ＬＯＶＥ ＦＭ杯×ウィンチケ杯,2,1,9,S級,予選,2025,5,7,2026-06-26 19:02,雨,0.0,0
108120260626,20260626,81,小倉,2026062681,ＬＯＶＥ ＦＭ杯×ウィンチケ杯,2,1,10,S級,予選,2025,5,7,2026-06-26 19:26,雨,0.0,0
118120260626,20260626,81,小倉,2026062681,ＬＯＶＥ ＦＭ杯×ウィンチケ杯,2,1,11,S級,予選,2025,5,7,2026-06-26 19:51,雨,0.0,0
128120260626,20260626,81,小倉,2026062681,ＬＯＶＥ ＦＭ杯×ウィンチケ杯,2,1,12,S級,初特選,2025,5,7,2026-06-26 20:17,雨,0.0,0
011220260627,20260627,12,青森,2026062512,楽天Ｋドリームス杯,1,3,1,A級,チ一般,1625,4,6,2026-06-27 20:57,晴れ,1.0,0
021220260627,20260627,12,青森,2026062512,楽天Ｋドリームス杯,1,3,2,A級,チ一般,1625,4,7,2026-06-27 21:21,晴れ,1.0,0
031220260627,20260627,12,青森,2026062512,楽天Ｋドリームス杯,1,3,3,A級,チ一般,1625,4,7,2026-06-27 21:45,晴れ,1.0,0
041220260627,20260627,12,青森,2026062512,楽天Ｋドリームス杯,1,3,4,A級,チ選抜,1625,4,7,2026-06-27 22:09,晴れ,1.0,0
051220260627,20260627,12,青森,2026062512,楽天Ｋドリームス杯,1,3,5,A級,チ選抜,1625,4,7,2026-06-27 22:36,晴れ,1.0,0
061220260627,20260627,12,青森,2026062512,楽天Ｋドリームス杯,1,3,6,A級,チ選抜,1625,4,7,2026-06-27 23:03,晴れ,1.0,0
071220260627,20260627,12,青森,2026062512,楽天Ｋドリームス杯,1,3,7,A級,チ決勝,1625,4,7,2026-06-27 23:30,晴れ,1.0,0
013120260627,20260627,31,松戸,2026062531,第２３回さわやかチャレンジＣ,2,3,1,A級,一般,1682,5,7,2026-06-27 16:06,雨,0.5,0
023120260627,20260627,31,松戸,2026062531,第２３回さわやかチャレンジＣ,2,3,2,A級,一般,1682,5,7,2026-06-27 16:28,曇り,0.5,0
033120260627,20260627,31,松戸,2026062531,第２３回さわやかチャレンジＣ,2,3,3,A級,特選,1682,5,7,2026-06-27 16:50,曇り,1.0,0
043120260627,20260627,31,松戸,2026062531,第２３回さわやかチャレンジＣ,2,3,4,A級,特選,1682,5,7,2026-06-27 17:14,曇り,1.0,0
053120260627,20260627,31,松戸,2026062531,第２３回さわやかチャレンジＣ,2,3,5,S級,一般,2015,6,6,2026-06-27 17:38,雨,0.5,0
063120260627,20260627,31,松戸,2026062531,第２３回さわやかチャレンジＣ,2,3,6,S級,一般,2015,6,6,2026-06-27 18:02,雨,0.5,0
073120260627,20260627,31,松戸,2026062531,第２３回さわやかチャレンジＣ,2,3,7,S級,一般,2015,6,6,2026-06-27 18:26,雨,0.5,0
083120260627,20260627,31,松戸,2026062531,第２３回さわやかチャレンジＣ,2,3,8,S級,特選,2015,6,7,2026-06-27 18:50,曇り,0.5,0
093120260627,20260627,31,松戸,2026062531,第２３回さわやかチャレンジＣ,2,3,9,S級,特選,2015,6,7,2026-06-27 19:14,曇り,0.5,0
103120260627,20260627,31,松戸,2026062531,第２３回さわやかチャレンジＣ,2,3,10,S級,特選,2015,6,7,2026-06-27 19:38,曇り,0.5,0
113120260627,20260627,31,松戸,2026062531,第２３回さわやかチャレンジＣ,2,3,11,A級,決勝,1682,5,7,2026-06-27 20:04,曇り,0.5,0
123120260627,20260627,31,松戸,2026062531,第２３回さわやかチャレンジＣ,2,3,12,S級,決勝,2015,6,7,2026-06-27 20:30,曇り,0.5,0
014420260627,20260627,44,大垣,2026062544,前検日コメならウィンチケット杯,1,3,1,L級,ガ一般,1625,4,7,2026-06-27 20:49,曇り,1.0,0
024420260627,20260627,44,大垣,2026062544,前検日コメならウィンチケット杯,1,3,2,A級,チ一般,1625,4,7,2026-06-27 21:13,曇り,1.0,0
034420260627,20260627,44,大垣,2026062544,前検日コメならウィンチケット杯,1,3,3,A級,チ一般,1625,4,7,2026-06-27 21:37,曇り,1.0,0
044420260627,20260627,44,大垣,2026062544,前検日コメならウィンチケット杯,1,3,4,A級,チ選抜,1625,4,7,2026-06-27 22:01,曇り,1.5,0
054420260627,20260627,44,大垣,2026062544,前検日コメならウィンチケット杯,1,3,5,A級,チ選抜,1625,4,7,2026-06-27 22:27,曇り,1.0,0
064420260627,20260627,44,大垣,2026062544,前検日コメならウィンチケット杯,1,3,6,L級,ガ決勝,1625,4,7,2026-06-27 22:54,曇り,1.0,0
074420260627,20260627,44,大垣,2026062544,前検日コメならウィンチケット杯,1,3,7,A級,チ決勝,1625,4,7,2026-06-27 23:21,曇り,0.5,0
014620260627,20260627,46,富山,2026062546,オッズパーク杯,2,3,1,A級,一般,1682,5,6,2026-06-27 10:45,曇り,1.0,0
024620260627,20260627,46,富山,2026062546,オッズパーク杯,2,3,2,A級,一般,1682,5,7,2026-06-27 11:11,曇り,1.5,0
034620260627,20260627,46,富山,2026062546,オッズパーク杯,2,3,3,A級,特選,1682,5,7,2026-06-27 11:38,曇り,2.0,0
044620260627,20260627,46,富山,2026062546,オッズパーク杯,2,3,4,A級,特選,1682,5,7,2026-06-27 12:06,曇り,2.0,0
054620260627,20260627,46,富山,2026062546,オッズパーク杯,2,3,5,S級,一般,2015,6,7,2026-06-27 12:34,曇り,2.0,0
064620260627,20260627,46,富山,2026062546,オッズパーク杯,2,3,6,S級,一般,2015,6,7,2026-06-27 13:02,曇り,2.0,0
074620260627,20260627,46,富山,2026062546,オッズパーク杯,2,3,7,S級,一般,2015,6,7,2026-06-27 13:30,曇り,2.0,0
084620260627,20260627,46,富山,2026062546,オッズパーク杯,2,3,8,S級,特選,2015,6,7,2026-06-27 13:58,曇り,2.0,0
094620260627,20260627,46,富山,2026062546,オッズパーク杯,2,3,9,S級,特選,2015,6,7,2026-06-27 14:27,曇り,2.0,0
104620260627,20260627,46,富山,2026062546,オッズパーク杯,2,3,10,S級,特選,2015,6,7,2026-06-27 14:57,晴れ,2.0,0
114620260627,20260627,46,富山,2026062546,オッズパーク杯,2,3,11,A級,決勝,1682,5,7,2026-06-27 15:28,晴れ,2.0,0
124620260627,20260627,46,富山,2026062546,オッズパーク杯,2,3,12,S級,決勝,2015,6,7,2026-06-27 15:59,曇り,2.0,0
017320260627,20260627,73,小松島,2026062573,オッズパーク杯,1,3,1,L級,ガ一般,1625,4,6,2026-06-27 20:41,雨,0.9,0
027320260627,20260627,73,小松島,2026062573,オッズパーク杯,1,3,2,A級,チ一般,1625,4,6,2026-06-27 21:05,曇り,0.9,0
037320260627,20260627,73,小松島,2026062573,オッズパーク杯,1,3,3,A級,チ一般,1625,4,6,2026-06-27 21:29,曇り,1.3,0
047320260627,20260627,73,小松島,2026062573,オッズパーク杯,1,3,4,A級,チ選抜,1625,4,7,2026-06-27 21:53,曇り,1.8,0
057320260627,20260627,73,小松島,2026062573,オッズパーク杯,1,3,5,A級,チ選抜,1625,4,7,2026-06-27 22:18,曇り,0.9,0
067320260627,20260627,73,小松島,2026062573,オッズパーク杯,1,3,6,L級,ガ決勝,1625,4,7,2026-06-27 22:45,曇り,2.2,0
077320260627,20260627,73,小松島,2026062573,オッズパーク杯,1,3,7,A級,チ決勝,1625,4,7,2026-06-27 23:12,曇り,2.2,0
016220260627,20260627,62,広島,2026062662,オッズパーク杯,1,2,1,A級,一般,1615,4,7,2026-06-27 08:30,曇り,0.8,0
026220260627,20260627,62,広島,2026062662,オッズパーク杯,1,2,2,A級,一般,1615,4,7,2026-06-27 08:50,曇り,2.1,0
036220260627,20260627,62,広島,2026062662,オッズパーク杯,1,2,3,A級,選抜,1615,4,7,2026-06-27 09:10,曇り,1.1,0
046220260627,20260627,62,広島,2026062662,オッズパーク杯,1,2,4,A級,選抜,1615,4,7,2026-06-27 09:30,曇り,0.8,0
056220260627,20260627,62,広島,2026062662,オッズパーク杯,1,2,5,A級,準決勝,1615,4,7,2026-06-27 09:50,曇り,0.9,0
066220260627,20260627,62,広島,2026062662,オッズパーク杯,1,2,6,A級,準決勝,1615,4,7,2026-06-27 10:10,曇り,1.2,0
076220260627,20260627,62,広島,2026062662,オッズパーク杯,1,2,7,A級,準決勝,1615,4,7,2026-06-27 10:30,曇り,1.4,0
018120260627,20260627,81,小倉,2026062681,ＬＯＶＥ ＦＭ杯×ウィンチケ杯,2,2,1,A級,一般,1625,4,7,2026-06-27 15:51,曇り,0.0,0
028120260627,20260627,81,小倉,2026062681,ＬＯＶＥ ＦＭ杯×ウィンチケ杯,2,2,2,A級,一般,1625,4,7,2026-06-27 16:14,曇り,0.0,0
038120260627,20260627,81,小倉,2026062681,ＬＯＶＥ ＦＭ杯×ウィンチケ杯,2,2,3,A級,準決勝,1625,4,7,2026-06-27 16:38,曇り,0.0,0
048120260627,20260627,81,小倉,2026062681,ＬＯＶＥ ＦＭ杯×ウィンチケ杯,2,2,4,A級,準決勝,1625,4,7,2026-06-27 17:02,曇り,0.0,0
058120260627,20260627,81,小倉,2026062681,ＬＯＶＥ ＦＭ杯×ウィンチケ杯,2,2,5,A級,準決勝,1625,4,7,2026-06-27 17:26,曇り,0.0,0
068120260627,20260627,81,小倉,2026062681,ＬＯＶＥ ＦＭ杯×ウィンチケ杯,2,2,6,L級,ガ予２,1625,4,7,2026-06-27 17:50,曇り,0.0,0
078120260627,20260627,81,小倉,2026062681,ＬＯＶＥ ＦＭ杯×ウィンチケ杯,2,2,7,L級,ガ予２,1625,4,7,2026-06-27 18:14,曇り,0.0,0
088120260627,20260627,81,小倉,2026062681,ＬＯＶＥ ＦＭ杯×ウィンチケ杯,2,2,8,S級,一般,2025,5,7,2026-06-27 18:38,曇り,0.0,0
098120260627,20260627,81,小倉,2026062681,ＬＯＶＥ ＦＭ杯×ウィンチケ杯,2,2,9,S級,一般,2025,5,7,2026-06-27 19:02,曇り,0.0,0
108120260627,20260627,81,小倉,2026062681,ＬＯＶＥ ＦＭ杯×ウィンチケ杯,2,2,10,S級,準決勝,2025,5,7,2026-06-27 19:26,曇り,0.0,0
118120260627,20260627,81,小倉,2026062681,ＬＯＶＥ ＦＭ杯×ウィンチケ杯,2,2,11,S級,準決勝,2025,5,7,2026-06-27 19:51,曇り,0.0,0
128120260627,20260627,81,小倉,2026062681,ＬＯＶＥ ＦＭ杯×ウィンチケ杯,2,2,12,S級,準決勝,2025,5,7,2026-06-27 20:17,曇り,0.0,0
012320260627,20260627,23,取手,2026062723,水戸黄門賞,3,1,1,S級,一予選,2025,5,9,2026-06-27 10:58,雨,1.0,0
022320260627,20260627,23,取手,2026062723,水戸黄門賞,3,1,2,S級,一予選,2025,5,9,2026-06-27 11:24,雨,1.0,0
032320260627,20260627,23,取手,2026062723,水戸黄門賞,3,1,3,S級,一予選,2025,5,9,2026-06-27 11:52,雨,1.0,0
042320260627,20260627,23,取手,2026062723,水戸黄門賞,3,1,4,S級,一予選,2025,5,9,2026-06-27 12:20,雨,1.0,0
052320260627,20260627,23,取手,2026062723,水戸黄門賞,3,1,5,S級,一予選,2025,5,9,2026-06-27 12:48,曇り,1.0,0
062320260627,20260627,23,取手,2026062723,水戸黄門賞,3,1,6,S級,一予選,2025,5,9,2026-06-27 13:16,雨,1.0,0
072320260627,20260627,23,取手,2026062723,水戸黄門賞,3,1,7,S級,一予選,2025,5,9,2026-06-27 13:44,雨,1.0,0
082320260627,20260627,23,取手,2026062723,水戸黄門賞,3,1,8,S級,一予選,2025,5,9,2026-06-27 14:12,雨,1.0,0
092320260627,20260627,23,取手,2026062723,水戸黄門賞,3,1,9,S級,一予選,2025,5,9,2026-06-27 14:42,雨,1.0,0
102320260627,20260627,23,取手,2026062723,水戸黄門賞,3,1,10,S級,一予選,2025,5,9,2026-06-27 15:12,雨,1.0,0
112320260627,20260627,23,取手,2026062723,水戸黄門賞,3,1,11,S級,一予選,2025,5,9,2026-06-27 15:44,雨,1.0,0
122320260627,20260627,23,取手,2026062723,水戸黄門賞,3,1,12,S級,初特選,2025,5,9,2026-06-27 16:21,雨,1.0,0
014320260627,20260627,43,岐阜,2026062743,チャリロト杯,1,1,1,L級,ガ予１,1625,4,7,2026-06-27 08:40,雨,0.4,0
024320260627,20260627,43,岐阜,2026062743,チャリロト杯,1,1,2,L級,ガ予１,1625,4,7,2026-06-27 09:00,雨,0.2,0
034320260627,20260627,43,岐阜,2026062743,チャリロト杯,1,1,3,A級,特予選,1625,4,7,2026-06-27 09:20,雨,0.2,0
044320260627,20260627,43,岐阜,2026062743,チャリロト杯,1,1,4,A級,特予選,1625,4,7,2026-06-27 09:40,雨,0.2,0
054320260627,20260627,43,岐阜,2026062743,チャリロト杯,1,1,5,A級,特予選,1625,4,7,2026-06-27 10:00,雨,0.2,0
064320260627,20260627,43,岐阜,2026062743,チャリロト杯,1,1,6,A級,特予選,1625,4,7,2026-06-27 10:20,雨,0.2,0
074320260627,20260627,43,岐阜,2026062743,チャリロト杯,1,1,7,A級,初特選,1625,4,7,2026-06-27 10:40,雨,0.2,0
016220260628,20260628,62,広島,2026062662,オッズパーク杯,1,3,1,A級,一般,1615,4,7,2026-06-28 08:30,雨,0.4,0
026220260628,20260628,62,広島,2026062662,オッズパーク杯,1,3,2,A級,一般,1615,4,7,2026-06-28 08:50,雨,0.3,0
036220260628,20260628,62,広島,2026062662,オッズパーク杯,1,3,3,A級,一般,1615,4,7,2026-06-28 09:10,曇り,0.3,0
046220260628,20260628,62,広島,2026062662,オッズパーク杯,1,3,4,A級,特選,1615,4,7,2026-06-28 09:30,曇り,0.4,0
056220260628,20260628,62,広島,2026062662,オッズパーク杯,1,3,5,A級,特選,1615,4,7,2026-06-28 09:50,曇り,0.4,0
066220260628,20260628,62,広島,2026062662,オッズパーク杯,1,3,6,A級,特選,1615,4,7,2026-06-28 10:10,曇り,0.3,0
076220260628,20260628,62,広島,2026062662,オッズパーク杯,1,3,7,A級,決勝,1615,4,7,2026-06-28 10:30,曇り,0.5,0
018120260628,20260628,81,小倉,2026062681,ＬＯＶＥ ＦＭ杯×ウィンチケ杯,2,3,1,A級,一般,1625,4,6,2026-06-28 15:45,晴れ,0.0,0
028120260628,20260628,81,小倉,2026062681,ＬＯＶＥ ＦＭ杯×ウィンチケ杯,2,3,2,A級,一般,1625,4,6,2026-06-28 16:10,晴れ,0.0,0
038120260628,20260628,81,小倉,2026062681,ＬＯＶＥ ＦＭ杯×ウィンチケ杯,2,3,3,A級,特選,1625,4,7,2026-06-28 16:35,晴れ,0.0,0
048120260628,20260628,81,小倉,2026062681,ＬＯＶＥ ＦＭ杯×ウィンチケ杯,2,3,4,A級,特選,1625,4,7,2026-06-28 17:00,晴れ,0.0,0
058120260628,20260628,81,小倉,2026062681,ＬＯＶＥ ＦＭ杯×ウィンチケ杯,2,3,5,L級,ガ一般,1625,4,7,2026-06-28 17:26,晴れ,0.0,0
068120260628,20260628,81,小倉,2026062681,ＬＯＶＥ ＦＭ杯×ウィンチケ杯,2,3,6,S級,一般,2025,5,6,2026-06-28 17:52,晴れ,0.0,0
078120260628,20260628,81,小倉,2026062681,ＬＯＶＥ ＦＭ杯×ウィンチケ杯,2,3,7,S級,一般,2025,5,6,2026-06-28 18:18,晴れ,0.0,0
088120260628,20260628,81,小倉,2026062681,ＬＯＶＥ ＦＭ杯×ウィンチケ杯,2,3,8,S級,特選,2025,5,7,2026-06-28 18:44,晴れ,0.0,0
098120260628,20260628,81,小倉,2026062681,ＬＯＶＥ ＦＭ杯×ウィンチケ杯,2,3,9,S級,特選,2025,5,7,2026-06-28 19:10,晴れ,0.0,0
108120260628,20260628,81,小倉,2026062681,ＬＯＶＥ ＦＭ杯×ウィンチケ杯,2,3,10,L級,ガ決勝,1625,4,7,2026-06-28 19:36,晴れ,0.0,0
118120260628,20260628,81,小倉,2026062681,ＬＯＶＥ ＦＭ杯×ウィンチケ杯,2,3,11,A級,決勝,1625,4,7,2026-06-28 20:03,晴れ,0.0,0
128120260628,20260628,81,小倉,2026062681,ＬＯＶＥ ＦＭ杯×ウィンチケ杯,2,3,12,S級,決勝,2025,5,7,2026-06-28 20:30,晴れ,0.0,0
012320260628,20260628,23,取手,2026062723,水戸黄門賞,3,2,1,S級,選抜,2025,5,8,2026-06-28 10:45,雨,1.0,0
022320260628,20260628,23,取手,2026062723,水戸黄門賞,3,2,2,S級,選抜,2025,5,8,2026-06-28 11:14,雨,1.0,0
032320260628,20260628,23,取手,2026062723,水戸黄門賞,3,2,3,S級,選抜,2025,5,9,2026-06-28 11:44,曇り,1.0,0
042320260628,20260628,23,取手,2026062723,水戸黄門賞,3,2,4,S級,選抜,2025,5,9,2026-06-28 12:14,曇り,1.0,0
052320260628,20260628,23,取手,2026062723,水戸黄門賞,3,2,5,S級,選抜,2025,5,9,2026-06-28 12:45,曇り,1.0,0
062320260628,20260628,23,取手,2026062723,水戸黄門賞,3,2,6,S級,二予選,2025,5,9,2026-06-28 13:16,曇り,2.0,0
072320260628,20260628,23,取手,2026062723,水戸黄門賞,3,2,7,S級,二予選,2025,5,9,2026-06-28 13:47,曇り,1.0,0
082320260628,20260628,23,取手,2026062723,水戸黄門賞,3,2,8,S級,二予選,2025,5,9,2026-06-28 14:18,曇り,1.0,0
092320260628,20260628,23,取手,2026062723,水戸黄門賞,3,2,9,S級,二予選,2025,5,9,2026-06-28 14:49,曇り,1.0,0
102320260628,20260628,23,取手,2026062723,水戸黄門賞,3,2,10,S級,二予選,2025,5,9,2026-06-28 15:20,曇り,1.0,0
112320260628,20260628,23,取手,2026062723,水戸黄門賞,3,2,11,S級,二予選,2025,5,9,2026-06-28 15:52,曇り,1.0,0
122320260628,20260628,23,取手,2026062723,水戸黄門賞,3,2,12,S級,二予選,2025,5,9,2026-06-28 16:24,曇り,1.0,0
014320260628,20260628,43,岐阜,2026062743,チャリロト杯,1,2,1,L級,ガ予２,1625,4,7,2026-06-28 08:40,曇り,0.2,0
024320260628,20260628,43,岐阜,2026062743,チャリロト杯,1,2,2,L級,ガ予２,1625,4,7,2026-06-28 09:00,雨,0.2,0
034320260628,20260628,43,岐阜,2026062743,チャリロト杯,1,2,3,A級,特一般,1625,4,7,2026-06-28 09:20,曇り,0.2,0
044320260628,20260628,43,岐阜,2026062743,チャリロト杯,1,2,4,A級,特一般,1625,4,7,2026-06-28 09:40,曇り,0.2,0
054320260628,20260628,43,岐阜,2026062743,チャリロト杯,1,2,5,A級,準決勝,1625,4,7,2026-06-28 10:00,曇り,0.4,0
064320260628,20260628,43,岐阜,2026062743,チャリロト杯,1,2,6,A級,準決勝,1625,4,7,2026-06-28 10:20,曇り,0.2,0
074320260628,20260628,43,岐阜,2026062743,チャリロト杯,1,2,7,A級,準決勝,1625,4,7,2026-06-28 10:40,雨,0.4,0
013720260628,20260628,37,伊東,2026062837,リンカイ！ 伊東泉カップ,1,1,1,L級,ガ予１,1692,5,6,2026-06-28 20:41,雨,0.5,0
023720260628,20260628,37,伊東,2026062837,リンカイ！ 伊東泉カップ,1,1,2,L級,ガ予１,1692,5,7,2026-06-28 21:05,雨,0.5,0
033720260628,20260628,37,伊東,2026062837,リンカイ！ 伊東泉カップ,1,1,3,A級,チ予選,1692,5,7,2026-06-28 21:29,雨,0.5,0
043720260628,20260628,37,伊東,2026062837,リンカイ！ 伊東泉カップ,1,1,4,A級,チ予選,1692,5,7,2026-06-28 21:53,雨,0.5,0
053720260628,20260628,37,伊東,2026062837,リンカイ！ 伊東泉カップ,1,1,5,A級,チ予選,1692,5,7,2026-06-28 22:18,雨,0.5,0
063720260628,20260628,37,伊東,2026062837,リンカイ！ 伊東泉カップ,1,1,6,A級,チ予選,1692,5,7,2026-06-28 22:45,雨,0.5,0
073720260628,20260628,37,伊東,2026062837,リンカイ！ 伊東泉カップ,1,1,7,A級,チ予選,1692,5,7,2026-06-28 23:12,雨,0.5,0
016120260628,20260628,61,玉野,2026062861,前検日コメならウィンチケット杯,1,1,1,L級,ガ予１,1625,4,6,2026-06-28 20:57,曇り,0.4,0
026120260628,20260628,61,玉野,2026062861,前検日コメならウィンチケット杯,1,1,2,L級,ガ予１,1625,4,7,2026-06-28 21:21,曇り,0.4,0
036120260628,20260628,61,玉野,2026062861,前検日コメならウィンチケット杯,1,1,3,A級,特予選,1625,4,7,2026-06-28 21:45,曇り,0.4,0
046120260628,20260628,61,玉野,2026062861,前検日コメならウィンチケット杯,1,1,4,A級,特予選,1625,4,7,2026-06-28 22:09,曇り,0.4,0
056120260628,20260628,61,玉野,2026062861,前検日コメならウィンチケット杯,1,1,5,A級,特予選,1625,4,7,2026-06-28 22:36,曇り,0.4,0
066120260628,20260628,61,玉野,2026062861,前検日コメならウィンチケット杯,1,1,6,A級,特予選,1625,4,7,2026-06-28 23:03,曇り,0.4,0
076120260628,20260628,61,玉野,2026062861,前検日コメならウィンチケット杯,1,1,7,A級,初特選,1625,4,7,2026-06-28 23:30,曇り,0.4,0
018520260628,20260628,85,佐世保,2026062885,第６回ヒラマサカップ,1,1,1,A級,チ予選,1625,4,7,2026-06-28 20:49,晴れ,0.5,0
028520260628,20260628,85,佐世保,2026062885,第６回ヒラマサカップ,1,1,2,A級,チ予選,1625,4,7,2026-06-28 21:13,晴れ,0.5,0
038520260628,20260628,85,佐世保,2026062885,第６回ヒラマサカップ,1,1,3,A級,チ予選,1625,4,7,2026-06-28 21:37,晴れ,0.5,0
048520260628,20260628,85,佐世保,2026062885,第６回ヒラマサカップ,1,1,4,A級,チ予選,1625,4,7,2026-06-28 22:01,晴れ,0.5,0
058520260628,20260628,85,佐世保,2026062885,第６回ヒラマサカップ,1,1,5,A級,チ予選,1625,4,7,2026-06-28 22:27,晴れ,0.5,0
068520260628,20260628,85,佐世保,2026062885,第６回ヒラマサカップ,1,1,6,A級,チ予選,1625,4,7,2026-06-28 22:54,晴れ,0.5,0
078520260628,20260628,85,佐世保,2026062885,第６回ヒラマサカップ,1,1,7,A級,チ予選,1625,4,7,2026-06-28 23:21,晴れ,0.5,0
012320260629,20260629,23,取手,2026062723,水戸黄門賞,3,3,1,S級,一般,2025,5,7,2026-06-29 10:58,曇り,1.0,0
022320260629,20260629,23,取手,2026062723,水戸黄門賞,3,3,2,S級,一般,2025,5,7,2026-06-29 11:26,曇り,1.0,0
032320260629,20260629,23,取手,2026062723,水戸黄門賞,3,3,3,S級,一般,2025,5,8,2026-06-29 11:54,曇り,1.0,0
042320260629,20260629,23,取手,2026062723,水戸黄門賞,3,3,4,S級,選抜,2025,5,9,2026-06-29 12:22,曇り,1.0,0
052320260629,20260629,23,取手,2026062723,水戸黄門賞,3,3,5,S級,選抜,2025,5,9,2026-06-29 12:50,曇り,1.0,0
062320260629,20260629,23,取手,2026062723,水戸黄門賞,3,3,6,S級,選抜,2025,5,9,2026-06-29 13:18,曇り,1.0,0
072320260629,20260629,23,取手,2026062723,水戸黄門賞,3,3,7,S級,特選,2025,5,9,2026-06-29 13:46,曇り,1.0,0
082320260629,20260629,23,取手,2026062723,水戸黄門賞,3,3,8,S級,特選,2025,5,9,2026-06-29 14:16,曇り,1.0,0
092320260629,20260629,23,取手,2026062723,水戸黄門賞,3,3,9,S級,特選,2025,5,9,2026-06-29 14:46,曇り,1.0,0
102320260629,20260629,23,取手,2026062723,水戸黄門賞,3,3,10,S級,準決勝,2025,5,9,2026-06-29 15:16,曇り,2.0,0
112320260629,20260629,23,取手,2026062723,水戸黄門賞,3,3,11,S級,準決勝,2025,5,9,2026-06-29 15:46,晴れ,0.0,0
122320260629,20260629,23,取手,2026062723,水戸黄門賞,3,3,12,S級,準決勝,2025,5,9,2026-06-29 16:23,曇り,1.0,0
014320260629,20260629,43,岐阜,2026062743,チャリロト杯,1,3,1,L級,ガ一般,1625,4,7,2026-06-29 08:30,晴れ,0.2,0
024320260629,20260629,43,岐阜,2026062743,チャリロト杯,1,3,2,A級,特一般,1625,4,7,2026-06-29 08:50,晴れ,0.4,0
034320260629,20260629,43,岐阜,2026062743,チャリロト杯,1,3,3,A級,特一般,1625,4,7,2026-06-29 09:11,晴れ,1.2,0
044320260629,20260629,43,岐阜,2026062743,チャリロト杯,1,3,4,A級,特選,1625,4,7,2026-06-29 09:32,晴れ,0.8,0
054320260629,20260629,43,岐阜,2026062743,チャリロト杯,1,3,5,A級,特選,1625,4,7,2026-06-29 09:53,晴れ,0.4,0
064320260629,20260629,43,岐阜,2026062743,チャリロト杯,1,3,6,L級,ガ決勝,1625,4,7,2026-06-29 10:14,晴れ,0.4,0
074320260629,20260629,43,岐阜,2026062743,チャリロト杯,1,3,7,A級,決勝,1625,4,7,2026-06-29 10:35,晴れ,0.4,0
013720260629,20260629,37,伊東,2026062837,リンカイ！ 伊東泉カップ,1,2,1,L級,ガ予２,1692,5,6,2026-06-29 20:41,曇り,0.5,0
023720260629,20260629,37,伊東,2026062837,リンカイ！ 伊東泉カップ,1,2,2,L級,ガ予２,1692,5,6,2026-06-29 21:05,曇り,0.5,0
033720260629,20260629,37,伊東,2026062837,リンカイ！ 伊東泉カップ,1,2,3,A級,チ一般,1692,5,7,2026-06-29 21:29,曇り,0.5,0
043720260629,20260629,37,伊東,2026062837,リンカイ！ 伊東泉カップ,1,2,4,A級,チ一般,1692,5,7,2026-06-29 21:53,曇り,0.5,0
053720260629,20260629,37,伊東,2026062837,リンカイ！ 伊東泉カップ,1,2,5,A級,チ準決,1692,5,7,2026-06-29 22:18,曇り,0.5,0
063720260629,20260629,37,伊東,2026062837,リンカイ！ 伊東泉カップ,1,2,6,A級,チ準決,1692,5,7,2026-06-29 22:45,曇り,0.5,0
073720260629,20260629,37,伊東,2026062837,リンカイ！ 伊東泉カップ,1,2,7,A級,チ準決,1692,5,7,2026-06-29 23:12,曇り,0.5,0
016120260629,20260629,61,玉野,2026062861,前検日コメならウィンチケット杯,1,2,1,L級,ガ予２,1625,4,6,2026-06-29 20:57,晴れ,0.4,0
026120260629,20260629,61,玉野,2026062861,前検日コメならウィンチケット杯,1,2,2,L級,ガ予２,1625,4,7,2026-06-29 21:21,晴れ,0.4,0
036120260629,20260629,61,玉野,2026062861,前検日コメならウィンチケット杯,1,2,3,A級,特一般,1625,4,7,2026-06-29 21:45,晴れ,0.4,0
046120260629,20260629,61,玉野,2026062861,前検日コメならウィンチケット杯,1,2,4,A級,特一般,1625,4,7,2026-06-29 22:09,晴れ,0.4,0
056120260629,20260629,61,玉野,2026062861,前検日コメならウィンチケット杯,1,2,5,A級,準決勝,1625,4,7,2026-06-29 22:36,晴れ,0.4,0
066120260629,20260629,61,玉野,2026062861,前検日コメならウィンチケット杯,1,2,6,A級,準決勝,1625,4,7,2026-06-29 23:03,晴れ,0.4,0
076120260629,20260629,61,玉野,2026062861,前検日コメならウィンチケット杯,1,2,7,A級,準決勝,1625,4,7,2026-06-29 23:30,晴れ,0.4,0
018520260629,20260629,85,佐世保,2026062885,第６回ヒラマサカップ,1,2,1,A級,チ一般,1625,4,7,2026-06-29 20:49,晴れ,0.5,0
028520260629,20260629,85,佐世保,2026062885,第６回ヒラマサカップ,1,2,2,A級,チ一般,1625,4,7,2026-06-29 21:13,晴れ,0.5,0
038520260629,20260629,85,佐世保,2026062885,第６回ヒラマサカップ,1,2,3,A級,チ選抜,1625,4,7,2026-06-29 21:37,晴れ,0.5,0
048520260629,20260629,85,佐世保,2026062885,第６回ヒラマサカップ,1,2,4,A級,チ選抜,1625,4,7,2026-06-29 22:01,晴れ,0.5,0
058520260629,20260629,85,佐世保,2026062885,第６回ヒラマサカップ,1,2,5,A級,チ準決,1625,4,7,2026-06-29 22:27,晴れ,0.5,0
068520260629,20260629,85,佐世保,2026062885,第６回ヒラマサカップ,1,2,6,A級,チ準決,1625,4,7,2026-06-29 22:54,晴れ,0.5,0
078520260629,20260629,85,佐世保,2026062885,第６回ヒラマサカップ,1,2,7,A級,チ準決,1625,4,7,2026-06-29 23:21,晴れ,0.5,0
017420260629,20260629,74,高知,2026062974,第１回 喫茶スプーン杯,2,1,1,A級,予選,1500,3,7,2026-06-29 10:45,晴れ,2.0,0
027420260629,20260629,74,高知,2026062974,第１回 喫茶スプーン杯,2,1,2,A級,予選,1500,3,7,2026-06-29 11:12,晴れ,1.0,0
037420260629,20260629,74,高知,2026062974,第１回 喫茶スプーン杯,2,1,3,A級,予選,1500,3,7,2026-06-29 11:40,晴れ,1.0,0
047420260629,20260629,74,高知,2026062974,第１回 喫茶スプーン杯,2,1,4,A級,予選,1500,3,7,2026-06-29 12:08,晴れ,2.0,0
057420260629,20260629,74,高知,2026062974,第１回 喫茶スプーン杯,2,1,5,A級,初特選,1500,3,7,2026-06-29 12:36,晴れ,1.0,0
067420260629,20260629,74,高知,2026062974,第１回 喫茶スプーン杯,2,1,6,S級,予選,2000,4,7,2026-06-29 13:04,晴れ,1.0,0
077420260629,20260629,74,高知,2026062974,第１回 喫茶スプーン杯,2,1,7,S級,予選,2000,4,7,2026-06-29 13:32,晴れ,1.0,0
087420260629,20260629,74,高知,2026062974,第１回 喫茶スプーン杯,2,1,8,S級,予選,2000,4,7,2026-06-29 14:01,晴れ,1.0,0
097420260629,20260629,74,高知,2026062974,第１回 喫茶スプーン杯,2,1,9,S級,予選,2000,4,7,2026-06-29 14:31,晴れ,2.0,0
107420260629,20260629,74,高知,2026062974,第１回 喫茶スプーン杯,2,1,10,S級,予選,2000,4,7,2026-06-29 15:01,晴れ,2.0,0
117420260629,20260629,74,高知,2026062974,第１回 喫茶スプーン杯,2,1,11,S級,予選,2000,4,7,2026-06-29 15:32,晴れ,1.0,0
127420260629,20260629,74,高知,2026062974,第１回 喫茶スプーン杯,2,1,12,S級,初特選,2000,4,7,2026-06-29 16:04,晴れ,1.0,0
018420260629,20260629,84,武雄,2026062984,オッズパーク杯,2,1,1,A級,予選,1625,4,7,2026-06-29 15:53,晴れ,1.0,0
028420260629,20260629,84,武雄,2026062984,オッズパーク杯,2,1,2,A級,予選,1625,4,7,2026-06-29 16:16,晴れ,1.5,0
038420260629,20260629,84,武雄,2026062984,オッズパーク杯,2,1,3,A級,予選,1625,4,7,2026-06-29 16:41,晴れ,1.5,0
048420260629,20260629,84,武雄,2026062984,オッズパーク杯,2,1,4,A級,予選,1625,4,7,2026-06-29 17:06,晴れ,1.5,0
058420260629,20260629,84,武雄,2026062984,オッズパーク杯,2,1,5,A級,初特選,1625,4,7,2026-06-29 17:31,晴れ,1.0,0
068420260629,20260629,84,武雄,2026062984,オッズパーク杯,2,1,6,S級,予選,2025,5,7,2026-06-29 17:56,晴れ,1.0,0
078420260629,20260629,84,武雄,2026062984,オッズパーク杯,2,1,7,S級,予選,2025,5,7,2026-06-29 18:21,晴れ,1.0,0
088420260629,20260629,84,武雄,2026062984,オッズパーク杯,2,1,8,S級,予選,2025,5,7,2026-06-29 18:46,晴れ,1.0,0
098420260629,20260629,84,武雄,2026062984,オッズパーク杯,2,1,9,S級,予選,2025,5,7,2026-06-29 19:12,晴れ,0.5,0
108420260629,20260629,84,武雄,2026062984,オッズパーク杯,2,1,10,S級,予選,2025,5,7,2026-06-29 19:38,晴れ,0.5,0
118420260629,20260629,84,武雄,2026062984,オッズパーク杯,2,1,11,S級,予選,2025,5,7,2026-06-29 20:04,晴れ,1.0,0
128420260629,20260629,84,武雄,2026062984,オッズパーク杯,2,1,12,S級,初特選,2025,5,7,2026-06-29 20:30,晴れ,1.0,0
