race_id,schedule_id,race_number,order,car_number,player_id,player_name,factor,final_half,margin,accident,standing,back
011320260610,2026061013,1,1,7,015351,宮下一歩,逃,12.1,,,0,1
011320260610,2026061013,1,2,4,015515,平山優太,マ,12.1,2車身,,1,0
011320260610,2026061013,1,3,5,012800,豊田一馬,,12.0,3/4車身,,0,0
011320260610,2026061013,1,4,2,013219,宮本佳樹,,12.1,3車身,,0,0
011320260610,2026061013,1,5,1,013916,白石大輔,,12.3,1車身,,0,0
011320260610,2026061013,1,6,6,013647,光畑政志,,12.2,3車身,,0,0
011320260610,2026061013,1,7,3,014158,本間慎吾,,12.9,1車身1/2,,0,0
021320260610,2026061013,2,1,2,014941,江端隆司,捲,11.4,,,1,0
021320260610,2026061013,2,2,6,014765,樫村伸平,マ,11.5,1車身1/2,,0,0
021320260610,2026061013,2,3,7,012940,小室貴広,,11.7,3/4車身,,0,0
021320260610,2026061013,2,4,5,014784,萱島大介,,11.8,3/4車身,,0,0
021320260610,2026061013,2,5,1,014832,宮西翼,,11.4,3/4車輪,,0,0
021320260610,2026061013,2,6,3,015714,望月嘉人,,12.3,5車身,,0,1
021320260610,2026061013,2,7,4,014344,園田鉄兵,,12.3,1車身1/2,,0,0
031320260610,2026061013,3,1,3,013582,肥後尚己,差,11.9,,,0,0
031320260610,2026061013,3,2,7,015813,山本和虎,逃,12.1,3/4車身,,1,1
031320260610,2026061013,3,3,5,011634,中澤央治,,11.8,1/4車輪,,0,0
031320260610,2026061013,3,4,2,014325,蓮井祐輝,,11.8,1/2車身,,0,0
031320260610,2026061013,3,5,1,014587,鈴木謙二,,11.8,1/2車身,,0,0
031320260610,2026061013,3,6,4,013435,中石昌芳,,11.7,3/4車輪,,0,0
031320260610,2026061013,3,7,6,015126,高山雄丞,,12.0,1車身,,0,0
041320260610,2026061013,4,1,4,015785,福田健太,逃,11.5,,,0,1
041320260610,2026061013,4,2,3,014466,二藤元太,マ,11.4,1/8車輪,,1,0
041320260610,2026061013,4,3,1,013974,大竹野裕樹,,11.3,1車身,,0,0
041320260610,2026061013,4,4,2,012452,伊藤健詞,,11.3,1車輪,,0,0
041320260610,2026061013,4,5,5,013520,高木竜司,,11.3,1/2車身,,0,0
041320260610,2026061013,4,6,7,014157,原田泰志,,11.5,1/2車輪,,0,0
041320260610,2026061013,4,7,6,014615,藤原亮太,,11.4,3車身,,0,0
051320260610,2026061013,5,1,3,014066,池田勇人,差,11.4,,,1,0
051320260610,2026061013,5,2,4,015269,佐山寛明,捲,11.3,1車身,,0,0
051320260610,2026061013,5,3,1,014135,金澤幸司,,11.4,1/8車輪,,0,0
051320260610,2026061013,5,4,2,014769,坂本修一,,11.5,1/2車輪,,0,0
051320260610,2026061013,5,5,5,015259,小林稜武,,11.7,1/2車身,,0,1
061320260610,2026061013,6,1,1,013604,庄子信弘,差,11.9,,,1,0
061320260610,2026061013,6,2,6,015251,柿本大貴,捲,12.0,3/4車身,,0,1
061320260610,2026061013,6,3,5,013884,守谷陽介,,11.7,1/4車輪,,0,0
061320260610,2026061013,6,4,2,013653,森安崇之,,11.8,1車身1/2,,0,0
061320260610,2026061013,6,5,4,015446,林敬宏,,12.6,5車身,,0,0
061320260610,2026061013,6,6,3,013483,宮越孝治,,14.3,大差,,0,0
071320260610,2026061013,7,1,1,014080,近藤隆司,差,12.0,,,0,0
071320260610,2026061013,7,2,6,014710,花田将司,差,12.0,1車身1/2,,1,0
071320260610,2026061013,7,3,5,015433,山本勝利,,12.3,1/2車身,,0,1
071320260610,2026061013,7,4,4,014558,松尾透,,12.3,3車身,,0,0
071320260610,2026061013,7,5,3,014059,高塩讓次,,12.6,2車身,,0,0
071320260610,2026061013,7,0,2,013448,合志正臣,,0.0,,落車,0,0
081320260610,2026061013,8,1,4,014854,久島尚樹,差,11.1,,,0,0
081320260610,2026061013,8,2,2,014505,雨谷一樹,捲,11.0,1/2車身,,1,0
081320260610,2026061013,8,3,3,015656,甲斐俊祐,,11.3,1/8車輪,,0,1
081320260610,2026061013,8,4,7,014262,稲吉悠大,,11.1,3/4車輪,,0,0
081320260610,2026061013,8,5,5,014141,中川貴徳,,11.0,3/4車輪,,0,0
081320260610,2026061013,8,6,1,015554,近藤翔馬,,11.2,2車身,,0,0
081320260610,2026061013,8,7,6,015041,伊藤慶太郎,,11.7,5車身,,0,0
091320260610,2026061013,9,1,3,014462,小原太樹,差,11.7,,,1,0
091320260610,2026061013,9,2,5,014804,横山尚則,マ,11.6,1車輪,,0,0
091320260610,2026061013,9,3,1,015116,池野健太,,11.6,1/8車輪,,0,0
091320260610,2026061013,9,4,7,015525,鈴木浩太,,11.9,3/4車輪,,0,1
091320260610,2026061013,9,5,6,015005,野口正則,,11.6,3/4車輪,,0,0
091320260610,2026061013,9,6,2,014232,柴田洋輔,,11.6,3/4車輪,,0,0
091320260610,2026061013,9,7,4,014263,樫山恭柄,,12.0,3車身,,0,0
101320260610,2026061013,10,1,5,014996,岡本総,差,11.7,,,0,0
101320260610,2026061013,10,2,7,015825,南部翔大,逃,11.8,3/4車輪,,0,1
101320260610,2026061013,10,3,4,015442,仁藤秀,,11.5,1/2車輪,,0,0
101320260610,2026061013,10,4,2,014795,櫻井正孝,,11.5,1車輪,,1,0
101320260610,2026061013,10,5,3,012889,丸山啓一,,11.5,3/4車身,,0,0
101320260610,2026061013,10,6,1,014122,松岡貴久,,11.4,1車身1/2,,0,0
101320260610,2026061013,10,7,6,015643,小川将二郎,,12.2,3/4車身,,0,0
111320260610,2026061013,11,1,7,014952,多田晃紀,差,11.8,,,0,0
111320260610,2026061013,11,2,5,013976,明田春喜,マ,11.9,1車身1/2,,0,0
111320260610,2026061013,11,3,4,014954,日野博幸,,12.3,1車身1/2,,0,1
111320260610,2026061013,11,4,2,015529,塚本瑠羽,,11.7,1/4車輪,,0,0
111320260610,2026061013,11,5,3,015182,吉川希望,,12.0,1/8車輪,,0,0
111320260610,2026061013,11,6,1,014646,三浦雄大,,11.9,3/4車輪,,1,0
111320260610,2026061013,11,7,6,014383,河野要,,11.8,2車身,,0,0
121320260610,2026061013,12,1,7,014052,飯野祐太,差,11.5,,,0,0
121320260610,2026061013,12,2,1,013921,渡邉一成,捲,11.7,1車輪,,1,0
121320260610,2026061013,12,3,4,013920,山崎芳仁,,11.4,1/4車輪,,0,0
121320260610,2026061013,12,4,2,015362,脇本勇希,,11.7,1車身1/2,,0,0
121320260610,2026061013,12,5,3,014182,大川龍二,,11.5,1/2車輪,,0,0
121320260610,2026061013,12,6,6,015551,渡口勝成,,11.7,2車身,,0,0
121320260610,2026061013,12,7,5,014380,根田空史,,13.1,大差,,0,1
014420260610,2026061044,1,1,6,013641,竹内一暢,差,11.6,,,1,0
014420260610,2026061044,1,2,5,014265,松永真太,マ,11.4,1/4車輪,,0,0
014420260610,2026061044,1,3,2,015109,大利航平,,11.8,3/4車身,,0,1
014420260610,2026061044,1,4,3,014125,坂本昌宏,,11.4,3/4車輪,,0,0
014420260610,2026061044,1,5,4,013983,大崎智久,,11.3,1車身1/2,,0,0
014420260610,2026061044,1,6,1,014787,瀬口匠,,12.8,大差,,0,0
024420260610,2026061044,2,1,2,015903,谷澤優貴,逃,12.1,,,0,1
024420260610,2026061044,2,2,3,014070,秋葉大輔,差,11.9,1/2車輪,,0,0
024420260610,2026061044,2,3,1,015084,菅田謙仁,,12.1,1/2車身,,1,0
024420260610,2026061044,2,4,4,011712,金田健一郎,,12.0,2車身,,0,0
024420260610,2026061044,2,5,5,013925,黒田篤,,12.0,1車身,,0,0
024420260610,2026061044,2,6,6,015827,藤原夏志,,12.2,1車身1/2,,0,0
034420260610,2026061044,3,1,3,015462,溝口葵,逃,11.8,,,1,1
034420260610,2026061044,3,2,5,013036,深澤伸介,マ,11.8,1/2車身,,0,0
034420260610,2026061044,3,3,4,012298,星島太,,11.8,1車身,,0,0
034420260610,2026061044,3,4,1,014329,阿部功,,11.7,3/4車輪,,0,0
034420260610,2026061044,3,5,2,012586,佐藤和典,,11.7,2車身,,0,0
034420260610,2026061044,3,6,6,014828,川口聖翔,,12.3,3車身,,0,0
044420260610,2026061044,4,1,3,015338,土田栄二,差,12.0,,,1,0
044420260610,2026061044,4,2,7,014178,伊原克彦,捲,11.6,3/4車輪,,0,0
044420260610,2026061044,4,3,4,015792,貝原涼太,,12.3,3/4車身,,0,1
044420260610,2026061044,4,4,5,015735,岡本翔,,12.0,1/2車輪,,0,0
044420260610,2026061044,4,5,2,013042,渡邊健,,11.6,1/4車輪,,0,0
044420260610,2026061044,4,6,6,013551,女屋文伸,,12.0,1/2車輪,,0,0
044420260610,2026061044,4,7,1,015200,谷口幸司,,12.0,1車身,,0,0
054420260610,2026061044,5,1,1,015894,大塚城,逃,11.9,,,1,1
054420260610,2026061044,5,2,5,014078,植草亮介,マ,11.8,3/4車輪,,0,0
054420260610,2026061044,5,3,7,014302,武田憲祐,,11.7,3/4車身,,0,0
054420260610,2026061044,5,4,6,014829,桜井雄太,,11.5,1/2車輪,,0,0
054420260610,2026061044,5,5,2,014748,山口智弘,,11.5,1車身,,0,0
054420260610,2026061044,5,6,4,013929,宮内善光,,11.6,1車身,,0,0
054420260610,2026061044,5,7,3,015327,阿部架惟都,,11.8,1車身1/2,,0,0
064420260610,2026061044,6,1,1,015753,枝村弘樹,捲,11.9,,,0,0
064420260610,2026061044,6,2,5,015350,山本修平,差,11.6,1/4車輪,,0,0
064420260610,2026061044,6,3,3,013308,木村貴宏,,11.6,3/4車身,,0,0
064420260610,2026061044,6,4,6,014172,山田隼司,,11.9,1/8車輪,,0,0
064420260610,2026061044,6,5,7,015594,金田涼馬,,12.0,3/4車輪,,1,0
064420260610,2026061044,6,6,4,015689,菊地圭,,12.1,1車輪,,0,1
064420260610,2026061044,6,7,2,014825,稲葉一真,,12.0,1車輪,,0,0
074420260610,2026061044,7,1,2,015637,近藤雄太,差,11.9,,,1,0
074420260610,2026061044,7,2,1,014672,吉田茂生,差,12.0,1/2車身,,0,0
074420260610,2026061044,7,3,6,013890,藤原浩,,11.7,1/4車輪,,0,0
074420260610,2026061044,7,4,3,015830,細中翔太,,12.1,1車輪,,0,0
074420260610,2026061044,7,5,4,013748,佐々木省司,,11.8,3/4車身,,0,0
074420260610,2026061044,7,6,7,013966,大崎飛雄馬,,12.0,3/4車身,,0,0
074420260610,2026061044,7,7,5,015562,山本浩成,,12.3,1/2車身,,0,1
016320260610,2026061063,1,1,7,014257,岡崎克政,逃,10.6,,,0,1
016320260610,2026061063,1,2,1,015549,阿部龍也,マ,10.5,1/2車輪,,1,0
016320260610,2026061063,1,3,5,012132,甲斐下智,,10.5,3/4車身,,0,0
016320260610,2026061063,1,4,6,015300,ラモスレオ,,10.2,1/2車輪,,0,0
016320260610,2026061063,1,5,3,011847,赤松誠一,,10.4,3/4車身,,0,0
016320260610,2026061063,1,6,4,013272,古田義明,,10.1,3/4車輪,,0,0
016320260610,2026061063,1,7,2,015900,花田雄飛,,12.7,大差,,0,0
026320260610,2026061063,2,1,1,015925,川西康彦,捲,9.9,,,1,0
026320260610,2026061063,2,2,4,012914,武市和人,マ,10.2,4車身,,0,0
026320260610,2026061063,2,3,5,014880,野見泰要,,10.5,3/4車輪,,0,0
026320260610,2026061063,2,4,3,012754,小野祐作,,10.4,1/2車身,,0,0
026320260610,2026061063,2,5,7,011451,重一徳,,10.7,1車身,,0,0
026320260610,2026061063,2,6,2,015743,丸林駿太,,11.0,2車身,,0,1
026320260610,2026061063,2,7,6,012537,取鳥敬一,,11.5,9車身,,0,0
036320260610,2026061063,3,1,3,015848,與古田龍門,逃,10.0,,,0,1
036320260610,2026061063,3,2,4,014563,興呂木雄治,マ,9.9,1/2車輪,,0,0
036320260610,2026061063,3,3,1,012850,渡邉満,,9.9,1車身1/2,,1,0
036320260610,2026061063,3,4,7,013069,白川有司,,9.9,1車身,,0,0
036320260610,2026061063,3,5,2,014610,山村慮太,,9.7,1車身1/2,,0,0
036320260610,2026061063,3,6,5,013145,瓦田勝也,,9.9,1/2車身,,0,0
036320260610,2026061063,3,7,6,013788,白崎芳典,,11.2,大差,,0,0
046320260610,2026061063,4,1,6,015677,浜地晴帆,逃,10.9,,,0,1
046320260610,2026061063,4,2,3,015317,佐伯智恵,マ,10.7,1/2車輪,,0,0
046320260610,2026061063,4,3,1,015852,普久原美海,,10.6,3/4車身,,1,0
046320260610,2026061063,4,4,7,015082,高橋朋恵,,10.7,1/2車輪,,0,0
046320260610,2026061063,4,5,2,014909,浦部郁里,,10.5,1/2車身,,0,0
046320260610,2026061063,4,6,4,015849,佐藤乃愛,,10.7,1/2車身,,0,0
046320260610,2026061063,4,7,5,015503,田中月菜,,10.7,3/4車身,,0,0
056320260610,2026061063,5,1,4,014180,坂本匡洋,逃,9.9,,,0,1
056320260610,2026061063,5,2,1,012684,四宮哲郎,マ,9.8,1/2車身,,0,0
056320260610,2026061063,5,3,2,013652,隅直幸,,9.7,3/4車身,,0,0
056320260610,2026061063,5,4,5,014614,高橋清太郎,,9.3,1/2車身,,0,0
056320260610,2026061063,5,5,3,013370,三槻智清,,9.4,1車身1/2,,0,0
056320260610,2026061063,5,6,7,014359,関根彰人,,9.7,1/2車輪,,0,0
056320260610,2026061063,5,7,6,014853,中山敬太郎,,10.1,3車身,,0,0
066320260610,2026061063,6,1,1,014561,高橋義秋,差,10.3,,,1,0
066320260610,2026061063,6,2,5,015748,田中会心,逃,10.5,3/4車輪,,0,1
066320260610,2026061063,6,3,4,013363,宇根秀俊,,10.1,3/4車輪,,0,0
066320260610,2026061063,6,4,7,013512,長野和弘,,10.3,3/4車輪,,0,0
066320260610,2026061063,6,5,2,014402,泉谷直哉,,10.1,3/4車身,,0,0
066320260610,2026061063,6,6,3,014411,小谷文康,,10.2,3車身,,0,0
066320260610,2026061063,6,7,6,012473,清水邦章,,10.6,5車身,,0,0
076320260610,2026061063,7,1,4,014486,大瀬戸潤一郎,差,10.1,,,0,0
076320260610,2026061063,7,2,1,015194,船瀬惇平,逃,10.2,1/8車輪,,1,1
076320260610,2026061063,7,3,2,013447,坂本晃輝,,10.1,1車身,,0,0
076320260610,2026061063,7,4,5,014673,松田大,,10.1,1車身,,0,0
076320260610,2026061063,7,5,6,013068,城戸崎隆史,,10.2,1車身1/2,,0,0
076320260610,2026061063,7,6,3,015447,小浦凪,,10.4,1/2車輪,,0,0
076320260610,2026061063,7,7,7,014193,玉手翔,,10.7,2車身,,0,0
086320260610,2026061063,8,1,5,014820,中井勇介,捲,10.4,,,0,1
086320260610,2026061063,8,2,7,013863,吉田健市,マ,10.3,1/2車身,,0,0
086320260610,2026061063,8,3,1,013041,三浦稔希,,10.1,1/4車輪,,0,0
086320260610,2026061063,8,4,3,014843,峰重祐之介,,10.4,1/2車身,,1,0
086320260610,2026061063,8,5,4,014888,佐藤健太,,10.3,1/4車輪,,0,0
086320260610,2026061063,8,6,2,015754,成海大聖,,10.1,1車身,,0,0
086320260610,2026061063,8,7,6,013742,葛西雄太郎,,12.6,大差,,0,0
096320260610,2026061063,9,1,5,015828,秋末蓮,逃,9.9,,,0,1
096320260610,2026061063,9,2,1,015934,吉田航,マ,9.9,1/2車身,,1,0
096320260610,2026061063,9,3,6,011715,黒木誠一,,9.8,1車身1/2,,0,0
096320260610,2026061063,9,4,7,013802,大林亮介,,10.0,1/2車身,,0,0
096320260610,2026061063,9,5,4,011817,有賀高士,,9.8,3/4車身,,0,0
096320260610,2026061063,9,6,3,015190,大中拓磨,,10.2,1車身,,0,0
096320260610,2026061063,9,7,2,014099,坂本佳憲,,10.3,2車身,,0,0
106320260610,2026061063,10,1,1,015032,小林優香,捲,10.2,,,0,1
106320260610,2026061063,10,2,2,015853,中島瞳,マ,10.2,1/2車身,,0,0
106320260610,2026061063,10,3,3,015224,太田美穂,,10.4,3/4車身,,0,0
106320260610,2026061063,10,4,6,015399,高木佑真,,10.2,1車身1/2,,1,0
106320260610,2026061063,10,5,5,015766,宮西令奈,,10.4,1/4車輪,,0,0
106320260610,2026061063,10,6,4,015776,高本美穂,,10.4,3/4車身,,0,0
106320260610,2026061063,10,7,7,015075,溝口香奈,,10.3,3/4車身,,0,0
116320260610,2026061063,11,1,1,015835,藤井優希,捲,10.0,,,1,1
116320260610,2026061063,11,2,3,014475,高間悠平,マ,10.0,1車身1/2,,0,0
116320260610,2026061063,11,3,7,013803,三ツ石康洋,,10.3,4車身,,0,0
116320260610,2026061063,11,4,4,015457,村田瑞季,,10.3,1/2車輪,,0,0
116320260610,2026061063,11,5,6,015720,山元大夢,,10.2,1車身,,0,0
116320260610,2026061063,11,6,5,015640,矢部駿人,,11.2,7車身,,0,0
116320260610,2026061063,11,7,2,015565,入江航太,,11.1,1車輪,,0,0
012220260610,2026061022,1,1,5,014153,伊藤太一,差,10.0,,,0,0
012220260610,2026061022,1,2,3,014223,瀧野勝太,マ,10.0,1/2車身,,1,0
012220260610,2026061022,1,3,1,013828,引地正人,,10.3,3/4車輪,,0,1
012220260610,2026061022,1,4,2,015662,中山遼太郎,,10.0,3/4車身,,0,0
012220260610,2026061022,1,5,4,015238,井寺亮太,,10.0,3/4車身,,0,0
012220260610,2026061022,1,6,6,015534,牛田樹希斗,,10.1,1/2車身,,0,0
022220260610,2026061022,2,1,3,013827,佐藤雅彦,差,10.3,,,0,0
022220260610,2026061022,2,2,4,014699,小川大地,マ,10.3,1車身1/2,,0,0
022220260610,2026061022,2,2,5,013969,武田良太,差,10.1,1車身1/2,,0,0
022220260610,2026061022,2,4,2,012823,遠藤勝行,,10.1,1車輪,,0,0
022220260610,2026061022,2,5,1,014492,飯塚隼人,,10.2,1車輪,,0,0
022220260610,2026061022,2,6,7,013908,菅田和宏,,10.7,3/4車身,,1,1
022220260610,2026061022,2,7,6,014866,櫻井利之,,10.4,1車身,,0,0
032220260610,2026061022,3,1,2,015172,能代谷元,差,10.1,,,0,0
032220260610,2026061022,3,2,3,014720,高橋広大,マ,9.9,1車身,,0,0
032220260610,2026061022,3,3,4,015795,今井希,,10.5,3/4車輪,,0,1
032220260610,2026061022,3,4,1,012760,櫻井宏智,,9.7,タイヤ,,0,0
032220260610,2026061022,3,5,7,014933,奥原亨,,9.9,3/4車身,,1,0
032220260610,2026061022,3,6,6,012845,林成人,,9.7,1/2車輪,,0,0
032220260610,2026061022,3,7,5,013944,桐山敬太郎,,9.8,3車身,,0,0
042220260610,2026061022,4,1,1,015632,常次勇人,逃,9.8,,,0,1
042220260610,2026061022,4,2,7,014594,太田剛司,マ,9.8,1/2車身,,0,0
042220260610,2026061022,4,3,5,015247,小玉勇一,,9.7,3/4車身,,0,0
042220260610,2026061022,4,4,2,013555,台和紀,,9.7,1車身,,0,0
042220260610,2026061022,4,5,6,013736,榊原洋,,9.8,1車身1/2,,1,0
042220260610,2026061022,4,6,4,014044,八尋英輔,,9.6,2車身,,0,0
042220260610,2026061022,4,7,3,015192,藤原俊太郎,,10.2,1/4車輪,,0,0
052220260610,2026061022,5,1,1,015782,佐々木亮太,逃,10.1,,,0,1
052220260610,2026061022,5,2,5,013400,稲村好将,差,9.8,2車身,,0,0
052220260610,2026061022,5,3,2,015056,田村風起,,10.3,2車身,,0,0
052220260610,2026061022,5,4,7,012640,北村貴幸,,10.0,1/2車輪,,0,0
052220260610,2026061022,5,5,4,015193,藏本徹二,,10.0,1/2車身,,1,0
052220260610,2026061022,5,6,3,014684,松本卓也,,10.3,2車身,,0,0
052220260610,2026061022,5,7,6,015455,枠元一葵,,11.6,大差,,0,0
062220260610,2026061022,6,1,3,014081,田中晴基,差,9.8,,,1,0
062220260610,2026061022,6,2,4,014309,水谷好宏,差,9.7,3/4車身,,0,0
062220260610,2026061022,6,3,7,014819,太刀川一成,,9.9,3/4車身,,0,0
062220260610,2026061022,6,4,6,015507,上遠野拓馬,,10.3,1車身,,0,1
062220260610,2026061022,6,5,5,014043,中園和剛,,10.0,1/2車輪,,0,0
062220260610,2026061022,6,6,1,014096,伊藤成紀,,10.3,3車身,,0,0
062220260610,2026061022,6,7,2,015064,吉武信太朗,,11.0,4車身,,0,0
072220260610,2026061022,7,1,1,015262,内山雅貴,逃,9.4,,,0,1
072220260610,2026061022,7,2,4,013923,武田豊樹,マ,9.4,3/4車身,,0,0
072220260610,2026061022,7,3,7,012501,金子真也,,9.4,1車身1/2,,0,0
072220260610,2026061022,7,4,2,014098,菊谷信一,,9.3,1/2車身,,0,0
072220260610,2026061022,7,5,6,013306,齋藤登志信,,9.3,1車身1/2,,0,0
072220260610,2026061022,7,6,5,012786,佐藤康紀,,9.3,1車身1/2,,0,0
072220260610,2026061022,7,7,3,014136,金澤竜二,,10.2,7車身,,0,0
082220260610,2026061022,8,1,5,015713,望月湧世,逃,9.8,,,0,1
082220260610,2026061022,8,2,2,015638,昼田達哉,マ,9.7,3/4車身,,0,0
082220260610,2026061022,8,3,4,013685,岡田征陽,,9.7,1/8車輪,,1,0
082220260610,2026061022,8,4,3,015186,南潤,,9.5,3/4車輪,,0,0
082220260610,2026061022,8,5,6,014617,西岡拓朗,,9.7,1/4車輪,,0,0
082220260610,2026061022,8,6,1,014009,大澤雄大,,9.7,1/4車輪,,0,0
082220260610,2026061022,8,7,7,015694,浮島知稀,,9.9,1/2車輪,,0,0
092220260610,2026061022,9,1,2,015609,安倍大成,捲,9.5,,,0,0
092220260610,2026061022,9,2,5,014863,一戸康宏,マ,9.5,3/4車輪,,0,0
092220260610,2026061022,9,3,6,014565,中村健志,,9.3,1/2車身,,1,0
092220260610,2026061022,9,4,1,015660,河崎正晴,,9.5,1/2車身,,0,0
092220260610,2026061022,9,5,4,015690,斉藤樂,,9.3,1/4車輪,,0,0
092220260610,2026061022,9,6,3,015420,梁島邦友,,9.7,3/4車身,,0,1
092220260610,2026061022,9,7,7,015687,立花昌也,,9.3,1/2車身,,0,0
102220260610,2026061022,10,1,3,015211,平尾一晃,捲,9.4,,,1,0
102220260610,2026061022,10,2,7,015291,山口敦也,マ,9.3,3/4車身,,0,0
102220260610,2026061022,10,3,4,015826,久田朔,,9.5,1/2車輪,,0,1
102220260610,2026061022,10,4,5,015246,黒沢征治,,9.3,3/4車輪,,0,0
102220260610,2026061022,10,5,6,013994,杉山悠也,,9.3,1車身,,0,0
102220260610,2026061022,10,6,2,015346,鈴木薫,,9.6,1車輪,,0,0
102220260610,2026061022,10,7,1,014605,中井太祐,,10.0,7車身,,0,0
112220260610,2026061022,11,1,5,015473,青柳靖起,逃,9.8,,,0,1
112220260610,2026061022,11,2,2,014852,徳永哲人,マ,9.6,1/4車輪,,0,0
112220260610,2026061022,11,3,6,015124,山本拳也,,9.6,1車身1/2,,0,0
112220260610,2026061022,11,4,7,015440,長田龍拳,,9.7,タイヤ,,0,0
112220260610,2026061022,11,5,1,014588,柿澤大貴,,9.4,1/8車輪,,1,0
112220260610,2026061022,11,6,4,014168,高橋和也,,9.7,1車身1/2,,0,0
112220260610,2026061022,11,7,3,014394,不破将登,,9.6,1/2車輪,,0,0
122220260610,2026061022,12,1,2,015730,黒瀬浩太郎,捲,9.1,,,1,0
122220260610,2026061022,12,2,4,015198,今村麟太郎,マ,9.0,3/4車輪,,0,0
122220260610,2026061022,12,3,7,012339,内藤宣彦,,9.6,5車身,,0,0
122220260610,2026061022,12,4,3,014791,木村弘,,9.7,1/4車輪,,0,1
122220260610,2026061022,12,5,5,014754,横関裕樹,,9.4,1/2車輪,,0,0
122220260610,2026061022,12,6,1,013719,吉田敏洋,,9.3,1車身,,0,0
122220260610,2026061022,12,7,6,015703,牧田悠生,,9.2,1/2車輪,,0,0
012420260610,2026061024,1,1,4,014661,駒井大輔,逃,15.1,,,1,1
012420260610,2026061024,1,2,3,011792,木下章,マ,15.0,1/8車輪,,0,0
012420260610,2026061024,1,3,2,012650,笹川竜治,,14.8,3/4車輪,,0,0
012420260610,2026061024,1,4,1,014209,加美山隆行,,14.7,3/4車輪,,0,0
012420260610,2026061024,1,5,5,014351,田口守,,14.8,3車身,,0,0
022420260610,2026061024,2,1,5,013402,沼川夢久,差,14.7,,,0,0
022420260610,2026061024,2,2,4,013105,松本一成,逃,14.8,タイヤ,,1,1
022420260610,2026061024,2,3,2,012005,藤田和彦,,14.7,1/2車身,,0,0
022420260610,2026061024,2,4,3,015571,吉田悟,,14.5,3/4車身,,0,0
022420260610,2026061024,2,5,6,013397,鈴木龍之介,,0.0,大差,,0,0
022420260610,2026061024,2,0,1,013446,丸林一孝,,0.0,,欠車,0,0
032420260610,2026061024,3,1,1,015930,野津宏介,逃,15.0,,,1,1
032420260610,2026061024,3,2,2,013366,加藤昌平,差,14.8,1車身,,0,0
032420260610,2026061024,3,3,6,013738,眞鍋伸也,,15.0,1/2車輪,,0,0
032420260610,2026061024,3,4,3,014067,工藤考生,,14.8,3/4車身,,0,0
032420260610,2026061024,3,5,4,014124,石田宏樹,,14.7,1/4車輪,,0,0
032420260610,2026061024,3,6,7,012299,増成富夫,,14.6,1/2車身,,0,0
032420260610,2026061024,3,7,5,014772,細田純平,,14.5,3/4車輪,,0,0
042420260610,2026061024,4,1,1,015879,西本健三郎,逃,15.3,,,1,1
042420260610,2026061024,4,2,3,012496,中村淳,マ,15.2,1/8車輪,,0,0
042420260610,2026061024,4,3,2,013508,曽我部匡史,,15.2,1車身,,0,0
042420260610,2026061024,4,4,6,014872,玉村元気,,15.0,3/4車輪,,0,0
042420260610,2026061024,4,5,4,013082,小泉俊也,,14.9,3/4車身,,0,0
042420260610,2026061024,4,6,7,013299,五十嵐博一,,15.0,1/2車輪,,0,0
042420260610,2026061024,4,7,5,014490,永田隼一,,15.4,6車身,,0,0
052420260610,2026061024,5,1,4,015606,近藤圭佑,捲,15.0,,,0,0
052420260610,2026061024,5,2,6,014522,高橋佑輔,マ,14.9,1/4車輪,,0,0
052420260610,2026061024,5,3,1,014687,井上将志,,14.8,1/2車輪,,0,0
052420260610,2026061024,5,4,3,012861,小坂敏之,,14.6,1車輪,,0,0
052420260610,2026061024,5,5,7,013613,宗景祐樹,,14.8,1/2車身,,1,0
052420260610,2026061024,5,6,2,014449,片折勇輝,,15.3,3/4車身,,0,1
052420260610,2026061024,5,7,5,013184,相樂修,,14.8,3/4車輪,,0,0
062420260610,2026061024,6,1,4,015834,原田峻治,捲,14.8,,,1,1
062420260610,2026061024,6,2,3,013507,吉岡篤志,マ,14.7,1/4車輪,,0,0
062420260610,2026061024,6,3,1,014240,須藤誠,,14.7,3/4車輪,,0,0
062420260610,2026061024,6,4,2,011487,宮倉勇,,14.6,1車輪,,0,0
062420260610,2026061024,6,5,7,013763,川上真二郎,,15.2,5車身,,0,0
062420260610,2026061024,6,6,6,014282,石川恭規,,15.3,2車身,,0,0
062420260610,2026061024,6,7,5,014665,小峰烈,,15.8,3車身,,0,0
072420260610,2026061024,7,1,3,015750,徳永泰粋,捲,14.3,,,1,0
072420260610,2026061024,7,2,1,014235,鈴木庸之,差,14.3,3/4車輪,,0,0
072420260610,2026061024,7,3,2,013589,佐竹和也,,14.2,3/4車身,,0,0
072420260610,2026061024,7,4,7,013434,石黒健,,14.2,2車身,,0,0
072420260610,2026061024,7,5,4,013471,松坂英司,,14.7,1車身1/2,,0,0
072420260610,2026061024,7,6,6,014813,新井僚太郎,,15.0,3/4車輪,,0,1
072420260610,2026061024,7,7,5,015505,荻原寿嗣,,15.2,3車身,,0,0
082420260610,2026061024,8,1,1,015512,大高彰馬,捲,14.5,,,1,0
082420260610,2026061024,8,2,3,014570,松澤敬輔,マ,14.4,1/2車身,,0,0
082420260610,2026061024,8,3,2,013805,溪飛雄馬,,14.5,3/4車輪,,0,0
082420260610,2026061024,8,4,5,012766,立石拓也,,14.4,1/2車身,,0,0
082420260610,2026061024,8,5,6,015698,佐藤譲士郎,,14.5,2車身,,0,0
082420260610,2026061024,8,6,4,015550,山崎航,,14.9,1車輪,,0,1
082420260610,2026061024,8,7,7,015045,大関祐也,,15.0,4車身,,0,0
092420260610,2026061024,9,1,6,015875,邊見竜馬,捲,14.0,,,0,0
092420260610,2026061024,9,2,1,013670,小橋秀幸,マ,14.1,1車身1/2,,1,0
092420260610,2026061024,9,3,2,015344,荒木貴大,,14.8,5車身,,0,0
092420260610,2026061024,9,4,3,013924,阿久津修,,14.7,1/2車身,,0,0
092420260610,2026061024,9,5,5,015095,遠藤勝弥,,15.1,3車身,,0,0
092420260610,2026061024,9,6,7,015707,池邉聖,,15.3,1車身1/2,,0,1
092420260610,2026061024,9,7,4,014412,宮崎康司,,14.9,1/2車輪,,0,0
018620260610,2026061086,1,1,5,015488,中村美那,捲,12.3,,,0,1
018620260610,2026061086,1,2,1,015756,熊谷芽緯,捲,12.2,1車輪,,0,0
018620260610,2026061086,1,3,3,014966,田中まい,,12.6,4車身,,1,0
018620260610,2026061086,1,4,2,015773,枝光美奈,,12.5,3/4車身,,0,0
018620260610,2026061086,1,5,7,015407,出口倫子,,12.5,1/2車身,,0,0
018620260610,2026061086,1,6,4,015149,中野咲,,12.6,1/2車身,,0,0
018620260610,2026061086,1,7,6,014896,野口諭実可,,12.6,1車身1/2,,0,0
028620260610,2026061086,2,1,1,014963,石井寛子,捲,12.8,,,0,0
028620260610,2026061086,2,2,2,015682,渡部遥,マ,12.7,1/2車身,,0,0
028620260610,2026061086,2,3,3,015762,高橋美沙紀,,13.0,1車身,,0,1
028620260610,2026061086,2,4,7,015757,戸邉香奈実,,12.6,1/8車輪,,0,0
028620260610,2026061086,2,5,5,015321,比嘉真梨代,,12.8,3/4車身,,1,0
028620260610,2026061086,2,6,4,015309,黒沢夢姫,,12.6,3/4車輪,,0,0
028620260610,2026061086,2,7,6,015226,成田可菜絵,,12.9,3/4車輪,,0,0
038620260610,2026061086,3,1,1,012679,坂上忠克,差,12.4,,,1,0
038620260610,2026061086,3,2,2,015273,中武三四郎,逃,12.6,1/2車身,,0,1
038620260610,2026061086,3,3,6,013147,米嶋賢二,,12.3,1/2車輪,,0,0
038620260610,2026061086,3,4,5,015481,山川奨太,,12.3,3/4車身,,0,0
038620260610,2026061086,3,5,3,012474,小川圭二,,12.2,3/4車身,,0,0
038620260610,2026061086,3,6,7,014652,原清孝,,12.0,1/4車輪,,0,0
038620260610,2026061086,3,7,4,015732,宮道良輔,,13.9,大差,,0,0
048620260610,2026061086,4,1,3,013743,藤田剣次,差,12.0,,,0,0
048620260610,2026061086,4,2,4,013809,杉山剛,マ,12.0,1車身,,0,0
048620260610,2026061086,4,3,2,013485,善利裕生,,11.7,1/2車身,,0,0
048620260610,2026061086,4,4,1,014630,利根正明,,12.3,3/4車身,,1,1
048620260610,2026061086,4,5,7,013663,中野功史,,11.9,3/4車輪,,0,0
048620260610,2026061086,4,6,5,014092,山出裕幸,,11.7,1/4車輪,,0,0
048620260610,2026061086,4,7,6,014026,高橋成英,,12.5,大差,,0,0
058620260610,2026061086,5,1,1,015279,山崎駿哉,逃,11.8,,,0,1
058620260610,2026061086,5,2,2,014876,冨尾享平,マ,11.7,1車輪,,0,0
058620260610,2026061086,5,3,5,012389,岡崎昭次,,11.5,3/4車身,,0,0
058620260610,2026061086,5,4,6,015287,山中崇弘,,11.4,1/4車輪,,0,0
058620260610,2026061086,5,5,3,014567,仲松勝太,,11.3,1/2車輪,,0,0
058620260610,2026061086,5,6,7,014782,山口幸太郎,,11.3,3/4車身,,1,0
058620260610,2026061086,5,7,4,014169,富安保充,,11.2,1/4車輪,,0,0
068620260610,2026061086,6,1,5,014619,木村浩宣,逃,11.5,,,1,1
068620260610,2026061086,6,2,2,014270,小原将通,マ,11.4,1/2車身,,0,0
068620260610,2026061086,6,3,4,012924,太田黒大心,,11.3,3/4車身,,0,0
068620260610,2026061086,6,4,1,013950,松山桂輔,,11.3,3/4車輪,,0,0
068620260610,2026061086,6,5,3,014676,柳原司,,11.1,3/4車輪,,0,0
068620260610,2026061086,6,6,6,014046,秋山貴宏,,11.5,8車身,,0,0
068620260610,2026061086,6,7,7,012128,山根泰道,,11.8,3/4車身,,0,0
078620260610,2026061086,7,1,1,015719,出口謙一郎,捲,11.3,,,0,0
078620260610,2026061086,7,2,3,015922,中田拓也,捲,11.7,1/4車輪,,0,1
078620260610,2026061086,7,3,4,014261,作田悦章,,11.6,1/2車身,,1,0
078620260610,2026061086,7,4,2,013267,鷲見逸喜,,11.3,1/2車身,,0,0
078620260610,2026061086,7,5,7,014091,伊原弘幸,,11.5,4車身,,0,0
078620260610,2026061086,7,6,5,011854,紫原政文,,12.2,3車身,,0,0
078620260610,2026061086,7,7,6,015841,中西勇,,13.8,大差,,0,0
088620260610,2026061086,8,1,4,015556,上野恭哉,差,12.4,,,0,0
088620260610,2026061086,8,2,3,015740,櫻木雄太,逃,12.7,1車輪,,1,1
088620260610,2026061086,8,3,6,014851,横内裕人,,12.0,1/2車輪,,0,0
088620260610,2026061086,8,4,5,015108,吉田篤史,,12.3,3/4車身,,0,0
088620260610,2026061086,8,5,1,015469,犬塚貴之,,0.0,,,0,0
088620260610,2026061086,8,0,2,014671,山田裕哉,,0.0,,落車,0,0
088620260610,2026061086,8,0,7,015909,馬越裕之,,0.0,,落車,0,0
098620260610,2026061086,9,1,2,015208,金ヶ江勇気,差,11.9,,,0,0
098620260610,2026061086,9,2,7,014418,安部龍文,マ,11.9,1車身,,0,0
098620260610,2026061086,9,3,5,014267,一ノ瀬匠,,12.2,3/4車輪,,0,1
098620260610,2026061086,9,4,1,015646,塩崎隼秀,,11.7,1/2車身,,0,0
098620260610,2026061086,9,5,3,015280,藤井將,,11.6,3/4車身,,0,0
098620260610,2026061086,9,6,4,015811,水谷亮太,,11.8,1/4車輪,,0,0
098620260610,2026061086,9,7,6,014674,丹波孝佑,,12.0,1/4車輪,,0,0
011220260610,2026061012,1,1,1,015935,佐藤魁皇,逃,12.3,,,1,1
011220260610,2026061012,1,2,3,014357,佐藤康恭,捲,12.1,3/4車輪,,0,0
011220260610,2026061012,1,3,2,013549,堀勝政,,12.1,3/4車輪,,0,0
011220260610,2026061012,1,4,5,011665,倉岡慎太郎,,12.3,3/4車身,,0,0
011220260610,2026061012,1,5,6,014931,横田政直,,11.9,1車身1/2,,0,0
011220260610,2026061012,1,6,7,012559,相良勝美,,12.2,3/4車輪,,0,0
011220260610,2026061012,1,7,4,013027,戸ノ下太郎,,12.4,3車身,,0,0
021220260610,2026061012,2,1,4,014550,龍門慎太郎,捲,12.0,,,0,1
021220260610,2026061012,2,2,7,012883,大沼孝行,逃,12.4,5車身,,0,0
021220260610,2026061012,2,3,2,014019,長崎達也,,12.3,1/2車輪,,1,0
021220260610,2026061012,2,4,5,012646,大澤裕之,,12.1,1車身,,0,0
021220260610,2026061012,2,5,1,013212,岡田浩太,,12.2,1/4車輪,,0,0
021220260610,2026061012,2,6,3,015886,中川飛隆,,12.4,1/2車身,,0,0
021220260610,2026061012,2,7,6,013023,吉田英二,,12.2,1車身1/2,,0,0
031220260610,2026061012,3,1,4,015210,白濱一平,捲,12.1,,,0,1
031220260610,2026061012,3,2,3,013767,松丸裕紀,マ,12.0,3/4車輪,,0,0
031220260610,2026061012,3,3,7,013525,亀井道佳,,12.0,3/4車身,,0,0
031220260610,2026061012,3,4,1,015686,高橋海月,,12.3,1車輪,,1,0
031220260610,2026061012,3,5,2,013040,服部竜二,,12.0,1車身,,0,0
031220260610,2026061012,3,6,5,013861,岡田大門,,12.2,4車身,,0,0
031220260610,2026061012,3,7,6,014463,久保将史,,13.5,大差,,0,0
041220260610,2026061012,4,1,5,015881,関口朗斗,捲,12.5,,,1,1
041220260610,2026061012,4,2,3,014388,水野悟志,差,12.7,6車身,,0,0
041220260610,2026061012,4,3,4,012542,森下忠夫,,12.7,3/4車身,,0,0
041220260610,2026061012,4,4,1,012717,伊藤一貴,,13.2,2車身,,0,0
041220260610,2026061012,4,5,6,013965,岡田雅也,,12.9,2車身,,0,0
041220260610,2026061012,4,6,2,015012,勝部貴博,,15.2,大差,,0,0
041220260610,2026061012,4,7,7,011803,植田誠,,15.1,1車身1/2,,0,0
051220260610,2026061012,5,1,1,015873,十文字悠真,逃,12.6,,,1,1
051220260610,2026061012,5,2,4,014434,山崎功也,マ,12.6,1/2車身,,0,0
051220260610,2026061012,5,3,2,015368,井坂泰誓,,12.5,3/4車身,,0,0
051220260610,2026061012,5,4,5,012532,西郷剛,,12.5,1車身,,0,0
051220260610,2026061012,5,5,3,014373,鈴木雄一朗,,12.4,1車身1/2,,0,0
051220260610,2026061012,5,6,6,012810,中山善仁,,12.4,1車身1/2,,0,0
051220260610,2026061012,5,7,7,014430,橋本祐司,,12.5,3車身,,0,0
061220260610,2026061012,6,1,7,014951,後藤祐貴,逃,13.1,,,0,1
061220260610,2026061012,6,2,1,014483,竜門孝宗,マ,13.0,1/4車輪,,1,0
061220260610,2026061012,6,3,3,013063,赤松秀展,,13.0,3/4車身,,0,0
061220260610,2026061012,6,4,5,013513,南和夫,,13.0,1車身1/2,,0,0
061220260610,2026061012,6,5,4,014425,前川裕希,,12.7,1/2車身,,0,0
061220260610,2026061012,6,6,2,014989,鈴木豪,,12.9,1/8車輪,,0,0
061220260610,2026061012,6,7,6,014798,三浦平志郎,,13.7,大差,,0,0
071220260610,2026061012,7,1,1,015888,水澤秀哉,逃,12.4,,,1,1
071220260610,2026061012,7,2,5,013705,佐藤有輝,マ,12.4,3/4車身,,0,0
071220260610,2026061012,7,3,2,013776,小塚潤,,12.5,2車身,,0,0
071220260610,2026061012,7,4,7,013176,早川成矢,,12.5,1/2車身,,0,0
071220260610,2026061012,7,5,3,013678,菊池崇訓,,12.5,2車身,,0,0
071220260610,2026061012,7,6,4,014595,瀧本匡平,,12.6,1/4車輪,,0,0
071220260610,2026061012,7,7,6,012824,梶原亜湖,,13.7,大差,,0,0
012720260610,2026061027,1,1,2,013285,吉川悟,差,12.3,,,0,0
012720260610,2026061027,1,2,5,015111,布居翼,逃,12.4,1/2車輪,,1,1
012720260610,2026061027,1,3,1,014932,浦野慈生,,12.1,3/4車輪,,0,0
012720260610,2026061027,1,4,6,013692,佐野多喜男,,12.1,1車身1/2,,0,0
012720260610,2026061027,1,5,4,013676,塚本諭,,11.9,3/4車身,,0,0
012720260610,2026061027,1,6,3,014644,高橋明久,,12.1,3/4車身,,0,0
022720260610,2026061027,2,1,1,015906,林佳宗依,逃,12.4,,,1,1
022720260610,2026061027,2,2,3,014006,青木亮太,マ,12.3,1車身,,0,0
022720260610,2026061027,2,3,5,012827,光岡義洋,,12.2,3/4車輪,,0,0
022720260610,2026061027,2,4,2,014062,齋藤昌弘,,11.8,1/2車輪,,0,0
022720260610,2026061027,2,5,6,012277,井上典善,,12.2,1車身1/2,,0,0
022720260610,2026061027,2,6,4,014694,前島恭平,,12.1,1車輪,,0,0
022720260610,2026061027,2,7,7,013867,樋口奨平,,12.1,3/4車身,,0,0
032720260610,2026061027,3,1,1,012725,浦山一栄,差,12.0,,,0,0
032720260610,2026061027,3,2,3,015883,吉田夢希斗,捲,12.2,3/4車輪,,1,1
032720260610,2026061027,3,3,7,012634,大薗宏,,12.0,タイヤ,,0,0
032720260610,2026061027,3,4,4,013109,志村正洋,,12.3,2車身,,0,0
032720260610,2026061027,3,5,2,011367,石川一浩,,12.5,3車身,,0,0
032720260610,2026061027,3,6,5,014743,鈴木広人,,13.4,7車身,,0,0
032720260610,2026061027,3,7,6,014429,千澤大輔,,15.5,大差,,0,0
042720260610,2026061027,4,1,2,015870,畑崎大輝,逃,12.0,,,1,1
042720260610,2026061027,4,2,4,014075,松根真,マ,12.0,1/2車身,,0,0
042720260610,2026061027,4,3,1,015270,元砂海人,,11.8,1車身1/2,,0,0
042720260610,2026061027,4,3,7,011790,廣川貞治,,12.0,1車身1/2,,0,0
042720260610,2026061027,4,5,5,014079,江本博明,,11.9,2車身,,0,0
042720260610,2026061027,4,6,3,014382,伊藤翼,,14.8,大差,,0,0
042720260610,2026061027,4,0,6,015105,大崎龍一郎,,0.0,,欠車,0,0
052720260610,2026061027,5,1,4,015949,岡田優歩,差,12.8,,,0,0
052720260610,2026061027,5,2,3,015671,小泉夢菜,差,13.1,3/4車身,,0,0
052720260610,2026061027,5,3,5,015591,松本ちひろ,,13.0,1車身1/2,,0,0
052720260610,2026061027,5,4,1,015585,山本さくら,,13.4,1/8車輪,,1,1
052720260610,2026061027,5,5,2,015391,伊藤のぞみ,,13.5,1車輪,,0,0
052720260610,2026061027,5,6,7,015494,近澤諒香,,13.4,3/4車身,,0,0
052720260610,2026061027,5,7,6,015867,是永ゆうき,,13.6,3車身,,0,0
062720260610,2026061027,6,1,1,015392,加藤舞,捲,12.7,,,0,0
062720260610,2026061027,6,2,3,015864,田野口佳奈,マ,12.6,3/4車身,,0,0
062720260610,2026061027,6,3,4,015944,赤池七虹,,12.7,1車身,,0,0
062720260610,2026061027,6,4,6,014962,石井貴子,,13.0,1車身,,1,1
062720260610,2026061027,6,5,7,015579,川路遥香,,12.8,1/4車輪,,0,0
062720260610,2026061027,6,6,2,015764,宇野紅音,,13.2,1車身,,0,0
062720260610,2026061027,6,7,5,015146,齊藤由紀,,12.7,3/4車輪,,0,0
072720260610,2026061027,7,1,5,014057,松田優一,差,12.4,,,0,0
072720260610,2026061027,7,2,2,015603,小坂丈,差,12.5,1車輪,,1,0
072720260610,2026061027,7,3,3,013932,井上雄三,,12.3,3/4車輪,,0,0
072720260610,2026061027,7,4,7,014997,下岡優季,,12.7,タイヤ,,0,1
072720260610,2026061027,7,5,4,014470,板橋慎治,,12.2,3車身,,0,0
072720260610,2026061027,7,6,1,015000,藤井準也,,12.5,1車身1/2,,0,0
072720260610,2026061027,7,7,6,013452,齊藤紳一朗,,14.0,大差,,0,0
082720260610,2026061027,8,1,5,014734,長沼謙太,差,12.3,,,0,0
082720260610,2026061027,8,2,4,013556,山信田学,マ,12.1,1/2車輪,,0,0
082720260610,2026061027,8,3,1,015599,堀航輝,,12.4,1/8車輪,,1,1
082720260610,2026061027,8,4,3,012097,斯波雅貴,,12.1,3/4車身,,0,0
082720260610,2026061027,8,5,6,014385,山本淳,,11.9,1/4車輪,,0,0
082720260610,2026061027,8,6,2,014315,西谷岳文,,12.0,1車身1/2,,0,0
082720260610,2026061027,8,7,7,015265,井田晶之,,13.8,大差,,0,0
092720260610,2026061027,9,1,2,015237,太田将成,捲,11.7,,,0,0
092720260610,2026061027,9,2,6,013086,坂本毅,マ,11.7,3/4車身,,0,0
092720260610,2026061027,9,3,7,015803,西村剛,,12.0,1/2車身,,0,1
092720260610,2026061027,9,4,5,014058,佐藤謙,,11.9,3車身,,0,0
092720260610,2026061027,9,5,3,014938,夏目新吾,,12.0,1車身,,0,0
092720260610,2026061027,9,5,4,012738,渡邊一洋,,11.9,1車身,,0,0
092720260610,2026061027,9,7,1,013560,小佐野文秀,,12.3,3/4車輪,,1,0
102720260610,2026061027,10,1,2,014947,北川大五郎,差,12.0,,,0,0
102720260610,2026061027,10,2,5,015819,弓矢輪太郎,捲,12.2,1車身,,0,1
102720260610,2026061027,10,3,7,014581,佐山俊樹,,12.1,1/4車輪,,0,0
102720260610,2026061027,10,4,4,012875,中曽直彦,,11.9,3/4車身,,0,0
102720260610,2026061027,10,5,3,015693,松田昂己,,12.4,1/2車身,,0,0
102720260610,2026061027,10,6,1,015531,深瀬泰我,,12.2,3/4車身,,1,0
102720260610,2026061027,10,7,6,012946,亀井雅斗,,12.1,3車身,,0,0
112720260610,2026061027,11,1,7,015366,張野幸聖,捲,11.7,,,0,0
112720260610,2026061027,11,2,2,015618,高本和也,逃,12.2,3車身,,0,1
112720260610,2026061027,11,3,3,012261,岡部芳幸,,11.9,3/4車輪,,0,0
112720260610,2026061027,11,4,1,014478,内山貴裕,,11.9,1/4車輪,,1,0
112720260610,2026061027,11,5,6,014225,伊藤亮,,12.1,1/2車身,,0,0
112720260610,2026061027,11,6,4,013571,小林信晴,,11.9,1/2車輪,,0,0
112720260610,2026061027,11,7,5,012881,白戸淳太郎,,12.4,1車身1/2,,0,0
013820260610,2026061038,1,1,3,014216,田村純一,捲,11.9,,,0,0
013820260610,2026061038,1,2,7,014349,佐藤純嘉,マ,11.9,3/4車身,,0,0
013820260610,2026061038,1,3,5,014666,等々力久就,,11.8,3/4車身,,0,0
013820260610,2026061038,1,4,1,013358,行成大祐,,12.2,3車身,,0,0
013820260610,2026061038,1,5,6,013818,赤星俊光,,12.2,3/4車身,,0,0
013820260610,2026061038,1,6,2,014446,菅藤智,,12.3,3車身,,0,0
013820260610,2026061038,1,7,4,015923,右近陸人,,12.9,2車身,,1,1
023820260610,2026061038,2,1,1,014072,伊藤之人,差,11.9,,,0,0
023820260610,2026061038,2,2,2,015889,大本隆也,逃,12.2,1/4車輪,,0,1
023820260610,2026061038,2,3,5,014443,堀内昇,,12.2,1車身,,0,0
023820260610,2026061038,2,4,4,013684,吉橋秀城,,11.9,3/4車輪,,0,0
023820260610,2026061038,2,5,6,014957,永田秀佑,,11.9,2車身,,0,0
023820260610,2026061038,2,6,3,015290,真崎章徳,,12.7,8車身,,0,0
023820260610,2026061038,2,7,7,014526,渡辺馨,,0.0,大差,,1,0
033820260610,2026061038,3,1,1,015932,生野優翔,差,12.7,,,1,0
033820260610,2026061038,3,2,7,012982,上原直樹,差,12.6,3/4車身,,0,0
033820260610,2026061038,3,3,4,013371,足達重満,,12.8,3/4車身,,0,0
033820260610,2026061038,3,4,3,013080,阿部利光,,12.8,1車身,,0,0
033820260610,2026061038,3,5,2,015260,國井裕樹,,13.4,1車身1/2,,0,1
033820260610,2026061038,3,6,6,012934,煤賀隆幸,,13.9,大差,,0,0
033820260610,2026061038,3,0,5,013415,山崎明寛,,0.0,,失格,0,0
043820260610,2026061038,4,1,1,014389,村本慎吾,差,12.1,,,0,0
043820260610,2026061038,4,2,4,015884,秋山太洋,捲,12.2,1/2車輪,,1,0
043820260610,2026061038,4,3,5,012966,石川英昭,,12.0,3/4車身,,0,0
043820260610,2026061038,4,4,7,014489,高鍋邦彰,,12.5,3/4車身,,0,1
043820260610,2026061038,4,5,6,014777,竹村達也,,12.2,1/8車輪,,0,0
043820260610,2026061038,4,6,3,012986,近藤直幹,,12.4,4車身,,0,0
043820260610,2026061038,4,7,2,013972,富永昌久,,14.8,大差,,0,0
053820260610,2026061038,5,1,6,015221,吉村早耶香,捲,12.4,,,0,0
053820260610,2026061038,5,2,3,014905,加瀬加奈子,逃,12.8,1/2車身,,1,1
053820260610,2026061038,5,3,4,015955,岩元杏奈,,12.7,1/8車輪,,0,0
053820260610,2026061038,5,4,7,015953,土井柚姫,,12.5,2車身,,0,0
053820260610,2026061038,5,5,2,015491,當銘沙恵美,,12.5,1車輪,,0,0
053820260610,2026061038,5,6,1,015759,星野しほ,,12.9,2車身,,0,0
053820260610,2026061038,5,7,5,015223,中西叶美,,12.7,2車身,,0,0
063820260610,2026061038,6,1,1,015769,松井優佳,捲,12.8,,,1,1
063820260610,2026061038,6,2,5,014907,中川諒子,マ,12.7,1車輪,,0,0
063820260610,2026061038,6,3,4,015857,伊藤優里,,12.8,1/2車身,,0,0
063820260610,2026061038,6,4,6,015310,梶原百香,,12.7,3/4車輪,,0,0
063820260610,2026061038,6,5,7,015394,三森彩桜,,12.5,微差,,0,0
063820260610,2026061038,6,6,3,014903,増茂るるこ,,12.7,1/2車身,,0,0
063820260610,2026061038,6,7,2,015942,齊藤由莉,,12.8,3/4車身,,0,0
073820260610,2026061038,7,1,7,015264,渡邉直弥,差,12.0,,,0,0
073820260610,2026061038,7,2,4,014164,田中孝彦,マ,11.9,3/4車輪,,0,0
073820260610,2026061038,7,3,1,015526,梅田加津也,,12.2,1/4車輪,,1,1
073820260610,2026061038,7,4,3,014805,吉田元輝,,11.9,1/2車輪,,0,0
073820260610,2026061038,7,5,5,013275,渡辺航平,,11.9,1車身,,0,0
073820260610,2026061038,7,6,2,014415,楢原由将,,12.6,7車身,,0,0
073820260610,2026061038,7,7,6,015844,小山峻汰,,13.8,大差,,0,0
083820260610,2026061038,8,1,2,015806,山本天平,逃,12.1,,,0,1
083820260610,2026061038,8,2,1,012721,梅山英樹,差,11.7,3/4車身,,0,0
083820260610,2026061038,8,3,3,015568,田川翔琉,,11.9,1/4車輪,,1,0
083820260610,2026061038,8,4,6,014236,本田拓也,,11.5,1/4車輪,,0,0
083820260610,2026061038,8,5,5,015432,水森湧太,,11.8,1/8車輪,,0,0
083820260610,2026061038,8,0,4,014520,伊藤彰規,,0.0,,失格,0,0
083820260610,2026061038,8,0,7,014341,松尾玄太,,0.0,,落車,0,0
093820260610,2026061038,9,1,7,015701,石田典大,逃,12.1,,,0,1
093820260610,2026061038,9,2,2,013903,川崎健次,マ,12.0,1車輪,,1,0
093820260610,2026061038,9,3,3,015159,坂本拓也,,11.8,1/2車輪,,0,0
093820260610,2026061038,9,4,5,013259,望月紀男,,12.0,1/2車輪,,0,0
093820260610,2026061038,9,5,1,013359,吉田彰久,,11.9,5車身,,0,0
093820260610,2026061038,9,6,6,015467,倉松涼,,12.2,2車身,,0,0
093820260610,2026061038,9,0,4,013984,栗林巧,,0.0,,落車,0,0
103820260610,2026061038,10,1,3,014185,隅貴史,差,11.7,,,0,0
103820260610,2026061038,10,1,5,015278,田中和磨,捲,11.8,,,0,1
103820260610,2026061038,10,3,2,013760,矢口啓一郎,,11.6,1車身,,1,0
103820260610,2026061038,10,4,6,013749,及川裕奨,,11.8,3車身,,0,0
103820260610,2026061038,10,5,1,013668,佐々木孝司,,11.9,1/2車輪,,0,0
103820260610,2026061038,10,6,7,014891,小岩哲也,,12.0,3車身,,0,0
103820260610,2026061038,10,7,4,012955,太田真一,,12.6,大差,,0,0
113820260610,2026061038,11,1,6,015700,吉田晏生,捲,11.7,,,0,0
113820260610,2026061038,11,2,2,013695,岡本英之,差,11.9,2車身,,0,0
113820260610,2026061038,11,3,3,014186,網谷竜次,,11.4,1/2車輪,,0,0
113820260610,2026061038,11,4,1,014692,森山智徳,,11.8,1/2車輪,,0,0
113820260610,2026061038,11,5,5,014956,小川賢人,,11.7,3/4車輪,,0,0
113820260610,2026061038,11,6,4,015712,松本京太,,12.3,1車身1/2,,0,1
113820260610,2026061038,11,7,7,015060,滝本泰行,,12.1,3車身,,1,0
012220260611,2026061122,1,1,4,015192,藤原俊太郎,捲,9.8,,,0,0
012220260611,2026061122,1,2,5,014699,小川大地,差,10.2,4車身,,1,0
012220260611,2026061122,1,3,3,015455,枠元一葵,,10.3,1/2車輪,,0,1
012220260611,2026061122,1,4,1,013969,武田良太,,10.0,3/4車身,,0,0
012220260611,2026061122,1,5,2,013908,菅田和宏,,9.9,1/2車輪,,0,0
012220260611,2026061122,1,6,6,014866,櫻井利之,,10.5,2車身,,0,0
022220260611,2026061122,2,1,6,015534,牛田樹希斗,逃,9.9,,,0,1
022220260611,2026061122,2,2,2,015238,井寺亮太,マ,9.7,7車身,,0,0
022220260611,2026061122,2,3,1,012823,遠藤勝行,,9.5,1車輪,,1,0
022220260611,2026061122,2,4,5,013828,引地正人,,9.6,1/4車輪,,0,0
022220260611,2026061122,2,5,3,015662,中山遼太郎,,9.6,3車身,,0,0
022220260611,2026061122,2,6,4,014492,飯塚隼人,,12.4,大差,,0,0
032220260611,2026061122,3,1,5,012760,櫻井宏智,差,10.4,,,0,0
032220260611,2026061122,3,2,3,015056,田村風起,逃,10.5,1/2車身,,1,1
032220260611,2026061122,3,3,6,012845,林成人,,10.3,1車輪,,0,0
032220260611,2026061122,3,4,7,014223,瀧野勝太,,10.5,1/2車身,,0,0
032220260611,2026061122,3,5,4,012640,北村貴幸,,10.3,1/2車身,,0,0
032220260611,2026061122,3,6,2,014044,八尋英輔,,10.6,1車身1/2,,0,0
032220260611,2026061122,3,7,1,015247,小玉勇一,,11.1,7車身,,0,0
042220260611,2026061122,4,1,3,014933,奥原亨,逃,10.3,,,0,1
042220260611,2026061122,4,2,2,014153,伊藤太一,マ,10.1,1/2車輪,,0,0
042220260611,2026061122,4,3,7,013555,台和紀,,10.1,3/4車輪,,0,0
042220260611,2026061122,4,4,6,013736,榊原洋,,9.8,1車輪,,1,0
042220260611,2026061122,4,5,5,013827,佐藤雅彦,,10.1,3/4車身,,0,0
042220260611,2026061122,4,6,1,015193,藏本徹二,,10.4,4車身,,0,0
042220260611,2026061122,4,7,4,014684,松本卓也,,11.2,7車身,,0,0
052220260611,2026061122,5,1,2,015660,河崎正晴,捲,9.7,,,0,0
052220260611,2026061122,5,2,7,014043,中園和剛,マ,9.7,3/4車身,,0,0
052220260611,2026061122,5,3,1,015186,南潤,,9.5,1/2車輪,,1,0
052220260611,2026061122,5,4,5,014309,水谷好宏,,9.4,1車身1/2,,0,0
052220260611,2026061122,5,5,4,014819,太刀川一成,,10.1,2車身,,0,0
052220260611,2026061122,5,6,3,015690,斉藤樂,,10.4,3/4車輪,,0,1
052220260611,2026061122,5,7,6,013306,齋藤登志信,,10.3,1/8車輪,,0,0
062220260611,2026061122,6,1,1,015694,浮島知稀,逃,9.9,,,0,1
062220260611,2026061122,6,2,7,014565,中村健志,差,9.7,3/4車身,,0,0
062220260611,2026061122,6,3,5,012501,金子真也,,9.8,タイヤ,,0,0
062220260611,2026061122,6,4,4,014096,伊藤成紀,,9.5,3/4車身,,1,0
062220260611,2026061122,6,5,3,014098,菊谷信一,,9.4,1車身,,0,0
062220260611,2026061122,6,6,2,014136,金澤竜二,,9.5,2車身,,0,0
062220260611,2026061122,6,7,6,015507,上遠野拓馬,,10.1,2車身,,0,0
072220260611,2026061122,7,1,7,013923,武田豊樹,差,9.9,,,0,0
072220260611,2026061122,7,2,4,014009,大澤雄大,マ,9.8,1/2車身,,0,0
072220260611,2026061122,7,3,2,015420,梁島邦友,,10.0,3/4車輪,,1,1
072220260611,2026061122,7,4,5,014617,西岡拓朗,,9.8,1車輪,,0,0
072220260611,2026061122,7,5,1,015064,吉武信太朗,,9.9,タイヤ,,0,0
072220260611,2026061122,7,6,6,012786,佐藤康紀,,9.7,3/4車身,,0,0
072220260611,2026061122,7,7,3,015687,立花昌也,,10.0,2車身,,0,0
082220260611,2026061122,8,1,7,013685,岡田征陽,差,9.8,,,0,0
082220260611,2026061122,8,2,1,015246,黒沢征治,逃,10.0,1/8車輪,,1,1
082220260611,2026061122,8,3,6,015262,内山雅貴,,9.7,1/2車輪,,0,0
082220260611,2026061122,8,4,4,013719,吉田敏洋,,9.7,1車輪,,0,0
082220260611,2026061122,8,5,5,015124,山本拳也,,9.5,3/4車身,,0,0
082220260611,2026061122,8,6,2,014168,高橋和也,,9.8,1/8車輪,,0,0
082220260611,2026061122,8,7,3,015638,昼田達哉,,9.7,1/2車身,,0,0
092220260611,2026061122,9,1,7,014605,中井太祐,差,9.7,,,0,0
092220260611,2026061122,9,2,2,015826,久田朔,逃,9.9,3/4車輪,,0,1
092220260611,2026061122,9,3,1,014754,横関裕樹,,9.7,3/4車輪,,1,0
092220260611,2026061122,9,4,5,014394,不破将登,,9.7,1車身1/2,,0,0
092220260611,2026061122,9,5,4,015713,望月湧世,,9.5,1/2車輪,,0,0
092220260611,2026061122,9,6,3,014588,柿澤大貴,,10.0,3車身,,0,0
092220260611,2026061122,9,7,6,015609,安倍大成,,10.3,6車身,,0,0
102220260611,2026061122,10,1,3,015440,長田龍拳,逃,9.9,,,0,1
102220260611,2026061122,10,2,4,014081,田中晴基,マ,9.9,1車身,,0,0
102220260611,2026061122,10,3,2,014863,一戸康宏,,9.8,1車輪,,0,0
102220260611,2026061122,10,4,6,013994,杉山悠也,,9.7,1車輪,,0,0
102220260611,2026061122,10,5,7,015703,牧田悠生,,10.0,3/4車輪,,1,0
102220260611,2026061122,10,6,1,014791,木村弘,,10.0,3車身,,0,0
102220260611,2026061122,10,7,5,015346,鈴木薫,,10.2,6車身,,0,0
112220260611,2026061122,11,1,3,015632,常次勇人,捲,9.7,,,0,1
112220260611,2026061122,11,2,4,015782,佐々木亮太,捲,9.8,3/4車身,,0,0
112220260611,2026061122,11,3,5,014594,太田剛司,,9.7,3/4車輪,,0,0
112220260611,2026061122,11,4,2,014720,高橋広大,,9.5,1/2車身,,0,0
112220260611,2026061122,11,5,7,015172,能代谷元,,9.5,1/8車輪,,0,0
112220260611,2026061122,11,6,1,013400,稲村好将,,9.5,3/4車身,,0,0
112220260611,2026061122,11,7,6,015795,今井希,,10.2,3車身,,1,0
122220260611,2026061122,12,1,2,015473,青柳靖起,逃,9.8,,,0,1
122220260611,2026061122,12,2,6,015211,平尾一晃,マ,9.8,1車輪,,0,0
122220260611,2026061122,12,3,5,015198,今村麟太郎,,9.7,1/2車身,,0,0
122220260611,2026061122,12,4,1,015730,黒瀬浩太郎,,9.8,1/2車身,,1,0
122220260611,2026061122,12,5,3,012339,内藤宣彦,,9.7,3/4車身,,0,0
122220260611,2026061122,12,6,7,014852,徳永哲人,,9.7,2車身,,0,0
122220260611,2026061122,12,0,4,015291,山口敦也,,0.0,,失格,0,0
012420260611,2026061124,1,1,2,014490,永田隼一,捲,14.8,,,0,1
012420260611,2026061124,1,2,1,014772,細田純平,マ,14.8,3/4車身,,1,0
012420260611,2026061124,1,3,3,012005,藤田和彦,,14.9,4車身,,0,0
012420260611,2026061124,1,4,4,011792,木下章,,15.6,5車身,,0,0
012420260611,2026061124,1,5,5,013397,鈴木龍之介,,18.0,大差,,0,0
022420260611,2026061124,2,1,5,014351,田口守,差,15.0,,,0,0
022420260611,2026061124,2,2,4,012650,笹川竜治,差,14.5,1/2車身,,1,0
022420260611,2026061124,2,3,2,015571,吉田悟,,15.1,1/4車輪,,0,1
022420260611,2026061124,2,4,1,014209,加美山隆行,,15.0,3/4車身,,0,0
022420260611,2026061124,2,5,3,013105,松本一成,,14.9,2車身,,0,0
032420260611,2026061124,3,1,7,014661,駒井大輔,捲,15.1,,,1,1
032420260611,2026061124,3,2,1,014067,工藤考生,マ,15.0,1/2車身,,0,0
032420260611,2026061124,3,3,3,013082,小泉俊也,,14.9,1/2車身,,0,0
032420260611,2026061124,3,4,2,014124,石田宏樹,,15.0,1/8車輪,,0,0
032420260611,2026061124,3,5,6,013299,五十嵐博一,,14.6,1車身1/2,,0,0
032420260611,2026061124,3,6,4,012299,増成富夫,,14.8,1/2車輪,,0,0
032420260611,2026061124,3,7,5,013402,沼川夢久,,14.7,2車身,,0,0
042420260611,2026061124,4,1,2,011487,宮倉勇,差,14.8,,,0,0
042420260611,2026061124,4,2,1,014240,須藤誠,差,14.9,1/2車輪,,0,0
042420260611,2026061124,4,3,4,014665,小峰烈,,14.4,3/4車身,,0,0
042420260611,2026061124,4,4,3,014449,片折勇輝,,14.7,3/4車輪,,0,0
042420260611,2026061124,4,5,7,013613,宗景祐樹,,14.6,1/4車輪,,0,0
042420260611,2026061124,4,6,5,015045,大関祐也,,15.2,3/4車身,,1,1
042420260611,2026061124,4,7,6,013763,川上真二郎,,14.5,3/4車身,,0,0
052420260611,2026061124,5,1,2,015505,荻原寿嗣,逃,14.9,,,0,1
052420260611,2026061124,5,2,6,014522,高橋佑輔,差,14.7,1/2車身,,0,0
052420260611,2026061124,5,3,5,014282,石川恭規,,14.8,1/4車輪,,1,0
052420260611,2026061124,5,4,4,012861,小坂敏之,,14.8,1車身1/2,,0,0
052420260611,2026061124,5,5,3,014687,井上将志,,14.6,1/2車輪,,0,0
052420260611,2026061124,5,6,1,014412,宮崎康司,,14.8,1/2車輪,,0,0
052420260611,2026061124,5,7,7,014578,大越啓介,,16.8,大差,,0,0
062420260611,2026061124,6,1,4,015095,遠藤勝弥,逃,14.8,,,0,1
062420260611,2026061124,6,2,2,013471,松坂英司,マ,14.7,3/4車身,,1,0
062420260611,2026061124,6,3,3,013924,阿久津修,,14.4,1/8車輪,,0,0
062420260611,2026061124,6,4,1,013589,佐竹和也,,14.6,1/4車輪,,0,0
062420260611,2026061124,6,4,5,015834,原田峻治,,14.9,1/4車輪,,0,0
062420260611,2026061124,6,6,6,014813,新井僚太郎,,14.6,1/2車身,,0,0
062420260611,2026061124,6,7,7,013434,石黒健,,14.8,1/2車輪,,0,0
072420260611,2026061124,7,1,1,013805,溪飛雄馬,差,14.8,,,0,0
072420260611,2026061124,7,1,2,015550,山崎航,逃,14.9,,,1,1
072420260611,2026061124,7,3,6,015698,佐藤譲士郎,,14.5,3/4車身,,0,0
072420260611,2026061124,7,4,4,013507,吉岡篤志,,14.7,1/2車輪,,0,0
072420260611,2026061124,7,5,5,015606,近藤圭佑,,14.4,1/2車輪,,0,0
072420260611,2026061124,7,6,3,012766,立石拓也,,14.7,3/4車身,,0,0
072420260611,2026061124,7,7,7,015707,池邉聖,,14.2,2車身,,0,0
082420260611,2026061124,8,1,2,015879,西本健三郎,捲,15.1,,,0,0
082420260611,2026061124,8,2,1,015930,野津宏介,差,15.4,3車身,,1,0
082420260611,2026061124,8,3,7,014872,玉村元気,,15.8,2車身,,0,1
082420260611,2026061124,8,4,3,013366,加藤昌平,,15.6,3車身,,0,0
082420260611,2026061124,8,5,4,013508,曽我部匡史,,15.7,1/2車身,,0,0
082420260611,2026061124,8,6,6,012496,中村淳,,15.8,1/2車身,,0,0
082420260611,2026061124,8,7,5,013738,眞鍋伸也,,16.1,1車身,,0,0
092420260611,2026061124,9,1,7,015875,邊見竜馬,逃,14.9,,,0,1
092420260611,2026061124,9,2,4,015344,荒木貴大,マ,14.7,3/4車輪,,0,0
092420260611,2026061124,9,3,6,014570,松澤敬輔,,14.6,1/2車身,,0,0
092420260611,2026061124,9,4,3,014235,鈴木庸之,,14.6,1車身1/2,,0,0
092420260611,2026061124,9,5,1,013670,小橋秀幸,,14.5,1/4車輪,,1,0
092420260611,2026061124,9,6,2,015512,大高彰馬,,14.9,1/8車輪,,0,0
092420260611,2026061124,9,7,5,015750,徳永泰粋,,14.9,1車身1/2,,0,0
018620260611,2026061186,1,1,6,015226,成田可菜絵,逃,12.9,,,0,1
018620260611,2026061186,1,2,5,015407,出口倫子,マ,12.8,1/2車身,,0,0
018620260611,2026061186,1,3,1,015149,中野咲,,12.9,1/2車身,,0,0
018620260611,2026061186,1,4,3,015321,比嘉真梨代,,12.7,1/4車輪,,1,0
018620260611,2026061186,1,5,2,015309,黒沢夢姫,,12.7,3/4車身,,0,0
018620260611,2026061186,1,6,7,015757,戸邉香奈実,,12.7,1/2車身,,0,0
018620260611,2026061186,1,7,4,014896,野口諭実可,,12.9,1/4車輪,,0,0
028620260611,2026061186,2,1,4,015481,山川奨太,差,12.3,,,0,0
028620260611,2026061186,2,2,3,014169,富安保充,差,11.9,1/4車輪,,0,0
028620260611,2026061186,2,3,1,013485,善利裕生,,12.5,3/4車輪,,0,1
028620260611,2026061186,2,4,6,014026,高橋成英,,12.1,1/2車身,,0,0
028620260611,2026061186,2,5,5,014046,秋山貴宏,,11.8,1/4車輪,,0,0
028620260611,2026061186,2,6,2,014625,藤野貴章,,13.1,大差,,1,0
028620260611,2026061186,2,7,7,013663,中野功史,,13.8,大差,,0,0
038620260611,2026061186,3,1,1,014676,柳原司,差,12.4,,,0,0
038620260611,2026061186,3,2,2,015273,中武三四郎,逃,12.6,1/2車輪,,0,1
038620260611,2026061186,3,3,4,014782,山口幸太郎,,12.5,1車身1/2,,1,0
038620260611,2026061186,3,4,6,013147,米嶋賢二,,12.5,1/2車身,,0,0
038620260611,2026061186,3,5,3,014133,高橋紀史,,12.3,1/4車輪,,0,0
038620260611,2026061186,3,6,5,012128,山根泰道,,12.5,3車身,,0,0
038620260611,2026061186,3,7,7,014652,原清孝,,12.7,3/4車身,,0,0
048620260611,2026061186,4,1,2,014567,仲松勝太,差,12.6,,,0,0
048620260611,2026061186,4,2,1,014630,利根正明,逃,12.9,1/2車身,,1,1
048620260611,2026061186,4,3,3,012474,小川圭二,,12.5,3/4車輪,,0,0
048620260611,2026061186,4,4,6,015287,山中崇弘,,12.7,3/4車輪,,0,0
048620260611,2026061186,4,5,7,014092,山出裕幸,,12.6,1車身1/2,,0,0
048620260611,2026061186,4,6,4,013809,杉山剛,,12.9,タイヤ,,0,0
048620260611,2026061186,4,7,5,015732,宮道良輔,,13.3,大差,,0,0
058620260611,2026061186,5,1,2,015811,水谷亮太,捲,12.5,,,1,0
058620260611,2026061186,5,2,3,012679,坂上忠克,マ,12.6,1/2車身,,0,0
058620260611,2026061186,5,3,6,014091,伊原弘幸,,12.1,微差,,0,0
058620260611,2026061186,5,4,1,015280,藤井將,,12.5,1/8車輪,,0,0
058620260611,2026061186,5,5,5,014674,丹波孝佑,,12.4,3/4車身,,0,0
058620260611,2026061186,5,6,4,015279,山崎駿哉,,13.0,1車身1/2,,0,1
058620260611,2026061186,5,7,7,013743,藤田剣次,,13.4,大差,,0,0
068620260611,2026061186,6,1,4,014267,一ノ瀬匠,逃,12.0,,,0,1
068620260611,2026061186,6,2,3,011854,紫原政文,マ,11.9,1車身,,0,0
068620260611,2026061186,6,3,5,012924,太田黒大心,,11.8,1/2車輪,,0,0
068620260611,2026061186,6,4,1,015469,犬塚貴之,,11.9,1車輪,,1,0
068620260611,2026061186,6,5,6,014619,木村浩宣,,11.7,1車身,,0,0
068620260611,2026061186,6,6,2,013267,鷲見逸喜,,11.9,タイヤ,,0,0
068620260611,2026061186,6,7,7,012389,岡崎昭次,,11.5,3/4車身,,0,0
078620260611,2026061186,7,1,1,015646,塩崎隼秀,逃,12.1,,,0,1
078620260611,2026061186,7,2,5,014851,横内裕人,マ,12.0,3/4車輪,,0,0
078620260611,2026061186,7,3,4,014270,小原将通,,11.8,1/2車身,,0,0
078620260611,2026061186,7,4,6,014876,冨尾享平,,11.8,1車身,,0,0
078620260611,2026061186,7,5,7,015841,中西勇,,12.1,1車身,,0,0
078620260611,2026061186,7,6,3,013950,松山桂輔,,11.8,1車輪,,0,0
078620260611,2026061186,7,7,2,015108,吉田篤史,,12.0,1/2車身,,1,0
088620260611,2026061186,8,1,1,014963,石井寛子,捲,12.2,,,0,0
088620260611,2026061186,8,2,6,015762,高橋美沙紀,マ,12.2,3/4車身,,0,0
088620260611,2026061186,8,3,3,015773,枝光美奈,,12.3,2車身,,0,0
088620260611,2026061186,8,4,4,014966,田中まい,,12.5,3/4車輪,,1,0
088620260611,2026061186,8,5,7,015488,中村美那,,12.3,1/2車身,,0,0
088620260611,2026061186,8,6,2,015756,熊谷芽緯,,13.1,1/2車身,,0,1
088620260611,2026061186,8,7,5,015682,渡部遥,,12.6,1/2車身,,0,0
098620260611,2026061186,9,1,5,014261,作田悦章,差,11.9,,,0,0
098620260611,2026061186,9,2,4,015922,中田拓也,逃,12.1,1/4車輪,,0,1
098620260611,2026061186,9,3,6,015556,上野恭哉,,11.7,3/4車身,,0,0
098620260611,2026061186,9,4,3,015740,櫻木雄太,,11.8,3/4車輪,,1,0
098620260611,2026061186,9,5,1,015208,金ヶ江勇気,,11.7,3/4車身,,0,0
098620260611,2026061186,9,6,2,015719,出口謙一郎,,11.6,1車身1/2,,0,0
098620260611,2026061186,9,7,7,014418,安部龍文,,11.8,1/2車身,,0,0
011220260611,2026061112,1,1,1,015012,勝部貴博,逃,12.2,,,0,1
011220260611,2026061112,1,2,3,013027,戸ノ下太郎,マ,12.2,1車身1/2,,0,0
011220260611,2026061112,1,3,4,011803,植田誠,,12.2,2車身,,0,0
011220260611,2026061112,1,4,6,014798,三浦平志郎,,12.9,7車身,,0,0
011220260611,2026061112,1,5,5,012810,中山善仁,,12.8,3/4車輪,,0,0
011220260611,2026061112,1,6,2,014430,橋本祐司,,13.2,6車身,,0,0
021220260611,2026061112,2,1,5,014595,瀧本匡平,捲,11.6,,,0,0
021220260611,2026061112,2,2,7,015886,中川飛隆,マ,11.6,1/2車身,,1,0
021220260611,2026061112,2,3,2,013023,吉田英二,,11.8,3車身,,0,0
021220260611,2026061112,2,4,3,013861,岡田大門,,12.0,3車身,,0,0
021220260611,2026061112,2,5,6,014463,久保将史,,11.9,3車身,,0,0
021220260611,2026061112,2,6,1,014989,鈴木豪,,13.2,6車身,,0,1
021220260611,2026061112,2,7,4,012824,梶原亜湖,,12.7,8車身,,0,0
031220260611,2026061112,3,1,5,013040,服部竜二,差,12.2,,,0,0
031220260611,2026061112,3,2,1,012532,西郷剛,差,12.3,1/4車輪,,0,0
031220260611,2026061112,3,3,7,014373,鈴木雄一朗,,12.5,3/4車身,,0,1
031220260611,2026061112,3,4,2,012646,大澤裕之,,12.2,3/4車輪,,0,0
031220260611,2026061112,3,5,4,013176,早川成矢,,12.3,1/8車輪,,0,0
031220260611,2026061112,3,6,6,013965,岡田雅也,,12.2,1/8車輪,,0,0
031220260611,2026061112,3,7,3,013212,岡田浩太,,12.1,2車身,,1,0
041220260611,2026061112,4,1,4,012717,伊藤一貴,差,12.0,,,0,0
041220260611,2026061112,4,2,7,014931,横田政直,逃,12.2,1/4車輪,,0,1
041220260611,2026061112,4,3,1,013678,菊池崇訓,,12.0,1車身,,1,0
041220260611,2026061112,4,4,5,014425,前川裕希,,11.9,3/4車輪,,0,0
041220260611,2026061112,4,5,6,013513,南和夫,,12.2,2車身,,0,0
041220260611,2026061112,4,6,3,011665,倉岡慎太郎,,12.3,3/4車身,,0,0
041220260611,2026061112,4,7,2,015686,高橋海月,,12.4,1車身,,0,0
051220260611,2026061112,5,1,7,015873,十文字悠真,逃,11.8,,,0,1
051220260611,2026061112,5,2,5,012542,森下忠夫,マ,11.7,3/4車輪,,0,0
051220260611,2026061112,5,3,2,015935,佐藤魁皇,,11.8,3/4車身,,0,0
051220260611,2026061112,5,4,6,013063,赤松秀展,,11.6,1/2車輪,,0,0
051220260611,2026061112,5,5,4,013705,佐藤有輝,,11.6,3/4車身,,0,0
051220260611,2026061112,5,6,3,012883,大沼孝行,,12.0,2車身,,0,0
051220260611,2026061112,5,7,1,014434,山崎功也,,12.2,1車身,,1,0
061220260611,2026061112,6,1,3,014951,後藤祐貴,差,12.3,,,0,0
061220260611,2026061112,6,2,2,013525,亀井道佳,差,12.6,3/4車身,,0,0
061220260611,2026061112,6,3,7,013767,松丸裕紀,,12.0,3/4車身,,0,0
061220260611,2026061112,6,4,5,013776,小塚潤,,12.4,1/8車輪,,0,0
061220260611,2026061112,6,5,4,013549,堀勝政,,12.2,微差,,1,0
061220260611,2026061112,6,6,6,014357,佐藤康恭,,12.8,1/2車輪,,0,1
061220260611,2026061112,6,7,1,015881,関口朗斗,,12.5,2車身,,0,0
071220260611,2026061112,7,1,2,015888,水澤秀哉,逃,11.6,,,1,1
071220260611,2026061112,7,2,4,014019,長崎達也,マ,11.6,1車身,,0,0
071220260611,2026061112,7,3,1,015368,井坂泰誓,,11.5,1/2車身,,0,0
071220260611,2026061112,7,4,3,014550,龍門慎太郎,,11.6,2車身,,0,0
071220260611,2026061112,7,5,6,014388,水野悟志,,11.9,2車身,,0,0
071220260611,2026061112,7,6,7,014483,竜門孝宗,,11.7,1車身,,0,0
071220260611,2026061112,7,7,5,015210,白濱一平,,14.9,大差,,0,0
012720260611,2026061127,1,1,3,014743,鈴木広人,捲,11.8,,,0,0
012720260611,2026061127,1,2,1,014079,江本博明,マ,11.7,1車身,,1,0
012720260611,2026061127,1,3,2,014694,前島恭平,,12.5,2車身,,0,1
012720260611,2026061127,1,4,5,013692,佐野多喜男,,12.5,3車身,,0,0
012720260611,2026061127,1,5,4,012277,井上典善,,15.2,大差,,0,0
022720260611,2026061127,2,1,5,013109,志村正洋,差,11.9,,,0,0
022720260611,2026061127,2,2,1,014644,高橋明久,逃,12.6,3/4車輪,,1,1
022720260611,2026061127,2,3,3,013676,塚本諭,,12.6,1車輪,,0,0
022720260611,2026061127,2,4,6,014429,千澤大輔,,12.6,3/4車身,,0,0
022720260611,2026061127,2,5,4,011367,石川一浩,,12.5,1車身1/2,,0,0
022720260611,2026061127,2,6,2,014382,伊藤翼,,12.9,6車身,,0,0
032720260611,2026061127,3,1,1,015883,吉田夢希斗,逃,12.8,,,1,1
032720260611,2026061127,3,2,7,014075,松根真,差,12.7,1車身,,0,0
032720260611,2026061127,3,3,4,015111,布居翼,,12.8,1/2車身,,0,0
032720260611,2026061127,3,4,3,014062,齋藤昌弘,,12.2,1車身,,0,0
032720260611,2026061127,3,5,5,011790,廣川貞治,,14.5,大差,,0,0
032720260611,2026061127,3,0,2,012827,光岡義洋,,0.0,,失格,0,0
032720260611,2026061127,3,0,6,014932,浦野慈生,,0.0,,落車,0,0
042720260611,2026061127,4,1,3,015870,畑崎大輝,逃,12.1,,,1,1
042720260611,2026061127,4,2,6,012725,浦山一栄,マ,12.0,3/4車身,,0,0
042720260611,2026061127,4,3,2,012634,大薗宏,,11.9,1車輪,,0,0
042720260611,2026061127,4,4,5,015906,林佳宗依,,11.7,1車身,,0,0
042720260611,2026061127,4,5,4,014006,青木亮太,,11.8,1/4車輪,,0,0
042720260611,2026061127,4,6,1,013285,吉川悟,,11.8,2車身,,0,0
042720260611,2026061127,4,7,7,015270,元砂海人,,11.8,1車身1/2,,0,0
052720260611,2026061127,5,1,3,015764,宇野紅音,捲,12.8,,,0,0
052720260611,2026061127,5,2,4,015392,加藤舞,捲,12.8,3/4車身,,0,0
052720260611,2026061127,5,3,5,015671,小泉夢菜,,12.8,1/4車輪,,0,0
052720260611,2026061127,5,4,1,015867,是永ゆうき,,12.8,3/4車輪,,0,0
052720260611,2026061127,5,5,2,015579,川路遥香,,12.7,1車身1/2,,0,0
052720260611,2026061127,5,6,7,015585,山本さくら,,13.7,6車身,,1,1
052720260611,2026061127,5,7,6,015944,赤池七虹,,13.5,1車身1/2,,0,0
062720260611,2026061127,6,1,1,014962,石井貴子,差,12.8,,,0,0
062720260611,2026061127,6,2,7,015949,岡田優歩,逃,13.0,3/4車輪,,0,1
062720260611,2026061127,6,3,5,015391,伊藤のぞみ,,12.8,3/4車身,,1,0
062720260611,2026061127,6,4,4,015864,田野口佳奈,,12.7,1車身1/2,,0,0
062720260611,2026061127,6,5,2,015494,近澤諒香,,12.8,1車身1/2,,0,0
062720260611,2026061127,6,6,3,015591,松本ちひろ,,13.3,2車身,,0,0
062720260611,2026061127,6,7,6,015146,齊藤由紀,,13.5,9車身,,0,0
072720260611,2026061127,7,1,4,015531,深瀬泰我,捲,12.0,,,0,0
072720260611,2026061127,7,2,2,012738,渡邊一洋,マ,12.0,3/4車身,,0,0
072720260611,2026061127,7,3,7,014470,板橋慎治,,12.3,1車身1/2,,1,0
072720260611,2026061127,7,4,3,012946,亀井雅斗,,12.2,1/2車輪,,0,0
072720260611,2026061127,7,5,1,015265,井田晶之,,12.5,1車輪,,0,1
072720260611,2026061127,7,6,6,013452,齊藤紳一朗,,12.3,1/2車輪,,0,0
072720260611,2026061127,7,7,5,012097,斯波雅貴,,14.7,大差,,0,0
082720260611,2026061127,8,1,5,013560,小佐野文秀,差,11.6,,,0,0
082720260611,2026061127,8,2,3,014315,西谷岳文,差,11.8,1車身,,1,0
082720260611,2026061127,8,3,2,015693,松田昂己,,12.1,3車身,,0,0
082720260611,2026061127,8,4,4,015000,藤井準也,,12.2,3/4車輪,,0,0
082720260611,2026061127,8,5,6,014385,山本淳,,11.9,3/4車身,,0,0
082720260611,2026061127,8,6,7,014938,夏目新吾,,12.5,1/2車身,,0,1
082720260611,2026061127,8,7,1,012875,中曽直彦,,13.6,大差,,0,0
092720260611,2026061127,9,1,2,015819,弓矢輪太郎,捲,11.8,,,0,0
092720260611,2026061127,9,2,5,014478,内山貴裕,マ,11.7,1/2車輪,,0,0
092720260611,2026061127,9,3,1,012261,岡部芳幸,,12.2,3/4車輪,,0,0
092720260611,2026061127,9,4,6,013932,井上雄三,,11.9,1/2車輪,,0,0
092720260611,2026061127,9,5,7,015599,堀航輝,,12.4,1/4車輪,,1,1
092720260611,2026061127,9,6,4,014057,松田優一,,12.2,1/2車身,,0,0
092720260611,2026061127,9,7,3,014058,佐藤謙,,12.2,3/4車身,,0,0
102720260611,2026061127,10,1,5,014997,下岡優季,逃,11.6,,,0,1
102720260611,2026061127,10,2,1,014225,伊藤亮,差,11.3,3/4車身,,0,0
102720260611,2026061127,10,3,7,015618,高本和也,,11.1,1車身,,0,0
102720260611,2026061127,10,4,3,014947,北川大五郎,,11.6,3/4車輪,,1,0
102720260611,2026061127,10,5,6,014734,長沼謙太,,11.4,3/4車身,,0,0
102720260611,2026061127,10,6,4,015803,西村剛,,11.8,3/4車身,,0,0
102720260611,2026061127,10,7,2,012881,白戸淳太郎,,11.5,1車身,,0,0
112720260611,2026061127,11,1,4,014581,佐山俊樹,差,11.9,,,0,0
112720260611,2026061127,11,2,1,013571,小林信晴,差,11.2,1車輪,,1,0
112720260611,2026061127,11,3,7,015603,小坂丈,,12.0,1/8車輪,,0,1
112720260611,2026061127,11,4,2,013556,山信田学,,11.7,1/8車輪,,0,0
112720260611,2026061127,11,5,3,015237,太田将成,,11.8,2車身,,0,0
112720260611,2026061127,11,6,6,013086,坂本毅,,11.6,1/2車輪,,0,0
112720260611,2026061127,11,0,5,015366,張野幸聖,,0.0,,失格,0,0
013820260611,2026061138,1,1,3,015923,右近陸人,逃,12.2,,,0,1
013820260611,2026061138,1,2,1,013080,阿部利光,差,12.0,1/2車輪,,0,0
013820260611,2026061138,1,3,4,012986,近藤直幹,,12.2,3/4車身,,1,0
013820260611,2026061138,1,4,2,015290,真崎章徳,,11.9,1車身,,0,0
013820260611,2026061138,1,5,5,013972,富永昌久,,12.1,3車身,,0,0
023820260611,2026061138,2,1,1,015260,國井裕樹,捲,11.9,,,1,1
023820260611,2026061138,2,2,4,014446,菅藤智,マ,11.9,1車身1/2,,0,0
023820260611,2026061138,2,3,3,014777,竹村達也,,12.2,5車身,,0,0
023820260611,2026061138,2,4,5,013684,吉橋秀城,,12.1,1/8車輪,,0,0
023820260611,2026061138,2,5,6,013818,赤星俊光,,12.7,6車身,,0,0
023820260611,2026061138,2,6,2,014957,永田秀佑,,15.0,大差,,0,0
033820260611,2026061138,3,1,5,015932,生野優翔,逃,12.0,,,0,1
033820260611,2026061138,3,2,1,013371,足達重満,マ,12.0,3/4車身,,1,0
033820260611,2026061138,3,3,4,013358,行成大祐,,11.9,1/4車輪,,0,0
033820260611,2026061138,3,4,3,014349,佐藤純嘉,,11.7,1車身1/2,,0,0
033820260611,2026061138,3,5,6,014666,等々力久就,,12.2,1/2車輪,,0,0
033820260611,2026061138,3,6,2,014443,堀内昇,,12.0,3/4車輪,,0,0
033820260611,2026061138,3,7,7,014216,田村純一,,11.9,1/4車輪,,0,0
043820260611,2026061138,4,1,3,014072,伊藤之人,差,11.9,,,0,0
043820260611,2026061138,4,2,7,015884,秋山太洋,捲,12.1,3/4車輪,,1,0
043820260611,2026061138,4,3,1,015889,大本隆也,,12.5,1/2車身,,0,1
043820260611,2026061138,4,4,4,014389,村本慎吾,,12.4,3/4車輪,,0,0
043820260611,2026061138,4,5,5,014489,高鍋邦彰,,12.1,1/2車輪,,0,0
043820260611,2026061138,4,6,2,012982,上原直樹,,12.1,1車身1/2,,0,0
043820260611,2026061138,4,7,6,012966,石川英昭,,12.6,1車身,,0,0
053820260611,2026061138,5,1,7,014903,増茂るるこ,差,12.7,,,0,0
053820260611,2026061138,5,2,4,015221,吉村早耶香,差,12.8,1/2車身,,0,0
053820260611,2026061138,5,3,2,014907,中川諒子,,13.1,1/2車身,,0,0
053820260611,2026061138,5,4,6,015491,當銘沙恵美,,13.3,1/2車輪,,0,1
053820260611,2026061138,5,5,1,015953,土井柚姫,,13.1,3/4車輪,,1,0
053820260611,2026061138,5,6,5,015857,伊藤優里,,13.3,2車身,,0,0
053820260611,2026061138,5,7,3,015223,中西叶美,,13.4,3車身,,0,0
063820260611,2026061138,6,1,6,015769,松井優佳,差,12.9,,,0,0
063820260611,2026061138,6,2,5,015942,齊藤由莉,マ,12.8,1/2車身,,0,0
063820260611,2026061138,6,3,3,015955,岩元杏奈,,13.3,1車身,,0,1
063820260611,2026061138,6,4,1,015394,三森彩桜,,12.8,タイヤ,,0,0
063820260611,2026061138,6,5,7,015759,星野しほ,,12.6,1車輪,,0,0
063820260611,2026061138,6,6,4,014905,加瀬加奈子,,12.9,1車身1/2,,0,0
063820260611,2026061138,6,7,2,015310,梶原百香,,13.4,4車身,,0,0
073820260611,2026061138,7,1,2,015432,水森湧太,逃,12.4,,,0,1
073820260611,2026061138,7,2,4,013275,渡辺航平,マ,12.3,3/4車輪,,0,0
073820260611,2026061138,7,3,1,015844,小山峻汰,,12.0,1/2車輪,,1,0
073820260611,2026061138,7,4,3,013749,及川裕奨,,12.2,1/2車身,,0,0
073820260611,2026061138,7,5,5,014891,小岩哲也,,12.0,1車身,,0,0
073820260611,2026061138,7,6,6,012439,河合康晴,,12.0,1車身1/2,,0,0
083820260611,2026061138,8,1,4,013668,佐々木孝司,逃,12.6,,,0,1
083820260611,2026061138,8,2,1,012963,荻野哲,マ,12.5,微差,,0,0
083820260611,2026061138,8,3,7,013359,吉田彰久,,12.3,1/2車身,,1,0
083820260611,2026061138,8,4,3,014236,本田拓也,,12.5,3/4車身,,0,0
083820260611,2026061138,8,5,5,014415,楢原由将,,12.4,1/4車輪,,0,0
083820260611,2026061138,8,6,6,012955,太田真一,,12.3,1/2車輪,,0,0
083820260611,2026061138,8,7,2,015467,倉松涼,,14.6,大差,,0,0
093820260611,2026061138,9,1,2,015526,梅田加津也,差,11.6,,,0,0
093820260611,2026061138,9,2,4,013695,岡本英之,マ,11.6,3/4車身,,0,0
093820260611,2026061138,9,3,6,013259,望月紀男,,11.6,1車身,,0,0
093820260611,2026061138,9,4,3,015701,石田典大,,12.1,1/2車身,,0,1
093820260611,2026061138,9,5,1,014186,網谷竜次,,11.7,3/4車輪,,0,0
093820260611,2026061138,9,6,7,014805,吉田元輝,,12.0,1/4車輪,,1,0
093820260611,2026061138,9,7,5,014692,森山智徳,,12.4,5車身,,0,0
103820260611,2026061138,10,1,5,015060,滝本泰行,差,11.3,,,0,0
103820260611,2026061138,10,2,2,015278,田中和磨,捲,11.5,3/4車輪,,0,1
103820260611,2026061138,10,3,3,015806,山本天平,,11.9,4車身,,0,0
103820260611,2026061138,10,4,7,014185,隅貴史,,11.7,1/4車輪,,0,0
103820260611,2026061138,10,5,1,015700,吉田晏生,,11.7,1/2車輪,,0,0
103820260611,2026061138,10,6,4,012721,梅山英樹,,11.6,1/4車輪,,0,0
103820260611,2026061138,10,7,6,015264,渡邉直弥,,12.0,3/4車身,,1,0
113820260611,2026061138,11,1,6,014164,田中孝彦,差,11.9,,,0,0
113820260611,2026061138,11,2,1,015712,松本京太,逃,12.1,1/2車輪,,1,1
113820260611,2026061138,11,3,7,013903,川崎健次,,11.8,3/4車輪,,0,0
113820260611,2026061138,11,4,3,014956,小川賢人,,11.5,3/4車輪,,0,0
113820260611,2026061138,11,5,5,015568,田川翔琉,,11.4,1車身1/2,,0,0
113820260611,2026061138,11,6,4,013760,矢口啓一郎,,11.9,1/2車身,,0,0
113820260611,2026061138,11,7,2,015159,坂本拓也,,11.6,微差,,0,0
014320260611,2026061143,1,1,4,014199,松岡孔明,差,11.6,,,0,0
014320260611,2026061143,1,2,9,014398,藤田勝也,差,11.8,3/4車身,,0,0
014320260611,2026061143,1,3,3,015458,貴志修己,,11.9,1/4車輪,,0,1
014320260611,2026061143,1,4,7,012813,成清貴之,,11.4,1/4車輪,,0,0
014320260611,2026061143,1,5,5,014458,近藤保,,11.6,1/4車輪,,0,0
014320260611,2026061143,1,6,2,015389,宮崎大空,,11.6,1/4車輪,,0,0
014320260611,2026061143,1,7,8,015375,村上竜馬,,11.3,1/8車輪,,0,0
014320260611,2026061143,1,8,6,014104,池田憲昭,,11.5,3車身,,0,0
014320260611,2026061143,1,9,1,015807,塩島嵩一朗,,12.6,7車身,,0,0
024320260611,2026061143,2,1,1,014212,山崎将幸,差,11.8,,,1,0
024320260611,2026061143,2,2,8,013669,荒澤貴史,マ,11.7,1/2車身,,0,0
024320260611,2026061143,2,3,7,015784,高橋舜,,12.0,1/4車輪,,0,1
024320260611,2026061143,2,4,9,014143,天田裕輝,,11.7,3/4車身,,0,0
024320260611,2026061143,2,5,3,012819,齊藤竜也,,11.6,3/4車身,,0,0
024320260611,2026061143,2,6,4,015162,蕗澤鴻太郎,,11.9,1車身1/2,,0,0
024320260611,2026061143,2,7,2,015132,瓜生崇智,,11.5,1車身,,0,0
024320260611,2026061143,2,8,5,013387,野田源一,,11.9,3/4車身,,0,0
024320260611,2026061143,2,9,6,014410,桶谷明誉,,0.0,大差,,0,0
034320260611,2026061143,3,1,4,013878,松岡健介,差,11.8,,,0,0
034320260611,2026061143,3,2,1,014682,原田研太朗,捲,11.9,1/2車輪,,0,0
034320260611,2026061143,3,3,7,014239,鈴木裕,,11.8,1車輪,,0,0
034320260611,2026061143,3,4,8,015547,米嶋恵介,,11.7,1/8車輪,,0,0
034320260611,2026061143,3,5,3,013533,佐藤愼太郎,,11.4,1/2車輪,,0,0
034320260611,2026061143,3,6,5,014826,菅原裕太,,11.7,1/2車身,,0,0
034320260611,2026061143,3,7,2,015718,棚瀬義大,,12.1,1/4車輪,,0,1
034320260611,2026061143,3,8,9,013637,笠松信幸,,12.0,タイヤ,,1,0
034320260611,2026061143,3,9,6,015083,中村弘之輔,,11.6,1/2車身,,0,0
044320260611,2026061143,4,1,7,015794,福田稔希,逃,12.0,,,0,1
044320260611,2026061143,4,2,3,014018,内藤秀久,マ,11.9,タイヤ,,0,0
044320260611,2026061143,4,3,9,013855,近藤俊明,,11.8,3/4車身,,0,0
044320260611,2026061143,4,4,4,014800,伊東翔貴,,11.8,1車身,,0,0
044320260611,2026061143,4,5,2,014500,竹村勇祐,,11.7,1/2車輪,,0,0
044320260611,2026061143,4,6,5,014253,伊藤信,,11.4,1/2車輪,,0,0
044320260611,2026061143,4,7,1,014942,清水剛志,,11.3,1/2車輪,,1,0
044320260611,2026061143,4,8,8,015118,木村幸希,,11.3,1車身1/2,,0,0
044320260611,2026061143,4,9,6,014711,相澤政宏,,11.9,1車身,,0,0
054320260611,2026061143,5,1,1,015383,原井博斗,差,11.4,,,0,0
054320260611,2026061143,5,2,9,015385,立部楓真,捲,11.5,1/2車輪,,0,0
054320260611,2026061143,5,3,4,015461,土生敦弘,,11.1,1車身,,0,0
054320260611,2026061143,5,4,3,015598,大川剛,,11.7,3/4車輪,,0,1
054320260611,2026061143,5,5,5,015128,嶋田誠也,,11.4,タイヤ,,0,0
054320260611,2026061143,5,6,8,014134,小野大介,,11.5,1車輪,,0,0
054320260611,2026061143,5,7,7,013829,青森伸也,,11.7,3/4車輪,,0,0
054320260611,2026061143,5,8,2,013726,川村晃司,,11.1,3/4車身,,1,0
054320260611,2026061143,5,9,6,014949,石口慶多,,11.3,3車身,,0,0
064320260611,2026061143,6,1,2,014506,磯田旭,差,11.8,,,0,0
064320260611,2026061143,6,2,9,015517,橋本壮史,逃,12.0,1車輪,,0,1
064320260611,2026061143,6,3,8,012895,小嶋敬二,,11.6,1/4車輪,,0,0
064320260611,2026061143,6,4,1,014177,小堺浩二,,11.4,1/4車輪,,1,0
064320260611,2026061143,6,5,4,014221,古川尚耶,,11.8,1/2車身,,0,0
064320260611,2026061143,6,6,7,014421,松川高大,,11.3,1/4車輪,,0,0
064320260611,2026061143,6,7,3,015476,緒方将樹,,11.5,3/4車身,,0,0
064320260611,2026061143,6,8,5,013443,大坪功一,,11.3,1/2車身,,0,0
064320260611,2026061143,6,9,6,015627,南儀拓海,,12.1,1車身1/2,,0,0
074320260611,2026061143,7,1,5,013442,濱田浩司,差,11.9,,,0,0
074320260611,2026061143,7,2,7,015815,栗山和樹,捲,11.7,3/4車身,,0,0
074320260611,2026061143,7,3,8,014326,福島栄一,,11.9,1/2車輪,,0,0
074320260611,2026061143,7,4,1,015450,長谷部龍一,,11.6,1車輪,,0,0
074320260611,2026061143,7,5,2,015276,佐伯亮輔,,12.2,3/4車輪,,0,1
074320260611,2026061143,7,6,4,014176,笹倉慎也,,11.5,タイヤ,,0,0
074320260611,2026061143,7,7,3,014806,岡田泰地,,11.8,1車輪,,0,0
074320260611,2026061143,7,8,9,013967,岡本大嗣,,11.9,1/2車輪,,0,0
074320260611,2026061143,7,9,6,015430,岡田亮太,,12.0,微差,,0,0
084320260611,2026061143,8,1,1,014835,窓場千加頼,差,11.4,,,0,0
084320260611,2026061143,8,2,5,015629,岸田剛,捲,11.5,1/4車輪,,0,0
084320260611,2026061143,8,3,3,014576,中田雄喜,,11.4,3車身,,0,0
084320260611,2026061143,8,4,7,013240,小林大介,,11.7,1/8車輪,,0,0
084320260611,2026061143,8,5,8,012519,藤原誠,,11.6,1/2車輪,,1,0
084320260611,2026061143,8,6,2,015608,山口多聞,,11.9,3/4車輪,,0,1
084320260611,2026061143,8,7,9,012826,渡邉晴智,,11.7,タイヤ,,0,0
084320260611,2026061143,8,8,6,014137,房州輝也,,11.4,1車身,,0,0
084320260611,2026061143,8,9,4,014792,坂本周輝,,11.7,1/2車輪,,0,0
094320260611,2026061143,9,1,5,015692,松崎広太,逃,11.8,,,0,1
094320260611,2026061143,9,2,3,014259,戸田洋平,差,11.5,1車身,,0,0
094320260611,2026061143,9,3,7,014384,佐藤龍二,,11.7,1/2車身,,0,0
094320260611,2026061143,9,4,1,014004,松永将,,11.8,1/4車輪,,1,0
094320260611,2026061143,9,5,9,013656,渡部哲男,,11.7,1/8車輪,,0,0
094320260611,2026061143,9,6,6,014801,山本恵介,,11.5,1車身1/2,,0,0
094320260611,2026061143,9,7,8,015539,上杉嘉槻,,11.4,1車身,,0,0
094320260611,2026061143,9,8,4,013959,鷲田佳史,,11.4,3/4車身,,0,0
094320260611,2026061143,9,9,2,015121,太田竜馬,,12.4,2車身,,0,0
104320260611,2026061143,10,1,3,015799,森田一郎,捲,11.6,,,1,0
104320260611,2026061143,10,2,9,015104,中川勝貴,差,11.7,1車身1/2,,0,0
104320260611,2026061143,10,3,7,014723,石川裕二,,11.6,3/4車輪,,0,0
104320260611,2026061143,10,4,5,015438,佐々木和紀,,11.3,微差,,0,0
104320260611,2026061143,10,5,2,014955,市橋司優人,,11.5,1/4車輪,,0,0
104320260611,2026061143,10,6,4,015361,高田修汰,,12.1,2車身,,0,1
104320260611,2026061143,10,7,8,014194,桑原亮,,11.4,1車身,,0,0
104320260611,2026061143,10,8,1,014409,山本奨,,11.8,2車身,,0,0
104320260611,2026061143,10,9,6,013741,高原仁志,,12.5,大差,,0,0
114320260611,2026061143,11,1,2,013628,石毛克幸,捲,11.4,,,0,1
114320260611,2026061143,11,2,5,015814,岩井芯,捲,11.5,1車身,,0,0
114320260611,2026061143,11,3,9,013862,鈴木伸之,,11.4,1車身,,0,0
114320260611,2026061143,11,4,1,014977,川口聖二,,11.5,1/4車輪,,1,0
114320260611,2026061143,11,5,3,014268,山口貴弘,,11.1,3/4車輪,,0,0
114320260611,2026061143,11,6,7,014592,小島歩,,11.4,3/4車身,,0,0
114320260611,2026061143,11,7,4,014339,成松春樹,,11.3,3/4車輪,,0,0
114320260611,2026061143,11,8,8,015176,望月一成,,12.1,4車身,,0,0
114320260611,2026061143,11,9,6,012478,加倉正義,,12.8,大差,,0,0
124320260611,2026061143,12,1,7,014718,小松崎大地,差,11.9,,,0,0
124320260611,2026061143,12,2,9,013982,五日市誠,差,11.7,1/2車身,,0,0
124320260611,2026061143,12,3,1,015235,嵯峨昇喜郎,,11.8,3/4車輪,,0,0
124320260611,2026061143,12,4,5,015417,櫻井祐太郎,,12.2,1/8車輪,,1,1
124320260611,2026061143,12,5,6,014497,川津悠揮,,11.5,3/4車輪,,0,0
124320260611,2026061143,12,6,8,014837,神田紘輔,,11.4,1/2車身,,0,0
124320260611,2026061143,12,7,4,015063,小川真太郎,,11.4,1/2車輪,,0,0
124320260611,2026061143,12,8,3,015006,石塚輪太郎,,11.7,1車身1/2,,0,0
124320260611,2026061143,12,9,2,015268,山田諒,,12.0,1車身1/2,,0,0
016120260611,2026061161,1,1,4,015486,岡本二菜,逃,12.8,,,0,1
016120260611,2026061161,1,2,5,015492,永禮美瑠,捲,12.8,1/2車身,,0,0
016120260611,2026061161,1,3,1,015755,神戸暖稀羽,,12.7,3/4車身,,0,0
016120260611,2026061161,1,4,2,015957,成海綾香,,12.7,3/4車輪,,0,0
016120260611,2026061161,1,5,7,015761,吉村美有紀,,12.6,1/2車身,,0,0
016120260611,2026061161,1,6,3,015148,中嶋里美,,12.6,1/2車輪,,0,0
016120260611,2026061161,1,7,6,015397,新井美菜,,12.7,3車身,,0,0
026120260611,2026061161,2,1,1,015777,谷元音羽,差,12.2,,,0,0
026120260611,2026061161,2,2,3,015666,畠山ひすい,逃,12.3,3/4車輪,,0,1
026120260611,2026061161,2,3,4,015684,安東莉奈,,12.3,8車身,,1,0
026120260611,2026061161,2,4,6,015401,清水彩那,,12.5,3/4車身,,0,0
026120260611,2026061161,2,4,7,015774,金田舞夏,,12.2,3/4車身,,0,0
026120260611,2026061161,2,6,5,015951,今西瑠花,,12.6,6車身,,0,0
026120260611,2026061161,2,7,2,015133,佐藤友香,,12.9,3車身,,0,0
036120260611,2026061161,3,1,6,015406,吉岡詩織,捲,12.7,,,0,0
036120260611,2026061161,3,2,4,015669,河内桜雪,マ,12.6,3/4車輪,,0,0
036120260611,2026061161,3,3,1,015678,小林真矢香,,12.4,1/2車身,,0,0
036120260611,2026061161,3,4,5,015078,三宅玲奈,,12.6,3/4車身,,0,0
036120260611,2026061161,3,5,3,015858,平子結菜,,13.1,1車身,,0,1
036120260611,2026061161,3,6,2,014904,渡辺ゆかり,,12.5,1車身1/2,,0,0
036120260611,2026061161,3,7,7,015941,川原未紀,,13.1,3/4車身,,0,0
046120260611,2026061161,4,1,9,013765,海老根恵太,差,11.7,,,0,0
046120260611,2026061161,4,2,3,015663,松本秀之慎,捲,11.7,3/4車輪,,0,0
046120260611,2026061161,4,3,5,014016,石塚孝幸,,11.6,1/2車輪,,0,0
046120260611,2026061161,4,4,2,014188,原誠宏,,11.1,1/2車身,,0,0
046120260611,2026061161,4,5,1,015169,野口裕史,,12.0,1車身1/2,,0,1
046120260611,2026061161,4,6,8,015014,西田将士,,11.8,3/4車身,,0,0
046120260611,2026061161,4,7,7,012487,紺野哲也,,11.7,1車身1/2,,0,0
046120260611,2026061161,4,8,4,015236,藤根俊貴,,11.8,1/4車輪,,0,0
046120260611,2026061161,4,9,6,015552,上野雅彦,,11.7,1車身1/2,,0,0
056120260611,2026061161,5,1,3,015197,川口雄太,差,11.1,,,1,0
056120260611,2026061161,5,2,7,015466,久田裕也,捲,11.4,1/4車輪,,0,0
056120260611,2026061161,5,3,9,015342,福田滉,,11.7,1車身,,0,0
056120260611,2026061161,5,4,5,014944,栗山俊介,,11.4,1車輪,,0,0
056120260611,2026061161,5,5,2,015289,橋本瑠偉,,11.9,微差,,0,1
056120260611,2026061161,5,6,1,015106,大石崇晴,,11.6,1車輪,,0,0
056120260611,2026061161,5,7,4,014130,竹山陵太,,11.7,1/2車身,,0,0
056120260611,2026061161,5,8,6,014258,片山智晴,,11.2,3/4車輪,,0,0
056120260611,2026061161,5,9,8,014716,猪狩祐樹,,12.5,大差,,0,0
066120260611,2026061161,6,1,1,014879,月森亮輔,差,11.3,,,0,0
066120260611,2026061161,6,2,9,014465,村上直久,逃,11.8,1/8車輪,,0,1
066120260611,2026061161,6,3,3,014017,大塚玲,,11.7,1/4車輪,,0,0
066120260611,2026061161,6,4,6,012421,小沼良,,11.6,3/4車輪,,0,0
066120260611,2026061161,6,5,5,013886,大屋健司,,11.3,1/4車輪,,0,0
066120260611,2026061161,6,6,8,014953,和田誠寿,,11.3,1車身1/2,,0,0
066120260611,2026061161,6,7,2,014599,松岡篤哉,,11.2,1車身1/2,,0,0
066120260611,2026061161,6,8,4,015536,疋田力也,,11.4,1車輪,,0,0
066120260611,2026061161,6,9,7,014313,小谷実,,11.5,4車身,,0,0
076120260611,2026061161,7,1,3,013961,松村友和,差,11.3,,,0,0
076120260611,2026061161,7,2,7,014945,中井俊亮,捲,11.5,3/4車身,,0,0
076120260611,2026061161,7,3,2,014677,角令央奈,,11.4,3/4車身,,0,0
076120260611,2026061161,7,4,5,014511,内藤高裕,,11.8,1/2車身,,0,0
076120260611,2026061161,7,5,9,014691,東矢昇太,,11.3,1/2車輪,,0,0
076120260611,2026061161,7,6,8,015288,薦田将伍,,11.7,1/2車輪,,0,0
076120260611,2026061161,7,7,1,015697,熊崎麻人,,12.0,1車輪,,0,0
076120260611,2026061161,7,8,6,014187,大西祐,,12.2,1/4車輪,,0,1
076120260611,2026061161,7,9,4,014881,山崎泰己,,12.2,1車身,,1,0
086120260611,2026061161,8,1,1,015545,橋本凌汰,差,11.7,,,0,0
086120260611,2026061161,8,2,9,015333,高橋晋也,捲,11.8,1/2車輪,,0,0
086120260611,2026061161,8,3,8,014264,松尾信太郎,,11.5,1/2車身,,0,0
086120260611,2026061161,8,4,4,015040,隅田洋介,,11.7,1車輪,,0,0
086120260611,2026061161,8,5,2,013912,金成和幸,,11.7,1/4車輪,,0,0
086120260611,2026061161,8,6,5,015604,安彦統賀,,12.0,3/4車身,,1,1
086120260611,2026061161,8,7,6,014527,飯田憲司,,12.0,大差,,0,0
086120260611,2026061161,8,0,3,013693,藤原憲征,,0.0,,落車,0,0
086120260611,2026061161,8,0,7,013230,開坂秀明,,0.0,,落車,0,0
096120260611,2026061161,9,1,7,015891,野中龍之介,捲,11.8,,,0,0
096120260611,2026061161,9,2,4,014929,小酒大勇,差,11.8,1車身1/2,,0,0
096120260611,2026061161,9,3,1,015572,田村大,,12.0,3/4車輪,,0,1
096120260611,2026061161,9,4,6,014228,片折亮太,,11.8,1/2車輪,,0,0
096120260611,2026061161,9,5,9,015358,三浦貴大,,11.8,1/4車輪,,0,0
096120260611,2026061161,9,6,2,013772,岡村潤,,11.9,1/8車輪,,0,0
096120260611,2026061161,9,7,3,013118,山内卓也,,11.7,1/2車身,,0,0
096120260611,2026061161,9,8,5,014817,佐藤壮,,11.9,3/4車輪,,0,0
096120260611,2026061161,9,9,8,014991,中島将尊,,11.8,3/4車身,,0,0
106120260611,2026061161,10,1,2,014537,西村光太,捲,11.7,,,0,0
106120260611,2026061161,10,2,6,014307,谷田泰平,マ,11.7,3/4車身,,0,0
106120260611,2026061161,10,3,9,015329,板垣昴,,11.5,3/4車輪,,0,0
106120260611,2026061161,10,4,3,014664,志村龍己,,11.7,1/2車輪,,1,0
106120260611,2026061161,10,5,1,015036,尾形鉄馬,,11.5,3/4車身,,0,0
106120260611,2026061161,10,6,4,014574,佐伯翔,,11.4,1車輪,,0,0
106120260611,2026061161,10,7,5,015793,川上隆義,,12.0,1/2車身,,0,0
106120260611,2026061161,10,8,8,014604,菱田浩二,,12.5,4車身,,0,1
106120260611,2026061161,10,9,7,013945,福田知也,,12.5,大差,,0,0
116120260611,2026061161,11,1,9,015725,青木瑞樹,逃,12.1,,,0,1
116120260611,2026061161,11,2,5,014184,池田良,マ,12.0,1/2車輪,,0,0
116120260611,2026061161,11,3,7,013115,望月永悟,,11.7,3/4車身,,0,0
116120260611,2026061161,11,4,3,014337,佐々木翔一,,11.8,1/4車輪,,0,0
116120260611,2026061161,11,5,2,015254,鈴木輝大,,11.8,1車身,,0,0
116120260611,2026061161,11,6,8,015067,瀬戸晋作,,12.0,1/2車輪,,0,0
116120260611,2026061161,11,7,1,014552,福島武士,,12.2,3/4車身,,0,0
116120260611,2026061161,11,8,6,015445,内藤久文,,13.3,大差,,0,0
116120260611,2026061161,11,0,4,013955,三宅裕武,,0.0,,落車,0,0
126120260611,2026061161,12,1,3,013821,中村圭志,差,11.5,,,0,0
126120260611,2026061161,12,2,4,015381,岩谷拓磨,捲,11.6,1車輪,,1,1
126120260611,2026061161,12,3,6,013291,三宅達也,,11.5,3/4車輪,,0,0
126120260611,2026061161,12,4,8,013532,佐々木雄一,,11.4,3/4車身,,0,0
126120260611,2026061161,12,5,2,014105,阿竹智史,,11.7,1/2車身,,0,0
126120260611,2026061161,12,6,7,014472,坂口晃輔,,11.4,3/4車輪,,0,0
126120260611,2026061161,12,7,5,013900,大森慶一,,11.6,1/8車輪,,0,0
126120260611,2026061161,12,8,1,015620,纐纈洸翔,,11.7,2車身,,0,0
126120260611,2026061161,12,9,9,014190,木村隆弘,,13.8,大差,,0,0
011220260612,2026061212,1,1,1,015686,高橋海月,逃,12.1,,,1,1
011220260612,2026061212,1,2,2,011665,倉岡慎太郎,差,11.7,1/2車輪,,0,0
011220260612,2026061212,1,3,4,013861,岡田大門,,11.8,1車輪,,0,0
011220260612,2026061212,1,4,5,013965,岡田雅也,,11.6,3/4車身,,0,0
011220260612,2026061212,1,5,6,012810,中山善仁,,11.9,3車身,,0,0
011220260612,2026061212,1,6,3,012824,梶原亜湖,,12.7,大差,,0,0
021220260612,2026061212,2,1,5,014430,橋本祐司,差,12.2,,,0,0
021220260612,2026061212,2,2,2,013176,早川成矢,捲,11.8,3/4車輪,,0,0
021220260612,2026061212,2,3,4,013513,南和夫,,12.1,1/2車輪,,0,0
021220260612,2026061212,2,4,7,013023,吉田英二,,11.8,1/8車輪,,0,0
021220260612,2026061212,2,5,3,014989,鈴木豪,,12.5,3/4車身,,0,1
021220260612,2026061212,2,6,1,013027,戸ノ下太郎,,11.8,3/4車輪,,1,0
021220260612,2026061212,2,7,6,014463,久保将史,,12.3,2車身,,0,0
031220260612,2026061212,3,1,1,012646,大澤裕之,差,12.9,,,0,0
031220260612,2026061212,3,2,5,015886,中川飛隆,逃,13.0,1/4車輪,,0,1
031220260612,2026061212,3,3,7,013678,菊池崇訓,,12.8,3/4車身,,1,0
031220260612,2026061212,3,4,3,011803,植田誠,,12.7,1車身,,0,0
031220260612,2026061212,3,5,4,013212,岡田浩太,,12.8,1/4車輪,,0,0
031220260612,2026061212,3,6,2,014425,前川裕希,,12.5,1/4車輪,,0,0
031220260612,2026061212,3,7,6,014798,三浦平志郎,,13.0,8車身,,0,0
041220260612,2026061212,4,1,3,015368,井坂泰誓,捲,11.8,,,0,0
041220260612,2026061212,4,2,2,013767,松丸裕紀,差,12.4,1/8車輪,,1,0
041220260612,2026061212,4,3,5,015012,勝部貴博,,12.7,1/4車輪,,0,1
041220260612,2026061212,4,4,6,014931,横田政直,,12.6,3/4車身,,0,0
041220260612,2026061212,4,5,1,013549,堀勝政,,12.5,3/4車輪,,0,0
041220260612,2026061212,4,6,4,014373,鈴木雄一朗,,12.4,1車身,,0,0
041220260612,2026061212,4,7,7,013776,小塚潤,,11.9,1/4車輪,,0,0
051220260612,2026061212,5,1,7,012532,西郷剛,差,12.2,,,0,0
051220260612,2026061212,5,2,3,015210,白濱一平,逃,12.3,1/2車輪,,0,1
051220260612,2026061212,5,3,4,013040,服部竜二,,12.2,1車身,,0,0
051220260612,2026061212,5,4,6,014357,佐藤康恭,,12.0,1/4車輪,,0,0
051220260612,2026061212,5,5,2,014434,山崎功也,,12.0,1車身,,1,0
051220260612,2026061212,5,6,1,014388,水野悟志,,11.9,1/2車身,,0,0
051220260612,2026061212,5,7,5,012883,大沼孝行,,13.7,大差,,0,0
061220260612,2026061212,6,1,4,015881,関口朗斗,逃,12.2,,,1,1
061220260612,2026061212,6,2,2,012717,伊藤一貴,マ,12.1,3/4車身,,0,0
061220260612,2026061212,6,3,6,013063,赤松秀展,,12.1,3/4車身,,0,0
061220260612,2026061212,6,4,3,014595,瀧本匡平,,12.2,1/2車身,,0,0
061220260612,2026061212,6,5,7,013705,佐藤有輝,,12.0,1/4車輪,,0,0
061220260612,2026061212,6,6,5,014483,竜門孝宗,,12.2,3/4車輪,,0,0
061220260612,2026061212,6,7,1,014550,龍門慎太郎,,12.1,1/2車身,,0,0
071220260612,2026061212,7,1,3,015888,水澤秀哉,逃,11.9,,,1,1
071220260612,2026061212,7,2,2,015873,十文字悠真,マ,11.8,1/2車輪,,0,0
071220260612,2026061212,7,3,1,014951,後藤祐貴,,11.3,3/4車身,,0,0
071220260612,2026061212,7,4,4,015935,佐藤魁皇,,11.8,3/4車身,,0,0
071220260612,2026061212,7,5,7,014019,長崎達也,,11.9,1/2車身,,0,0
071220260612,2026061212,7,6,6,012542,森下忠夫,,11.8,3/4車身,,0,0
071220260612,2026061212,7,7,5,013525,亀井道佳,,12.1,5車身,,0,0
012720260612,2026061227,1,1,2,013692,佐野多喜男,差,12.2,,,0,0
012720260612,2026061227,1,2,3,014694,前島恭平,逃,12.3,3/4車輪,,0,1
012720260612,2026061227,1,3,1,011367,石川一浩,,11.9,1/2車輪,,1,0
012720260612,2026061227,1,4,4,013676,塚本諭,,12.0,1/4車輪,,0,0
012720260612,2026061227,1,5,5,014382,伊藤翼,,14.0,大差,,0,0
022720260612,2026061227,2,1,2,014079,江本博明,差,12.3,,,0,0
022720260612,2026061227,2,2,3,014880,野見泰要,逃,12.4,1/2車輪,,0,1
022720260612,2026061227,2,3,4,014644,高橋明久,,12.2,1車身1/2,,1,0
022720260612,2026061227,2,4,1,014429,千澤大輔,,12.2,1/2車輪,,0,0
022720260612,2026061227,2,5,5,012277,井上典善,,15.2,大差,,0,0
032720260612,2026061227,3,1,7,014743,鈴木広人,逃,12.2,,,0,1
032720260612,2026061227,3,2,3,013109,志村正洋,マ,12.0,3/4車輪,,0,0
032720260612,2026061227,3,3,4,014062,齋藤昌弘,,11.9,1/2車身,,0,0
032720260612,2026061227,3,4,2,014006,青木亮太,,11.9,3/4車身,,0,0
032720260612,2026061227,3,5,6,011790,廣川貞治,,11.9,1車身,,0,0
032720260612,2026061227,3,6,5,013285,吉川悟,,12.1,1/2車輪,,0,0
032720260612,2026061227,3,7,1,015270,元砂海人,,12.1,1車輪,,0,0
042720260612,2026061227,4,1,5,015585,山本さくら,捲,12.9,,,0,1
042720260612,2026061227,4,2,1,015944,赤池七虹,差,12.7,2車身,,0,0
042720260612,2026061227,4,3,4,015591,松本ちひろ,,13.0,1車輪,,0,0
042720260612,2026061227,4,4,3,015579,川路遥香,,12.9,3/4車輪,,0,0
042720260612,2026061227,4,5,6,015867,是永ゆうき,,12.7,1/2車輪,,0,0
042720260612,2026061227,4,6,2,015494,近澤諒香,,13.1,1車身1/2,,0,0
052720260612,2026061227,5,1,5,014938,夏目新吾,逃,12.5,,,0,1
052720260612,2026061227,5,2,2,014058,佐藤謙,マ,12.4,3/4車輪,,1,0
052720260612,2026061227,5,3,3,012875,中曽直彦,,12.4,3/4車身,,0,0
052720260612,2026061227,5,4,6,013452,齊藤紳一朗,,12.2,3/4車輪,,0,0
052720260612,2026061227,5,5,7,015000,藤井準也,,12.5,3/4車身,,0,0
052720260612,2026061227,5,6,1,014470,板橋慎治,,12.4,1/8車輪,,0,0
052720260612,2026061227,5,7,4,014810,小川辰徳,,12.6,8車身,,0,0
062720260612,2026061227,6,1,7,014315,西谷岳文,差,12.1,,,0,0
062720260612,2026061227,6,2,1,015693,松田昂己,捲,11.9,3/4車輪,,0,0
062720260612,2026061227,6,3,6,014385,山本淳,,11.8,1/8車輪,,0,0
062720260612,2026061227,6,4,3,012097,斯波雅貴,,12.0,3/4車身,,1,0
062720260612,2026061227,6,5,4,013246,山崎充央,,12.0,3/4車身,,0,0
062720260612,2026061227,6,6,5,012946,亀井雅斗,,11.8,1/2車身,,0,0
062720260612,2026061227,6,7,2,015265,井田晶之,,12.6,タイヤ,,0,1
072720260612,2026061227,7,1,5,015870,畑崎大輝,逃,11.8,,,0,1
072720260612,2026061227,7,2,6,012725,浦山一栄,差,11.8,6車身,,0,0
072720260612,2026061227,7,3,4,015883,吉田夢希斗,,12.1,1車身1/2,,0,0
072720260612,2026061227,7,4,1,014075,松根真,,11.8,1/4車輪,,0,0
072720260612,2026061227,7,5,3,012634,大薗宏,,12.0,2車身,,0,0
072720260612,2026061227,7,6,2,015906,林佳宗依,,12.3,1車身1/2,,1,0
072720260612,2026061227,7,7,7,015111,布居翼,,12.7,4車身,,0,0
082720260612,2026061227,8,1,2,015671,小泉夢菜,差,12.9,,,0,0
082720260612,2026061227,8,2,1,015949,岡田優歩,逃,13.0,3/4車輪,,0,1
082720260612,2026061227,8,3,6,015764,宇野紅音,,12.8,1/2車輪,,0,0
082720260612,2026061227,8,4,3,014962,石井貴子,,12.8,3/4車身,,0,0
082720260612,2026061227,8,5,7,015392,加藤舞,,13.0,3/4車身,,0,0
082720260612,2026061227,8,6,5,015864,田野口佳奈,,12.8,1/2車身,,0,0
082720260612,2026061227,8,7,4,015391,伊藤のぞみ,,12.9,1/2車身,,1,0
092720260612,2026061227,9,1,2,013560,小佐野文秀,差,12.0,,,1,0
092720260612,2026061227,9,2,7,014734,長沼謙太,マ,12.0,3/4車身,,0,0
092720260612,2026061227,9,3,5,015803,西村剛,,12.3,1/2車輪,,0,1
092720260612,2026061227,9,4,3,015531,深瀬泰我,,11.7,1/2車身,,0,0
092720260612,2026061227,9,5,6,012738,渡邊一洋,,11.5,1/4車輪,,0,0
092720260612,2026061227,9,6,4,015237,太田将成,,11.9,3/4車輪,,0,0
092720260612,2026061227,9,7,1,014947,北川大五郎,,12.2,1/2車輪,,0,0
102720260612,2026061227,10,1,3,013556,山信田学,差,12.0,,,0,0
102720260612,2026061227,10,2,4,012261,岡部芳幸,差,12.2,2車身,,0,0
102720260612,2026061227,10,3,5,015603,小坂丈,,12.6,3/4車身,,0,1
102720260612,2026061227,10,4,7,013932,井上雄三,,12.3,3/4車身,,0,0
102720260612,2026061227,10,5,6,013086,坂本毅,,12.2,1/8車輪,,0,0
102720260612,2026061227,10,6,2,014057,松田優一,,12.5,1車輪,,0,0
102720260612,2026061227,10,7,1,015599,堀航輝,,13.0,5車身,,1,0
112720260612,2026061227,11,1,3,013571,小林信晴,差,12.1,,,0,0
112720260612,2026061227,11,2,7,014997,下岡優季,捲,12.3,1/2車身,,0,1
112720260612,2026061227,11,3,4,014225,伊藤亮,,12.1,1/2車身,,0,0
112720260612,2026061227,11,4,6,014581,佐山俊樹,,12.1,3/4車身,,0,0
112720260612,2026061227,11,5,2,014478,内山貴裕,,12.2,1/4車輪,,0,0
112720260612,2026061227,11,6,1,015618,高本和也,,12.3,4車身,,1,0
112720260612,2026061227,11,7,5,015819,弓矢輪太郎,,12.7,3車身,,0,0
013820260612,2026061238,1,1,5,015290,真崎章徳,差,12.2,,,0,0
013820260612,2026061238,1,2,3,012966,石川英昭,差,12.0,1/2車身,,0,0
013820260612,2026061238,1,3,2,012986,近藤直幹,,12.2,1/2車輪,,1,0
013820260612,2026061238,1,4,4,014777,竹村達也,,12.5,1/2車輪,,0,1
013820260612,2026061238,1,5,1,013818,赤星俊光,,12.3,4車身,,0,0
023820260612,2026061238,2,1,6,013080,阿部利光,差,12.2,,,0,0
023820260612,2026061238,2,2,3,014216,田村純一,逃,12.3,1車輪,,1,1
023820260612,2026061238,2,3,5,014446,菅藤智,,12.2,3/4車身,,0,0
023820260612,2026061238,2,4,1,013684,吉橋秀城,,12.0,3/4車身,,0,0
023820260612,2026061238,2,5,4,014957,永田秀佑,,12.2,1/2車輪,,0,0
023820260612,2026061238,2,6,2,013972,富永昌久,,12.2,3/4車身,,0,0
033820260612,2026061238,3,1,3,015260,國井裕樹,逃,12.8,,,1,1
033820260612,2026061238,3,2,1,015923,右近陸人,捲,12.7,3/4車身,,0,0
033820260612,2026061238,3,3,6,012982,上原直樹,,12.6,1/4車輪,,0,0
033820260612,2026061238,3,4,4,014489,高鍋邦彰,,12.6,2車身,,0,0
033820260612,2026061238,3,5,7,014443,堀内昇,,12.4,1車身1/2,,0,0
033820260612,2026061238,3,6,2,014666,等々力久就,,12.5,1/4車輪,,0,0
033820260612,2026061238,3,7,5,014349,佐藤純嘉,,13.1,1車輪,,0,0
043820260612,2026061238,4,1,3,015491,當銘沙恵美,逃,13.3,,,0,1
043820260612,2026061238,4,2,1,015857,伊藤優里,マ,13.1,3/4車身,,0,0
043820260612,2026061238,4,3,5,015394,三森彩桜,,13.1,1車身1/2,,0,0
043820260612,2026061238,4,4,6,015953,土井柚姫,,13.0,1車輪,,0,0
043820260612,2026061238,4,5,4,015759,星野しほ,,13.2,3/4車身,,0,0
043820260612,2026061238,4,6,7,015310,梶原百香,,13.3,1/4車輪,,0,0
043820260612,2026061238,4,7,2,015223,中西叶美,,13.7,9車身,,0,0
053820260612,2026061238,5,1,4,013327,高橋健太,差,12.1,,,0,0
053820260612,2026061238,5,2,6,012439,河合康晴,マ,12.1,3/4車輪,,0,0
053820260612,2026061238,5,3,1,015159,坂本拓也,,12.3,1/2車身,,1,1
053820260612,2026061238,5,4,2,014236,本田拓也,,12.1,3/4車身,,0,0
053820260612,2026061238,5,5,7,015844,小山峻汰,,11.9,1/2車輪,,0,0
053820260612,2026061238,5,6,3,014891,小岩哲也,,12.1,5車身,,0,0
053820260612,2026061238,5,7,5,013359,吉田彰久,,12.1,3/4車身,,0,0
063820260612,2026061238,6,1,7,014692,森山智徳,逃,11.7,,,0,1
063820260612,2026061238,6,2,6,013749,及川裕奨,差,11.9,9車身,,0,0
063820260612,2026061238,6,3,5,012963,荻野哲,,11.8,1/2車身,,0,0
063820260612,2026061238,6,4,3,012955,太田真一,,11.8,3/4車身,,0,0
063820260612,2026061238,6,5,4,014415,楢原由将,,12.2,1車輪,,0,0
063820260612,2026061238,6,6,1,015467,倉松涼,,11.9,1/2車身,,0,0
063820260612,2026061238,6,7,2,015264,渡邉直弥,,12.4,3車身,,1,0
073820260612,2026061238,7,1,5,014186,網谷竜次,差,12.2,,,0,0
073820260612,2026061238,7,2,4,015701,石田典大,逃,12.6,1/2車身,,0,1
073820260612,2026061238,7,3,6,013275,渡辺航平,,12.5,1/4車輪,,0,0
073820260612,2026061238,7,4,3,013903,川崎健次,,12.1,3/4車輪,,0,0
073820260612,2026061238,7,5,7,012721,梅山英樹,,12.2,タイヤ,,0,0
073820260612,2026061238,7,6,1,013760,矢口啓一郎,,12.5,3/4車身,,1,0
073820260612,2026061238,7,7,2,015568,田川翔琉,,14.7,大差,,0,0
083820260612,2026061238,8,1,6,013668,佐々木孝司,捲,11.9,,,0,0
083820260612,2026061238,8,2,7,015700,吉田晏生,逃,12.2,3/4車輪,,0,1
083820260612,2026061238,8,3,4,014956,小川賢人,,12.1,1/8車輪,,0,0
083820260612,2026061238,8,4,2,013259,望月紀男,,11.9,1/4車輪,,0,0
083820260612,2026061238,8,5,1,014185,隅貴史,,12.0,1/2車輪,,1,0
083820260612,2026061238,8,6,3,015432,水森湧太,,12.1,1/8車輪,,0,0
083820260612,2026061238,8,6,5,014805,吉田元輝,,12.0,1/8車輪,,0,0
093820260612,2026061238,9,1,2,015932,生野優翔,捲,11.7,,,0,0
093820260612,2026061238,9,2,7,013371,足達重満,マ,11.6,1/2車身,,0,0
093820260612,2026061238,9,3,4,014072,伊藤之人,,11.6,1車身1/2,,0,0
093820260612,2026061238,9,4,3,015884,秋山太洋,,11.9,1車身,,1,0
093820260612,2026061238,9,5,6,013358,行成大祐,,11.9,1/2車身,,0,0
093820260612,2026061238,9,6,5,015889,大本隆也,,12.5,2車身,,0,1
093820260612,2026061238,9,7,1,014389,村本慎吾,,12.8,大差,,0,0
103820260612,2026061238,10,1,1,015221,吉村早耶香,差,12.2,,,0,0
103820260612,2026061238,10,2,7,015769,松井優佳,差,12.4,1/2車輪,,0,0
103820260612,2026061238,10,3,6,015955,岩元杏奈,,12.6,3/4車身,,0,1
103820260612,2026061238,10,4,2,014903,増茂るるこ,,12.3,1/8車輪,,0,0
103820260612,2026061238,10,5,4,014907,中川諒子,,12.4,1車身1/2,,0,0
103820260612,2026061238,10,6,3,015942,齊藤由莉,,12.6,1車身1/2,,0,0
103820260612,2026061238,10,7,5,014905,加瀬加奈子,,12.8,4車身,,1,0
113820260612,2026061238,11,1,1,015712,松本京太,捲,11.4,,,1,0
113820260612,2026061238,11,2,7,015278,田中和磨,捲,11.6,1車輪,,0,0
113820260612,2026061238,11,3,5,014164,田中孝彦,,11.4,1/2車輪,,0,0
113820260612,2026061238,11,4,4,015526,梅田加津也,,11.3,1/2車輪,,0,0
113820260612,2026061238,11,5,3,013695,岡本英之,,11.3,2車身,,0,0
113820260612,2026061238,11,6,2,015060,滝本泰行,,11.6,1/2車身,,0,0
113820260612,2026061238,11,7,6,015806,山本天平,,11.9,1車輪,,0,1
014320260612,2026061243,1,1,2,014253,伊藤信,捲,11.1,,,0,0
014320260612,2026061243,1,2,3,015375,村上竜馬,捲,11.5,7車身,,0,0
014320260612,2026061243,1,3,5,012669,伊藤正樹,,11.4,3/4車身,,0,0
014320260612,2026061243,1,4,1,013829,青森伸也,,11.9,3/4車輪,,1,0
014320260612,2026061243,1,5,9,013959,鷲田佳史,,11.7,1車輪,,0,0
014320260612,2026061243,1,6,7,015608,山口多聞,,12.1,3/4車輪,,0,1
014320260612,2026061243,1,7,8,015627,南儀拓海,,11.5,3/4車輪,,0,0
014320260612,2026061243,1,8,4,014711,相澤政宏,,11.9,3/4車輪,,0,0
014320260612,2026061243,1,9,6,014410,桶谷明誉,,15.5,大差,,0,0
024320260612,2026061243,2,1,5,015716,尾方祐仁,逃,11.5,,,0,1
024320260612,2026061243,2,2,4,015083,中村弘之輔,差,11.2,1車輪,,0,0
024320260612,2026061243,2,3,2,013637,笠松信幸,,11.4,タイヤ,,0,0
024320260612,2026061243,2,4,7,014137,房州輝也,,11.1,3/4車身,,0,0
024320260612,2026061243,2,5,3,013387,野田源一,,11.4,3/4車身,,0,0
024320260612,2026061243,2,6,9,013443,大坪功一,,11.3,3/4車身,,0,0
024320260612,2026061243,2,7,1,012826,渡邉晴智,,11.2,タイヤ,,0,0
024320260612,2026061243,2,8,8,015176,望月一成,,11.4,2車身,,0,0
024320260612,2026061243,2,9,6,014949,石口慶多,,11.7,6車身,,0,0
034320260612,2026061243,3,1,1,015389,宮崎大空,差,11.7,,,1,0
034320260612,2026061243,3,2,9,014806,岡田泰地,差,11.9,1車身,,0,0
034320260612,2026061243,3,3,4,014194,桑原亮,,11.7,1/4車輪,,0,0
034320260612,2026061243,3,4,7,015476,緒方将樹,,12.2,2車身,,0,0
034320260612,2026061243,3,5,5,015807,塩島嵩一朗,,12.4,1/2車身,,0,1
034320260612,2026061243,3,6,8,015539,上杉嘉槻,,12.0,3/4車輪,,0,0
034320260612,2026061243,3,7,3,013726,川村晃司,,12.1,1/2車輪,,0,0
034320260612,2026061243,3,8,2,014826,菅原裕太,,12.6,2車身,,0,0
034320260612,2026061243,3,9,6,013197,鈴木幸紀,,12.2,1車身1/2,,0,0
044320260612,2026061243,4,1,3,015121,太田竜馬,捲,11.4,,,1,0
044320260612,2026061243,4,2,2,013967,岡本大嗣,差,11.9,1車輪,,0,0
044320260612,2026061243,4,3,4,015361,高田修汰,,11.6,1/4車輪,,0,0
044320260612,2026061243,4,4,7,015162,蕗澤鴻太郎,,12.0,1/2車輪,,0,1
044320260612,2026061243,4,5,1,014339,成松春樹,,11.8,3/4車輪,,0,0
044320260612,2026061243,4,6,5,015132,瓜生崇智,,11.7,1/4車輪,,0,0
044320260612,2026061243,4,7,8,013741,高原仁志,,11.4,1/4車輪,,0,0
044320260612,2026061243,4,8,9,014942,清水剛志,,11.6,1/2車輪,,0,0
044320260612,2026061243,4,9,6,012478,加倉正義,,12.1,7車身,,0,0
054320260612,2026061243,5,1,2,014592,小島歩,差,11.8,,,0,0
054320260612,2026061243,5,2,9,014409,山本奨,捲,12.0,1/2車身,,1,0
054320260612,2026061243,5,3,7,014176,笹倉慎也,,12.0,1/2車輪,,0,0
054320260612,2026061243,5,4,1,015718,棚瀬義大,,12.3,1車輪,,0,1
054320260612,2026061243,5,5,6,014801,山本恵介,,11.8,1/4車輪,,0,0
054320260612,2026061243,5,6,3,014104,池田憲昭,,11.9,3/4車輪,,0,0
054320260612,2026061243,5,7,4,015118,木村幸希,,11.8,1/4車輪,,0,0
054320260612,2026061243,5,8,5,012519,藤原誠,,12.2,3/4車輪,,0,0
054320260612,2026061243,5,9,8,015430,岡田亮太,,13.4,大差,,0,0
064320260612,2026061243,6,1,5,015517,橋本壮史,逃,11.9,,,0,1
064320260612,2026061243,6,2,7,015006,石塚輪太郎,捲,11.7,1/2車輪,,0,0
064320260612,2026061243,6,3,4,014576,中田雄喜,,11.3,3/4車身,,0,0
064320260612,2026061243,6,4,3,014800,伊東翔貴,,11.6,1車身,,0,0
064320260612,2026061243,6,5,2,014398,藤田勝也,,12.0,1車身1/2,,0,0
064320260612,2026061243,6,6,9,012813,成清貴之,,0.0,大差,,0,0
064320260612,2026061243,6,7,6,015547,米嶋恵介,,0.0,大差,,0,0
064320260612,2026061243,6,0,1,014723,石川裕二,,0.0,,失格,0,0
064320260612,2026061243,6,0,8,013669,荒澤貴史,,0.0,,落車,0,0
074320260612,2026061243,7,1,9,015417,櫻井祐太郎,逃,11.7,,,0,1
074320260612,2026061243,7,2,7,015692,松崎広太,捲,10.9,3/4車輪,,0,0
074320260612,2026061243,7,3,1,014018,内藤秀久,,11.5,1/2車輪,,1,0
074320260612,2026061243,7,4,2,014177,小堺浩二,,11.4,1/4車輪,,0,0
074320260612,2026061243,7,5,5,014212,山崎将幸,,11.6,1/2車輪,,0,0
074320260612,2026061243,7,6,4,015450,長谷部龍一,,11.5,1/4車輪,,0,0
074320260612,2026061243,7,7,6,013878,松岡健介,,11.3,3/4車身,,0,0
074320260612,2026061243,7,8,3,013240,小林大介,,11.0,3/4車身,,0,0
074320260612,2026061243,7,9,8,014143,天田裕輝,,11.2,3車身,,0,0
084320260612,2026061243,8,1,5,014977,川口聖二,差,11.4,,,0,0
084320260612,2026061243,8,2,2,015815,栗山和樹,捲,11.5,1車輪,,0,0
084320260612,2026061243,8,3,6,015104,中川勝貴,,11.3,1/2車身,,0,0
084320260612,2026061243,8,4,9,015784,高橋舜,,12.0,3/4車身,,0,0
084320260612,2026061243,8,5,3,015383,原井博斗,,12.0,1車身,,1,0
084320260612,2026061243,8,6,4,015385,立部楓真,,12.3,1車身,,0,1
084320260612,2026061243,8,7,7,015438,佐々木和紀,,12.0,1/2車輪,,0,0
084320260612,2026061243,8,8,1,014497,川津悠揮,,11.9,3/4車身,,0,0
084320260612,2026061243,8,9,8,014199,松岡孔明,,12.0,3/4車身,,0,0
094320260612,2026061243,9,1,9,015799,森田一郎,捲,11.4,,,0,0
094320260612,2026061243,9,2,2,013982,五日市誠,マ,11.3,3/4車身,,1,0
094320260612,2026061243,9,3,5,013656,渡部哲男,,11.5,1/8車輪,,0,0
094320260612,2026061243,9,4,3,013442,濱田浩司,,11.4,3/4車輪,,0,0
094320260612,2026061243,9,5,7,013628,石毛克幸,,11.3,3/4車輪,,0,0
094320260612,2026061243,9,6,4,012819,齊藤竜也,,11.2,2車身,,0,0
094320260612,2026061243,9,7,8,015461,土生敦弘,,11.0,1車輪,,0,0
094320260612,2026061243,9,8,1,015063,小川真太郎,,12.4,6車身,,0,1
094320260612,2026061243,9,9,6,012895,小嶋敬二,,11.6,4車身,,0,0
104320260612,2026061243,10,1,3,015794,福田稔希,逃,11.5,,,0,1
104320260612,2026061243,10,2,9,014506,磯田旭,マ,11.4,1/4車輪,,0,0
104320260612,2026061243,10,3,4,014004,松永将,,11.4,1/2車身,,0,0
104320260612,2026061243,10,4,5,014268,山口貴弘,,11.4,3/4車身,,0,0
104320260612,2026061243,10,5,6,014239,鈴木裕,,11.2,微差,,0,0
104320260612,2026061243,10,6,1,014837,神田紘輔,,11.5,1/2車輪,,0,0
104320260612,2026061243,10,7,8,014384,佐藤龍二,,11.2,1/2車輪,,1,0
104320260612,2026061243,10,8,7,015629,岸田剛,,11.7,1/2車身,,0,0
104320260612,2026061243,10,9,2,013855,近藤俊明,,11.2,3/4車身,,0,0
114320260612,2026061243,11,1,1,014718,小松崎大地,捲,11.6,,,0,0
114320260612,2026061243,11,2,4,014259,戸田洋平,差,11.9,3/4車身,,0,0
114320260612,2026061243,11,3,5,014835,窓場千加頼,,11.7,1/2車輪,,0,0
114320260612,2026061243,11,4,9,015235,嵯峨昇喜郎,,11.8,3/4車輪,,0,0
114320260612,2026061243,11,5,2,015458,貴志修己,,11.6,1/4車輪,,0,0
114320260612,2026061243,11,6,7,014458,近藤保,,11.6,1/4車輪,,0,0
114320260612,2026061243,11,7,8,015276,佐伯亮輔,,12.2,1/2車輪,,0,1
114320260612,2026061243,11,8,6,014326,福島栄一,,12.0,1/2車身,,1,0
114320260612,2026061243,11,9,3,014221,古川尚耶,,11.6,1車身,,0,0
124320260612,2026061243,12,1,1,015268,山田諒,差,11.4,,,0,0
124320260612,2026061243,12,2,7,015814,岩井芯,逃,11.7,3/4車輪,,0,1
124320260612,2026061243,12,3,8,013862,鈴木伸之,,11.4,1/2車身,,0,0
124320260612,2026061243,12,4,3,014500,竹村勇祐,,11.1,1/4車輪,,1,0
124320260612,2026061243,12,5,4,014955,市橋司優人,,11.5,1/2車身,,0,0
124320260612,2026061243,12,6,2,015128,嶋田誠也,,11.4,3/4車身,,0,0
124320260612,2026061243,12,7,9,014682,原田研太朗,,11.4,3/4車身,,0,0
124320260612,2026061243,12,8,5,015598,大川剛,,11.4,1/4車輪,,0,0
124320260612,2026061243,12,0,6,013533,佐藤愼太郎,,0.0,,落車,0,0
016120260612,2026061261,1,1,4,015492,永禮美瑠,捲,12.1,,,0,0
016120260612,2026061261,1,2,1,015761,吉村美有紀,マ,12.0,1/4車輪,,0,0
016120260612,2026061261,1,3,2,015941,川原未紀,,12.3,2車身,,1,0
016120260612,2026061261,1,4,7,015777,谷元音羽,,12.1,1/4車輪,,0,0
016120260612,2026061261,1,5,6,015755,神戸暖稀羽,,12.6,2車身,,0,1
016120260612,2026061261,1,6,3,015401,清水彩那,,12.7,3/4車身,,0,0
016120260612,2026061261,1,7,5,014904,渡辺ゆかり,,12.5,4車身,,0,0
026120260612,2026061261,2,1,5,015486,岡本二菜,捲,12.1,,,0,0
026120260612,2026061261,2,2,6,015684,安東莉奈,マ,12.1,3/4車身,,0,0
026120260612,2026061261,2,3,3,015774,金田舞夏,,12.0,1車身1/2,,0,0
026120260612,2026061261,2,4,7,015669,河内桜雪,,12.6,3車身,,0,0
026120260612,2026061261,2,5,2,015078,三宅玲奈,,12.7,1車身1/2,,0,0
026120260612,2026061261,2,6,1,015397,新井美菜,,13.0,3/4車身,,0,1
026120260612,2026061261,2,7,4,015951,今西瑠花,,13.0,3車身,,0,0
036120260612,2026061261,3,1,1,015406,吉岡詩織,捲,12.5,,,0,0
036120260612,2026061261,3,2,2,015858,平子結菜,マ,12.4,1/4車輪,,0,0
036120260612,2026061261,3,3,7,015678,小林真矢香,,12.4,3/4車身,,0,0
036120260612,2026061261,3,4,5,015666,畠山ひすい,,12.7,1/4車輪,,0,1
036120260612,2026061261,3,5,6,015148,中嶋里美,,12.6,1車輪,,0,0
036120260612,2026061261,3,6,4,015957,成海綾香,,12.4,3/4車身,,0,0
036120260612,2026061261,3,7,3,015133,佐藤友香,,12.5,3/4車身,,0,0
046120260612,2026061261,4,1,1,013884,守谷陽介,差,11.5,,,0,0
046120260612,2026061261,4,2,3,014604,菱田浩二,捲,11.9,1車輪,,0,1
046120260612,2026061261,4,3,4,014313,小谷実,,11.9,1/2車輪,,0,0
046120260612,2026061261,4,4,5,015552,上野雅彦,,11.8,3/4車身,,0,0
046120260612,2026061261,4,5,6,014258,片山智晴,,11.6,1/2車身,,0,0
046120260612,2026061261,4,6,9,015793,川上隆義,,12.2,1車身1/2,,0,0
046120260612,2026061261,4,7,7,014817,佐藤壮,,12.0,1/4車輪,,0,0
046120260612,2026061261,4,8,8,014527,飯田憲司,,11.6,3/4車身,,0,0
046120260612,2026061261,4,9,2,013693,藤原憲征,,12.3,1/2車身,,0,0
056120260612,2026061261,5,1,3,014599,松岡篤哉,捲,11.8,,,0,0
056120260612,2026061261,5,2,5,015236,藤根俊貴,捲,11.8,2車身,,0,0
056120260612,2026061261,5,3,9,014991,中島将尊,,11.9,1/4車輪,,0,0
056120260612,2026061261,5,4,1,014130,竹山陵太,,11.8,3/4車身,,1,0
056120260612,2026061261,5,5,4,015288,薦田将伍,,11.8,3/4車輪,,0,0
056120260612,2026061261,5,6,7,014574,佐伯翔,,11.7,3/4車身,,0,0
056120260612,2026061261,5,7,2,013653,森安崇之,,11.7,1車身1/2,,0,0
056120260612,2026061261,5,8,8,014953,和田誠寿,,11.6,1車輪,,0,0
056120260612,2026061261,5,9,6,015445,内藤久文,,12.6,3/4車輪,,0,1
066120260612,2026061261,6,1,7,015697,熊崎麻人,差,11.4,,,0,0
066120260612,2026061261,6,2,9,012487,紺野哲也,マ,11.2,1/4車輪,,0,0
066120260612,2026061261,6,3,2,015370,城戸俊潔,,11.9,1/4車輪,,0,1
066120260612,2026061261,6,4,3,013945,福田知也,,11.2,3/4車身,,0,0
066120260612,2026061261,6,5,1,013118,山内卓也,,11.0,1車身,,0,0
066120260612,2026061261,6,6,4,014716,猪狩祐樹,,11.2,1/2車輪,,0,0
066120260612,2026061261,6,7,6,015536,疋田力也,,11.5,3/4車身,,0,0
066120260612,2026061261,6,8,8,014187,大西祐,,11.1,1車身,,0,0
066120260612,2026061261,6,0,5,014881,山崎泰己,,0.0,,故障,0,0
076120260612,2026061261,7,1,1,013821,中村圭志,差,11.5,,,1,0
076120260612,2026061261,7,2,7,015663,松本秀之慎,捲,11.6,1/8車輪,,0,0
076120260612,2026061261,7,3,3,014016,石塚孝幸,,11.5,1車輪,,0,0
076120260612,2026061261,7,4,9,014664,志村龍己,,11.7,3/4車身,,0,0
076120260612,2026061261,7,5,5,015620,纐纈洸翔,,11.6,1車輪,,0,0
076120260612,2026061261,7,6,2,015358,三浦貴大,,11.2,1/2車身,,0,0
076120260612,2026061261,7,7,4,015289,橋本瑠偉,,12.0,3/4車身,,0,1
076120260612,2026061261,7,8,8,014929,小酒大勇,,11.4,1/2車輪,,0,0
076120260612,2026061261,7,9,6,014307,谷田泰平,,11.1,1/2車輪,,0,0
086120260612,2026061261,8,1,8,015106,大石崇晴,捲,11.5,,,0,0
086120260612,2026061261,8,2,2,013961,松村友和,マ,11.4,1/2車身,,0,0
086120260612,2026061261,8,3,5,015197,川口雄太,,11.5,1車身1/2,,0,0
086120260612,2026061261,8,4,1,015604,安彦統賀,,11.5,1/4車輪,,0,0
086120260612,2026061261,8,5,6,015342,福田滉,,11.2,タイヤ,,0,0
086120260612,2026061261,8,6,3,014105,阿竹智史,,11.4,1/4車輪,,0,0
086120260612,2026061261,8,7,9,015254,鈴木輝大,,11.5,1車身1/2,,0,0
086120260612,2026061261,8,8,7,015572,田村大,,12.1,1車身,,0,1
086120260612,2026061261,8,9,4,014337,佐々木翔一,,11.6,3車身,,0,0
096120260612,2026061261,9,1,1,015891,野中龍之介,逃,11.5,,,0,1
096120260612,2026061261,9,2,5,013765,海老根恵太,マ,11.4,1/2車輪,,0,0
096120260612,2026061261,9,3,9,015381,岩谷拓磨,,11.1,3/4車身,,0,0
096120260612,2026061261,9,4,6,015040,隅田洋介,,11.4,3/4車輪,,0,0
096120260612,2026061261,9,5,7,015036,尾形鉄馬,,11.2,3/4車輪,,0,0
096120260612,2026061261,9,6,2,013900,大森慶一,,11.4,3/4車身,,0,0
096120260612,2026061261,9,7,8,015333,高橋晋也,,11.5,1/4車輪,,0,0
096120260612,2026061261,9,8,3,014677,角令央奈,,11.0,1/4車輪,,0,0
096120260612,2026061261,9,9,4,014879,月森亮輔,,11.9,3車身,,1,0
106120260612,2026061261,10,1,1,014190,木村隆弘,差,11.4,,,1,0
106120260612,2026061261,10,2,7,015169,野口裕史,逃,11.6,タイヤ,,0,1
106120260612,2026061261,10,3,4,015014,西田将士,,11.0,3/4車身,,0,0
106120260612,2026061261,10,4,6,015067,瀬戸晋作,,11.1,1車輪,,0,0
106120260612,2026061261,10,5,3,014188,原誠宏,,11.3,1/8車輪,,0,0
106120260612,2026061261,10,6,8,014691,東矢昇太,,10.9,1/2車輪,,0,0
106120260612,2026061261,10,7,2,013115,望月永悟,,11.1,3/4車輪,,0,0
106120260612,2026061261,10,8,5,015466,久田裕也,,11.7,1/2車身,,0,0
106120260612,2026061261,10,9,9,014017,大塚玲,,11.9,6車身,,0,0
116120260612,2026061261,11,1,5,014472,坂口晃輔,差,11.7,,,0,0
116120260612,2026061261,11,2,3,014184,池田良,差,11.7,3/4車身,,0,0
116120260612,2026061261,11,3,1,014945,中井俊亮,,11.9,1/8車輪,,1,0
116120260612,2026061261,11,4,9,013912,金成和幸,,11.5,1/4車輪,,0,0
116120260612,2026061261,11,5,4,015545,橋本凌汰,,11.9,3/4車身,,0,0
116120260612,2026061261,11,6,7,015329,板垣昴,,12.1,1/4車輪,,0,1
116120260612,2026061261,11,7,2,013532,佐々木雄一,,11.7,3/4車輪,,0,0
116120260612,2026061261,11,8,8,014511,内藤高裕,,11.8,1/2車輪,,0,0
116120260612,2026061261,11,9,6,014228,片折亮太,,12.0,1/2車身,,0,0
126120260612,2026061261,12,1,9,013291,三宅達也,差,11.5,,,0,0
126120260612,2026061261,12,2,3,013772,岡村潤,差,11.7,1/8車輪,,1,0
126120260612,2026061261,12,3,7,014537,西村光太,,11.4,1/2車輪,,0,0
126120260612,2026061261,12,4,4,014465,村上直久,,11.9,1/2車輪,,0,1
126120260612,2026061261,12,5,1,013886,大屋健司,,11.5,1/8車輪,,0,0
126120260612,2026061261,12,6,6,012421,小沼良,,11.7,1/2車身,,0,0
126120260612,2026061261,12,7,8,014264,松尾信太郎,,11.4,1/2車輪,,0,0
126120260612,2026061261,12,8,5,015725,青木瑞樹,,11.9,1/2車身,,0,0
126120260612,2026061261,12,9,2,014944,栗山俊介,,11.7,1車身,,0,0
012120260612,2026061221,1,1,1,015410,村田奈穂,捲,12.4,,,0,0
012120260612,2026061221,1,2,4,015938,牧田咲子,マ,12.3,3/4車身,,0,0
012120260612,2026061221,1,3,2,015679,又多風緑,,12.8,3/4車身,,0,1
012120260612,2026061221,1,4,3,015216,加藤恵,,12.8,3/4車輪,,0,0
012120260612,2026061221,1,5,5,015141,黒河内由実,,12.8,1車身,,0,0
012120260612,2026061221,1,6,7,014925,大和久保美,,12.8,1/4車輪,,0,0
012120260612,2026061221,1,7,6,015307,田中千尋,,12.7,1/2車輪,,1,0
022120260612,2026061221,2,1,2,015854,伊澤茉那,捲,12.4,,,0,1
022120260612,2026061221,2,2,3,015674,野寺楓,マ,12.4,1/2車身,,0,0
022120260612,2026061221,2,3,1,015485,青木美保,,12.2,1車輪,,0,0
022120260612,2026061221,2,4,5,015573,蛯原杏奈,,12.5,2車身,,0,0
022120260612,2026061221,2,5,6,015496,布居光,,12.9,2車身,,1,0
022120260612,2026061221,2,6,4,015027,長澤彩,,12.6,タイヤ,,0,0
022120260612,2026061221,2,7,7,015943,高崎千賀,,12.8,1車身1/2,,0,0
032120260612,2026061221,3,1,2,013980,森田康嗣,捲,11.6,,,1,0
032120260612,2026061221,3,2,1,014233,西村行貴,マ,11.5,3/4車輪,,0,0
032120260612,2026061221,3,3,4,015234,八嶋稔真,,11.9,微差,,0,1
032120260612,2026061221,3,4,3,013859,荒木伸哉,,11.9,1車身,,0,0
032120260612,2026061221,3,5,6,013349,三宅旬,,11.5,3/4車身,,0,0
032120260612,2026061221,3,6,7,013314,鈴木宏章,,11.9,5車身,,0,0
032120260612,2026061221,3,7,5,015379,下野義城,,13.3,大差,,0,0
042120260612,2026061221,4,1,3,015099,吉竹尚城,捲,11.7,,,0,0
042120260612,2026061221,4,2,1,013473,大塚英伸,マ,11.6,1/2車輪,,1,0
042120260612,2026061221,4,3,2,013667,田中洋輔,,12.2,1車身1/2,,0,0
042120260612,2026061221,4,4,5,013547,土屋宏,,12.1,1車身,,0,0
042120260612,2026061221,4,5,6,014737,河上陽一,,11.9,1/2車身,,0,0
042120260612,2026061221,4,6,4,015742,堀越翔己,,12.7,3車身,,0,1
042120260612,2026061221,4,7,7,015044,平川雅晃,,12.6,3/4車輪,,0,0
052120260612,2026061221,5,1,5,015847,寺師幸成,捲,11.8,,,0,0
052120260612,2026061221,5,2,2,014850,岡田啓渡,差,12.3,1/2車身,,1,0
052120260612,2026061221,5,3,4,014334,高倉俊宏,,11.6,1/4車輪,,0,0
052120260612,2026061221,5,4,7,015920,吉野太晟,,12.5,3/4車輪,,0,1
052120260612,2026061221,5,5,6,013587,船曳義之,,12.3,8車身,,0,0
052120260612,2026061221,5,6,1,013615,山口貴弘,,12.6,2車身,,0,0
052120260612,2026061221,5,7,3,014579,齋藤一茂,,13.7,大差,,0,0
062120260612,2026061221,6,1,1,015727,中原航大,逃,11.9,,,1,1
062120260612,2026061221,6,2,5,014707,飯塚直人,差,11.7,1車輪,,0,0
062120260612,2026061221,6,3,2,014690,好永晃,,11.8,1/2車輪,,0,0
062120260612,2026061221,6,4,4,011800,三住博昭,,11.4,3/4車輪,,0,0
062120260612,2026061221,6,5,6,013183,坂木田雄介,,11.6,1車身,,0,0
062120260612,2026061221,6,6,3,013461,市川健太,,11.4,1/4車輪,,0,0
062120260612,2026061221,6,7,7,014012,関智晴,,11.5,2車身,,0,0
072120260612,2026061221,7,1,1,015371,田上晃也,捲,12.0,,,0,1
072120260612,2026061221,7,2,2,014333,阿部兼士,マ,12.0,3/4車身,,1,0
072120260612,2026061221,7,3,6,015088,神山尚,,12.0,1車輪,,0,0
072120260612,2026061221,7,4,3,014056,橋本紀彰,,11.9,1/4車輪,,0,0
072120260612,2026061221,7,5,5,012710,大内達也,,11.9,1車輪,,0,0
072120260612,2026061221,7,6,7,012878,安藤宜明,,11.9,3/4車身,,0,0
072120260612,2026061221,7,7,4,015513,菊池翔,,12.5,3車身,,0,0
082120260612,2026061221,8,1,1,015787,中村龍吉,逃,11.8,,,1,1
082120260612,2026061221,8,2,2,013005,小笠原昭太,マ,11.7,1車輪,,0,0
082120260612,2026061221,8,3,7,013006,佐々木健司,,11.6,1/2車身,,0,0
082120260612,2026061221,8,4,6,014366,阿久津浩之,,11.6,3/4車輪,,0,0
082120260612,2026061221,8,5,3,014003,須賀和彦,,11.6,1車身,,0,0
082120260612,2026061221,8,6,5,015345,浅見隼,,11.4,1/2車身,,0,0
082120260612,2026061221,8,7,4,014336,八尋翔平,,11.7,4車身,,0,0
092120260612,2026061221,9,1,7,013307,浦川尊明,差,11.9,,,0,0
092120260612,2026061221,9,2,2,014371,岡光良,差,12.1,3/4車身,,0,0
092120260612,2026061221,9,3,3,014712,泉慶輔,,12.0,1/2車輪,,1,0
092120260612,2026061221,9,4,5,015258,栗本尚宗,,12.2,1/4車輪,,0,0
092120260612,2026061221,9,5,4,015285,久樹克門,,12.5,3/4車身,,0,1
092120260612,2026061221,9,6,6,015191,奥村諭志,,12.0,1車身,,0,0
092120260612,2026061221,9,7,1,014717,泉文人,,12.9,6車身,,0,0
018420260612,2026061284,1,1,1,014563,興呂木雄治,差,11.9,,,1,0
018420260612,2026061284,1,2,3,015209,中野真吾,捲,12.0,1/8車輪,,0,0
018420260612,2026061284,1,3,5,013541,高森圭介,,12.2,3/4車身,,0,0
018420260612,2026061284,1,4,4,012402,時松正,,11.9,1/2車身,,0,0
018420260612,2026061284,1,5,2,015164,菱沼元樹,,12.5,1車身1/2,,0,1
018420260612,2026061284,1,6,7,014183,隅田幸助,,12.4,3車身,,0,0
018420260612,2026061284,1,0,6,014844,三登誉哲,,0.0,,失格,0,0
028420260612,2026061284,2,1,4,014583,吉田昌弘,差,12.4,,,0,0
028420260612,2026061284,2,2,3,013802,大林亮介,差,12.2,1/4車輪,,0,0
028420260612,2026061284,2,3,6,012626,原司,,12.3,3/4車輪,,0,0
028420260612,2026061284,2,4,1,015047,加藤健一,,12.6,1/2車輪,,1,1
028420260612,2026061284,2,5,2,014780,古川大輔,,12.4,3/4車身,,0,0
028420260612,2026061284,2,6,5,011847,赤松誠一,,12.3,2車身,,0,0
028420260612,2026061284,2,7,7,014639,屋宜浩二,,0.0,大差,,0,0
038420260612,2026061284,3,1,1,015874,角田吏,逃,12.6,,,0,1
038420260612,2026061284,3,2,3,012656,柴田健,マ,12.5,1/2車輪,,0,0
038420260612,2026061284,3,3,7,013375,五反田豊和,,12.5,3/4車身,,0,0
038420260612,2026061284,3,4,2,013822,米原大輔,,12.4,1/4車輪,,0,0
038420260612,2026061284,3,5,5,011328,川添輝彦,,12.4,1車身,,0,0
038420260612,2026061284,3,6,4,013216,古城英之,,12.9,7車身,,0,0
038420260612,2026061284,3,7,6,015915,柏野健吾,,14.2,大差,,0,0
048420260612,2026061284,4,1,2,014513,樋口絢土,差,12.1,,,0,0
048420260612,2026061284,4,2,1,014992,楠野史尭,逃,12.3,1/2車輪,,0,1
048420260612,2026061284,4,3,4,012847,古閑良介,,11.8,1/2車身,,0,0
048420260612,2026061284,4,4,3,012319,高尾剛文,,12.0,1車輪,,0,0
048420260612,2026061284,4,5,7,015300,ラモスレオ,,12.1,1/2車身,,1,0
048420260612,2026061284,4,6,5,014987,門馬琢麿,,11.9,1車身1/2,,0,0
048420260612,2026061284,4,7,6,011364,遠澤健二,,11.9,1車身1/2,,0,0
058420260612,2026061284,5,1,1,014332,芳野匠,差,11.9,,,1,0
058420260612,2026061284,5,2,2,014556,小川祐司,逃,12.1,1/4車輪,,0,1
058420260612,2026061284,5,3,5,014277,山口慎吾,,11.9,1/2車身,,0,0
058420260612,2026061284,5,4,4,014993,副島和人,,11.5,3/4車身,,0,0
058420260612,2026061284,5,5,7,014272,松田直也,,11.8,1/2車輪,,0,0
058420260612,2026061284,5,6,6,014297,田中勝仁,,11.8,3/4車身,,0,0
058420260612,2026061284,5,7,3,014464,中西司,,12.1,4車身,,0,0
068420260612,2026061284,6,1,4,015483,谷元奎心,差,12.2,,,0,0
068420260612,2026061284,6,2,7,014120,永田修一,差,12.5,1/2車輪,,0,0
068420260612,2026061284,6,3,3,014269,梶原恵介,,12.6,1/2車輪,,0,0
068420260612,2026061284,6,4,2,014224,矢島一弥,,12.5,1車身,,1,0
068420260612,2026061284,6,5,5,015181,栗田万生,,12.9,1/4車輪,,0,1
068420260612,2026061284,6,6,1,013353,吉永好宏,,12.6,2車身,,0,0
068420260612,2026061284,6,7,6,015482,松本一志,,12.9,7車身,,0,0
078420260612,2026061284,7,1,4,013888,細川貴史,差,12.7,,,0,0
078420260612,2026061284,7,2,6,012992,吉良勝信,差,12.5,1車輪,,0,0
078420260612,2026061284,7,3,5,013506,田村浩章,,12.6,1/4車輪,,1,0
078420260612,2026061284,7,4,3,015372,野上竜太,,12.9,1/2車身,,0,1
078420260612,2026061284,7,5,2,014340,古川貴之,,12.4,3/4車身,,0,0
078420260612,2026061284,7,6,7,014069,渡邊政幸,,12.5,3/4車身,,0,0
078420260612,2026061284,7,7,1,014715,高橋幸司,,0.0,大差,,0,0
088420260612,2026061284,8,1,1,015919,藤田楓,逃,12.0,,,0,1
088420260612,2026061284,8,2,3,012326,國武耕二,マ,12.0,3/4車身,,0,0
088420260612,2026061284,8,3,2,013826,田原大広,,11.8,2車身,,1,0
088420260612,2026061284,8,4,5,012794,宇賀神浩幸,,11.8,1車身,,0,0
088420260612,2026061284,8,5,6,014808,村上貴彦,,11.9,1車身1/2,,0,0
088420260612,2026061284,8,6,4,013660,徳吉広紀,,12.3,1車輪,,0,0
088420260612,2026061284,8,7,7,015241,山田祐太,,13.7,大差,,0,0
098420260612,2026061284,9,1,1,015555,林昌幸,差,12.0,,,0,0
098420260612,2026061284,9,2,5,014163,内田英介,差,11.7,1車輪,,0,0
098420260612,2026061284,9,3,4,014658,馬場和広,,11.9,1/4車輪,,0,0
098420260612,2026061284,9,4,2,015601,五十嵐綾,,12.1,3/4車輪,,0,0
098420260612,2026061284,9,5,7,015127,野村典嗣,,12.1,3/4車輪,,0,0
098420260612,2026061284,9,6,3,015651,中川聖大,,12.4,1/2車身,,0,1
098420260612,2026061284,9,7,6,015559,神開一輝,,12.6,4車身,,1,0
014320260613,2026061343,1,1,1,013959,鷲田佳史,差,11.9,,,0,0
014320260613,2026061343,1,2,3,014942,清水剛志,差,12.0,タイヤ,,1,0
014320260613,2026061343,1,3,5,015539,上杉嘉槻,,12.3,1車身,,0,1
014320260613,2026061343,1,4,7,014826,菅原裕太,,11.9,1/4車輪,,0,0
014320260613,2026061343,1,5,2,015608,山口多聞,,11.8,1/2車身,,0,0
014320260613,2026061343,1,6,4,014104,池田憲昭,,12.1,4車身,,0,0
014320260613,2026061343,1,7,6,012478,加倉正義,,12.8,6車身,,0,0
024320260613,2026061343,2,1,3,013443,大坪功一,差,11.9,,,0,0
024320260613,2026061343,2,2,4,012826,渡邉晴智,差,12.1,1/2車輪,,0,0
024320260613,2026061343,2,3,1,015176,望月一成,,12.2,1車輪,,1,1
024320260613,2026061343,2,4,2,012519,藤原誠,,11.9,1/2車輪,,0,0
024320260613,2026061343,2,5,7,013197,鈴木幸紀,,12.4,7車身,,0,0
024320260613,2026061343,2,6,5,015627,南儀拓海,,12.8,4車身,,0,0
024320260613,2026061343,2,7,6,014410,桶谷明誉,,14.6,大差,,0,0
034320260613,2026061343,3,1,1,015132,瓜生崇智,差,11.5,,,1,0
034320260613,2026061343,3,2,3,014819,太刀川一成,マ,11.4,3/4車身,,0,0
034320260613,2026061343,3,3,2,013726,川村晃司,,11.5,3/4車身,,0,0
034320260613,2026061343,3,4,7,014711,相澤政宏,,11.4,3/4車輪,,0,0
034320260613,2026061343,3,5,5,015118,木村幸希,,11.2,1/4車輪,,0,0
034320260613,2026061343,3,6,4,015430,岡田亮太,,12.0,2車身,,0,1
034320260613,2026061343,3,7,6,014949,石口慶多,,11.9,4車身,,0,0
044320260613,2026061343,4,1,4,015361,高田修汰,逃,11.7,,,0,1
044320260613,2026061343,4,2,7,014806,岡田泰地,差,11.1,1車輪,,0,0
044320260613,2026061343,4,3,3,013967,岡本大嗣,,11.5,1/2車輪,,0,0
044320260613,2026061343,4,4,1,015375,村上竜馬,,11.6,1/4車輪,,0,0
044320260613,2026061343,4,5,5,014409,山本奨,,11.2,1/2車輪,,0,0
044320260613,2026061343,4,6,9,014497,川津悠揮,,11.0,1/2車輪,,0,0
044320260613,2026061343,4,7,8,014137,房州輝也,,11.1,2車身,,0,0
044320260613,2026061343,4,8,2,015598,大川剛,,11.4,3/4車輪,,1,0
044320260613,2026061343,4,9,6,012895,小嶋敬二,,12.2,4車身,,0,0
054320260613,2026061343,5,1,7,012669,伊藤正樹,差,11.7,,,0,0
054320260613,2026061343,5,2,2,015718,棚瀬義大,逃,11.9,3/4車輪,,0,1
054320260613,2026061343,5,3,1,013387,野田源一,,11.5,1車輪,,0,0
054320260613,2026061343,5,4,9,014194,桑原亮,,11.3,3/4車身,,0,0
054320260613,2026061343,5,5,8,015083,中村弘之輔,,11.5,3/4車輪,,0,0
054320260613,2026061343,5,6,4,014326,福島栄一,,11.3,1車身,,1,0
054320260613,2026061343,5,7,5,014176,笹倉慎也,,11.4,2車身,,0,0
054320260613,2026061343,5,0,3,013829,青森伸也,,0.0,,落車,0,0
054320260613,2026061343,5,0,6,014801,山本恵介,,0.0,,落車,0,0
064320260613,2026061343,6,1,7,013637,笠松信幸,差,11.6,,,0,0
064320260613,2026061343,6,2,3,015629,岸田剛,逃,11.7,1/2車身,,0,1
064320260613,2026061343,6,3,5,013855,近藤俊明,,11.5,1車輪,,0,0
064320260613,2026061343,6,4,2,015476,緒方将樹,,11.1,1車輪,,1,0
064320260613,2026061343,6,5,4,015162,蕗澤鴻太郎,,11.4,3/4車輪,,0,0
064320260613,2026061343,6,6,1,014143,天田裕輝,,11.3,1/2車輪,,0,0
064320260613,2026061343,6,7,8,014199,松岡孔明,,11.0,1車輪,,0,0
064320260613,2026061343,6,8,6,014339,成松春樹,,11.0,1車身,,0,0
064320260613,2026061343,6,9,9,014221,古川尚耶,,11.4,1/4車輪,,0,0
074320260613,2026061343,7,1,2,014682,原田研太朗,捲,11.3,,,0,0
074320260613,2026061343,7,2,8,013878,松岡健介,差,11.7,3車身,,0,0
074320260613,2026061343,7,3,9,013628,石毛克幸,,11.5,3/4車輪,,0,0
074320260613,2026061343,7,4,7,015128,嶋田誠也,,11.7,1/2車身,,0,0
074320260613,2026061343,7,5,3,012813,成清貴之,,11.4,1/2車身,,0,0
074320260613,2026061343,7,6,1,015716,尾方祐仁,,11.4,1/4車輪,,0,0
074320260613,2026061343,7,7,5,015450,長谷部龍一,,11.2,1/2車輪,,0,0
074320260613,2026061343,7,8,6,015461,土生敦弘,,12.3,2車身,,0,1
074320260613,2026061343,7,9,4,014384,佐藤龍二,,11.8,8車身,,0,0
084320260613,2026061343,8,1,3,014253,伊藤信,捲,11.8,,,0,0
084320260613,2026061343,8,2,2,014458,近藤保,差,11.9,1/2車輪,,0,0
084320260613,2026061343,8,3,7,015383,原井博斗,,11.6,1車輪,,0,0
084320260613,2026061343,8,4,5,014398,藤田勝也,,11.7,1/2車身,,0,0
084320260613,2026061343,8,5,1,015121,太田竜馬,,11.7,1/4車輪,,1,0
084320260613,2026061343,8,6,8,015438,佐々木和紀,,12.0,1/2車輪,,0,0
084320260613,2026061343,8,7,4,014268,山口貴弘,,11.6,1/2車輪,,0,0
084320260613,2026061343,8,8,6,014239,鈴木裕,,12.3,1/2車輪,,0,1
084320260613,2026061343,8,9,9,014212,山崎将幸,,12.1,2車身,,0,0
094320260613,2026061343,9,1,5,015389,宮崎大空,差,11.4,,,0,0
094320260613,2026061343,9,2,3,014837,神田紘輔,差,11.7,1/2車身,,0,0
094320260613,2026061343,9,3,2,015385,立部楓真,,11.8,1/2車輪,,0,0
094320260613,2026061343,9,4,7,015458,貴志修己,,12.0,3/4車身,,0,1
094320260613,2026061343,9,5,6,015547,米嶋恵介,,11.3,1/2車輪,,0,0
094320260613,2026061343,9,5,9,014955,市橋司優人,,11.7,1/2車輪,,0,0
094320260613,2026061343,9,7,1,012819,齊藤竜也,,11.5,1/8車輪,,1,0
094320260613,2026061343,9,8,8,014592,小島歩,,11.8,2車身,,0,0
094320260613,2026061343,9,9,4,015276,佐伯亮輔,,11.8,2車身,,0,0
104320260613,2026061343,10,1,7,013982,五日市誠,差,11.6,,,0,0
104320260613,2026061343,10,2,6,014576,中田雄喜,マ,11.5,1/2車輪,,0,0
104320260613,2026061343,10,3,2,015784,高橋舜,,12.0,1/4車輪,,0,1
104320260613,2026061343,10,4,1,015815,栗山和樹,,11.5,1/2車身,,0,0
104320260613,2026061343,10,5,4,013442,濱田浩司,,11.2,微差,,0,0
104320260613,2026061343,10,6,5,015268,山田諒,,11.4,1/4車輪,,0,0
104320260613,2026061343,10,7,3,014506,磯田旭,,11.0,1/2車身,,0,0
104320260613,2026061343,10,8,9,015692,松崎広太,,11.2,3/4車身,,0,0
104320260613,2026061343,10,9,8,013862,鈴木伸之,,11.5,1車身,,0,0
114320260613,2026061343,11,1,2,015814,岩井芯,捲,11.7,,,0,0
114320260613,2026061343,11,2,9,014977,川口聖二,マ,11.5,1/2車輪,,0,0
114320260613,2026061343,11,3,4,014177,小堺浩二,,11.4,3/4車輪,,0,0
114320260613,2026061343,11,4,7,013656,渡部哲男,,11.4,1車身1/2,,0,0
114320260613,2026061343,11,5,5,014718,小松崎大地,,11.4,3/4車身,,0,0
114320260613,2026061343,11,6,3,015417,櫻井祐太郎,,11.7,1車身,,1,0
114320260613,2026061343,11,7,6,014800,伊東翔貴,,11.5,3/4車輪,,0,0
114320260613,2026061343,11,8,1,015794,福田稔希,,12.2,3/4車身,,0,1
114320260613,2026061343,11,9,8,014004,松永将,,12.2,7車身,,0,0
124320260613,2026061343,12,1,2,015235,嵯峨昇喜郎,捲,11.4,,,0,0
124320260613,2026061343,12,2,4,014500,竹村勇祐,マ,11.7,4車身,,0,0
124320260613,2026061343,12,3,7,014018,内藤秀久,,11.7,1車輪,,0,0
124320260613,2026061343,12,4,6,015104,中川勝貴,,11.6,3/4車輪,,0,0
124320260613,2026061343,12,5,5,015799,森田一郎,,12.0,1/4車輪,,0,1
124320260613,2026061343,12,6,3,015517,橋本壮史,,11.8,1/2車輪,,0,0
124320260613,2026061343,12,7,8,014259,戸田洋平,,11.7,1/4車輪,,0,0
124320260613,2026061343,12,8,1,015006,石塚輪太郎,,11.7,1/4車輪,,1,0
124320260613,2026061343,12,9,9,014835,窓場千加頼,,11.6,3/4車輪,,0,0
016120260613,2026061361,1,1,5,015397,新井美菜,逃,13.0,,,1,1
016120260613,2026061361,1,2,1,015148,中嶋里美,差,12.7,1車輪,,0,0
016120260613,2026061361,1,3,4,014904,渡辺ゆかり,,12.9,1/2車身,,0,0
016120260613,2026061361,1,4,2,015401,清水彩那,,13.0,1/2車身,,0,0
016120260613,2026061361,1,5,7,015133,佐藤友香,,12.8,1/2車身,,0,0
016120260613,2026061361,1,6,6,015957,成海綾香,,13.1,1/2車輪,,0,0
016120260613,2026061361,1,7,3,015951,今西瑠花,,13.0,1車身1/2,,0,0
026120260613,2026061361,2,1,5,015406,吉岡詩織,逃,12.4,,,0,1
026120260613,2026061361,2,2,1,015669,河内桜雪,マ,12.4,1車身1/2,,0,0
026120260613,2026061361,2,3,7,015755,神戸暖稀羽,,12.6,1車身,,0,0
026120260613,2026061361,2,4,2,015684,安東莉奈,,12.5,3/4車身,,0,0
026120260613,2026061361,2,5,3,015777,谷元音羽,,12.3,1/2車身,,0,0
026120260613,2026061361,2,6,4,015678,小林真矢香,,12.7,3/4車身,,0,0
026120260613,2026061361,2,7,6,015078,三宅玲奈,,12.8,3車身,,0,0
036120260613,2026061361,3,1,6,015666,畠山ひすい,差,12.5,,,1,0
036120260613,2026061361,3,2,2,015492,永禮美瑠,マ,12.5,3/4車身,,0,0
036120260613,2026061361,3,3,7,015858,平子結菜,,12.7,1/4車輪,,0,0
036120260613,2026061361,3,4,3,015486,岡本二菜,,12.8,1/2車身,,0,1
036120260613,2026061361,3,5,5,015761,吉村美有紀,,12.5,1/4車輪,,0,0
036120260613,2026061361,3,6,4,015941,川原未紀,,12.7,1/2車身,,0,0
036120260613,2026061361,3,7,1,015774,金田舞夏,,12.6,2車身,,0,0
046120260613,2026061361,4,1,3,013118,山内卓也,差,12.1,,,0,0
046120260613,2026061361,4,2,6,015445,内藤久文,逃,12.3,3/4車身,,0,1
046120260613,2026061361,4,3,1,013945,福田知也,,12.0,1/2車輪,,1,0
046120260613,2026061361,4,4,4,014527,飯田憲司,,11.9,1/4車輪,,0,0
046120260613,2026061361,4,5,2,015552,上野雅彦,,12.1,1/2車輪,,0,0
046120260613,2026061361,4,6,5,014337,佐々木翔一,,11.9,1/2車身,,0,0
046120260613,2026061361,4,7,9,013653,森安崇之,,12.1,3/4車身,,0,0
046120260613,2026061361,4,8,8,014187,大西祐,,12.1,3車身,,0,0
046120260613,2026061361,4,9,7,014228,片折亮太,,13.7,大差,,0,0
056120260613,2026061361,5,1,8,014258,片山智晴,差,11.9,,,0,0
056120260613,2026061361,5,2,1,015370,城戸俊潔,逃,12.0,3/4車輪,,0,1
056120260613,2026061361,5,3,6,014953,和田誠寿,,11.8,1/4車輪,,0,0
056120260613,2026061361,5,4,5,014817,佐藤壮,,11.4,3/4車身,,0,0
056120260613,2026061361,5,5,7,014017,大塚玲,,11.6,1車輪,,0,0
056120260613,2026061361,5,6,3,014130,竹山陵太,,11.5,1車身1/2,,0,0
056120260613,2026061361,5,7,9,014574,佐伯翔,,11.7,3/4車身,,1,0
056120260613,2026061361,5,8,2,015793,川上隆義,,12.0,3/4車身,,0,0
056120260613,2026061361,5,9,4,014716,猪狩祐樹,,13.7,大差,,0,0
066120260613,2026061361,6,1,9,014881,山崎泰己,差,12.0,,,0,0
066120260613,2026061361,6,2,3,013436,中村昌弘,マ,11.9,3/4車身,,0,0
066120260613,2026061361,6,3,8,015288,薦田将伍,,12.2,1/4車輪,,0,1
066120260613,2026061361,6,4,4,014307,谷田泰平,,11.8,1/4車輪,,0,0
066120260613,2026061361,6,5,6,015536,疋田力也,,11.9,1/2車輪,,0,0
066120260613,2026061361,6,6,2,014313,小谷実,,11.6,1/4車輪,,1,0
066120260613,2026061361,6,7,7,014944,栗山俊介,,11.8,1/2車身,,0,0
066120260613,2026061361,6,8,5,014991,中島将尊,,11.9,1/2車輪,,0,0
066120260613,2026061361,6,0,1,013693,藤原憲征,,0.0,,欠車,0,0
076120260613,2026061361,7,1,1,014188,原誠宏,差,11.6,,,0,0
076120260613,2026061361,7,2,9,013900,大森慶一,差,11.5,1車輪,,0,0
076120260613,2026061361,7,3,2,015329,板垣昴,,11.6,1/8車輪,,0,0
076120260613,2026061361,7,4,7,013886,大屋健司,,11.8,1/8車輪,,0,0
076120260613,2026061361,7,5,5,014879,月森亮輔,,11.9,タイヤ,,1,0
076120260613,2026061361,7,6,8,013115,望月永悟,,11.4,1/2車身,,0,0
076120260613,2026061361,7,7,3,014677,角令央奈,,12.0,3/4車輪,,0,0
076120260613,2026061361,7,8,4,015572,田村大,,12.2,3/4車身,,0,1
076120260613,2026061361,7,9,6,014691,東矢昇太,,12.1,3/4車身,,0,0
086120260613,2026061361,8,1,5,014105,阿竹智史,差,11.5,,,0,0
086120260613,2026061361,8,2,3,015466,久田裕也,逃,11.6,3/4車輪,,0,1
086120260613,2026061361,8,3,4,014929,小酒大勇,,11.4,1/2車身,,0,0
086120260613,2026061361,8,4,9,012487,紺野哲也,,11.0,1/4車輪,,0,0
086120260613,2026061361,8,5,7,015236,藤根俊貴,,11.3,1/4車輪,,0,0
086120260613,2026061361,8,6,2,015036,尾形鉄馬,,11.3,3/4車身,,1,0
086120260613,2026061361,8,7,8,014511,内藤高裕,,11.1,3/4車輪,,0,0
086120260613,2026061361,8,8,6,014604,菱田浩二,,11.4,1/2車身,,0,0
086120260613,2026061361,8,9,1,015289,橋本瑠偉,,11.7,4車身,,0,0
096120260613,2026061361,9,1,9,013532,佐々木雄一,差,11.6,,,0,0
096120260613,2026061361,9,2,4,013884,守谷陽介,差,11.8,1車輪,,0,0
096120260613,2026061361,9,3,1,015725,青木瑞樹,,11.9,3/4車輪,,0,1
096120260613,2026061361,9,4,6,014264,松尾信太郎,,11.7,3/4車輪,,0,0
096120260613,2026061361,9,5,5,015358,三浦貴大,,11.4,タイヤ,,0,0
096120260613,2026061361,9,6,7,014599,松岡篤哉,,11.6,1車輪,,0,0
096120260613,2026061361,9,7,2,015333,高橋晋也,,11.9,3/4車輪,,0,0
096120260613,2026061361,9,8,8,015697,熊崎麻人,,11.7,1/2車身,,1,0
096120260613,2026061361,9,9,3,015254,鈴木輝大,,11.5,1/4車輪,,0,0
106120260613,2026061361,10,1,3,015014,西田将士,捲,11.5,,,0,0
106120260613,2026061361,10,2,7,013765,海老根恵太,差,12.0,1車身1/2,,0,0
106120260613,2026061361,10,3,2,015169,野口裕史,,12.2,1/2車身,,0,1
106120260613,2026061361,10,4,1,014472,坂口晃輔,,12.0,1車身1/2,,0,0
106120260613,2026061361,10,5,6,015040,隅田洋介,,11.9,1/2車輪,,0,0
106120260613,2026061361,10,6,4,015545,橋本凌汰,,12.2,1車身,,0,0
106120260613,2026061361,10,7,9,015620,纐纈洸翔,,12.2,1車身1/2,,0,0
106120260613,2026061361,10,8,5,013912,金成和幸,,12.2,1/2車輪,,0,0
106120260613,2026061361,10,9,8,015067,瀬戸晋作,,13.2,8車身,,0,0
116120260613,2026061361,11,1,9,015891,野中龍之介,逃,11.4,,,0,1
116120260613,2026061361,11,2,1,013772,岡村潤,マ,11.3,1車輪,,0,0
116120260613,2026061361,11,3,6,015342,福田滉,,11.3,3/4車身,,0,0
116120260613,2026061361,11,4,4,014945,中井俊亮,,11.2,1車輪,,0,0
116120260613,2026061361,11,5,5,013821,中村圭志,,11.1,1車輪,,0,0
116120260613,2026061361,11,6,3,014537,西村光太,,11.1,1/2車身,,0,0
116120260613,2026061361,11,7,2,014190,木村隆弘,,11.1,1/2車輪,,0,0
116120260613,2026061361,11,8,8,015663,松本秀之慎,,11.3,1/2車身,,1,0
116120260613,2026061361,11,9,7,015197,川口雄太,,11.3,2車身,,0,0
126120260613,2026061361,12,1,4,014664,志村龍己,差,11.7,,,0,0
126120260613,2026061361,12,2,1,013291,三宅達也,差,11.5,1/2車身,,0,0
126120260613,2026061361,12,3,2,015604,安彦統賀,,11.9,タイヤ,,1,0
126120260613,2026061361,12,4,7,014184,池田良,,11.4,3/4車輪,,0,0
126120260613,2026061361,12,5,8,015106,大石崇晴,,12.1,3/4車輪,,0,0
126120260613,2026061361,12,6,3,013961,松村友和,,11.7,1/2車身,,0,0
126120260613,2026061361,12,7,9,014465,村上直久,,11.7,1車身1/2,,0,0
126120260613,2026061361,12,8,6,014016,石塚孝幸,,11.8,2車身,,0,0
126120260613,2026061361,12,9,5,015381,岩谷拓磨,,13.2,7車身,,0,1
012120260613,2026061321,1,1,1,015679,又多風緑,捲,12.7,,,0,0
012120260613,2026061321,1,2,4,015938,牧田咲子,マ,12.6,1車輪,,0,0
012120260613,2026061321,1,3,6,015943,高崎千賀,,12.8,2車身,,0,0
012120260613,2026061321,1,4,3,015216,加藤恵,,13.1,1/2車身,,0,1
012120260613,2026061321,1,5,7,014925,大和久保美,,13.0,1/8車輪,,0,0
012120260613,2026061321,1,6,2,015854,伊澤茉那,,13.1,1車身,,0,0
012120260613,2026061321,1,7,5,015496,布居光,,12.8,1/2車身,,0,0
022120260613,2026061321,2,1,2,015410,村田奈穂,捲,12.4,,,0,1
022120260613,2026061321,2,2,5,015573,蛯原杏奈,マ,12.4,3/4車身,,0,0
022120260613,2026061321,2,3,1,015485,青木美保,,12.4,1/2車身,,0,0
022120260613,2026061321,2,4,3,015674,野寺楓,,12.5,1車身1/2,,0,0
022120260613,2026061321,2,5,6,015141,黒河内由実,,12.5,1車身,,0,0
022120260613,2026061321,2,6,4,015027,長澤彩,,12.6,3/4車輪,,0,0
022120260613,2026061321,2,7,7,015307,田中千尋,,12.4,1/2車身,,0,0
032120260613,2026061321,3,1,3,015742,堀越翔己,捲,12.1,,,0,0
032120260613,2026061321,3,2,5,015379,下野義城,差,11.9,1/4車輪,,1,0
032120260613,2026061321,3,3,1,014579,齋藤一茂,,12.4,3/4車輪,,0,1
032120260613,2026061321,3,4,2,014336,八尋翔平,,12.1,1/4車輪,,0,0
032120260613,2026061321,3,5,7,014012,関智晴,,12.1,3/4車輪,,0,0
032120260613,2026061321,3,6,6,013587,船曳義之,,11.9,1/2車身,,0,0
032120260613,2026061321,3,7,4,013461,市川健太,,12.3,1車輪,,0,0
042120260613,2026061321,4,1,1,013615,山口貴弘,差,11.5,,,0,0
042120260613,2026061321,4,2,2,015345,浅見隼,捲,11.7,1/2車身,,0,0
042120260613,2026061321,4,3,5,012878,安藤宜明,,11.8,2車身,,0,0
042120260613,2026061321,4,4,3,015513,菊池翔,,12.0,3/4車身,,1,1
042120260613,2026061321,4,5,4,013349,三宅旬,,11.5,3/4車輪,,0,0
042120260613,2026061321,4,6,7,013314,鈴木宏章,,11.8,1/2車輪,,0,0
042120260613,2026061321,4,7,6,015044,平川雅晃,,12.3,6車身,,0,0
052120260613,2026061321,5,1,2,015234,八嶋稔真,捲,12.1,,,0,0
052120260613,2026061321,5,2,3,011800,三住博昭,マ,12.0,1車輪,,0,0
052120260613,2026061321,5,3,1,014056,橋本紀彰,,12.3,1車身,,1,0
052120260613,2026061321,5,4,6,014366,阿久津浩之,,12.4,1/2車輪,,0,1
052120260613,2026061321,5,5,7,013006,佐々木健司,,12.0,1/4車輪,,0,0
052120260613,2026061321,5,6,5,014737,河上陽一,,12.0,1車輪,,0,0
052120260613,2026061321,5,7,4,013547,土屋宏,,12.4,1車身,,0,0
062120260613,2026061321,6,1,6,015088,神山尚,捲,11.8,,,0,0
062120260613,2026061321,6,2,1,014003,須賀和彦,マ,11.7,1/4車輪,,0,0
062120260613,2026061321,6,3,7,015920,吉野太晟,,11.8,1車身,,1,0
062120260613,2026061321,6,4,4,012710,大内達也,,11.7,1/4車輪,,0,0
062120260613,2026061321,6,5,2,013859,荒木伸哉,,11.9,1/2車輪,,0,0
062120260613,2026061321,6,6,3,014334,高倉俊宏,,11.8,1/2車身,,0,0
062120260613,2026061321,6,7,5,013183,坂木田雄介,,12.1,1/2車輪,,0,1
072120260613,2026061321,7,1,1,014717,泉文人,捲,12.1,,,0,0
072120260613,2026061321,7,2,2,014371,岡光良,マ,12.1,1車身1/2,,0,0
072120260613,2026061321,7,3,3,013473,大塚英伸,,12.4,1/4車輪,,1,0
072120260613,2026061321,7,4,5,013667,田中洋輔,,12.0,1車身,,0,0
072120260613,2026061321,7,5,6,015099,吉竹尚城,,12.6,3/4車輪,,0,1
072120260613,2026061321,7,6,4,014333,阿部兼士,,12.4,1車輪,,0,0
072120260613,2026061321,7,7,7,015847,寺師幸成,,13.4,大差,,0,0
082120260613,2026061321,8,1,4,015727,中原航大,捲,12.1,,,0,1
082120260613,2026061321,8,2,1,015285,久樹克門,マ,12.0,1/4車輪,,0,0
082120260613,2026061321,8,3,5,014850,岡田啓渡,,12.0,3/4車身,,1,0
082120260613,2026061321,8,4,6,013980,森田康嗣,,12.2,1車身1/2,,0,0
082120260613,2026061321,8,5,2,015258,栗本尚宗,,12.6,3車身,,0,0
082120260613,2026061321,8,6,7,013005,小笠原昭太,,12.5,2車身,,0,0
082120260613,2026061321,8,0,3,013307,浦川尊明,,0.0,,失格,0,0
092120260613,2026061321,9,1,5,014233,西村行貴,差,11.9,,,0,0
092120260613,2026061321,9,2,2,014712,泉慶輔,差,12.2,3/4車身,,0,0
092120260613,2026061321,9,3,3,015191,奥村諭志,,11.8,1/8車輪,,0,0
092120260613,2026061321,9,4,1,015787,中村龍吉,,12.3,1/4車輪,,1,1
092120260613,2026061321,9,5,6,014690,好永晃,,11.8,3/4車身,,0,0
092120260613,2026061321,9,6,7,014707,飯塚直人,,11.7,1/2車身,,0,0
092120260613,2026061321,9,7,4,015371,田上晃也,,13.4,大差,,0,0
018420260613,2026061384,1,1,2,013216,古城英之,差,12.0,,,0,0
018420260613,2026061384,1,2,1,014780,古川大輔,捲,12.1,3/4車輪,,1,1
018420260613,2026061384,1,3,3,012319,高尾剛文,,12.3,4車身,,0,0
018420260613,2026061384,1,4,4,012402,時松正,,12.3,3/4車身,,0,0
018420260613,2026061384,1,5,5,011847,赤松誠一,,12.3,2車身,,0,0
018420260613,2026061384,1,6,6,015300,ラモスレオ,,12.8,1車身1/2,,0,0
028420260613,2026061384,2,1,1,015164,菱沼元樹,捲,11.7,,,0,0
028420260613,2026061384,2,2,3,015915,柏野健吾,逃,12.1,2車身,,0,1
028420260613,2026061384,2,3,6,014183,隅田幸助,,12.1,3/4車身,,0,0
028420260613,2026061384,2,4,2,011328,川添輝彦,,12.0,1/2車身,,0,0
028420260613,2026061384,2,5,4,014987,門馬琢麿,,11.7,2車身,,0,0
028420260613,2026061384,2,6,5,011364,遠澤健二,,12.7,大差,,1,0
028420260613,2026061384,2,7,7,014639,屋宜浩二,,0.0,大差,,0,0
038420260613,2026061384,3,1,1,015874,角田吏,逃,12.1,,,1,1
038420260613,2026061384,3,2,2,014513,樋口絢土,マ,12.0,1車輪,,0,0
038420260613,2026061384,3,3,4,013802,大林亮介,,12.0,1/2車輪,,0,0
038420260613,2026061384,3,4,3,015209,中野真吾,,12.0,1/4車輪,,0,0
038420260613,2026061384,3,5,7,012626,原司,,12.1,4車身,,0,0
038420260613,2026061384,3,6,5,012847,古閑良介,,12.2,1車身1/2,,0,0
038420260613,2026061384,3,7,6,013375,五反田豊和,,13.7,大差,,0,0
048420260613,2026061384,4,1,2,015047,加藤健一,逃,11.7,,,1,1
048420260613,2026061384,4,2,1,014992,楠野史尭,差,11.7,3車身,,0,0
048420260613,2026061384,4,3,3,014563,興呂木雄治,,11.9,1/2車身,,0,0
048420260613,2026061384,4,4,6,014583,吉田昌弘,,11.6,1/2車輪,,0,0
048420260613,2026061384,4,5,5,012656,柴田健,,12.0,1/2車身,,0,0
048420260613,2026061384,4,6,4,013822,米原大輔,,11.8,1/8車輪,,0,0
048420260613,2026061384,4,7,7,013541,高森圭介,,11.5,1/8車輪,,0,0
058420260613,2026061384,5,1,7,014272,松田直也,差,11.8,,,0,0
058420260613,2026061384,5,2,5,015482,松本一志,逃,11.9,1/4車輪,,0,1
058420260613,2026061384,5,3,1,013660,徳吉広紀,,11.8,1/2車身,,1,0
058420260613,2026061384,5,4,2,014464,中西司,,11.6,3/4車身,,0,0
058420260613,2026061384,5,5,6,014069,渡邊政幸,,11.6,1/2車身,,0,0
058420260613,2026061384,5,6,4,014808,村上貴彦,,11.8,3車身,,0,0
058420260613,2026061384,5,7,3,015181,栗田万生,,12.6,4車身,,0,0
068420260613,2026061384,6,1,3,014993,副島和人,差,12.1,,,1,0
068420260613,2026061384,6,2,5,012794,宇賀神浩幸,マ,12.0,3/4車身,,0,0
068420260613,2026061384,6,3,4,012920,山崎岳志,,11.8,1/4車輪,,0,0
068420260613,2026061384,6,4,6,014297,田中勝仁,,12.4,1/2車輪,,0,1
068420260613,2026061384,6,5,2,014340,古川貴之,,11.9,1/8車輪,,0,0
068420260613,2026061384,6,6,1,014715,高橋幸司,,12.4,3車身,,0,0
068420260613,2026061384,6,7,7,015241,山田祐太,,11.9,1/2車身,,0,0
078420260613,2026061384,7,1,1,015651,中川聖大,捲,11.8,,,1,1
078420260613,2026061384,7,2,5,015372,野上竜太,捲,11.5,1/2車身,,0,0
078420260613,2026061384,7,3,3,012326,國武耕二,,11.7,1/8車輪,,0,0
078420260613,2026061384,7,4,6,013888,細川貴史,,11.6,1車身1/2,,0,0
078420260613,2026061384,7,5,2,015127,野村典嗣,,11.9,3車身,,0,0
078420260613,2026061384,7,6,4,014556,小川祐司,,12.1,3/4車身,,0,0
078420260613,2026061384,7,7,7,014120,永田修一,,11.8,3/4車身,,0,0
088420260613,2026061384,8,1,2,015919,藤田楓,逃,11.5,,,0,1
088420260613,2026061384,8,2,1,015601,五十嵐綾,逃,11.3,1車身1/2,,1,0
088420260613,2026061384,8,3,6,015483,谷元奎心,,11.3,1車身1/2,,0,0
088420260613,2026061384,8,4,5,013826,田原大広,,11.3,3/4車身,,0,0
088420260613,2026061384,8,5,7,014277,山口慎吾,,11.3,1車身,,0,0
088420260613,2026061384,8,6,3,015559,神開一輝,,11.1,1/8車輪,,0,0
088420260613,2026061384,8,7,4,014269,梶原恵介,,11.5,5車身,,0,0
098420260613,2026061384,9,1,2,014658,馬場和広,差,11.7,,,0,0
098420260613,2026061384,9,2,1,015555,林昌幸,逃,11.8,1車輪,,0,1
098420260613,2026061384,9,3,3,014163,内田英介,,11.6,1/4車輪,,1,0
098420260613,2026061384,9,4,5,014332,芳野匠,,12.3,9車身,,0,0
098420260613,2026061384,9,5,7,012992,吉良勝信,,12.0,4車身,,0,0
098420260613,2026061384,9,6,6,013506,田村浩章,,12.0,1車身1/2,,0,0
098420260613,2026061384,9,7,4,014224,矢島一弥,,12.4,1車身1/2,,0,0
012320260613,2026061323,1,1,2,015187,鮫島康治,捲,11.2,,,0,0
012320260613,2026061323,1,2,5,013799,真田晃,マ,11.2,1/2車身,,0,0
012320260613,2026061323,1,3,1,013233,小松剛之,,11.9,6車身,,1,0
012320260613,2026061323,1,4,7,014821,原岡泰志郎,,11.9,3/4車身,,0,0
012320260613,2026061323,1,5,6,015506,佐藤啓斗,,12.1,1/4車輪,,0,1
012320260613,2026061323,1,6,4,013989,大泉英則,,11.9,1/4車輪,,0,0
012320260613,2026061323,1,7,3,015353,松坂侑亮,,12.6,7車身,,0,0
022320260613,2026061323,2,1,5,014144,石川雅望,差,11.8,,,0,0
022320260613,2026061323,2,2,4,012649,山本恵太郎,マ,11.8,3/4車身,,0,0
022320260613,2026061323,2,3,1,014077,古屋琢晶,,12.0,1/2車輪,,1,1
022320260613,2026061323,2,4,6,015087,本馬鎌,,11.6,1/4車輪,,0,0
022320260613,2026061323,2,5,2,014597,上田隼,,11.7,3/4車身,,0,0
022320260613,2026061323,2,6,3,014749,山田哲也,,11.7,3/4車身,,0,0
022320260613,2026061323,2,7,7,015275,伊藤歩登,,12.6,大差,,0,0
032320260613,2026061323,3,1,1,013416,飯尾主税,差,12.4,,,1,0
032320260613,2026061323,3,2,7,013690,伊藤大理,差,12.1,1/2車身,,0,0
032320260613,2026061323,3,3,2,014369,中川拓也,,12.4,3/4車身,,0,0
032320260613,2026061323,3,4,3,013482,松崎貴久,,12.6,1/2車身,,0,0
032320260613,2026061323,3,5,5,013951,永井清史,,12.7,1車身,,0,0
032320260613,2026061323,3,6,4,015805,山下祐輔,,12.8,1/2車輪,,0,1
032320260613,2026061323,3,7,6,015621,長谷川裕一,,14.3,大差,,0,0
042320260613,2026061323,4,1,7,014988,伊早坂駿一,逃,11.4,,,0,1
042320260613,2026061323,4,2,1,013616,渡邉高志,マ,11.4,1/2車身,,1,0
042320260613,2026061323,4,3,4,011619,疋田敏,,11.1,1/2車身,,0,0
042320260613,2026061323,4,4,5,015524,栗本武典,,11.1,1/2車身,,0,0
042320260613,2026061323,4,5,3,015360,勝谷勝治,,11.3,1/2車輪,,0,0
042320260613,2026061323,4,6,2,014818,田口裕一,,11.2,2車身,,0,0
042320260613,2026061323,4,7,6,011341,黒崎直行,,12.0,7車身,,0,0
052320260613,2026061323,5,1,2,013710,榎本光男,捲,12.1,,,0,0
052320260613,2026061323,5,2,7,013417,梅原大治,マ,12.2,3車身,,0,0
052320260613,2026061323,5,3,5,015817,梅澤忠秀,,12.5,1/2車身,,0,1
052320260613,2026061323,5,4,1,012529,木本賢二,,12.3,3/4車身,,1,0
052320260613,2026061323,5,5,3,013915,坂口卓士,,12.6,1車身1/2,,0,0
052320260613,2026061323,5,6,6,015155,三浦大輝,,13.0,大差,,0,0
052320260613,2026061323,5,7,4,013570,加藤寛治,,14.0,5車身,,0,0
062320260613,2026061323,6,1,5,014139,小田倉勇二,差,11.4,,,0,0
062320260613,2026061323,6,2,1,015796,川田真也,捲,11.6,1車輪,,0,0
062320260613,2026061323,6,3,4,014364,野間司,,11.3,1/2車身,,0,0
062320260613,2026061323,6,4,7,013106,赤井学,,11.3,3/4車身,,1,0
062320260613,2026061323,6,5,3,013423,増田利明,,11.3,3/4車身,,0,0
062320260613,2026061323,6,6,2,013584,坂田学,,12.3,4車身,,0,0
062320260613,2026061323,6,7,6,015115,堀僚介,,12.9,5車身,,0,1
072320260613,2026061323,7,1,5,015685,小笠原一真,逃,12.0,,,0,1
072320260613,2026061323,7,2,3,013382,成田直喜,マ,12.0,1/2車身,,0,0
072320260613,2026061323,7,3,4,013632,川口直人,,11.8,1/2車身,,0,0
072320260613,2026061323,7,4,2,013622,白岩大助,,12.0,1/2車輪,,1,0
072320260613,2026061323,7,5,6,014858,小原唯志,,12.0,1/8車輪,,0,0
072320260613,2026061323,7,6,1,014248,吉川起也,,11.8,1/2車身,,0,0
072320260613,2026061323,7,7,7,015625,真鍋顕汰,,12.6,6車身,,0,0
013720260613,2026061337,1,1,1,015414,大森光明,捲,9.7,,,0,0
013720260613,2026061337,1,2,3,014372,内田玄希,差,9.9,2車身,,0,0
013720260613,2026061337,1,3,5,015557,梶原大地,,10.2,1車輪,,0,1
013720260613,2026061337,1,4,2,013971,内山拓,,9.9,3/4車身,,1,0
013720260613,2026061337,1,5,7,015800,川越宏臣,,10.3,3/4車身,,0,0
013720260613,2026061337,1,6,6,013214,水本博行,,10.1,3車身,,0,0
013720260613,2026061337,1,7,4,014155,佐藤政利,,10.1,1車身1/2,,0,0
023720260613,2026061337,2,1,3,013957,堂村知哉,差,10.1,,,0,0
023720260613,2026061337,2,2,6,015110,小出慎也,捲,10.3,1/2車身,,0,0
023720260613,2026061337,2,3,2,012379,小林健,,10.5,1車身1/2,,1,0
023720260613,2026061337,2,4,7,015548,白井優太朗,,10.8,1/2車身,,0,1
023720260613,2026061337,2,5,1,013857,浅沼聖士,,10.4,3/4車身,,0,0
023720260613,2026061337,2,6,4,013775,鈴木良太,,10.6,1車輪,,0,0
023720260613,2026061337,2,7,5,015339,土田武志,,11.1,3車身,,0,0
033720260613,2026061337,3,1,2,015600,照井力斗,捲,9.9,,,0,0
033720260613,2026061337,3,2,4,014428,鹿内翔,マ,9.9,3/4車身,,1,0
033720260613,2026061337,3,3,5,015635,藤岡徹也,,9.8,3/4車身,,0,0
033720260613,2026061337,3,4,7,014040,竹内真一,,10.1,1/2車身,,0,0
033720260613,2026061337,3,5,3,015843,松本昂大,,10.3,3/4車身,,0,1
033720260613,2026061337,3,6,1,014999,水谷将司,,10.0,3/4車輪,,0,0
033720260613,2026061337,3,7,6,014753,山田純也,,13.0,大差,,0,0
043720260613,2026061337,4,1,3,015726,龍野琳太郎,逃,10.1,,,1,1
043720260613,2026061337,4,2,4,013354,國村洋,マ,10.0,1/2車身,,0,0
043720260613,2026061337,4,3,1,015665,福田要,,9.9,1/2車身,,0,0
043720260613,2026061337,4,4,2,013899,山田和巧,,10.0,1車身1/2,,0,0
043720260613,2026061337,4,5,6,014049,廣田樹里,,10.1,1車身1/2,,0,0
043720260613,2026061337,4,6,5,013142,黒田大介,,10.0,1車身1/2,,0,0
043720260613,2026061337,4,7,7,013468,勝俣亮,,12.4,大差,,0,0
053720260613,2026061337,5,1,7,015734,岡崎陸登,逃,10.4,,,0,1
053720260613,2026061337,5,2,1,014330,坂田章,マ,10.3,1/2車身,,0,0
053720260613,2026061337,5,3,4,014460,矢口大樹,,10.4,3/4車身,,0,0
053720260613,2026061337,5,4,6,014481,徳丸泰教,,10.1,3/4車輪,,0,0
053720260613,2026061337,5,5,5,012678,舛井幹雄,,10.0,1/4車輪,,0,0
053720260613,2026061337,5,6,2,014512,長井妙樹,,10.3,1/4車輪,,0,0
053720260613,2026061337,5,7,3,015543,福元啓太,,10.4,1車身1/2,,0,0
063720260613,2026061337,6,1,1,014883,才迫開,捲,10.0,,,1,0
063720260613,2026061337,6,2,7,015117,野崎将史,マ,9.9,3/4車身,,0,0
063720260613,2026061337,6,3,2,015043,大矢崇弘,,10.2,タイヤ,,0,0
063720260613,2026061337,6,4,4,014378,加賀山淳,,10.2,1車身,,0,0
063720260613,2026061337,6,5,3,013045,岩本和也,,9.9,微差,,0,0
063720260613,2026061337,6,6,5,015336,小畑勝広,,10.5,微差,,0,1
063720260613,2026061337,6,7,6,015816,伊東佑晟,,10.3,4車身,,0,0
073720260613,2026061337,7,1,5,015613,滝本幸正,逃,9.8,,,0,1
073720260613,2026061337,7,2,7,015168,染谷幸喜,差,9.5,1/4車輪,,0,0
073720260613,2026061337,7,3,4,015468,和泉尚吾,,9.3,3/4車身,,1,0
073720260613,2026061337,7,4,1,015092,小林令,,9.8,微差,,0,0
073720260613,2026061337,7,5,2,013252,中村浩士,,9.5,1/4車輪,,0,0
073720260613,2026061337,7,6,3,013295,佐々木則幸,,9.3,1車身,,0,0
073720260613,2026061337,7,7,6,013593,大野悟郎,,9.9,6車身,,0,0
083720260613,2026061337,8,1,1,014211,佐藤幸治,差,9.6,,,1,0
083720260613,2026061337,8,2,3,013642,西岡正一,差,9.6,1車身1/2,,0,0
083720260613,2026061337,8,3,4,015386,阪本和也,,9.9,2車身,,0,0
083720260613,2026061337,8,4,7,013330,舘泰守,,9.7,1車身,,0,0
083720260613,2026061337,8,5,6,015415,坂本紘規,,10.3,3/4車輪,,0,0
083720260613,2026061337,8,6,2,015510,田口勇介,,10.5,微差,,0,1
083720260613,2026061337,8,7,5,015363,田中大我,,10.3,3/4車身,,0,0
093720260613,2026061337,9,1,2,014246,森川大輔,差,10.1,,,0,0
093720260613,2026061337,9,2,5,014606,稲毛健太,逃,10.2,1車輪,,0,1
093720260613,2026061337,9,3,6,012705,那須久幸,,10.1,3/4車身,,0,0
093720260613,2026061337,9,4,1,013420,土屋裕二,,10.0,1/2車輪,,1,0
093720260613,2026061337,9,5,7,011477,川口満宏,,9.9,3/4車身,,0,0
093720260613,2026061337,9,6,3,015744,橋本宇宙,,9.9,2車身,,0,0
093720260613,2026061337,9,7,4,015619,日高裕太,,10.3,6車身,,0,0
103720260613,2026061337,10,1,3,015778,小堀敢太,逃,10.2,,,0,1
103720260613,2026061337,10,2,1,014757,藤井昭吾,マ,10.0,3/4車輪,,0,0
103720260613,2026061337,10,3,5,014249,鷲田幸司,,9.9,微差,,0,0
103720260613,2026061337,10,4,2,014515,城幸弘,,9.8,1車身1/2,,0,0
103720260613,2026061337,10,5,4,013901,山田敦也,,10.0,3/4車輪,,0,0
103720260613,2026061337,10,6,7,014796,保科千春,,10.0,2車身,,0,0
103720260613,2026061337,10,7,6,015244,植原琢也,,10.3,3車身,,1,0
113720260613,2026061337,11,1,7,015896,丸山留依,逃,9.8,,,0,1
113720260613,2026061337,11,2,1,014523,東龍之介,マ,9.7,1/8車輪,,1,0
113720260613,2026061337,11,3,3,014451,武藤篤弘,,9.8,1車身,,0,0
113720260613,2026061337,11,4,5,014053,鈴木謙太郎,,9.7,1/2車身,,0,0
113720260613,2026061337,11,5,4,012785,小橋明紀,,9.8,タイヤ,,0,0
113720260613,2026061337,11,6,2,015120,竹内翼,,10.0,2車身,,0,0
113720260613,2026061337,11,7,6,015010,吉川嘉斗,,10.7,大差,,0,0
123720260613,2026061337,12,1,5,014174,柴崎淳,差,9.6,,,0,0
123720260613,2026061337,12,2,6,012887,新田康仁,差,9.3,1/4車輪,,0,0
123720260613,2026061337,12,3,3,015274,福永大智,,9.7,1/4車輪,,1,1
123720260613,2026061337,12,4,4,014930,杉森輝大,,9.5,1車輪,,0,0
123720260613,2026061337,12,5,1,014499,佐藤博紀,,9.4,1車身,,0,0
123720260613,2026061337,12,6,2,013808,坂本健太郎,,9.4,3/4車輪,,0,0
123720260613,2026061337,12,7,7,014846,久米康平,,9.6,3/4車身,,0,0
015320260613,2026061353,1,1,1,015931,山口留稀哉,逃,10.0,,,1,1
015320260613,2026061353,1,2,3,012976,中井修,マ,10.0,1車身1/2,,0,0
015320260613,2026061353,1,3,6,012406,濱田昭一郎,,10.0,2車身,,0,0
015320260613,2026061353,1,4,4,013784,太田雅之,,10.2,4車身,,0,0
015320260613,2026061353,1,5,5,012321,檀雄二,,11.2,大差,,0,0
015320260613,2026061353,1,0,2,015355,磯村蓮太,,0.0,,落車,0,0
015320260613,2026061353,1,0,7,015188,浜田翔平,,0.0,,落車,0,0
025320260613,2026061353,2,1,1,015190,大中拓磨,捲,10.2,,,0,0
025320260613,2026061353,2,2,5,014254,武田和也,マ,10.1,微差,,1,0
025320260613,2026061353,2,3,4,014034,鳥丸晃順,,10.3,1車身,,0,0
025320260613,2026061353,2,4,7,013049,南大輔,,10.1,3/4車輪,,0,0
025320260613,2026061353,2,5,6,012677,花村直人,,10.1,1車身1/2,,0,0
025320260613,2026061353,2,6,3,015924,利川寛太,,10.7,3/4車身,,0,1
025320260613,2026061353,2,7,2,014533,加藤正法,,12.7,大差,,0,0
035320260613,2026061353,3,1,7,015904,辻田祥大,逃,9.8,,,0,1
035320260613,2026061353,3,2,2,014596,中村賢二,マ,9.8,1車身,,0,0
035320260613,2026061353,3,3,4,013128,梶原秀庸,,10.0,3車身,,0,0
035320260613,2026061353,3,4,3,012383,田村光昭,,9.9,5車身,,0,0
035320260613,2026061353,3,5,5,012694,志村達也,,9.9,1車身,,0,0
035320260613,2026061353,3,6,1,015286,土居佑次,,10.2,1/8車輪,,1,0
035320260613,2026061353,3,7,6,011741,澤亀浩司,,10.3,7車身,,0,0
045320260613,2026061353,4,1,1,015910,土生智徳,逃,10.0,,,0,1
045320260613,2026061353,4,2,5,013581,薮謙治,マ,10.0,1/2車身,,0,0
045320260613,2026061353,4,3,3,013728,伊狩知人,,10.0,1車身1/2,,1,0
045320260613,2026061353,4,4,7,015295,篠田樹,,10.3,7車身,,0,0
045320260613,2026061353,4,5,2,014274,吉成晃一,,10.2,1/2車輪,,0,0
045320260613,2026061353,4,6,4,013588,齋藤仁,,10.6,5車身,,0,0
045320260613,2026061353,4,7,6,011382,清水広幸,,0.0,大差,,0,0
055320260613,2026061353,5,1,5,015498,國村美留莉,差,10.5,,,0,0
055320260613,2026061353,5,2,4,015153,林真奈美,逃,10.6,1/4車輪,,0,1
055320260613,2026061353,5,3,6,015147,佐々木恵理,,10.5,1車身,,0,0
055320260613,2026061353,5,4,2,015767,木下宙,,10.5,1車身1/2,,0,0
055320260613,2026061353,5,5,3,015576,菅原ななこ,,10.3,1/4車輪,,0,0
055320260613,2026061353,5,6,1,015074,島田優里,,10.7,1車輪,,0,0
065320260613,2026061353,6,1,1,015220,鈴木美教,逃,10.6,,,0,1
065320260613,2026061353,6,2,6,015770,東美月,差,10.4,2車身,,0,0
065320260613,2026061353,6,3,3,015071,佐藤亜貴子,,10.7,1車身,,0,0
065320260613,2026061353,6,4,4,015849,佐藤乃愛,,10.5,1/8車輪,,0,0
065320260613,2026061353,6,5,2,015776,高本美穂,,10.5,3/4車身,,0,0
065320260613,2026061353,6,6,5,015775,羽田野愛花,,10.5,3/4車身,,0,0
075320260613,2026061353,7,1,4,014390,愛敬博之,差,9.8,,,0,0
075320260613,2026061353,7,2,7,013792,辰己豊,マ,9.7,1/2車輪,,0,0
075320260613,2026061353,7,3,1,014473,重倉高史,,10.0,1/2車身,,1,1
075320260613,2026061353,7,4,6,012844,米澤大輔,,9.7,3/4車身,,0,0
075320260613,2026061353,7,5,2,012763,内村泰三,,9.7,1車輪,,0,0
075320260613,2026061353,7,6,5,013896,安東英博,,9.5,1/2車身,,0,0
075320260613,2026061353,7,7,3,013659,高比良豪,,9.8,1車身1/2,,0,0
085320260613,2026061353,8,1,1,015456,安藤直希,逃,10.4,,,0,1
085320260613,2026061353,8,2,7,015189,山本隼人,マ,10.3,1車輪,,1,0
085320260613,2026061353,8,3,3,013206,岡崎和久,,10.3,1車身,,0,0
085320260613,2026061353,8,4,6,013271,鮒田博文,,10.2,3/4車身,,0,0
085320260613,2026061353,8,5,5,013895,松尾大樹,,9.9,1車身,,0,0
085320260613,2026061353,8,6,2,015845,稲留敦貴,,10.2,3/4車身,,0,0
085320260613,2026061353,8,7,4,014634,寺崎祐樹,,10.2,3/4車身,,0,0
095320260613,2026061353,9,1,4,015294,小原亮哉,差,10.3,,,0,0
095320260613,2026061353,9,2,5,014495,下沖功児,逃,10.5,3/4車輪,,0,1
095320260613,2026061353,9,3,1,014414,是永幸寛,,10.3,1/2車身,,1,0
095320260613,2026061353,9,4,3,014598,岡崎祥伍,,10.0,1車身,,0,0
095320260613,2026061353,9,5,7,013201,北川紋部,,10.0,3/4車身,,0,0
095320260613,2026061353,9,6,6,015053,廣田敦士,,10.2,1/8車輪,,0,0
095320260613,2026061353,9,7,2,013489,藤井孝則,,10.1,3車身,,0,0
105320260613,2026061353,10,1,4,015902,安達光伸,逃,9.7,,,0,1
105320260613,2026061353,10,2,1,011907,島野浩司,マ,9.6,3/4車身,,1,0
105320260613,2026061353,10,3,5,014479,金子浩貴,,9.6,1車輪,,0,0
105320260613,2026061353,10,4,3,015214,境啓亨,,9.6,1車身1/2,,0,0
105320260613,2026061353,10,5,6,013155,四元慎也,,9.5,1/2車身,,0,0
105320260613,2026061353,10,6,7,014487,才迫勇馬,,9.9,3/4車身,,0,0
105320260613,2026061353,10,7,2,014320,在本直樹,,9.8,1/2車身,,0,0
115320260613,2026061353,11,1,5,014775,小原周祐,捲,10.0,,,0,0
115320260613,2026061353,11,2,1,013357,近藤誠二,マ,10.0,1車身1/2,,0,0
115320260613,2026061353,11,3,7,015003,小笹隼人,,10.4,3車身,,0,0
115320260613,2026061353,11,4,6,014403,櫻井太士,,10.5,1車身,,0,0
115320260613,2026061353,11,5,4,013722,宝満大作,,10.4,1車身,,0,0
115320260613,2026061353,11,6,2,015634,末廣快理,,10.9,3/4車輪,,1,1
115320260613,2026061353,11,7,3,015059,畝木努,,12.1,大差,,0,0
014320260614,2026061443,1,1,1,012519,藤原誠,差,11.9,,,1,0
014320260614,2026061443,1,2,4,014137,房州輝也,差,12.3,タイヤ,,0,0
014320260614,2026061443,1,3,5,014104,池田憲昭,,11.8,1車身,,0,0
014320260614,2026061443,1,4,6,014711,相澤政宏,,12.3,3/4車輪,,0,0
014320260614,2026061443,1,5,2,015430,岡田亮太,,12.6,1/2車輪,,0,1
014320260614,2026061443,1,6,3,015627,南儀拓海,,12.4,2車身,,0,0
024320260614,2026061443,2,1,2,014339,成松春樹,捲,11.6,,,0,0
024320260614,2026061443,2,2,5,014221,古川尚耶,差,12.2,3/4車身,,0,0
024320260614,2026061443,2,3,3,015608,山口多聞,,12.4,3/4車輪,,0,1
024320260614,2026061443,2,4,1,014176,笹倉慎也,,12.0,1車身,,1,0
024320260614,2026061443,2,5,7,012895,小嶋敬二,,12.1,1/2車輪,,0,0
024320260614,2026061443,2,6,4,013197,鈴木幸紀,,12.1,2車身,,0,0
024320260614,2026061443,2,7,6,014410,桶谷明誉,,14.5,大差,,0,0
034320260614,2026061443,3,1,3,014826,菅原裕太,差,11.5,,,0,0
034320260614,2026061443,3,2,4,015598,大川剛,逃,11.7,1車輪,,1,1
034320260614,2026061443,3,3,1,014199,松岡孔明,,11.5,3/4車身,,0,0
034320260614,2026061443,3,4,7,015118,木村幸希,,11.2,1/2車身,,0,0
034320260614,2026061443,3,5,5,012478,加倉正義,,11.6,2車身,,0,0
034320260614,2026061443,3,6,6,014949,石口慶多,,11.4,3/4車身,,0,0
034320260614,2026061443,3,7,2,012759,金山栄治,,11.4,2車身,,0,0
044320260614,2026061443,4,1,7,015132,瓜生崇智,差,12.0,,,1,0
044320260614,2026061443,4,2,2,013443,大坪功一,マ,11.9,3/4車身,,0,0
044320260614,2026061443,4,3,5,015476,緒方将樹,,12.1,1/8車輪,,0,1
044320260614,2026061443,4,4,1,013726,川村晃司,,11.7,1車身1/2,,0,0
044320260614,2026061443,4,5,8,015083,中村弘之輔,,11.6,3/4車身,,0,0
044320260614,2026061443,4,6,3,014212,山崎将幸,,11.5,1/4車輪,,0,0
044320260614,2026061443,4,7,4,014239,鈴木裕,,11.6,1/2車輪,,0,0
044320260614,2026061443,4,8,9,012819,齊藤竜也,,11.5,1車身1/2,,0,0
044320260614,2026061443,4,9,6,015539,上杉嘉槻,,14.3,大差,,0,0
054320260614,2026061443,5,1,2,015450,長谷部龍一,捲,11.9,,,0,0
054320260614,2026061443,5,2,1,014384,佐藤龍二,差,11.9,3/4車輪,,0,0
054320260614,2026061443,5,3,9,014592,小島歩,,11.9,3/4車身,,0,0
054320260614,2026061443,5,4,3,014409,山本奨,,11.7,1/2車輪,,0,0
054320260614,2026061443,5,5,8,014326,福島栄一,,11.6,1/2車輪,,1,0
054320260614,2026061443,5,6,7,015276,佐伯亮輔,,11.9,1/2車身,,0,0
054320260614,2026061443,5,7,6,015176,望月一成,,12.4,2車身,,0,1
054320260614,2026061443,5,8,5,014143,天田裕輝,,11.6,1/4車輪,,0,0
054320260614,2026061443,5,9,4,013959,鷲田佳史,,11.8,4車身,,0,0
064320260614,2026061443,6,1,8,015461,土生敦弘,捲,11.0,,,0,0
064320260614,2026061443,6,2,2,014942,清水剛志,マ,10.9,3/4車輪,,0,0
064320260614,2026061443,6,3,1,014497,川津悠揮,,11.2,2車身,,1,0
064320260614,2026061443,6,4,9,015375,村上竜馬,,10.9,1/2車身,,0,0
064320260614,2026061443,6,5,3,014268,山口貴弘,,10.8,1/2車身,,0,0
064320260614,2026061443,6,6,7,012826,渡邉晴智,,11.2,1/2車身,,0,0
064320260614,2026061443,6,7,4,014819,太刀川一成,,11.3,2車身,,0,0
064320260614,2026061443,6,8,5,015162,蕗澤鴻太郎,,11.8,1車身,,0,1
064320260614,2026061443,6,9,6,014194,桑原亮,,12.5,大差,,0,0
074320260614,2026061443,7,1,1,015718,棚瀬義大,捲,11.6,,,1,0
074320260614,2026061443,7,2,5,013637,笠松信幸,マ,11.5,3/4車身,,0,0
074320260614,2026061443,7,3,2,015121,太田竜馬,,11.1,3/4車身,,0,0
074320260614,2026061443,7,4,4,015438,佐々木和紀,,11.5,1/2車輪,,0,0
074320260614,2026061443,7,5,6,014806,岡田泰地,,11.5,1/2車身,,0,0
074320260614,2026061443,7,6,9,015458,貴志修己,,11.4,3/4車輪,,0,0
074320260614,2026061443,7,7,8,014259,戸田洋平,,11.1,1/2車身,,0,0
074320260614,2026061443,7,8,3,014398,藤田勝也,,11.8,5車身,,0,0
074320260614,2026061443,7,9,7,015716,尾方祐仁,,13.4,大差,,0,1
084320260614,2026061443,8,1,3,014835,窓場千加頼,捲,11.4,,,0,0
084320260614,2026061443,8,2,4,012669,伊藤正樹,マ,11.4,3/4車身,,0,0
084320260614,2026061443,8,3,1,014800,伊東翔貴,,11.4,4車身,,0,0
084320260614,2026061443,8,4,8,015547,米嶋恵介,,11.6,1車身1/2,,0,0
084320260614,2026061443,8,5,2,015692,松崎広太,,12.1,3/4車身,,0,1
084320260614,2026061443,8,6,5,014955,市橋司優人,,11.8,1/4車輪,,0,0
084320260614,2026061443,8,7,7,013855,近藤俊明,,11.5,1/2車身,,0,0
084320260614,2026061443,8,8,9,014004,松永将,,12.1,1/2車輪,,0,0
084320260614,2026061443,8,9,6,015361,高田修汰,,13.2,大差,,0,0
094320260614,2026061443,9,1,7,013387,野田源一,捲,11.4,,,0,0
094320260614,2026061443,9,2,2,015006,石塚輪太郎,差,11.2,3/4車身,,0,0
094320260614,2026061443,9,3,1,015128,嶋田誠也,,11.4,1/2車輪,,1,0
094320260614,2026061443,9,4,5,014506,磯田旭,,11.7,3/4車身,,0,0
094320260614,2026061443,9,5,8,013862,鈴木伸之,,11.3,1/4車輪,,0,0
094320260614,2026061443,9,6,3,015794,福田稔希,,11.8,1/2車輪,,0,1
094320260614,2026061443,9,7,6,013967,岡本大嗣,,11.7,1車身,,0,0
094320260614,2026061443,9,8,4,012813,成清貴之,,11.7,3/4車輪,,0,0
094320260614,2026061443,9,9,9,015629,岸田剛,,11.7,3/4車身,,0,0
104320260614,2026061443,10,1,6,015104,中川勝貴,差,11.3,,,0,0
104320260614,2026061443,10,2,1,015799,森田一郎,捲,11.5,微差,,1,0
104320260614,2026061443,10,3,5,014837,神田紘輔,,11.6,1車身,,0,0
104320260614,2026061443,10,4,3,014682,原田研太朗,,12.1,1/4車輪,,0,1
104320260614,2026061443,10,5,2,015417,櫻井祐太郎,,11.9,3/4車輪,,0,0
104320260614,2026061443,10,6,9,015383,原井博斗,,11.9,1/4車輪,,0,0
104320260614,2026061443,10,7,8,013628,石毛克幸,,11.6,1車輪,,0,0
104320260614,2026061443,10,8,7,014458,近藤保,,11.8,1/4車輪,,0,0
104320260614,2026061443,10,9,4,015389,宮崎大空,,11.8,3車身,,0,0
114320260614,2026061443,11,1,4,013442,濱田浩司,差,11.6,,,0,0
114320260614,2026061443,11,2,5,015815,栗山和樹,差,11.8,1車身,,0,0
114320260614,2026061443,11,3,9,013656,渡部哲男,,11.8,1車身1/2,,0,0
114320260614,2026061443,11,4,7,015517,橋本壮史,,12.3,3/4車身,,0,1
114320260614,2026061443,11,5,2,015268,山田諒,,12.2,1/4車輪,,0,0
114320260614,2026061443,11,6,1,014253,伊藤信,,11.8,3/4車身,,0,0
114320260614,2026061443,11,7,6,013878,松岡健介,,11.8,1/2車輪,,0,0
114320260614,2026061443,11,8,3,014718,小松崎大地,,12.2,1/4車輪,,1,0
114320260614,2026061443,11,9,8,015385,立部楓真,,12.1,1/8車輪,,0,0
124320260614,2026061443,12,1,1,015814,岩井芯,捲,11.6,,,0,1
124320260614,2026061443,12,2,4,014977,川口聖二,マ,11.5,1/8車輪,,1,0
124320260614,2026061443,12,3,5,013982,五日市誠,,11.8,4車身,,0,0
124320260614,2026061443,12,4,2,014500,竹村勇祐,,11.8,1車身,,0,0
124320260614,2026061443,12,5,7,015235,嵯峨昇喜郎,,12.0,1/4車輪,,0,0
124320260614,2026061443,12,6,8,014177,小堺浩二,,11.6,1/2車輪,,0,0
124320260614,2026061443,12,7,6,014576,中田雄喜,,11.8,3車身,,0,0
124320260614,2026061443,12,8,3,015784,高橋舜,,13.3,大差,,0,0
124320260614,2026061443,12,0,9,014018,内藤秀久,,0.0,,落車,0,0
016120260614,2026061461,1,1,3,015777,谷元音羽,捲,13.3,,,0,0
016120260614,2026061461,1,2,5,015774,金田舞夏,マ,13.3,3/4車身,,0,0
016120260614,2026061461,1,3,2,015761,吉村美有紀,,13.3,1車輪,,1,0
016120260614,2026061461,1,4,1,015078,三宅玲奈,,13.3,1/8車輪,,0,0
016120260614,2026061461,1,5,7,015401,清水彩那,,13.5,1/2車身,,0,1
016120260614,2026061461,1,6,4,015951,今西瑠花,,13.2,3/4車輪,,0,0
016120260614,2026061461,1,7,6,014904,渡辺ゆかり,,13.1,1車輪,,0,0
026120260614,2026061461,2,1,6,015678,小林真矢香,差,12.7,,,0,0
026120260614,2026061461,2,2,3,015397,新井美菜,捲,12.8,1/4車輪,,0,1
026120260614,2026061461,2,3,2,015684,安東莉奈,,12.7,1/2車身,,0,0
026120260614,2026061461,2,4,7,015148,中嶋里美,,12.6,1/2車身,,0,0
026120260614,2026061461,2,5,1,015941,川原未紀,,12.9,1/2車身,,1,0
026120260614,2026061461,2,6,5,015957,成海綾香,,12.6,3/4車輪,,0,0
026120260614,2026061461,2,7,4,015133,佐藤友香,,12.7,1車身1/2,,0,0
036120260614,2026061461,3,1,2,015572,田村大,捲,11.6,,,0,0
036120260614,2026061461,3,2,7,014691,東矢昇太,マ,11.5,3/4車身,,0,0
036120260614,2026061461,3,3,8,014307,谷田泰平,,11.8,3/4車身,,0,0
036120260614,2026061461,3,4,1,014017,大塚玲,,11.4,1/2車輪,,0,0
036120260614,2026061461,3,5,6,014527,飯田憲司,,11.3,3/4車身,,0,0
036120260614,2026061461,3,6,3,014313,小谷実,,12.1,1車輪,,1,0
036120260614,2026061461,3,7,4,014228,片折亮太,,11.7,1車身1/2,,0,0
036120260614,2026061461,3,8,5,014604,菱田浩二,,12.4,3/4車輪,,0,1
046120260614,2026061461,4,1,3,014991,中島将尊,差,11.9,,,0,0
046120260614,2026061461,4,2,5,015254,鈴木輝大,差,12.0,1/2車輪,,0,0
046120260614,2026061461,4,3,7,015793,川上隆義,,12.2,1/8車輪,,0,1
046120260614,2026061461,4,4,2,014130,竹山陵太,,11.6,1車身,,0,0
046120260614,2026061461,4,5,4,013653,森安崇之,,11.8,3/4車身,,0,0
046120260614,2026061461,4,6,6,015536,疋田力也,,11.7,1車身1/2,,0,0
046120260614,2026061461,4,7,8,014187,大西祐,,11.9,1車身1/2,,0,0
046120260614,2026061461,4,8,1,014944,栗山俊介,,12.4,1車身1/2,,1,0
056120260614,2026061461,5,1,1,014337,佐々木翔一,差,11.3,,,0,0
056120260614,2026061461,5,2,7,014677,角令央奈,捲,11.4,1/8車輪,,0,0
056120260614,2026061461,5,3,9,014817,佐藤壮,,11.2,1/8車輪,,0,0
056120260614,2026061461,5,4,2,014617,西岡拓朗,,11.5,1車身1/2,,0,0
056120260614,2026061461,5,5,4,014574,佐伯翔,,11.1,1/2車輪,,1,0
056120260614,2026061461,5,6,3,014511,内藤高裕,,12.2,1/2車輪,,0,0
056120260614,2026061461,5,7,5,015289,橋本瑠偉,,12.3,3/4車輪,,0,1
056120260614,2026061461,5,8,8,015552,上野雅彦,,12.1,4車身,,0,0
056120260614,2026061461,5,9,6,014716,猪狩祐樹,,12.7,大差,,0,0
066120260614,2026061461,6,1,2,013886,大屋健司,差,11.8,,,0,0
066120260614,2026061461,6,2,5,015370,城戸俊潔,捲,12.1,1車輪,,0,0
066120260614,2026061461,6,3,1,015663,松本秀之慎,,12.0,1/4車輪,,0,0
066120260614,2026061461,6,4,6,014881,山崎泰己,,12.0,1/2車身,,1,0
066120260614,2026061461,6,5,4,013115,望月永悟,,12.1,1車身1/2,,0,0
066120260614,2026061461,6,6,8,013118,山内卓也,,12.1,1車身,,0,0
066120260614,2026061461,6,7,3,013945,福田知也,,12.4,3/4車身,,0,0
066120260614,2026061461,6,8,7,014465,村上直久,,12.6,1車身,,0,1
066120260614,2026061461,6,0,9,015197,川口雄太,,0.0,,落車,0,0
076120260614,2026061461,7,1,7,015381,岩谷拓磨,捲,11.6,,,0,1
076120260614,2026061461,7,2,1,014879,月森亮輔,マ,11.5,1/2車輪,,1,0
076120260614,2026061461,7,3,4,015236,藤根俊貴,,11.5,3車身,,0,0
076120260614,2026061461,7,4,9,013912,金成和幸,,11.5,1車身,,0,0
076120260614,2026061461,7,5,3,012487,紺野哲也,,11.5,3/4車身,,0,0
076120260614,2026061461,7,6,2,014016,石塚孝幸,,11.7,1/2車輪,,0,0
076120260614,2026061461,7,7,5,015358,三浦貴大,,11.9,1/2車身,,0,0
076120260614,2026061461,7,8,6,015445,内藤久文,,12.0,1車輪,,0,0
076120260614,2026061461,7,9,8,014258,片山智晴,,12.2,5車身,,0,0
086120260614,2026061461,8,1,1,014599,松岡篤哉,差,11.8,,,0,0
086120260614,2026061461,8,2,5,015333,高橋晋也,捲,11.8,1車身,,0,0
086120260614,2026061461,8,3,3,015036,尾形鉄馬,,11.7,1/4車輪,,0,0
086120260614,2026061461,8,4,8,015288,薦田将伍,,11.6,3/4車輪,,0,0
086120260614,2026061461,8,5,2,013436,中村昌弘,,11.5,3/4車身,,0,0
086120260614,2026061461,8,6,7,015620,纐纈洸翔,,12.1,1/8車輪,,0,1
086120260614,2026061461,8,7,4,014264,松尾信太郎,,11.7,3/4車身,,0,0
086120260614,2026061461,8,8,6,014953,和田誠寿,,11.6,1車身,,0,0
086120260614,2026061461,8,9,9,015067,瀬戸晋作,,12.5,6車身,,0,0
096120260614,2026061461,9,1,9,013961,松村友和,差,11.8,,,0,0
096120260614,2026061461,9,2,4,014188,原誠宏,差,12.2,1/2車身,,0,0
096120260614,2026061461,9,3,7,013532,佐々木雄一,,11.9,1/4車輪,,0,0
096120260614,2026061461,9,4,3,014945,中井俊亮,,12.0,1/2車輪,,0,0
096120260614,2026061461,9,5,8,013884,守谷陽介,,12.2,3/4車身,,0,0
096120260614,2026061461,9,6,2,013900,大森慶一,,12.1,1/2車輪,,0,0
096120260614,2026061461,9,7,1,014105,阿竹智史,,12.5,3/4車身,,1,1
096120260614,2026061461,9,8,6,015545,橋本凌汰,,12.5,1車身1/2,,0,0
096120260614,2026061461,9,9,5,015329,板垣昴,,12.9,4車身,,0,0
106120260614,2026061461,10,1,5,014472,坂口晃輔,差,11.5,,,0,0
106120260614,2026061461,10,2,1,014537,西村光太,マ,11.5,1/4車輪,,0,0
106120260614,2026061461,10,3,4,014184,池田良,,11.4,1/2車輪,,0,0
106120260614,2026061461,10,4,8,015106,大石崇晴,,11.8,3/4車身,,0,1
106120260614,2026061461,10,5,3,014190,木村隆弘,,11.4,1/8車輪,,0,0
106120260614,2026061461,10,6,7,013821,中村圭志,,11.2,1/8車輪,,0,0
106120260614,2026061461,10,7,9,015466,久田裕也,,11.6,1車身,,0,0
106120260614,2026061461,10,8,6,015040,隅田洋介,,12.1,3車身,,1,0
106120260614,2026061461,10,9,2,015725,青木瑞樹,,12.2,1/2車輪,,0,0
116120260614,2026061461,11,1,1,015666,畠山ひすい,差,12.4,,,0,0
116120260614,2026061461,11,2,3,015669,河内桜雪,マ,12.4,3/4車身,,0,0
116120260614,2026061461,11,3,7,015492,永禮美瑠,,12.3,3/4車輪,,0,0
116120260614,2026061461,11,4,4,015406,吉岡詩織,,12.5,1/2車輪,,0,0
116120260614,2026061461,11,5,2,015755,神戸暖稀羽,,12.2,3/4車身,,0,0
116120260614,2026061461,11,6,6,015486,岡本二菜,,12.7,1/4車輪,,0,1
116120260614,2026061461,11,7,5,015858,平子結菜,,12.5,1/4車輪,,1,0
126120260614,2026061461,12,1,4,014664,志村龍己,差,11.2,,,0,0
126120260614,2026061461,12,2,3,015604,安彦統賀,捲,11.4,1/4車輪,,0,0
126120260614,2026061461,12,3,1,013765,海老根恵太,,11.3,1/4車輪,,1,0
126120260614,2026061461,12,4,2,013291,三宅達也,,11.2,1/4車輪,,0,0
126120260614,2026061461,12,5,6,015014,西田将士,,11.1,1車身,,0,0
126120260614,2026061461,12,6,5,015891,野中龍之介,,11.4,1車身,,0,0
126120260614,2026061461,12,7,8,015342,福田滉,,11.4,3/4車身,,0,0
126120260614,2026061461,12,8,7,013772,岡村潤,,11.3,1/4車輪,,0,0
126120260614,2026061461,12,9,9,015169,野口裕史,,12.9,大差,,0,1
012120260614,2026061421,1,1,2,015027,長澤彩,差,13.3,,,0,0
012120260614,2026061421,1,2,1,015216,加藤恵,捲,13.6,3/4車身,,0,0
012120260614,2026061421,1,3,5,015943,高崎千賀,,13.7,6車身,,0,0
012120260614,2026061421,1,4,6,014925,大和久保美,,14.2,3/4車身,,0,0
012120260614,2026061421,1,5,4,015496,布居光,,14.4,1車身1/2,,0,1
012120260614,2026061421,1,6,3,015141,黒河内由実,,14.4,3/4車輪,,1,0
022120260614,2026061421,2,1,4,013183,坂木田雄介,捲,11.8,,,0,1
022120260614,2026061421,2,2,6,013587,船曳義之,差,11.7,2車身,,0,0
022120260614,2026061421,2,3,3,013547,土屋宏,,11.8,タイヤ,,0,0
022120260614,2026061421,2,4,1,013859,荒木伸哉,,11.6,3/4車身,,0,0
022120260614,2026061421,2,5,5,015379,下野義城,,12.2,3/4車身,,0,0
022120260614,2026061421,2,6,2,012957,宮澤晃,,12.1,3車身,,0,0
022120260614,2026061421,2,7,7,015044,平川雅晃,,12.4,1車輪,,1,0
032120260614,2026061421,3,1,1,014579,齋藤一茂,逃,12.6,,,0,1
032120260614,2026061421,3,2,7,014012,関智晴,マ,12.5,1/2車身,,0,0
032120260614,2026061421,3,3,2,014336,八尋翔平,,12.4,1車輪,,0,0
032120260614,2026061421,3,4,3,014334,高倉俊宏,,12.5,3/4車輪,,1,0
032120260614,2026061421,3,5,6,012878,安藤宜明,,12.3,1車身1/2,,0,0
032120260614,2026061421,3,6,5,014737,河上陽一,,12.8,3車身,,0,0
032120260614,2026061421,3,7,4,015345,浅見隼,,13.4,3車身,,0,0
042120260614,2026061421,4,1,1,013461,市川健太,差,12.3,,,1,0
042120260614,2026061421,4,2,7,013314,鈴木宏章,マ,12.3,3/4車身,,0,0
042120260614,2026061421,4,3,4,013349,三宅旬,,12.1,微差,,0,0
042120260614,2026061421,4,4,2,015513,菊池翔,,12.0,1/2車身,,0,0
042120260614,2026061421,4,5,5,014366,阿久津浩之,,12.7,1/2車輪,,0,1
042120260614,2026061421,4,6,6,013006,佐々木健司,,12.0,3/4車身,,0,0
042120260614,2026061421,4,7,3,012710,大内達也,,12.0,1車身,,0,0
052120260614,2026061421,5,1,1,015371,田上晃也,逃,12.3,,,0,1
052120260614,2026061421,5,2,3,014333,阿部兼士,マ,12.2,3/4車輪,,1,0
052120260614,2026061421,5,3,7,015088,神山尚,,12.0,1/2車身,,0,0
052120260614,2026061421,5,4,6,014707,飯塚直人,,12.2,1/4車輪,,0,0
052120260614,2026061421,5,5,4,013005,小笠原昭太,,11.9,1車身,,0,0
052120260614,2026061421,5,6,2,013615,山口貴弘,,12.1,3/4車身,,0,0
052120260614,2026061421,5,7,5,015234,八嶋稔真,,13.4,大差,,0,0
062120260614,2026061421,6,1,3,014850,岡田啓渡,差,12.0,,,0,0
062120260614,2026061421,6,2,7,015920,吉野太晟,逃,12.2,1/2車輪,,0,1
062120260614,2026061421,6,3,2,013473,大塚英伸,,11.8,3/4車身,,0,0
062120260614,2026061421,6,4,1,015258,栗本尚宗,,12.0,3/4車身,,0,0
062120260614,2026061421,6,5,5,014056,橋本紀彰,,11.9,3/4車身,,0,0
062120260614,2026061421,6,6,4,013667,田中洋輔,,11.8,1車身1/2,,0,0
062120260614,2026061421,6,7,6,015847,寺師幸成,,14.7,大差,,0,0
072120260614,2026061421,7,1,6,015742,堀越翔己,捲,11.7,,,0,0
072120260614,2026061421,7,2,3,013980,森田康嗣,差,11.9,1車身1/2,,1,0
072120260614,2026061421,7,3,4,014003,須賀和彦,,11.9,1/2車輪,,0,0
072120260614,2026061421,7,4,1,015787,中村龍吉,,12.2,3/4車輪,,0,1
072120260614,2026061421,7,5,2,014690,好永晃,,11.8,1車身1/2,,0,0
072120260614,2026061421,7,6,7,011800,三住博昭,,11.7,タイヤ,,0,0
072120260614,2026061421,7,7,5,015099,吉竹尚城,,12.3,6車身,,0,0
082120260614,2026061421,8,1,2,015410,村田奈穂,捲,12.2,,,0,0
082120260614,2026061421,8,2,1,015485,青木美保,差,12.4,3車身,,0,0
082120260614,2026061421,8,3,5,015674,野寺楓,,12.5,3/4車輪,,1,0
082120260614,2026061421,8,4,4,015854,伊澤茉那,,12.6,1/4車輪,,0,1
082120260614,2026061421,8,5,7,015573,蛯原杏奈,,12.4,1/2車身,,0,0
082120260614,2026061421,8,6,6,015938,牧田咲子,,12.1,3/4車輪,,0,0
082120260614,2026061421,8,7,3,015679,又多風緑,,12.4,微差,,0,0
092120260614,2026061421,9,1,4,015285,久樹克門,捲,12.1,,,0,0
092120260614,2026061421,9,2,6,014233,西村行貴,マ,12.0,1車身,,0,0
092120260614,2026061421,9,3,3,014712,泉慶輔,,12.5,1/4車輪,,1,0
092120260614,2026061421,9,4,2,014371,岡光良,,12.3,1/2車身,,0,0
092120260614,2026061421,9,5,1,014717,泉文人,,12.7,1車身,,0,1
092120260614,2026061421,9,6,5,015191,奥村諭志,,12.6,1車身1/2,,0,0
092120260614,2026061421,9,7,7,015727,中原航大,,13.2,7車身,,0,0
018420260614,2026061484,1,1,1,014780,古川大輔,差,11.9,,,1,0
018420260614,2026061484,1,2,4,015915,柏野健吾,逃,12.1,1車輪,,0,1
018420260614,2026061484,1,3,5,011364,遠澤健二,,12.0,1車身1/2,,0,0
018420260614,2026061484,1,4,2,012319,高尾剛文,,11.9,3/4車輪,,0,0
018420260614,2026061484,1,5,3,012402,時松正,,11.9,1車身1/2,,0,0
018420260614,2026061484,1,6,6,013375,五反田豊和,,12.7,6車身,,0,0
028420260614,2026061484,2,1,1,011328,川添輝彦,差,12.2,,,0,0
028420260614,2026061484,2,2,5,011847,赤松誠一,差,12.5,1/2車輪,,0,0
028420260614,2026061484,2,3,6,015300,ラモスレオ,,12.4,1/2車輪,,0,0
028420260614,2026061484,2,4,2,013541,高森圭介,,12.2,3/4車身,,1,0
028420260614,2026061484,2,5,4,014183,隅田幸助,,12.7,1車輪,,0,1
028420260614,2026061484,2,6,3,014987,門馬琢麿,,12.9,7車身,,0,0
028420260614,2026061484,2,7,7,014639,屋宜浩二,,0.0,大差,,0,0
038420260614,2026061484,3,1,4,012656,柴田健,差,12.4,,,0,0
038420260614,2026061484,3,2,2,015164,菱沼元樹,逃,12.5,1/2車身,,0,1
038420260614,2026061484,3,3,1,013822,米原大輔,,11.7,1/4車輪,,1,0
038420260614,2026061484,3,4,6,012847,古閑良介,,12.2,1/8車輪,,0,0
038420260614,2026061484,3,5,3,015209,中野真吾,,12.0,1/4車輪,,0,0
038420260614,2026061484,3,6,5,013216,古城英之,,12.2,1/2車身,,0,0
038420260614,2026061484,3,7,7,012626,原司,,12.0,1/2車身,,0,0
048420260614,2026061484,4,1,4,014808,村上貴彦,捲,11.6,,,0,0
048420260614,2026061484,4,2,1,014340,古川貴之,差,11.9,3車身,,1,0
048420260614,2026061484,4,3,3,012920,山崎岳志,,11.9,3/4車身,,0,0
048420260614,2026061484,4,4,7,014120,永田修一,,11.9,2車身,,0,0
048420260614,2026061484,4,5,2,014464,中西司,,11.8,1/2車輪,,0,0
048420260614,2026061484,4,6,5,015563,久保光司,,12.5,2車身,,0,1
048420260614,2026061484,4,7,6,015241,山田祐太,,13.5,大差,,0,0
058420260614,2026061484,5,1,1,014269,梶原恵介,差,12.0,,,0,0
058420260614,2026061484,5,2,2,013660,徳吉広紀,マ,11.9,1/4車輪,,0,0
058420260614,2026061484,5,3,5,015482,松本一志,,12.1,3/4車輪,,0,1
058420260614,2026061484,5,4,4,014297,田中勝仁,,11.5,1/2車輪,,0,0
058420260614,2026061484,5,5,3,015181,栗田万生,,11.6,1車輪,,0,0
058420260614,2026061484,5,6,6,014782,山口幸太郎,,11.8,1/4車輪,,1,0
058420260614,2026061484,5,7,7,014069,渡邊政幸,,11.6,3車身,,0,0
068420260614,2026061484,6,1,1,015127,野村典嗣,差,12.1,,,1,0
068420260614,2026061484,6,2,4,014556,小川祐司,逃,12.2,1/2車輪,,0,1
068420260614,2026061484,6,3,2,014332,芳野匠,,12.0,3/4車輪,,0,0
068420260614,2026061484,6,4,7,012992,吉良勝信,,11.9,3/4車輪,,0,0
068420260614,2026061484,6,5,6,014277,山口慎吾,,12.1,2車身,,0,0
068420260614,2026061484,6,6,5,014993,副島和人,,12.2,1/2車輪,,0,0
068420260614,2026061484,6,7,3,013826,田原大広,,15.1,大差,,0,0
078420260614,2026061484,7,1,2,015483,谷元奎心,捲,11.4,,,0,0
078420260614,2026061484,7,2,4,013888,細川貴史,マ,11.4,1車身,,0,0
078420260614,2026061484,7,3,3,012326,國武耕二,,12.0,1車身,,0,0
078420260614,2026061484,7,4,6,012794,宇賀神浩幸,,11.4,1/4車輪,,0,0
078420260614,2026061484,7,5,1,015559,神開一輝,,12.2,1/2車輪,,1,1
078420260614,2026061484,7,6,5,013506,田村浩章,,11.9,3/4車輪,,0,0
078420260614,2026061484,7,7,7,014272,松田直也,,12.0,1/2車身,,0,0
088420260614,2026061484,8,1,1,014992,楠野史尭,差,12.2,,,0,0
088420260614,2026061484,8,2,2,015874,角田吏,逃,12.4,1/2車身,,1,1
088420260614,2026061484,8,3,7,014583,吉田昌弘,,12.1,1/2車輪,,0,0
088420260614,2026061484,8,4,6,013802,大林亮介,,12.0,3/4車輪,,0,0
088420260614,2026061484,8,5,5,014563,興呂木雄治,,12.0,1車身1/2,,0,0
088420260614,2026061484,8,6,4,014513,樋口絢土,,12.1,2車身,,0,0
088420260614,2026061484,8,7,3,015047,加藤健一,,13.9,大差,,0,0
098420260614,2026061484,9,1,1,015555,林昌幸,捲,11.2,,,0,0
098420260614,2026061484,9,2,5,014658,馬場和広,捲,11.2,1/2車身,,0,0
098420260614,2026061484,9,3,4,015651,中川聖大,,11.2,1車身,,0,0
098420260614,2026061484,9,4,6,014163,内田英介,,11.1,3/4車身,,1,0
098420260614,2026061484,9,5,3,015919,藤田楓,,11.4,1車身1/2,,0,0
098420260614,2026061484,9,6,7,015372,野上竜太,,11.2,1/4車輪,,0,0
098420260614,2026061484,9,7,2,015601,五十嵐綾,,12.1,7車身,,0,1
012320260614,2026061423,1,1,4,014818,田口裕一,差,11.9,,,0,0
012320260614,2026061423,1,2,1,015805,山下祐輔,逃,12.0,1車輪,,1,1
012320260614,2026061423,1,3,7,013584,坂田学,,12.1,大差,,0,0
012320260614,2026061423,1,4,2,014749,山田哲也,,12.0,3/4車身,,0,0
012320260614,2026061423,1,5,5,015360,勝谷勝治,,12.4,1/4車輪,,0,0
012320260614,2026061423,1,0,3,015115,堀僚介,,0.0,,失格,0,0
012320260614,2026061423,1,0,6,015621,長谷川裕一,,0.0,,落車,0,0
022320260614,2026061423,2,1,2,015353,松坂侑亮,逃,12.0,,,1,1
022320260614,2026061423,2,2,5,013570,加藤寛治,差,11.9,1車輪,,0,0
022320260614,2026061423,2,3,6,015506,佐藤啓斗,,11.8,3/4車身,,0,0
022320260614,2026061423,2,4,3,013989,大泉英則,,11.8,1車身1/2,,0,0
022320260614,2026061423,2,5,7,011341,黒崎直行,,12.1,1/8車輪,,0,0
022320260614,2026061423,2,6,4,015155,三浦大輝,,11.9,微差,,0,0
022320260614,2026061423,2,7,1,015275,伊藤歩登,,12.2,1/4車輪,,0,0
032320260614,2026061423,3,1,1,013915,坂口卓士,差,12.5,,,0,0
032320260614,2026061423,3,2,4,013233,小松剛之,マ,12.3,1/4車輪,,1,0
032320260614,2026061423,3,3,5,013106,赤井学,,12.3,1車身,,0,0
032320260614,2026061423,3,4,3,014597,上田隼,,12.2,3/4車身,,0,0
032320260614,2026061423,3,5,7,013482,松崎貴久,,12.0,微差,,0,0
032320260614,2026061423,3,6,2,013423,増田利明,,12.1,2車身,,0,0
032320260614,2026061423,3,7,6,015087,本馬鎌,,12.9,1車輪,,0,1
042320260614,2026061423,4,1,3,015524,栗本武典,逃,11.6,,,0,1
042320260614,2026061423,4,2,5,014821,原岡泰志郎,マ,11.5,3/4車輪,,1,0
042320260614,2026061423,4,3,1,014364,野間司,,11.5,1車身,,0,0
042320260614,2026061423,4,4,6,014369,中川拓也,,11.1,2車身,,0,0
042320260614,2026061423,4,5,4,012529,木本賢二,,11.3,1/2車身,,0,0
042320260614,2026061423,4,6,7,011619,疋田敏,,11.5,3車身,,0,0
042320260614,2026061423,4,7,2,013951,永井清史,,12.4,4車身,,0,0
052320260614,2026061423,5,1,1,014858,小原唯志,差,11.5,,,0,0
052320260614,2026061423,5,2,5,014077,古屋琢晶,捲,11.7,1車身1/2,,0,0
052320260614,2026061423,5,3,3,013799,真田晃,,11.7,3/4車身,,1,0
052320260614,2026061423,5,4,2,013632,川口直人,,11.6,1車輪,,0,0
052320260614,2026061423,5,5,7,013710,榎本光男,,11.5,3/4車輪,,0,0
052320260614,2026061423,5,6,6,013616,渡邉高志,,11.8,1車身,,0,0
052320260614,2026061423,5,7,4,015187,鮫島康治,,12.7,7車身,,0,1
062320260614,2026061423,6,1,4,014139,小田倉勇二,捲,11.7,,,0,0
062320260614,2026061423,6,2,3,015817,梅澤忠秀,捲,11.5,1/2車輪,,1,0
062320260614,2026061423,6,3,1,015685,小笠原一真,,11.7,1車身,,0,0
062320260614,2026061423,6,3,7,014248,吉川起也,,11.4,1車身,,0,0
062320260614,2026061423,6,5,5,013382,成田直喜,,11.6,3車身,,0,0
062320260614,2026061423,6,6,6,012649,山本恵太郎,,12.1,2車身,,0,0
062320260614,2026061423,6,7,2,014988,伊早坂駿一,,13.2,9車身,,0,1
072320260614,2026061423,7,1,5,013622,白岩大助,差,11.5,,,1,0
072320260614,2026061423,7,2,1,015625,真鍋顕汰,捲,11.5,1車輪,,0,0
072320260614,2026061423,7,3,3,014144,石川雅望,,11.4,1/4車輪,,0,0
072320260614,2026061423,7,4,6,013690,伊藤大理,,11.4,1車身,,0,0
072320260614,2026061423,7,5,4,013417,梅原大治,,11.4,1車身1/2,,0,0
072320260614,2026061423,7,6,2,015796,川田真也,,12.0,2車身,,0,1
072320260614,2026061423,7,7,7,013416,飯尾主税,,11.9,3/4車輪,,0,0
013720260614,2026061437,1,1,7,015843,松本昂大,捲,10.3,,,0,0
013720260614,2026061437,1,2,3,014049,廣田樹里,マ,10.2,3/4車身,,0,0
013720260614,2026061437,1,3,2,014999,水谷将司,,10.0,1車身1/2,,0,0
013720260614,2026061437,1,4,5,015800,川越宏臣,,10.7,3/4車身,,0,1
013720260614,2026061437,1,5,1,013775,鈴木良太,,10.7,1/2車身,,1,0
013720260614,2026061437,1,6,4,013857,浅沼聖士,,10.5,1/8車輪,,0,0
013720260614,2026061437,1,7,6,014753,山田純也,,11.2,大差,,0,0
023720260614,2026061437,2,1,5,014155,佐藤政利,差,10.2,,,0,0
023720260614,2026061437,2,2,3,015339,土田武志,捲,10.3,1/2車輪,,1,1
023720260614,2026061437,2,3,7,013214,水本博行,,10.2,3/4車身,,0,0
023720260614,2026061437,2,4,6,014040,竹内真一,,10.4,5車身,,0,0
023720260614,2026061437,2,5,1,013142,黒田大介,,10.7,2車身,,0,0
023720260614,2026061437,2,6,4,013468,勝俣亮,,11.1,5車身,,0,0
023720260614,2026061437,2,7,2,015714,望月嘉人,,11.8,5車身,,0,0
033720260614,2026061437,3,1,1,014481,徳丸泰教,差,10.0,,,0,0
033720260614,2026061437,3,2,4,015734,岡崎陸登,逃,9.9,1/2車身,,0,0
033720260614,2026061437,3,3,3,013354,國村洋,,9.8,1/8車輪,,0,0
033720260614,2026061437,3,4,2,014372,内田玄希,,9.7,3/4車身,,1,0
033720260614,2026061437,3,5,7,015635,藤岡徹也,,10.4,3/4車身,,0,1
033720260614,2026061437,3,6,6,015600,照井力斗,,9.6,1/8車輪,,0,0
033720260614,2026061437,3,7,5,013957,堂村知哉,,9.9,3/4車身,,0,0
043720260614,2026061437,4,1,7,015557,梶原大地,捲,9.9,,,0,0
043720260614,2026061437,4,2,1,014512,長井妙樹,差,10.3,3車身,,0,0
043720260614,2026061437,4,3,2,015548,白井優太朗,,10.2,1/2車身,,0,0
043720260614,2026061437,4,4,3,013971,内山拓,,10.0,3/4車身,,1,0
043720260614,2026061437,4,5,5,014460,矢口大樹,,10.6,3/4車輪,,0,1
043720260614,2026061437,4,6,4,012379,小林健,,10.1,タイヤ,,0,0
043720260614,2026061437,4,7,6,015110,小出慎也,,9.9,1/2車身,,0,0
053720260614,2026061437,5,1,2,015543,福元啓太,捲,9.6,,,0,0
053720260614,2026061437,5,2,5,015726,龍野琳太郎,逃,10.1,6車身,,0,1
053720260614,2026061437,5,3,1,014428,鹿内翔,,10.1,1車身,,1,0
053720260614,2026061437,5,4,4,015665,福田要,,10.2,2車身,,0,0
053720260614,2026061437,5,5,6,015414,大森光明,,10.6,3車身,,0,0
053720260614,2026061437,5,6,7,012678,舛井幹雄,,11.4,8車身,,0,0
053720260614,2026061437,5,0,3,014330,坂田章,,0.0,,落車,0,0
063720260614,2026061437,6,1,5,015120,竹内翼,逃,9.9,,,0,1
063720260614,2026061437,6,2,2,013295,佐々木則幸,マ,9.9,3/4車身,,0,0
063720260614,2026061437,6,3,1,015619,日高裕太,,9.7,3/4車身,,1,0
063720260614,2026061437,6,4,4,015415,坂本紘規,,9.4,1車身,,0,0
063720260614,2026061437,6,5,3,015363,田中大我,,9.7,1車身,,0,0
063720260614,2026061437,6,6,6,012785,小橋明紀,,9.5,1/2車身,,0,0
063720260614,2026061437,6,7,7,015816,伊東佑晟,,9.6,1車身1/2,,0,0
073720260614,2026061437,7,1,2,015244,植原琢也,差,10.2,,,0,0
073720260614,2026061437,7,2,7,015336,小畑勝広,逃,10.3,1/2車輪,,0,1
073720260614,2026061437,7,3,1,015010,吉川嘉斗,,10.2,1車身,,0,0
073720260614,2026061437,7,4,6,013593,大野悟郎,,10.2,1車身,,0,0
073720260614,2026061437,7,5,3,014796,保科千春,,10.4,2車身,,0,0
073720260614,2026061437,7,6,4,015744,橋本宇宙,,10.9,2車身,,0,0
073720260614,2026061437,7,7,5,015510,田口勇介,,10.8,1/2車身,,0,0
083720260614,2026061437,8,1,5,015092,小林令,差,9.9,,,0,0
083720260614,2026061437,8,2,2,014053,鈴木謙太郎,逃,10.0,3/4車輪,,0,1
083720260614,2026061437,8,3,1,015386,阪本和也,,9.9,1/2車身,,1,0
083720260614,2026061437,8,4,7,013901,山田敦也,,9.7,1/2車輪,,0,0
083720260614,2026061437,8,5,3,014249,鷲田幸司,,10.0,3/4車身,,0,0
083720260614,2026061437,8,6,6,012705,那須久幸,,9.7,1/2車身,,0,0
083720260614,2026061437,8,7,4,011477,川口満宏,,9.9,1/2車輪,,0,0
093720260614,2026061437,9,1,1,013252,中村浩士,差,9.7,,,1,0
093720260614,2026061437,9,2,5,014378,加賀山淳,逃,9.8,1/8車輪,,0,1
093720260614,2026061437,9,3,4,013420,土屋裕二,,9.7,3/4車身,,0,0
093720260614,2026061437,9,4,3,013330,舘泰守,,9.7,1車身1/2,,0,0
093720260614,2026061437,9,5,7,013045,岩本和也,,9.5,3/4車身,,0,0
093720260614,2026061437,9,6,2,014451,武藤篤弘,,9.6,1/2車輪,,0,0
093720260614,2026061437,9,7,6,014515,城幸弘,,9.8,1/8車輪,,0,0
103720260614,2026061437,10,1,1,015778,小堀敢太,捲,9.6,,,1,0
103720260614,2026061437,10,2,3,014606,稲毛健太,捲,9.6,3/4車身,,0,0
103720260614,2026061437,10,3,4,014499,佐藤博紀,,9.7,1車身,,0,0
103720260614,2026061437,10,4,7,014174,柴崎淳,,9.8,1車身1/2,,0,0
103720260614,2026061437,10,5,6,015117,野崎将史,,10.0,2車身,,0,0
103720260614,2026061437,10,6,2,014846,久米康平,,10.2,3/4車輪,,0,0
103720260614,2026061437,10,7,5,015468,和泉尚吾,,11.9,大差,,0,1
113720260614,2026061437,11,1,6,015613,滝本幸正,捲,9.7,,,0,1
113720260614,2026061437,11,2,5,015274,福永大智,差,9.5,2車身,,1,0
113720260614,2026061437,11,3,1,014246,森川大輔,,9.5,3/4車身,,0,0
113720260614,2026061437,11,4,7,014523,東龍之介,,9.8,1/2車身,,0,0
113720260614,2026061437,11,5,4,014883,才迫開,,9.6,2車身,,0,0
113720260614,2026061437,11,6,3,014930,杉森輝大,,10.0,3/4車身,,0,0
113720260614,2026061437,11,7,2,015168,染谷幸喜,,10.3,2車身,,0,0
123720260614,2026061437,12,1,7,015043,大矢崇弘,差,9.9,,,0,0
123720260614,2026061437,12,2,1,015896,丸山留依,捲,10.1,1/4車輪,,1,1
123720260614,2026061437,12,3,5,013808,坂本健太郎,,9.6,3/4車身,,0,0
123720260614,2026061437,12,4,4,012887,新田康仁,,10.0,1/8車輪,,0,0
123720260614,2026061437,12,5,6,013642,西岡正一,,9.6,2車身,,0,0
123720260614,2026061437,12,6,3,014211,佐藤幸治,,10.4,1/2車身,,0,0
123720260614,2026061437,12,7,2,014757,藤井昭吾,,10.0,1車身,,0,0
015320260614,2026061453,1,1,1,015295,篠田樹,逃,11.1,,,1,1
015320260614,2026061453,1,2,4,012694,志村達也,マ,11.1,1/2車身,,0,0
015320260614,2026061453,1,3,3,013588,齋藤仁,,11.0,1/2車身,,0,0
015320260614,2026061453,1,4,5,014533,加藤正法,,11.1,1/8車輪,,0,0
015320260614,2026061453,1,5,2,011382,清水広幸,,0.0,大差,,0,0
025320260614,2026061453,2,1,1,012383,田村光昭,差,10.2,,,1,0
025320260614,2026061453,2,2,4,015924,利川寛太,逃,10.4,1/2車輪,,0,1
025320260614,2026061453,2,3,5,011741,澤亀浩司,,10.1,1車輪,,0,0
025320260614,2026061453,2,4,2,012677,花村直人,,10.2,1車身1/2,,0,0
025320260614,2026061453,2,5,3,014274,吉成晃一,,10.6,4車身,,0,0
035320260614,2026061453,3,1,4,015904,辻田祥大,逃,10.0,,,0,1
035320260614,2026061453,3,2,2,012976,中井修,差,10.2,9車身,,0,0
035320260614,2026061453,3,3,3,015190,大中拓磨,,10.4,1/2車輪,,0,0
035320260614,2026061453,3,4,5,013728,伊狩知人,,10.2,1/8車輪,,1,0
035320260614,2026061453,3,5,6,013128,梶原秀庸,,10.1,3/4車輪,,0,0
035320260614,2026061453,3,6,7,014596,中村賢二,,10.2,2車身,,0,0
035320260614,2026061453,3,7,1,013784,太田雅之,,11.7,大差,,0,0
045320260614,2026061453,4,1,5,015931,山口留稀哉,逃,10.1,,,1,1
045320260614,2026061453,4,2,2,014034,鳥丸晃順,差,10.0,3/4車身,,0,0
045320260614,2026061453,4,3,6,012406,濱田昭一郎,,10.1,微差,,0,0
045320260614,2026061453,4,4,3,013581,薮謙治,,9.9,3/4車輪,,0,0
045320260614,2026061453,4,5,4,013049,南大輔,,9.8,1/2車身,,0,0
045320260614,2026061453,4,6,7,015910,土生智徳,,10.1,1/2車身,,0,0
045320260614,2026061453,4,7,1,014254,武田和也,,9.8,1/2車身,,0,0
055320260614,2026061453,5,1,2,015498,國村美留莉,差,10.6,,,0,0
055320260614,2026061453,5,2,4,015770,東美月,捲,10.4,1/4車輪,,0,0
055320260614,2026061453,5,3,5,015776,高本美穂,,10.8,1車輪,,1,1
055320260614,2026061453,5,4,1,015147,佐々木恵理,,10.3,1/4車輪,,0,0
055320260614,2026061453,5,5,3,015775,羽田野愛花,,10.3,1車身1/2,,0,0
055320260614,2026061453,5,6,6,015767,木下宙,,10.9,3車身,,0,0
065320260614,2026061453,6,1,6,015220,鈴木美教,逃,10.5,,,0,1
065320260614,2026061453,6,2,1,015153,林真奈美,マ,10.5,3/4車身,,1,0
065320260614,2026061453,6,3,3,015074,島田優里,,10.3,1/2車身,,0,0
065320260614,2026061453,6,4,2,015849,佐藤乃愛,,10.4,1/2車身,,0,0
065320260614,2026061453,6,5,4,015576,菅原ななこ,,10.4,1車身1/2,,0,0
065320260614,2026061453,6,6,5,015071,佐藤亜貴子,,10.3,2車身,,0,0
075320260614,2026061453,7,1,2,014487,才迫勇馬,逃,10.5,,,1,1
075320260614,2026061453,7,2,3,013201,北川紋部,差,10.3,3/4車身,,0,0
075320260614,2026061453,7,3,6,013345,中村美千隆,,10.4,3/4車輪,,0,0
075320260614,2026061453,7,4,4,013155,四元慎也,,10.1,3/4車輪,,0,0
075320260614,2026061453,7,5,1,014634,寺崎祐樹,,10.7,5車身,,0,0
075320260614,2026061453,7,6,7,013659,高比良豪,,11.1,2車身,,0,0
075320260614,2026061453,7,7,5,012763,内村泰三,,11.6,5車身,,0,0
085320260614,2026061453,8,1,7,015845,稲留敦貴,逃,10.3,,,0,1
085320260614,2026061453,8,2,3,014320,在本直樹,捲,10.1,1/2車身,,0,0
085320260614,2026061453,8,3,2,013896,安東英博,,10.3,1/2車身,,0,0
085320260614,2026061453,8,4,4,013895,松尾大樹,,10.2,1/4車輪,,1,0
085320260614,2026061453,8,5,5,015053,廣田敦士,,9.8,1/2車身,,0,0
085320260614,2026061453,8,6,6,012844,米澤大輔,,10.1,1/2車身,,0,0
085320260614,2026061453,8,7,1,013271,鮒田博文,,9.8,3/4車身,,0,0
095320260614,2026061453,9,1,1,015902,安達光伸,捲,10.1,,,0,1
095320260614,2026061453,9,2,3,014403,櫻井太士,マ,10.0,1/2車輪,,0,0
095320260614,2026061453,9,3,2,015189,山本隼人,,10.0,1/2車身,,1,0
095320260614,2026061453,9,4,6,013792,辰己豊,,9.9,3/4車身,,0,0
095320260614,2026061453,9,5,4,015456,安藤直希,,10.3,3/4車身,,0,0
095320260614,2026061453,9,6,5,014414,是永幸寛,,9.9,1車輪,,0,0
095320260614,2026061453,9,7,7,013722,宝満大作,,10.9,8車身,,0,0
105320260614,2026061453,10,1,4,015059,畝木努,捲,10.2,,,0,1
105320260614,2026061453,10,2,1,014775,小原周祐,マ,10.0,1/4車輪,,1,0
105320260614,2026061453,10,3,6,015214,境啓亨,,10.2,3車身,,0,0
105320260614,2026061453,10,4,2,015294,小原亮哉,,10.1,1/2車身,,0,0
105320260614,2026061453,10,5,3,011907,島野浩司,,10.4,1車身1/2,,0,0
105320260614,2026061453,10,6,7,013206,岡崎和久,,10.3,1/4車輪,,0,0
105320260614,2026061453,10,7,5,014473,重倉高史,,11.4,8車身,,0,0
115320260614,2026061453,11,1,4,015003,小笹隼人,差,9.9,,,0,0
115320260614,2026061453,11,2,7,015634,末廣快理,逃,10.0,1/2車輪,,0,1
115320260614,2026061453,11,3,5,013357,近藤誠二,,9.5,3/4車輪,,0,0
115320260614,2026061453,11,4,1,014479,金子浩貴,,9.8,1/8車輪,,1,0
115320260614,2026061453,11,5,3,014390,愛敬博之,,9.8,3/4車身,,0,0
115320260614,2026061453,11,6,2,014495,下沖功児,,9.8,1/2車身,,0,0
115320260614,2026061453,11,7,6,014598,岡崎祥伍,,9.7,1/4車輪,,0,0
011120260614,2026061411,1,1,7,013210,川本恵二,差,12.2,,,0,0
011120260614,2026061411,1,2,4,013266,伊藤嘉浩,マ,12.1,1/4車輪,,1,0
011120260614,2026061411,1,3,1,014948,斎藤敦,,12.4,1車輪,,0,1
011120260614,2026061411,1,4,5,014802,渡邉正人,,12.0,2車身,,0,0
011120260614,2026061411,1,0,2,013830,田崎良太郎,,0.0,,落車,0,0
011120260614,2026061411,1,0,3,013030,梶山大輔,,0.0,,失格,0,0
011120260614,2026061411,1,0,6,013605,白木正彦,,0.0,,欠車,0,0
021120260614,2026061411,2,1,1,015054,谷本奨輝,差,11.8,,,1,0
021120260614,2026061411,2,2,7,015887,星野京旺,逃,12.0,1車身1/2,,0,1
021120260614,2026061411,2,3,4,012603,大川栄二,,11.9,1車身1/2,,0,0
021120260614,2026061411,2,4,3,013255,安坂洋一,,11.9,1車身1/2,,0,0
021120260614,2026061411,2,5,5,013927,高橋由記,,12.3,1車身1/2,,0,0
021120260614,2026061411,2,6,2,014154,長岡豪,,12.1,微差,,0,0
021120260614,2026061411,2,7,6,012970,山内大作,,12.4,1車輪,,0,0
031120260614,2026061411,3,1,5,012193,井手尚治,差,12.7,,,0,0
031120260614,2026061411,3,2,3,015890,中秀平,逃,12.9,1車輪,,1,1
031120260614,2026061411,3,3,4,014986,三浦綾,,12.5,1/4車輪,,0,0
031120260614,2026061411,3,4,7,012092,高木隆弘,,12.7,3/4車輪,,0,0
031120260614,2026061411,3,5,1,013399,塚本勝士,,12.7,3/4車身,,0,0
031120260614,2026061411,3,6,2,013235,榊枝輝文,,12.5,3/4車身,,0,0
031120260614,2026061411,3,7,6,011766,齋藤明,,12.7,3車身,,0,0
041120260614,2026061411,4,1,4,014276,坂本敏也,差,12.2,,,0,0
041120260614,2026061411,4,2,5,015871,三浦生誠,逃,12.4,1/8車輪,,0,1
041120260614,2026061411,4,3,1,014432,相澤恵一,,12.2,3/4車身,,1,0
041120260614,2026061411,4,4,2,014662,櫻井宏樹,,12.2,3/4車身,,0,0
041120260614,2026061411,4,5,6,013261,柴田昌樹,,12.2,1車輪,,0,0
041120260614,2026061411,4,6,3,015112,日浦崇道,,12.2,2車身,,0,0
041120260614,2026061411,4,7,7,014287,齋藤昌太,,13.2,大差,,0,0
051120260614,2026061411,5,1,2,015878,椎名俊介,逃,11.8,,,0,1
051120260614,2026061411,5,2,7,014424,大澤哉太,マ,11.8,1車身,,0,0
051120260614,2026061411,5,3,4,011454,杉浦康一,,11.7,3/4車身,,0,0
051120260614,2026061411,5,4,5,013324,市川博章,,11.7,3/4車身,,1,0
051120260614,2026061411,5,5,1,014381,吉澤賢,,11.8,1車身1/2,,0,0
051120260614,2026061411,5,6,6,011821,中川博文,,11.7,1車身1/2,,0,0
051120260614,2026061411,5,7,3,014610,山村慮太,,12.2,3車身,,0,0
061120260614,2026061411,6,1,1,014444,星野辰也,差,11.8,,,1,0
061120260614,2026061411,6,2,5,015797,中島淳,逃,11.9,1/2車身,,0,1
061120260614,2026061411,6,3,3,014862,坂本将太郎,,11.8,3/4車輪,,0,0
061120260614,2026061411,6,4,6,014171,深見仁哉,,11.7,2車身,,0,0
061120260614,2026061411,6,5,2,014205,日当泰之,,11.6,1/2車身,,0,0
061120260614,2026061411,6,6,4,014651,須永勝太,,11.4,1/8車輪,,0,0
061120260614,2026061411,6,7,7,012937,十文字菊雄,,11.4,3/4車身,,0,0
071120260614,2026061411,7,1,1,014161,藤田大輔,差,11.8,,,1,0
071120260614,2026061411,7,2,7,015107,田頭寛之,逃,12.0,1車輪,,0,1
071120260614,2026061411,7,3,5,015257,舟山佑京,,11.7,1車輪,,0,0
071120260614,2026061411,7,4,2,013546,田村真広,,11.6,1/2車輪,,0,0
071120260614,2026061411,7,5,4,013117,鳥越靖弘,,11.3,3/4車輪,,0,0
071120260614,2026061411,7,6,3,014305,大谷靖茂,,11.6,2車身,,0,0
071120260614,2026061411,7,7,6,013175,峠祐介,,12.6,大差,,0,0
081120260614,2026061411,8,1,1,014869,泉谷元樹,逃,12.1,,,0,1
081120260614,2026061411,8,2,5,013209,奥谷広巳,マ,12.0,微差,,0,0
081120260614,2026061411,8,3,3,014362,岩崎大和,,11.9,3/4車輪,,0,0
081120260614,2026061411,8,4,4,012431,會田正一,,11.8,1/2車身,,0,0
081120260614,2026061411,8,5,2,015048,志佐明,,12.0,1/2車身,,0,0
081120260614,2026061411,8,6,7,013188,山田幸司,,12.0,3/4車輪,,0,0
081120260614,2026061411,8,7,6,014227,緒方剛,,11.9,2車身,,1,0
091120260614,2026061411,9,1,5,014031,筒井裕哉,差,11.7,,,0,0
091120260614,2026061411,9,2,1,015913,一守大葵,逃,11.9,1/2車輪,,1,1
091120260614,2026061411,9,3,7,014476,乾庄平,,11.8,3/4車身,,0,0
091120260614,2026061411,9,4,3,014126,高谷敏史,,11.6,1/2車身,,0,0
091120260614,2026061411,9,5,2,014387,佐野恭太,,11.6,1車身,,0,0
091120260614,2026061411,9,6,6,014738,櫻川雅彦,,11.7,3車身,,0,0
091120260614,2026061411,9,7,4,014125,坂本昌宏,,11.8,1車身1/2,,0,0
101120260614,2026061411,10,1,1,014980,田原宥明,差,11.7,,,1,0
101120260614,2026061411,10,2,7,013976,明田春喜,マ,11.6,3/4車輪,,0,0
101120260614,2026061411,10,3,4,015893,岩辺陸,,11.9,1/2車輪,,0,1
101120260614,2026061411,10,4,2,015427,戸邉捺希,,11.6,1車身,,0,0
101120260614,2026061411,10,5,5,015348,寺沼伊織,,11.5,3/4車身,,0,0
101120260614,2026061411,10,6,6,014392,北村篤,,11.4,2車身,,0,0
101120260614,2026061411,10,7,3,015177,森川康輔,,11.8,3車身,,0,0
111120260614,2026061411,11,1,4,015250,今井聡,差,11.8,,,1,0
111120260614,2026061411,11,2,1,015161,吉田昌司,逃,12.0,3/4車輪,,0,1
111120260614,2026061411,11,3,3,014981,磯島康祐,,11.6,3/4車輪,,0,0
111120260614,2026061411,11,4,7,015240,前川大輔,,11.6,1/2車輪,,0,0
111120260614,2026061411,11,5,5,013800,中村一将,,11.8,1/2車身,,0,0
111120260614,2026061411,11,6,2,014145,篠原忍,,11.7,1/4車輪,,0,0
111120260614,2026061411,11,7,6,012728,飯田辰哉,,11.6,3車身,,0,0
013620260614,2026061436,1,1,1,015936,下山聖斗,逃,10.4,,,1,1
013620260614,2026061436,1,2,5,013069,白川有司,マ,10.3,3/4車身,,0,0
013620260614,2026061436,1,3,4,012242,穴井利久,,10.3,3/4車身,,0,0
013620260614,2026061436,1,4,2,014064,吉松賢二,,10.2,3/4車身,,0,0
013620260614,2026061436,1,5,7,013320,村上順規,,10.0,3/4車身,,0,0
013620260614,2026061436,1,6,3,014447,三木翔太,,10.1,1/8車輪,,0,0
013620260614,2026061436,1,7,6,011372,黒瀬浩一,,11.0,大差,,0,0
023620260614,2026061436,2,1,1,014407,森佑樹,逃,10.5,,,1,1
023620260614,2026061436,2,2,2,013521,中野良,差,10.5,6車身,,0,0
023620260614,2026061436,2,3,7,015158,猪野泰介,,10.6,1/2車身,,0,0
023620260614,2026061436,2,4,6,012754,小野祐作,,10.4,1/2車身,,0,0
023620260614,2026061436,2,5,4,013029,藤田晃英,,10.3,1車輪,,0,0
023620260614,2026061436,2,6,3,013847,小林大能,,10.2,1/2車身,,0,0
023620260614,2026061436,2,0,5,012708,野木義規,,0.0,,落車,0,0
033620260614,2026061436,3,1,3,014842,川本琢也,捲,10.3,,,1,0
033620260614,2026061436,3,2,7,012876,湯浅弘光,差,10.3,3/4車身,,0,0
033620260614,2026061436,3,3,4,014697,相川巧,,10.1,1車身,,0,0
033620260614,2026061436,3,4,5,014555,水木裕聡,,10.3,1/4車輪,,0,0
033620260614,2026061436,3,5,2,014739,里見恒平,,10.6,1/2車身,,0,1
033620260614,2026061436,3,6,1,012348,飯田威文,,10.1,1/2車輪,,0,0
033620260614,2026061436,3,7,6,012914,武市和人,,10.3,3車身,,0,0
043620260614,2026061436,4,1,2,014686,秋永昂人,捲,10.4,,,0,0
043620260614,2026061436,4,2,7,013378,小田桐義継,差,10.6,1車身1/2,,0,0
043620260614,2026061436,4,3,4,015801,織茂雄一郎,,10.6,1/2車身,,1,0
043620260614,2026061436,4,4,3,011346,野崎修一,,10.3,1/2車輪,,0,0
043620260614,2026061436,4,5,1,015085,奈良基,,10.9,1/2車身,,0,1
043620260614,2026061436,4,6,5,014010,長谷川辰徳,,10.6,3/4車輪,,0,0
043620260614,2026061436,4,7,6,014855,東隆之,,10.8,2車身,,0,0
053620260614,2026061436,5,1,5,015897,森飛龍,逃,10.0,,,1,1
053620260614,2026061436,5,2,1,014242,亀谷隆一,マ,10.0,3/4車身,,0,0
053620260614,2026061436,5,3,4,012509,岡嵜浩一,,9.9,3/4車身,,0,0
053620260614,2026061436,5,4,3,014289,羽石国臣,,9.9,1車身,,0,0
053620260614,2026061436,5,5,2,013788,白崎芳典,,9.7,1/2車輪,,0,0
053620260614,2026061436,5,6,7,014678,樋口有樹郎,,10.2,4車身,,0,0
053620260614,2026061436,5,7,6,013397,鈴木龍之介,,0.0,大差,,0,0
063620260614,2026061436,6,1,3,015523,邊見祐太,逃,10.1,,,0,1
063620260614,2026061436,6,2,4,015912,安達豪太,マ,10.0,1/4車輪,,0,0
063620260614,2026061436,6,3,1,014033,藤縄洋介,,9.9,1車身,,1,0
063620260614,2026061436,6,4,7,012753,柳澤達也,,9.8,3/4車身,,0,0
063620260614,2026061436,6,5,5,012346,宮原貴之,,10.0,2車身,,0,0
063620260614,2026061436,6,6,2,013543,内海雅夫,,9.9,1/2車身,,0,0
063620260614,2026061436,6,7,6,014713,鈴木裕斗,,10.6,9車身,,0,0
073620260614,2026061436,7,1,3,015901,真木寛斗,逃,10.6,,,1,1
073620260614,2026061436,7,2,5,012593,山田圭二,マ,10.6,3/4車身,,0,0
073620260614,2026061436,7,3,1,012436,渡邊秀明,,10.6,1車身,,0,0
073620260614,2026061436,7,4,2,013531,伊藤司,,10.5,3車身,,0,0
073620260614,2026061436,7,5,7,014218,邊見斎,,10.4,タイヤ,,0,0
073620260614,2026061436,7,6,4,014503,真船拓磨,,10.5,3車身,,0,0
073620260614,2026061436,7,7,6,014745,吉竹雄城,,11.5,5車身,,0,0
012320260615,2026061523,1,1,5,013584,坂田学,差,12.7,,,0,0
012320260615,2026061523,1,2,2,015275,伊藤歩登,逃,12.8,1/4車輪,,0,1
012320260615,2026061523,1,3,7,012529,木本賢二,,12.5,1/2車身,,0,0
012320260615,2026061523,1,4,4,014749,山田哲也,,12.6,3/4車身,,0,0
012320260615,2026061523,1,5,3,013106,赤井学,,12.5,3/4車輪,,1,0
012320260615,2026061523,1,6,1,013989,大泉英則,,12.4,2車身,,0,0
012320260615,2026061523,1,7,6,015506,佐藤啓斗,,17.5,大差,,0,0
022320260615,2026061523,2,1,4,013423,増田利明,捲,11.5,,,1,0
022320260615,2026061523,2,2,5,011619,疋田敏,差,11.5,1車身,,0,0
022320260615,2026061523,2,3,6,015155,三浦大輝,,12.0,3車身,,0,1
022320260615,2026061523,2,4,2,013608,鈴木誠,,11.8,タイヤ,,0,0
022320260615,2026061523,2,5,1,013570,加藤寛治,,11.9,1/2車輪,,0,0
022320260615,2026061523,2,6,7,013951,永井清史,,11.7,1車身,,0,0
022320260615,2026061523,2,7,3,014369,中川拓也,,11.9,1/2車身,,0,0
032320260615,2026061523,3,1,5,015805,山下祐輔,逃,12.0,,,0,1
032320260615,2026061523,3,2,4,013482,松崎貴久,差,12.2,大差,,0,0
032320260615,2026061523,3,3,2,015087,本馬鎌,,12.2,1/4車輪,,0,0
032320260615,2026061523,3,4,1,014058,佐藤謙,,12.0,1/8車輪,,0,0
032320260615,2026061523,3,5,3,015360,勝谷勝治,,12.4,3/4車輪,,1,0
032320260615,2026061523,3,6,6,011341,黒崎直行,,12.1,1車身1/2,,0,0
032320260615,2026061523,3,7,7,014597,上田隼,,12.9,1車輪,,0,0
042320260615,2026061523,4,1,4,014144,石川雅望,差,11.9,,,0,0
042320260615,2026061523,4,2,3,015796,川田真也,逃,12.1,1/2車輪,,0,1
042320260615,2026061523,4,3,1,013382,成田直喜,,11.8,1/4車輪,,0,0
042320260615,2026061523,4,4,5,013710,榎本光男,,11.6,3/4車身,,0,0
042320260615,2026061523,4,5,6,013233,小松剛之,,11.8,3/4車輪,,1,0
042320260615,2026061523,4,6,2,013416,飯尾主税,,11.7,3車身,,0,0
042320260615,2026061523,4,7,7,013417,梅原大治,,11.6,1車身1/2,,0,0
052320260615,2026061523,5,1,5,014248,吉川起也,差,12.2,,,0,0
052320260615,2026061523,5,2,7,015524,栗本武典,捲,12.2,2車身,,0,0
052320260615,2026061523,5,3,4,014821,原岡泰志郎,,12.0,1/4車輪,,0,0
052320260615,2026061523,5,4,3,014818,田口裕一,,12.1,1/4車輪,,0,0
052320260615,2026061523,5,5,2,013690,伊藤大理,,12.3,1/4車輪,,1,0
052320260615,2026061523,5,6,6,012649,山本恵太郎,,12.3,3車身,,0,0
052320260615,2026061523,5,7,1,015187,鮫島康治,,12.9,3/4車身,,0,1
062320260615,2026061523,6,1,1,013632,川口直人,差,12.1,,,0,0
062320260615,2026061523,6,2,4,013915,坂口卓士,マ,12.0,1/2車輪,,0,0
062320260615,2026061523,6,3,7,015353,松坂侑亮,,12.2,1/2車輪,,1,1
062320260615,2026061523,6,4,2,013799,真田晃,,11.9,1車身,,0,0
062320260615,2026061523,6,5,3,014988,伊早坂駿一,,11.8,1/2車輪,,0,0
062320260615,2026061523,6,6,6,014364,野間司,,11.8,2車身,,0,0
062320260615,2026061523,6,7,5,013616,渡邉高志,,11.7,微差,,0,0
072320260615,2026061523,7,1,3,015625,真鍋顕汰,差,11.6,,,1,0
072320260615,2026061523,7,2,4,013622,白岩大助,差,11.7,3車身,,0,0
072320260615,2026061523,7,3,7,014139,小田倉勇二,,11.9,1/2車身,,0,0
072320260615,2026061523,7,4,5,015817,梅澤忠秀,,12.2,1/2車輪,,0,1
072320260615,2026061523,7,5,1,014858,小原唯志,,11.4,3/4車輪,,0,0
072320260615,2026061523,7,6,2,015685,小笠原一真,,11.8,3/4車輪,,0,0
072320260615,2026061523,7,7,6,014077,古屋琢晶,,11.6,1/2車身,,0,0
013720260615,2026061537,1,1,2,014040,竹内真一,差,10.1,,,1,0
013720260615,2026061537,1,2,4,015339,土田武志,逃,10.2,1車輪,,0,1
013720260615,2026061537,1,3,5,014999,水谷将司,,9.8,3車身,,0,0
013720260615,2026061537,1,4,1,015110,小出慎也,,10.1,3車身,,0,0
013720260615,2026061537,1,5,7,013857,浅沼聖士,,9.7,1車身,,0,0
013720260615,2026061537,1,6,6,012439,河合康晴,,9.7,1車身1/2,,0,0
013720260615,2026061537,1,7,3,013468,勝俣亮,,10.0,1/2車身,,0,0
023720260615,2026061537,2,1,1,015714,望月嘉人,逃,9.8,,,1,1
023720260615,2026061537,2,2,5,013775,鈴木良太,マ,9.7,1/4車輪,,0,0
023720260615,2026061537,2,3,4,015800,川越宏臣,,9.3,3/4車身,,0,0
023720260615,2026061537,2,4,7,013259,望月紀男,,9.7,3/4車輪,,0,0
023720260615,2026061537,2,5,6,014753,山田純也,,9.6,3車身,,0,0
023720260615,2026061537,2,6,3,013214,水本博行,,9.5,1車身1/2,,0,0
023720260615,2026061537,2,7,2,013142,黒田大介,,10.3,大差,,0,0
033720260615,2026061537,3,1,2,015414,大森光明,差,10.2,,,0,0
033720260615,2026061537,3,2,6,012379,小林健,マ,10.1,3/4車身,,0,0
033720260615,2026061537,3,3,5,015600,照井力斗,,10.5,3/4車身,,0,1
033720260615,2026061537,3,4,4,013957,堂村知哉,,10.0,1/4車輪,,0,0
033720260615,2026061537,3,5,7,013971,内山拓,,10.3,1車身1/2,,1,0
033720260615,2026061537,3,6,3,015635,藤岡徹也,,10.5,3車身,,0,0
033720260615,2026061537,3,7,1,015843,松本昂大,,10.8,3/4車身,,0,0
043720260615,2026061537,4,1,1,014460,矢口大樹,捲,10.0,,,0,1
043720260615,2026061537,4,2,4,014372,内田玄希,マ,9.9,1/2車身,,1,0
043720260615,2026061537,4,3,7,014155,佐藤政利,,9.8,3/4車身,,0,0
043720260615,2026061537,4,4,5,013354,國村洋,,10.0,1/8車輪,,0,0
043720260615,2026061537,4,5,6,014049,廣田樹里,,9.8,1車身1/2,,0,0
043720260615,2026061537,4,6,2,015665,福田要,,10.0,1/8車輪,,0,0
043720260615,2026061537,4,7,3,015548,白井優太朗,,10.4,2車身,,0,0
053720260615,2026061537,5,1,5,015744,橋本宇宙,逃,10.3,,,0,1
053720260615,2026061537,5,2,3,012705,那須久幸,マ,10.2,3/4車輪,,0,0
053720260615,2026061537,5,3,1,013295,佐々木則幸,,10.1,1/2車輪,,1,0
053720260615,2026061537,5,4,4,014515,城幸弘,,10.1,1車身,,0,0
053720260615,2026061537,5,5,2,013901,山田敦也,,10.2,2車身,,0,0
053720260615,2026061537,5,6,6,012785,小橋明紀,,10.5,4車身,,0,0
053720260615,2026061537,5,7,7,015510,田口勇介,,11.0,9車身,,0,0
063720260615,2026061537,6,1,3,015336,小畑勝広,逃,10.4,,,1,1
063720260615,2026061537,6,2,7,014451,武藤篤弘,マ,10.3,1/2車輪,,0,0
063720260615,2026061537,6,3,5,011477,川口満宏,,10.2,1/2車身,,0,0
063720260615,2026061537,6,4,1,013330,舘泰守,,10.2,1車身1/2,,0,0
063720260615,2026061537,6,5,4,014796,保科千春,,11.3,9車身,,0,0
063720260615,2026061537,6,6,2,015415,坂本紘規,,11.7,2車身,,0,0
063720260615,2026061537,6,7,6,015010,吉川嘉斗,,0.0,大差,,0,0
073720260615,2026061537,7,1,4,015363,田中大我,捲,10.0,,,0,1
073720260615,2026061537,7,2,2,014249,鷲田幸司,マ,9.9,1/2車身,,0,0
073720260615,2026061537,7,3,5,013045,岩本和也,,9.8,3/4車身,,0,0
073720260615,2026061537,7,4,7,013420,土屋裕二,,10.5,5車身,,0,0
073720260615,2026061537,7,5,1,015171,出澤拓也,,10.5,3/4車身,,0,0
073720260615,2026061537,7,6,6,013593,大野悟郎,,10.5,1車身1/2,,0,0
073720260615,2026061537,7,7,3,015619,日高裕太,,11.2,3車身,,1,0
083720260615,2026061537,8,1,1,014174,柴崎淳,差,9.9,,,0,0
083720260615,2026061537,8,2,7,014246,森川大輔,マ,9.8,1/2車輪,,0,0
083720260615,2026061537,8,3,3,015120,竹内翼,,10.2,3/4車身,,0,1
083720260615,2026061537,8,4,2,014523,東龍之介,,9.8,1/2車輪,,0,0
083720260615,2026061537,8,5,6,014378,加賀山淳,,10.0,1車身1/2,,0,0
083720260615,2026061537,8,6,4,014846,久米康平,,10.1,2車身,,1,0
083720260615,2026061537,8,7,5,014757,藤井昭吾,,10.3,3/4車輪,,0,0
093720260615,2026061537,9,1,5,012887,新田康仁,差,9.6,,,0,0
093720260615,2026061537,9,2,2,015092,小林令,マ,9.5,1/2車輪,,0,0
093720260615,2026061537,9,3,7,015468,和泉尚吾,,9.3,1/2車身,,0,0
093720260615,2026061537,9,4,1,015168,染谷幸喜,,9.9,1/2車輪,,1,1
093720260615,2026061537,9,5,4,013642,西岡正一,,9.5,1/2車身,,0,0
093720260615,2026061537,9,6,3,013808,坂本健太郎,,9.4,1/2車身,,0,0
093720260615,2026061537,9,7,6,015244,植原琢也,,9.4,1車身1/2,,0,0
103720260615,2026061537,10,1,2,015386,阪本和也,差,9.8,,,0,0
103720260615,2026061537,10,2,5,014211,佐藤幸治,逃,10.0,1/2車身,,0,1
103720260615,2026061537,10,3,3,014883,才迫開,,9.7,1/4車輪,,0,0
103720260615,2026061537,10,4,6,015117,野崎将史,,9.6,1/2車身,,0,0
103720260615,2026061537,10,5,1,014930,杉森輝大,,9.5,1車身,,1,0
103720260615,2026061537,10,6,7,013252,中村浩士,,9.6,3/4車輪,,0,0
103720260615,2026061537,10,7,4,014053,鈴木謙太郎,,9.5,1車身1/2,,0,0
113720260615,2026061537,11,1,7,015543,福元啓太,逃,10.1,,,0,1
113720260615,2026061537,11,2,3,014481,徳丸泰教,マ,9.9,3/4車輪,,0,0
113720260615,2026061537,11,3,1,015734,岡崎陸登,,9.8,5車身,,1,0
113720260615,2026061537,11,4,2,014428,鹿内翔,,9.8,3/4車身,,0,0
113720260615,2026061537,11,5,4,015726,龍野琳太郎,,10.0,1/8車輪,,0,0
113720260615,2026061537,11,6,5,014512,長井妙樹,,9.8,1車身1/2,,0,0
113720260615,2026061537,11,7,6,015557,梶原大地,,10.7,大差,,0,0
123720260615,2026061537,12,1,5,015778,小堀敢太,逃,9.7,,,0,1
123720260615,2026061537,12,2,6,015613,滝本幸正,差,9.6,3/4車身,,0,0
123720260615,2026061537,12,3,3,014499,佐藤博紀,,9.7,1/4車輪,,0,0
123720260615,2026061537,12,4,7,015274,福永大智,,9.7,1/2車輪,,1,0
123720260615,2026061537,12,5,4,015043,大矢崇弘,,9.5,1車輪,,0,0
123720260615,2026061537,12,6,2,014606,稲毛健太,,9.6,1/2車輪,,0,0
123720260615,2026061537,12,0,1,015896,丸山留依,,0.0,,落車,0,0
015320260615,2026061553,1,1,1,012694,志村達也,差,10.2,,,1,0
015320260615,2026061553,1,2,5,015924,利川寛太,逃,10.4,1/2車輪,,0,1
015320260615,2026061553,1,3,3,011741,澤亀浩司,,10.0,2車身,,0,0
015320260615,2026061553,1,4,2,013784,太田雅之,,10.1,1車身1/2,,0,0
015320260615,2026061553,1,5,4,011382,清水広幸,,12.9,大差,,0,0
025320260615,2026061553,2,1,4,014254,武田和也,逃,10.2,,,1,1
025320260615,2026061553,2,2,1,014533,加藤正法,マ,10.1,3/4車輪,,0,0
025320260615,2026061553,2,3,3,012677,花村直人,,10.1,1車身1/2,,0,0
025320260615,2026061553,2,4,5,014274,吉成晃一,,10.1,2車身,,0,0
025320260615,2026061553,2,5,2,013588,齋藤仁,,0.0,大差,,0,0
035320260615,2026061553,3,1,1,013128,梶原秀庸,差,10.6,,,0,0
035320260615,2026061553,3,2,4,015910,土生智徳,逃,10.8,1/2車身,,0,1
035320260615,2026061553,3,3,3,014596,中村賢二,,10.5,3/4車輪,,0,0
035320260615,2026061553,3,4,7,013728,伊狩知人,,10.6,1/2車輪,,1,0
035320260615,2026061553,3,5,5,013049,南大輔,,10.6,1車身,,0,0
035320260615,2026061553,3,6,6,012383,田村光昭,,10.6,2車身,,0,0
035320260615,2026061553,3,7,2,015295,篠田樹,,10.5,1車身1/2,,0,0
045320260615,2026061553,4,1,2,015931,山口留稀哉,捲,9.9,,,1,0
045320260615,2026061553,4,2,3,015904,辻田祥大,逃,10.0,1車輪,,0,1
045320260615,2026061553,4,3,4,015190,大中拓磨,,9.8,1/2車身,,0,0
045320260615,2026061553,4,4,5,014034,鳥丸晃順,,9.8,1/2車身,,0,0
045320260615,2026061553,4,5,1,013581,薮謙治,,10.1,1/4車輪,,0,0
045320260615,2026061553,4,6,7,012976,中井修,,9.5,1車身1/2,,0,0
045320260615,2026061553,4,7,6,012406,濱田昭一郎,,9.8,2車身,,0,0
055320260615,2026061553,5,1,4,015576,菅原ななこ,差,10.8,,,0,0
055320260615,2026061553,5,2,5,015849,佐藤乃愛,差,10.9,1/2車輪,,0,0
055320260615,2026061553,5,3,2,015775,羽田野愛花,,11.1,3/4車身,,0,1
055320260615,2026061553,5,4,1,015071,佐藤亜貴子,,10.7,1/2車輪,,0,0
055320260615,2026061553,5,5,3,015767,木下宙,,10.8,1/2車身,,0,0
065320260615,2026061553,6,1,4,014320,在本直樹,捲,10.5,,,0,1
065320260615,2026061553,6,2,3,012763,内村泰三,マ,10.3,1/8車輪,,0,0
065320260615,2026061553,6,3,7,013155,四元慎也,,10.2,1車身,,0,0
065320260615,2026061553,6,4,6,014092,山出裕幸,,10.3,1/4車輪,,0,0
065320260615,2026061553,6,5,1,013896,安東英博,,10.4,3/4車輪,,1,0
065320260615,2026061553,6,6,5,013659,高比良豪,,10.7,1車身,,0,0
065320260615,2026061553,6,7,2,015053,廣田敦士,,11.8,大差,,0,0
075320260615,2026061553,7,1,6,013345,中村美千隆,捲,10.1,,,0,0
075320260615,2026061553,7,2,3,014473,重倉高史,逃,10.5,3/4車身,,0,1
075320260615,2026061553,7,3,4,014598,岡崎祥伍,,10.4,タイヤ,,0,0
075320260615,2026061553,7,4,7,013895,松尾大樹,,10.3,微差,,0,0
075320260615,2026061553,7,5,5,013271,鮒田博文,,10.3,1車身,,0,0
075320260615,2026061553,7,6,1,012844,米澤大輔,,10.3,1/8車輪,,0,0
075320260615,2026061553,7,7,2,014634,寺崎祐樹,,14.2,大差,,1,0
085320260615,2026061553,8,1,5,014487,才迫勇馬,逃,10.0,,,0,1
085320260615,2026061553,8,2,3,015189,山本隼人,マ,9.9,3/4車輪,,0,0
085320260615,2026061553,8,3,6,015214,境啓亨,,9.7,1車身,,0,0
085320260615,2026061553,8,4,2,013206,岡崎和久,,9.9,3/4車輪,,0,0
085320260615,2026061553,8,5,4,013201,北川紋部,,9.8,1/2車輪,,0,0
085320260615,2026061553,8,6,7,014414,是永幸寛,,9.7,4車身,,0,0
085320260615,2026061553,8,7,1,014495,下沖功児,,10.3,1/4車輪,,0,0
095320260615,2026061553,9,1,2,011907,島野浩司,差,9.7,,,0,0
095320260615,2026061553,9,2,7,014390,愛敬博之,捲,9.9,1/2車輪,,0,0
095320260615,2026061553,9,3,5,015845,稲留敦貴,,10.1,2車身,,0,0
095320260615,2026061553,9,4,3,015294,小原亮哉,,10.1,1車身,,1,0
095320260615,2026061553,9,5,1,015456,安藤直希,,10.4,1/4車輪,,0,1
095320260615,2026061553,9,6,4,014479,金子浩貴,,10.1,1/2車輪,,0,0
095320260615,2026061553,9,7,6,013792,辰己豊,,10.0,3/4車輪,,0,0
105320260615,2026061553,10,1,2,015220,鈴木美教,逃,10.4,,,0,1
105320260615,2026061553,10,2,3,015498,國村美留莉,マ,10.4,1/2車身,,0,0
105320260615,2026061553,10,3,6,015153,林真奈美,,10.4,3/4車身,,1,0
105320260615,2026061553,10,4,5,015147,佐々木恵理,,10.5,3/4車身,,0,0
105320260615,2026061553,10,5,1,015770,東美月,,10.4,1/2車輪,,0,0
105320260615,2026061553,10,6,7,015074,島田優里,,10.4,1/8車輪,,0,0
105320260615,2026061553,10,7,4,015776,高本美穂,,10.3,3/4車身,,0,0
115320260615,2026061553,11,1,6,015902,安達光伸,逃,9.8,,,0,1
115320260615,2026061553,11,2,3,014775,小原周祐,マ,9.7,1/4車輪,,0,0
115320260615,2026061553,11,3,7,013357,近藤誠二,,9.6,1/2車身,,0,0
115320260615,2026061553,11,4,5,015634,末廣快理,,9.6,1/2車輪,,0,0
115320260615,2026061553,11,5,2,015059,畝木努,,9.4,1車輪,,0,0
115320260615,2026061553,11,6,1,015003,小笹隼人,,9.6,3/4車身,,0,0
115320260615,2026061553,11,7,4,014403,櫻井太士,,9.7,5車身,,0,0
011120260615,2026061511,1,1,4,011821,中川博文,差,12.2,,,0,0
011120260615,2026061511,1,2,5,014381,吉澤賢,差,12.5,1/8車輪,,0,0
011120260615,2026061511,1,3,3,013235,榊枝輝文,,12.5,2車身,,0,0
011120260615,2026061511,1,4,1,013261,柴田昌樹,,12.6,1/2車輪,,1,0
011120260615,2026061511,1,5,6,013905,藤原義晴,,12.6,4車身,,0,0
011120260615,2026061511,1,6,2,012970,山内大作,,13.4,2車身,,0,1
021120260615,2026061511,2,1,1,014610,山村慮太,差,12.0,,,1,0
021120260615,2026061511,2,2,4,015112,日浦崇道,逃,12.1,1/4車輪,,0,1
021120260615,2026061511,2,3,3,013927,高橋由記,,11.9,3/4車身,,0,0
021120260615,2026061511,2,4,5,014154,長岡豪,,11.9,1車身1/2,,0,0
021120260615,2026061511,2,5,2,014430,橋本祐司,,12.0,1車身1/2,,0,0
021120260615,2026061511,2,6,6,011766,齋藤明,,13.1,大差,,0,0
031120260615,2026061511,3,1,5,015054,谷本奨輝,差,11.9,,,0,0
031120260615,2026061511,3,2,1,015890,中秀平,逃,12.4,1車身,,1,1
031120260615,2026061511,3,3,4,012193,井手尚治,,12.2,1/4車輪,,0,0
031120260615,2026061511,3,4,3,013210,川本恵二,,11.9,1/8車輪,,0,0
031120260615,2026061511,3,5,6,013255,安坂洋一,,12.2,1車身,,0,0
031120260615,2026061511,3,6,7,014802,渡邉正人,,11.7,1/4車輪,,0,0
031120260615,2026061511,3,7,2,014432,相澤恵一,,11.8,2車身,,0,0
041120260615,2026061511,4,1,1,015871,三浦生誠,逃,12.6,,,1,1
041120260615,2026061511,4,2,7,014276,坂本敏也,マ,12.5,3/4車輪,,0,0
041120260615,2026061511,4,3,5,011454,杉浦康一,,12.7,3車身,,0,0
041120260615,2026061511,4,4,4,012092,高木隆弘,,12.6,3/4車身,,0,0
041120260615,2026061511,4,5,3,013266,伊藤嘉浩,,12.5,1車身,,0,0
041120260615,2026061511,4,6,2,013324,市川博章,,12.4,1/2車身,,0,0
041120260615,2026061511,4,7,6,015887,星野京旺,,13.0,3/4車輪,,0,0
051120260615,2026061511,5,1,4,015878,椎名俊介,逃,12.4,,,1,1
051120260615,2026061511,5,2,1,014662,櫻井宏樹,マ,12.4,3/4車身,,0,0
051120260615,2026061511,5,3,7,012603,大川栄二,,12.4,1車身1/2,,0,0
051120260615,2026061511,5,4,6,014986,三浦綾,,12.2,1車身,,0,0
051120260615,2026061511,5,5,3,014948,斎藤敦,,12.4,3/4車身,,0,0
051120260615,2026061511,5,6,2,014424,大澤哉太,,12.2,1/8車輪,,0,0
051120260615,2026061511,5,7,5,013399,塚本勝士,,12.6,6車身,,0,0
061120260615,2026061511,6,1,1,015348,寺沼伊織,差,12.0,,,1,0
061120260615,2026061511,6,2,5,014651,須永勝太,差,11.9,3/4車身,,0,0
061120260615,2026061511,6,3,2,014125,坂本昌宏,,11.8,1/4車輪,,0,0
061120260615,2026061511,6,4,3,013117,鳥越靖弘,,11.7,1/8車輪,,0,0
061120260615,2026061511,6,5,7,015427,戸邉捺希,,12.4,1車身1/2,,0,1
061120260615,2026061511,6,6,4,014205,日当泰之,,13.0,7車身,,0,0
061120260615,2026061511,6,7,6,015177,森川康輔,,13.2,4車身,,0,0
071120260615,2026061511,7,1,7,014392,北村篤,差,12.2,,,0,0
071120260615,2026061511,7,2,1,014305,大谷靖茂,逃,12.4,3/4車輪,,0,1
071120260615,2026061511,7,3,2,012937,十文字菊雄,,11.9,1/2車身,,0,0
071120260615,2026061511,7,4,6,013175,峠祐介,,12.2,3/4車輪,,0,0
071120260615,2026061511,7,5,4,014126,高谷敏史,,12.1,タイヤ,,0,0
071120260615,2026061511,7,6,5,012431,會田正一,,12.2,4車身,,1,0
071120260615,2026061511,7,7,3,014387,佐野恭太,,12.9,3車身,,0,0
081120260615,2026061511,8,1,5,013188,山田幸司,差,11.9,,,0,0
081120260615,2026061511,8,2,2,015257,舟山佑京,マ,11.9,1車身,,0,0
081120260615,2026061511,8,3,7,015048,志佐明,,12.1,1/4車輪,,0,1
081120260615,2026061511,8,4,4,013546,田村真広,,11.7,1/4車輪,,0,0
081120260615,2026061511,8,5,6,014227,緒方剛,,11.8,1車身1/2,,0,0
081120260615,2026061511,8,6,3,014171,深見仁哉,,11.8,3/4車身,,0,0
081120260615,2026061511,8,7,1,014738,櫻川雅彦,,14.4,大差,,1,0
091120260615,2026061511,9,1,1,013800,中村一将,逃,12.3,,,1,1
091120260615,2026061511,9,2,5,012728,飯田辰哉,差,12.0,1車輪,,0,0
091120260615,2026061511,9,3,4,014031,筒井裕哉,,12.2,3/4車輪,,0,0
091120260615,2026061511,9,4,2,015893,岩辺陸,,12.1,1/2車身,,0,0
091120260615,2026061511,9,5,7,013209,奥谷広巳,,12.2,3/4車身,,0,0
091120260615,2026061511,9,6,3,014862,坂本将太郎,,11.9,1/2車輪,,0,0
091120260615,2026061511,9,7,6,014362,岩崎大和,,15.7,大差,,0,0
101120260615,2026061511,10,1,7,014980,田原宥明,差,12.3,,,0,0
101120260615,2026061511,10,2,4,015240,前川大輔,マ,12.1,1/4車輪,,1,0
101120260615,2026061511,10,3,3,014869,泉谷元樹,,12.0,3/4車輪,,0,0
101120260615,2026061511,10,4,5,015250,今井聡,,12.4,1/2車輪,,0,0
101120260615,2026061511,10,5,6,014476,乾庄平,,12.0,1車身,,0,0
101120260615,2026061511,10,6,2,015797,中島淳,,12.7,3/4車身,,0,1
101120260615,2026061511,10,7,1,014981,磯島康祐,,12.6,1/4車輪,,0,0
111120260615,2026061511,11,1,7,015161,吉田昌司,差,11.4,,,0,0
111120260615,2026061511,11,2,5,015913,一守大葵,逃,11.6,1/4車輪,,0,1
111120260615,2026061511,11,3,2,013976,明田春喜,,11.3,1車身1/2,,0,0
111120260615,2026061511,11,4,6,015107,田頭寛之,,11.3,1/2車身,,0,0
111120260615,2026061511,11,5,3,014161,藤田大輔,,11.3,1車輪,,0,0
111120260615,2026061511,11,6,4,014444,星野辰也,,11.7,4車身,,1,0
111120260615,2026061511,11,7,1,014145,篠原忍,,12.8,大差,,0,0
013620260615,2026061536,1,1,4,013847,小林大能,差,10.2,,,1,0
013620260615,2026061536,1,2,5,012348,飯田威文,逃,10.4,1/2車身,,0,1
013620260615,2026061536,1,3,1,014010,長谷川辰徳,,10.0,3/4車輪,,0,0
013620260615,2026061536,1,4,3,011372,黒瀬浩一,,10.1,1車身,,0,0
013620260615,2026061536,1,5,2,014745,吉竹雄城,,10.8,8車身,,0,0
013620260615,2026061536,1,6,6,013397,鈴木龍之介,,0.0,大差,,0,0
023620260615,2026061536,2,1,2,014447,三木翔太,逃,10.4,,,0,1
023620260615,2026061536,2,2,4,013543,内海雅夫,捲,9.8,1車身,,0,0
023620260615,2026061536,2,3,6,014713,鈴木裕斗,,9.9,3/4車身,,1,0
023620260615,2026061536,2,4,5,014678,樋口有樹郎,,10.1,1車身,,0,0
023620260615,2026061536,2,5,3,012914,武市和人,,9.8,3/4車身,,0,0
023620260615,2026061536,2,6,1,014855,東隆之,,9.9,1車身1/2,,0,0
033620260615,2026061536,3,1,1,014739,里見恒平,逃,10.6,,,1,1
033620260615,2026061536,3,2,7,013029,藤田晃英,マ,10.5,1/2車身,,0,0
033620260615,2026061536,3,3,5,013320,村上順規,,10.5,1/2車輪,,0,0
033620260615,2026061536,3,4,6,012753,柳澤達也,,10.3,1/4車輪,,0,0
033620260615,2026061536,3,5,2,014289,羽石国臣,,10.6,3/4車身,,0,0
033620260615,2026061536,3,6,3,013788,白崎芳典,,10.7,2車身,,0,0
033620260615,2026061536,3,7,4,013531,伊藤司,,12.4,大差,,0,0
043620260615,2026061536,4,1,1,014064,吉松賢二,逃,10.6,,,0,1
043620260615,2026061536,4,2,5,015085,奈良基,マ,10.6,1/2車身,,0,0
043620260615,2026061536,4,3,3,014218,邊見斎,,10.6,1車身,,1,0
043620260615,2026061536,4,4,4,014555,水木裕聡,,10.6,2車身,,0,0
043620260615,2026061536,4,5,2,012754,小野祐作,,10.8,1車身,,0,0
043620260615,2026061536,4,0,6,012346,宮原貴之,,0.0,,失格,0,0
043620260615,2026061536,4,0,7,011346,野崎修一,,0.0,,落車,0,0
053620260615,2026061536,5,1,7,015523,邊見祐太,逃,10.3,,,0,1
053620260615,2026061536,5,2,3,013521,中野良,マ,10.2,1/2車身,,0,0
053620260615,2026061536,5,3,5,012242,穴井利久,,10.1,3/4車身,,0,0
053620260615,2026061536,5,4,2,014407,森佑樹,,10.3,1/2車輪,,0,0
053620260615,2026061536,5,5,6,012436,渡邊秀明,,9.9,微差,,0,0
053620260615,2026061536,5,6,1,015897,森飛龍,,10.3,3/4車身,,1,0
053620260615,2026061536,5,7,4,014242,亀谷隆一,,10.2,1車輪,,0,0
063620260615,2026061536,6,1,1,015912,安達豪太,捲,10.0,,,0,0
063620260615,2026061536,6,2,4,015936,下山聖斗,捲,9.9,3/4車輪,,0,0
063620260615,2026061536,6,3,5,014033,藤縄洋介,,9.9,1/2車輪,,0,0
063620260615,2026061536,6,4,3,013069,白川有司,,9.8,3/4車身,,0,0
063620260615,2026061536,6,5,7,014697,相川巧,,10.3,1車身1/2,,0,0
063620260615,2026061536,6,6,6,012509,岡嵜浩一,,10.1,3/4車輪,,0,0
063620260615,2026061536,6,7,2,015801,織茂雄一郎,,10.4,1/8車輪,,1,1
073620260615,2026061536,7,1,7,015901,真木寛斗,逃,10.1,,,1,1
073620260615,2026061536,7,2,1,014842,川本琢也,捲,9.9,4車身,,0,0
073620260615,2026061536,7,3,6,014686,秋永昂人,,9.8,1/2車身,,0,0
073620260615,2026061536,7,4,4,012876,湯浅弘光,,9.9,1車身,,0,0
073620260615,2026061536,7,5,3,013378,小田桐義継,,10.0,1車身1/2,,0,0
073620260615,2026061536,7,6,2,012593,山田圭二,,10.3,5車身,,0,0
073620260615,2026061536,7,7,5,015158,猪野泰介,,11.2,7車身,,0,0
013120260615,2026061531,1,1,2,015315,渡口まりあ,逃,10.8,,,0,1
013120260615,2026061531,1,2,3,014910,篠崎新純,マ,10.7,1/2車身,,1,0
013120260615,2026061531,1,3,1,015018,高橋梨香,,10.7,3/4車身,,0,0
013120260615,2026061531,1,4,4,015490,杉浦菜留,,10.9,1車輪,,0,0
013120260615,2026061531,1,5,5,015075,溝口香奈,,10.7,1車身,,0,0
013120260615,2026061531,1,6,7,015079,日野友葵,,10.8,1車身1/2,,0,0
013120260615,2026061531,1,7,6,015670,萩原瑞生,,11.0,1車身1/2,,0,0
023120260615,2026061531,2,1,1,015495,下条未悠,捲,10.2,,,0,0
023120260615,2026061531,2,2,2,015865,豊田美香,逃,10.9,1車身,,0,1
023120260615,2026061531,2,3,3,015399,高木佑真,,10.7,3/4車身,,0,0
023120260615,2026061531,2,4,7,015860,濱田芽生,,10.1,1/2車輪,,0,0
023120260615,2026061531,2,5,5,015134,藤巻絵里佳,,10.9,1/4車輪,,1,0
023120260615,2026061531,2,6,6,015945,橋本のこ,,10.5,1/2車輪,,0,0
023120260615,2026061531,2,7,4,015393,佐々木綾,,10.4,3/4車身,,0,0
033120260615,2026061531,3,1,1,013635,柏木伸介,差,10.3,,,0,0
033120260615,2026061531,3,2,2,013308,木村貴宏,差,10.1,1/2車輪,,1,0
033120260615,2026061531,3,3,5,014459,根藤浩二,,10.5,1/2車身,,0,1
033120260615,2026061531,3,4,7,012416,櫻井紀幸,,10.1,1/2車輪,,0,0
033120260615,2026061531,3,5,6,013729,堺文人,,9.8,1/2車身,,0,0
033120260615,2026061531,3,6,4,014102,篠塚光一,,10.0,3/4車輪,,0,0
033120260615,2026061531,3,7,3,014226,大畑裕貴,,10.5,1車身1/2,,0,0
043120260615,2026061531,4,1,4,015245,尾崎悠生,逃,10.1,,,0,1
043120260615,2026061531,4,2,3,014732,和田禎嗣,マ,10.0,1/2車輪,,0,0
043120260615,2026061531,4,3,5,015720,山元大夢,,9.9,3/4車身,,0,0
043120260615,2026061531,4,4,6,012953,矢内良和,,10.0,1車輪,,0,0
043120260615,2026061531,4,5,1,013335,坂上樹大,,9.9,3/4車輪,,1,0
043120260615,2026061531,4,6,2,014302,武田憲祐,,10.0,1/2車身,,0,0
043120260615,2026061531,4,7,7,014243,齊藤健人,,0.0,大差,,0,0
053120260615,2026061531,5,1,1,014825,稲葉一真,差,10.1,,,1,0
053120260615,2026061531,5,2,4,015688,佐々木祐太,逃,10.4,1/2車輪,,0,1
053120260615,2026061531,5,3,6,014319,中野彰人,,10.0,3/4車輪,,0,0
053120260615,2026061531,5,4,2,015338,土田栄二,,10.0,1/2車身,,0,0
053120260615,2026061531,5,5,3,013311,根本雄紀,,10.0,3/4車身,,0,0
053120260615,2026061531,5,6,5,013621,國廣哲治,,10.0,3/4車身,,0,0
053120260615,2026061531,5,7,7,014755,奥出健士郎,,10.3,1車身,,0,0
063120260615,2026061531,6,1,2,015351,宮下一歩,捲,10.4,,,0,1
063120260615,2026061531,6,2,1,014587,鈴木謙二,マ,10.3,1車輪,,1,0
063120260615,2026061531,6,3,4,014575,鈴木達也,,10.0,1車身,,0,0
063120260615,2026061531,6,4,5,013761,新井剛央,,10.2,タイヤ,,0,0
063120260615,2026061531,6,5,3,012586,佐藤和典,,10.3,1/2車身,,0,0
063120260615,2026061531,6,6,7,015156,門脇翼,,10.0,3/4車輪,,0,0
063120260615,2026061531,6,7,6,014303,小川達也,,11.2,7車身,,0,0
073120260615,2026061531,7,1,7,015880,吉岡優太,逃,10.1,,,0,1
073120260615,2026061531,7,2,1,013929,宮内善光,マ,10.1,3/4車身,,1,0
073120260615,2026061531,7,3,2,014933,奥原亨,,10.1,3/4車身,,0,0
073120260615,2026061531,7,4,3,014402,泉谷直哉,,10.0,1/2車身,,0,0
073120260615,2026061531,7,5,5,014011,細沼健治,,10.1,3/4車身,,0,0
073120260615,2026061531,7,6,6,012882,鈴木愼二,,10.0,1/2車身,,0,0
073120260615,2026061531,7,7,4,015447,小浦凪,,10.8,6車身,,0,0
083120260615,2026061531,8,1,1,015786,角田光,逃,10.0,,,0,1
083120260615,2026061531,8,2,2,013535,平沼由充,マ,9.9,1/2車輪,,1,0
083120260615,2026061531,8,3,5,014083,成清謙二郎,,9.9,3/4車身,,0,0
083120260615,2026061531,8,4,6,013408,川村昭弘,,9.9,1車身,,0,0
083120260615,2026061531,8,5,4,015357,藤井稜也,,10.1,2車身,,0,0
083120260615,2026061531,8,6,3,013477,宮司周郎,,10.0,3/4車身,,0,0
083120260615,2026061531,8,7,7,013463,小宮剛,,0.0,大差,,0,0
093120260615,2026061531,9,1,6,015344,荒木貴大,捲,9.6,,,0,0
093120260615,2026061531,9,2,4,015723,稲毛知也,捲,10.0,3/4車輪,,0,1
093120260615,2026061531,9,3,1,014084,小菅誠,,9.7,1/2車身,,0,0
093120260615,2026061531,9,4,7,015615,荒川仁,,10.0,2車身,,0,0
093120260615,2026061531,9,5,3,013748,佐々木省司,,9.8,1/2車輪,,1,0
093120260615,2026061531,9,6,5,013985,高橋陽介,,9.7,1車身,,0,0
093120260615,2026061531,9,7,2,014475,高間悠平,,10.3,6車身,,0,0
014720260615,2026061547,1,1,1,015760,五味田奈穂,逃,12.6,,,0,1
014720260615,2026061547,1,2,2,015584,西脇美唯奈,捲,12.7,1車身,,0,0
014720260615,2026061547,1,3,4,015321,比嘉真梨代,,12.7,3/4車輪,,1,0
014720260615,2026061547,1,4,3,015140,鈴木彩夏,,12.6,1/2車輪,,0,0
014720260615,2026061547,1,5,5,014909,浦部郁里,,12.6,3/4車身,,0,0
014720260615,2026061547,1,6,6,015856,野寺梓,,12.6,3/4車輪,,0,0
014720260615,2026061547,1,7,7,014924,松尾智佳,,12.7,3車身,,0,0
024720260615,2026061547,2,1,1,015586,太田瑛美,差,12.4,,,0,0
024720260615,2026061547,2,2,2,015504,西島叶子,捲,12.6,1車身,,0,1
024720260615,2026061547,2,3,3,015313,豊岡英子,,12.4,1/2車輪,,0,0
024720260615,2026061547,2,4,4,015851,片岡美奈,,12.4,2車身,,0,0
024720260615,2026061547,2,5,6,015673,塩田日海,,12.3,1車輪,,0,0
024720260615,2026061547,2,6,5,015407,出口倫子,,13.2,大差,,0,0
024720260615,2026061547,2,7,7,014897,岡村育子,,14.2,大差,,0,0
034720260615,2026061547,3,1,4,014525,三ッ井武,差,12.3,,,0,0
034720260615,2026061547,3,2,2,013405,宮下貴之,差,12.4,1/2車身,,0,0
034720260615,2026061547,3,3,1,015792,貝原涼太,,12.6,1/2車輪,,1,1
034720260615,2026061547,3,4,7,014823,渡辺聖,,12.2,1/2車身,,0,0
034720260615,2026061547,3,5,5,013426,本村隆文,,12.1,1車身1/2,,0,0
034720260615,2026061547,3,6,3,013263,田中雅史,,12.5,3車身,,0,0
034720260615,2026061547,3,7,6,014474,山崎晃,,14.0,大差,,0,0
044720260615,2026061547,4,1,1,014206,金野俊秋,捲,11.7,,,0,0
044720260615,2026061547,4,2,2,014304,大竹哲也,マ,11.6,1/2車身,,0,0
044720260615,2026061547,4,3,7,012940,小室貴広,,11.8,1車身,,0,0
044720260615,2026061547,4,4,4,015163,戸塚涼介,,12.1,1/2車輪,,0,1
044720260615,2026061547,4,5,3,014586,近藤寛央,,12.0,タイヤ,,1,0
044720260615,2026061547,4,6,5,013645,川木敬大,,11.9,5車身,,0,0
044720260615,2026061547,4,7,6,014950,市村昌樹,,13.1,大差,,0,0
054720260615,2026061547,5,1,2,014669,植木和広,差,12.0,,,0,0
054720260615,2026061547,5,2,3,014758,中野智公,差,11.7,1車輪,,0,0
054720260615,2026061547,5,3,4,015533,岩城佑典,,11.8,1/2車輪,,0,0
054720260615,2026061547,5,4,1,015617,添田龍児,,12.2,3/4車輪,,1,1
054720260615,2026061547,5,5,7,014840,石貞有基,,11.6,1/4車輪,,0,0
054720260615,2026061547,5,6,5,013192,平田徹,,11.9,1/2車輪,,0,0
054720260615,2026061547,5,7,6,013384,金子兼久,,12.0,2車身,,0,0
064720260615,2026061547,6,1,3,014859,小林申太,逃,11.9,,,0,1
064720260615,2026061547,6,2,6,012719,篠崎高志,差,11.7,3/4車輪,,0,0
064720260615,2026061547,6,3,4,013610,土屋仁,,11.8,1/2車身,,1,0
064720260615,2026061547,6,4,7,012858,亀井宏佳,,11.7,3/4車身,,0,0
064720260615,2026061547,6,5,2,012679,坂上忠克,,11.6,3/4車輪,,0,0
064720260615,2026061547,6,6,1,015001,堀兼壽,,11.9,3/4車身,,0,0
064720260615,2026061547,6,7,5,014166,倉野隆太郎,,11.6,3/4車輪,,0,0
074720260615,2026061547,7,1,1,013716,佐藤亙,差,12.0,,,1,0
074720260615,2026061547,7,2,3,014937,田中誇士,捲,11.9,3/4車輪,,0,0
074720260615,2026061547,7,3,4,013333,小西誠也,,12.0,3/4車身,,0,0
074720260615,2026061547,7,4,6,015255,樋口開土,,11.9,1/8車輪,,0,0
074720260615,2026061547,7,5,2,015812,森崎英登,,12.3,1/2車身,,0,1
074720260615,2026061547,7,6,7,013413,鶴岡與之,,12.1,3車身,,0,0
074720260615,2026061547,7,7,5,013456,小林和彦,,12.1,1/8車輪,,0,0
084720260615,2026061547,8,1,1,015781,齊藤英伊須,逃,12.3,,,1,1
084720260615,2026061547,8,2,4,015109,大利航平,マ,12.3,1車身,,0,0
084720260615,2026061547,8,3,5,012960,水書義弘,,12.4,3車身,,0,0
084720260615,2026061547,8,4,2,013601,工藤政志,,12.5,タイヤ,,0,0
084720260615,2026061547,8,5,3,014180,坂本匡洋,,12.4,3/4車身,,0,0
084720260615,2026061547,8,6,7,012971,小川将人,,12.4,1車身1/2,,0,0
084720260615,2026061547,8,7,6,013039,松山正和,,12.5,3車身,,0,0
094720260615,2026061547,9,1,1,015460,仲野結音,捲,11.1,,,0,0
094720260615,2026061547,9,2,2,013711,小林則之,マ,11.0,1/2車身,,0,0
094720260615,2026061547,9,3,3,015689,菊地圭,,11.0,1車身,,0,0
094720260615,2026061547,9,4,4,013762,吉田勇人,,11.8,2車身,,1,0
094720260615,2026061547,9,5,6,015182,吉川希望,,11.6,3/4車身,,0,0
094720260615,2026061547,9,6,5,013864,伊藤世哉,,11.5,1/2車輪,,0,0
094720260615,2026061547,9,7,7,015429,山田雄大,,12.2,2車身,,0,1
018620260615,2026061586,1,1,4,015875,邊見竜馬,逃,11.8,,,0,1
018620260615,2026061586,1,2,3,014078,植草亮介,マ,11.7,1/2車身,,0,0
018620260615,2026061586,1,3,1,013479,田中秀治,,11.4,3/4車身,,0,0
018620260615,2026061586,1,4,7,013860,藤原清隆,,11.6,3/4車輪,,1,0
018620260615,2026061586,1,5,5,014032,藤田真,,11.5,1/2車輪,,0,0
018620260615,2026061586,1,6,2,013974,大竹野裕樹,,11.6,4車身,,0,0
018620260615,2026061586,1,7,6,012779,田川辰二,,11.6,1車身1/2,,0,0
028620260615,2026061586,2,1,1,015212,山口龍也,差,11.7,,,1,0
028620260615,2026061586,2,2,3,014530,栗田雄矢,差,12.3,1車輪,,0,0
028620260615,2026061586,2,3,7,015558,川野深,,11.9,1/8車輪,,0,0
028620260615,2026061586,2,4,5,015785,福田健太,,12.5,3/4車身,,0,1
028620260615,2026061586,2,5,2,013352,吉永和生,,11.8,1車身1/2,,0,0
028620260615,2026061586,2,6,6,014705,沢田勇治,,12.3,3車身,,0,0
028620260615,2026061586,2,7,4,015101,松岡晋乃介,,12.9,4車身,,0,0
038620260615,2026061586,3,1,1,015611,長谷川飛向,逃,11.7,,,0,1
038620260615,2026061586,3,2,3,015359,山口聖矢,差,11.6,2車身,,0,0
038620260615,2026061586,3,3,4,015185,布居大地,,11.7,タイヤ,,1,0
038620260615,2026061586,3,4,5,012164,堀政美,,11.5,1車身1/2,,0,0
038620260615,2026061586,3,5,7,015729,山根慶太,,11.6,1/8車輪,,0,0
038620260615,2026061586,3,6,2,013968,越智展孝,,11.5,3/4車輪,,0,0
038620260615,2026061586,3,7,6,014887,板崎佑矢,,11.5,1車身,,0,0
048620260615,2026061586,4,1,7,013296,林明宏,差,12.2,,,0,0
048620260615,2026061586,4,2,1,015839,船山真生,逃,12.4,1/2車輪,,0,1
048620260615,2026061586,4,3,4,013374,川野正芳,,12.1,1/2車輪,,0,0
048620260615,2026061586,4,4,2,013580,河村章憲,,12.3,3車身,,0,0
048620260615,2026061586,4,5,3,015175,桜井大地,,12.6,3車身,,1,0
048620260615,2026061586,4,6,6,013013,武田靖夫,,12.5,1車身,,0,0
048620260615,2026061586,4,7,5,015623,野崎翼,,13.3,3車身,,0,0
058620260615,2026061586,5,1,1,014646,三浦雄大,差,12.0,,,0,0
058620260615,2026061586,5,2,7,013497,藤田昌宏,捲,12.3,1車輪,,0,1
058620260615,2026061586,5,3,3,013890,藤原浩,,12.2,1/2車身,,0,0
058620260615,2026061586,5,4,4,014730,中田健太,,11.9,3/4車輪,,0,0
058620260615,2026061586,5,5,6,013471,松坂英司,,12.0,2車身,,0,0
058620260615,2026061586,5,6,2,013445,中村良二,,13.1,大差,,0,0
058620260615,2026061586,5,7,5,015564,高橋綜一郎,,14.1,7車身,,1,0
068620260615,2026061586,6,1,4,015002,神田龍,捲,11.6,,,0,1
068620260615,2026061586,6,2,7,015004,畑段嵐士,マ,11.4,1/4車輪,,0,0
068620260615,2026061586,6,3,3,014839,山本巨樹,,11.4,3/4車身,,0,0
068620260615,2026061586,6,4,1,013850,山賀雅仁,,11.6,3車身,,0,0
068620260615,2026061586,6,5,2,014635,中本匠栄,,12.1,5車身,,0,0
068620260615,2026061586,6,6,5,015352,原田亮太,,12.5,2車身,,0,0
068620260615,2026061586,6,7,6,015741,堀川敬太郎,,13.2,8車身,,1,0
078620260615,2026061586,7,1,3,015334,朝倉智仁,差,11.6,,,0,0
078620260615,2026061586,7,2,5,015551,渡口勝成,逃,12.1,3/4車輪,,0,1
078620260615,2026061586,7,3,1,014680,増原正人,,11.9,1/4車輪,,0,0
078620260615,2026061586,7,4,7,014148,岸澤賢太,,11.6,3/4車輪,,1,0
078620260615,2026061586,7,5,6,014710,花田将司,,11.5,1/4車輪,,0,0
078620260615,2026061586,7,6,4,015630,原田翔真,,11.5,1車身,,0,0
078620260615,2026061586,7,7,2,015365,古賀勝大,,11.4,1/4車輪,,0,0
088620260615,2026061586,8,1,2,015521,中島詩音,捲,11.8,,,0,0
088620260615,2026061586,8,2,5,014141,中川貴徳,マ,11.7,1/4車輪,,0,0
088620260615,2026061586,8,3,7,014263,樫山恭柄,,12.1,1/2車輪,,0,0
088620260615,2026061586,8,4,6,015388,松尾勇吾,,12.1,3/4車身,,0,0
088620260615,2026061586,8,5,1,015654,梅崎隆介,,12.3,3/4車輪,,1,1
088620260615,2026061586,8,6,3,014769,坂本修一,,11.9,1/8車輪,,0,0
088620260615,2026061586,8,7,4,015832,角宗哉,,12.1,1/2車輪,,0,0
098620260615,2026061586,9,1,2,015527,北井佑季,捲,11.6,,,0,0
098620260615,2026061586,9,2,5,012889,丸山啓一,マ,11.6,2車身,,0,0
098620260615,2026061586,9,3,3,014831,伊藤裕貴,,11.9,2車身,,0,0
098620260615,2026061586,9,4,4,013679,真崎新太郎,,11.8,3/4車身,,0,0
098620260615,2026061586,9,5,6,013747,伊藤大志,,11.8,1車身,,0,0
098620260615,2026061586,9,6,7,015717,児玉虎之介,,12.3,3/4車身,,0,1
098620260615,2026061586,9,7,1,015696,荒川達郎,,12.1,1/4車輪,,1,0
108620260615,2026061586,10,1,5,015322,磯島成介,捲,11.2,,,0,0
108620260615,2026061586,10,2,4,015645,室井蓮太朗,逃,11.6,3/4車身,,0,1
108620260615,2026061586,10,3,3,015418,原大智,,11.1,1/2車身,,0,0
108620260615,2026061586,10,4,2,014108,山中貴雄,,11.5,3/4車身,,1,0
108620260615,2026061586,10,5,7,014551,山下一輝,,11.5,3/4車身,,0,0
108620260615,2026061586,10,6,1,013790,稲垣裕之,,11.7,3車身,,0,0
108620260615,2026061586,10,7,6,014767,藤井栄二,,12.7,大差,,0,0
118620260615,2026061586,11,1,4,015473,青柳靖起,差,11.7,,,0,0
118620260615,2026061586,11,2,2,014454,上原龍,差,12.0,1/4車輪,,0,0
118620260615,2026061586,11,3,1,014890,大西貴晃,,11.6,1/4車輪,,0,0
118620260615,2026061586,11,4,6,015251,柿本大貴,,12.1,3/4車輪,,0,1
118620260615,2026061586,11,5,5,013824,上吹越直樹,,11.5,1/2車輪,,0,0
118620260615,2026061586,11,6,3,013990,荻原尚人,,11.6,1/2車輪,,1,0
118620260615,2026061586,11,7,7,014298,蒔田英彦,,11.8,2車身,,0,0
128620260615,2026061586,12,1,4,015516,木村皆斗,捲,11.3,,,0,0
128620260615,2026061586,12,2,7,015390,伊藤颯馬,逃,11.6,2車身,,0,1
128620260615,2026061586,12,3,2,014852,徳永哲人,,11.6,1車身,,0,0
128620260615,2026061586,12,4,1,014939,長尾拳太,,11.4,1/4車輪,,0,0
128620260615,2026061586,12,5,6,015116,池野健太,,11.2,1/2車身,,0,0
128620260615,2026061586,12,6,5,015196,小川丈太,,11.1,1/8車輪,,0,0
128620260615,2026061586,12,7,3,014795,櫻井正孝,,11.6,3/4車身,,1,0
011120260616,2026061611,1,1,1,013235,榊枝輝文,差,12.1,,,0,0
011120260616,2026061611,1,2,2,015887,星野京旺,逃,12.4,1/4車輪,,1,1
011120260616,2026061611,1,3,5,014154,長岡豪,,12.3,1/2車輪,,0,0
011120260616,2026061611,1,4,4,013399,塚本勝士,,11.9,1車身,,0,0
011120260616,2026061611,1,5,3,011766,齋藤明,,12.2,1/2車身,,0,0
011120260616,2026061611,1,6,6,013905,藤原義晴,,12.3,4車身,,0,0
021120260616,2026061611,2,1,2,015112,日浦崇道,逃,12.1,,,0,1
021120260616,2026061611,2,2,4,013261,柴田昌樹,マ,12.0,1/8車輪,,0,0
021120260616,2026061611,2,3,5,014432,相澤恵一,,11.9,3/4車身,,0,0
021120260616,2026061611,2,4,3,014430,橋本祐司,,11.9,2車身,,0,0
021120260616,2026061611,2,5,7,013927,高橋由記,,12.0,2車身,,0,0
021120260616,2026061611,2,6,1,014661,駒井大輔,,12.3,2車身,,1,0
021120260616,2026061611,2,7,6,012970,山内大作,,13.2,大差,,0,0
031120260616,2026061611,3,1,4,014610,山村慮太,差,12.3,,,0,0
031120260616,2026061611,3,2,1,012603,大川栄二,差,12.4,1/4車輪,,0,0
031120260616,2026061611,3,3,6,013266,伊藤嘉浩,,12.6,1/2車輪,,1,1
031120260616,2026061611,3,4,5,013255,安坂洋一,,12.2,1車身1/2,,0,0
031120260616,2026061611,3,5,7,011454,杉浦康一,,12.0,3/4車輪,,0,0
031120260616,2026061611,3,6,2,014986,三浦綾,,12.2,1/8車輪,,0,0
031120260616,2026061611,3,7,3,013324,市川博章,,12.1,2車身,,0,0
041120260616,2026061611,4,1,4,014948,斎藤敦,差,11.9,,,0,0
041120260616,2026061611,4,2,5,014424,大澤哉太,差,12.3,1/2車輪,,0,0
041120260616,2026061611,4,3,1,012092,高木隆弘,,12.3,1/4車輪,,0,0
041120260616,2026061611,4,4,2,013210,川本恵二,,11.8,1/2車身,,0,0
041120260616,2026061611,4,5,3,014802,渡邉正人,,12.7,1/2車輪,,1,1
041120260616,2026061611,4,6,7,014381,吉澤賢,,12.2,1車輪,,0,0
041120260616,2026061611,4,7,6,011821,中川博文,,11.8,1車輪,,0,0
051120260616,2026061611,5,1,5,012937,十文字菊雄,差,12.0,,,0,0
051120260616,2026061611,5,2,7,013546,田村真広,マ,11.8,3/4車輪,,0,0
051120260616,2026061611,5,3,2,014205,日当泰之,,12.2,1/2車輪,,1,1
051120260616,2026061611,5,4,6,014171,深見仁哉,,11.4,1/2車身,,0,0
051120260616,2026061611,5,5,3,014738,櫻川雅彦,,11.9,3/4車身,,0,0
051120260616,2026061611,5,6,4,015177,森川康輔,,11.9,3車身,,0,0
051120260616,2026061611,5,7,1,013117,鳥越靖弘,,12.4,8車身,,0,0
061120260616,2026061611,6,1,5,013979,竹内優也,差,11.7,,,1,0
061120260616,2026061611,6,2,3,015427,戸邉捺希,捲,11.7,1/2車輪,,0,0
061120260616,2026061611,6,3,1,014387,佐野恭太,,11.7,3/4車身,,0,0
061120260616,2026061611,6,4,2,014126,高谷敏史,,12.0,3/4車輪,,0,1
061120260616,2026061611,6,5,7,012431,會田正一,,11.6,3/4車身,,0,0
061120260616,2026061611,6,6,4,013175,峠祐介,,11.8,3車身,,0,0
061120260616,2026061611,6,7,6,014227,緒方剛,,11.8,1車身,,0,0
071120260616,2026061611,7,1,1,015250,今井聡,差,12.0,,,1,0
071120260616,2026061611,7,2,4,014862,坂本将太郎,マ,11.9,1/2車身,,0,0
071120260616,2026061611,7,3,3,015797,中島淳,,12.2,3/4車輪,,0,1
071120260616,2026061611,7,4,6,014125,坂本昌宏,,11.9,3/4車身,,0,0
071120260616,2026061611,7,5,7,014476,乾庄平,,12.2,タイヤ,,0,0
071120260616,2026061611,7,6,2,013209,奥谷広巳,,11.9,1/2車輪,,0,0
071120260616,2026061611,7,7,5,014305,大谷靖茂,,12.8,5車身,,0,0
081120260616,2026061611,8,1,7,013188,山田幸司,差,12.2,,,0,0
081120260616,2026061611,8,2,4,014161,藤田大輔,マ,12.0,1/8車輪,,0,0
081120260616,2026061611,8,3,1,015893,岩辺陸,,12.4,1/2車身,,1,1
081120260616,2026061611,8,4,2,014444,星野辰也,,12.0,3/4車身,,0,0
081120260616,2026061611,8,5,5,014869,泉谷元樹,,12.3,3車身,,0,0
081120260616,2026061611,8,6,3,014392,北村篤,,12.4,2車身,,0,0
081120260616,2026061611,8,7,6,014362,岩崎大和,,12.3,1/2車輪,,0,0
091120260616,2026061611,9,1,3,015348,寺沼伊織,差,12.5,,,0,0
091120260616,2026061611,9,2,5,013976,明田春喜,差,12.4,タイヤ,,0,0
091120260616,2026061611,9,3,7,014981,磯島康祐,,12.5,1/2車輪,,0,0
091120260616,2026061611,9,4,1,014651,須永勝太,,12.1,1/8車輪,,1,0
091120260616,2026061611,9,5,4,015107,田頭寛之,,12.3,1/4車輪,,0,0
091120260616,2026061611,9,6,2,015048,志佐明,,12.9,2車身,,0,1
091120260616,2026061611,9,7,6,015257,舟山佑京,,13.7,大差,,0,0
101120260616,2026061611,10,1,1,015878,椎名俊介,捲,11.4,,,1,0
101120260616,2026061611,10,2,6,014662,櫻井宏樹,マ,11.5,3車身,,0,0
101120260616,2026061611,10,3,5,014276,坂本敏也,,12.0,1/4車輪,,0,0
101120260616,2026061611,10,4,4,015054,谷本奨輝,,11.9,1/2車輪,,0,0
101120260616,2026061611,10,5,3,015890,中秀平,,12.4,2車身,,0,1
101120260616,2026061611,10,6,2,015871,三浦生誠,,12.5,3/4車身,,0,0
101120260616,2026061611,10,7,7,012193,井手尚治,,13.0,大差,,0,0
111120260616,2026061611,11,1,4,013800,中村一将,差,11.8,,,0,0
111120260616,2026061611,11,2,3,015240,前川大輔,差,12.0,1/2車輪,,0,0
111120260616,2026061611,11,3,7,014031,筒井裕哉,,11.9,1車身1/2,,0,0
111120260616,2026061611,11,4,2,012728,飯田辰哉,,11.9,1/2車輪,,0,0
111120260616,2026061611,11,5,6,014980,田原宥明,,12.3,3/4車輪,,0,0
111120260616,2026061611,11,6,1,015913,一守大葵,,12.3,3/4車身,,1,0
111120260616,2026061611,11,7,5,015161,吉田昌司,,13.5,大差,,0,1
013620260616,2026061636,1,1,1,013543,内海雅夫,差,10.3,,,1,0
013620260616,2026061636,1,2,3,012005,藤田和彦,マ,10.2,3/4車身,,0,0
013620260616,2026061636,1,3,5,013531,伊藤司,,10.5,1/2車輪,,0,1
013620260616,2026061636,1,4,4,012914,武市和人,,10.3,1/4車輪,,0,0
013620260616,2026061636,1,5,6,014855,東隆之,,10.2,1/4車輪,,0,0
013620260616,2026061636,1,6,2,014555,水木裕聡,,10.3,3車身,,0,0
023620260616,2026061636,2,1,6,014010,長谷川辰徳,差,9.9,,,0,0
023620260616,2026061636,2,2,4,013320,村上順規,捲,10.1,1車輪,,0,0
023620260616,2026061636,2,3,5,013788,白崎芳典,,10.5,4車身,,1,0
023620260616,2026061636,2,4,2,012348,飯田威文,,10.3,3/4車身,,0,0
023620260616,2026061636,2,5,1,012754,小野祐作,,10.4,1/4車輪,,0,0
023620260616,2026061636,2,6,3,014678,樋口有樹郎,,11.7,大差,,0,1
033620260616,2026061636,3,1,2,014713,鈴木裕斗,逃,10.2,,,1,1
033620260616,2026061636,3,2,4,014289,羽石国臣,マ,10.1,微差,,0,0
033620260616,2026061636,3,3,1,012753,柳澤達也,,10.2,大差,,0,0
033620260616,2026061636,3,4,3,014745,吉竹雄城,,10.6,3車身,,0,0
033620260616,2026061636,3,5,5,011372,黒瀬浩一,,10.5,1/2車身,,0,0
033620260616,2026061636,3,6,6,013397,鈴木龍之介,,0.0,大差,,0,0
043620260616,2026061636,4,1,1,014242,亀谷隆一,差,11.2,,,1,0
043620260616,2026061636,4,2,3,012593,山田圭二,差,11.0,1/4車輪,,0,0
043620260616,2026061636,4,3,7,013847,小林大能,,11.1,1/4車輪,,0,0
043620260616,2026061636,4,4,4,014064,吉松賢二,,11.4,1/4車輪,,0,1
043620260616,2026061636,4,5,5,013378,小田桐義継,,11.1,2車身,,0,0
043620260616,2026061636,4,6,6,012242,穴井利久,,11.2,3車身,,0,0
043620260616,2026061636,4,7,2,015158,猪野泰介,,12.9,大差,,0,0
053620260616,2026061636,5,1,7,015897,森飛龍,逃,10.2,,,0,1
053620260616,2026061636,5,2,2,012876,湯浅弘光,マ,10.1,1/2車輪,,0,0
053620260616,2026061636,5,3,5,014218,邊見斎,,10.0,3/4車身,,1,0
053620260616,2026061636,5,4,3,015085,奈良基,,10.2,1車身1/2,,0,0
053620260616,2026061636,5,5,4,014033,藤縄洋介,,9.8,1/4車輪,,0,0
053620260616,2026061636,5,6,6,013029,藤田晃英,,10.0,タイヤ,,0,0
053620260616,2026061636,5,7,1,014697,相川巧,,10.1,3車身,,0,0
063620260616,2026061636,6,1,3,012436,渡邊秀明,差,10.2,,,0,0
063620260616,2026061636,6,2,4,014739,里見恒平,捲,10.4,1/2車輪,,0,0
063620260616,2026061636,6,3,6,012509,岡嵜浩一,,10.2,1/2車身,,0,0
063620260616,2026061636,6,4,5,014447,三木翔太,,10.4,1/4車輪,,0,0
063620260616,2026061636,6,5,2,013069,白川有司,,10.3,1/2車身,,0,0
063620260616,2026061636,6,6,7,014407,森佑樹,,10.5,1車身1/2,,0,0
063620260616,2026061636,6,7,1,015801,織茂雄一郎,,10.8,3/4車身,,1,1
073620260616,2026061636,7,1,4,015901,真木寛斗,逃,10.3,,,0,1
073620260616,2026061636,7,2,2,015912,安達豪太,マ,10.2,3/4車身,,0,0
073620260616,2026061636,7,3,7,014842,川本琢也,,10.2,1車輪,,0,0
073620260616,2026061636,7,4,3,015936,下山聖斗,,10.2,1/4車輪,,1,0
073620260616,2026061636,7,5,6,014686,秋永昂人,,10.2,1車身1/2,,0,0
073620260616,2026061636,7,6,5,013521,中野良,,10.4,5車身,,0,0
073620260616,2026061636,7,7,1,015523,邊見祐太,,12.4,大差,,0,0
013120260616,2026061631,1,1,3,015315,渡口まりあ,逃,10.6,,,0,1
013120260616,2026061631,1,2,1,015018,高橋梨香,マ,10.6,1/2車身,,1,0
013120260616,2026061631,1,3,5,015670,萩原瑞生,,10.2,3/4車輪,,0,0
013120260616,2026061631,1,4,2,015865,豊田美香,,10.6,1/4車輪,,0,0
013120260616,2026061631,1,5,4,015075,溝口香奈,,10.5,1車身,,0,0
013120260616,2026061631,1,6,6,015945,橋本のこ,,10.4,3/4車身,,0,0
013120260616,2026061631,1,7,7,015860,濱田芽生,,10.5,3車身,,0,0
023120260616,2026061631,2,1,1,015495,下条未悠,捲,10.4,,,0,0
023120260616,2026061631,2,2,2,015399,高木佑真,捲,10.6,1車身1/2,,0,0
023120260616,2026061631,2,3,3,014910,篠崎新純,,11.1,1/4車輪,,1,1
023120260616,2026061631,2,4,4,015393,佐々木綾,,10.6,1/2車身,,0,0
023120260616,2026061631,2,5,5,015490,杉浦菜留,,10.5,1/2車身,,0,0
023120260616,2026061631,2,6,6,015134,藤巻絵里佳,,10.5,1車身1/2,,0,0
023120260616,2026061631,2,7,7,015079,日野友葵,,11.4,7車身,,0,0
033120260616,2026061631,3,1,3,015447,小浦凪,差,9.9,,,0,0
033120260616,2026061631,3,2,1,013477,宮司周郎,マ,9.8,3/4車身,,1,0
033120260616,2026061631,3,3,2,014302,武田憲祐,,10.1,3/4車輪,,0,0
033120260616,2026061631,3,4,5,014755,奥出健士郎,,9.8,3/4車輪,,0,0
033120260616,2026061631,3,5,6,014303,小川達也,,10.4,1車身,,0,1
033120260616,2026061631,3,6,4,014011,細沼健治,,10.9,7車身,,0,0
033120260616,2026061631,3,7,7,013463,小宮剛,,0.0,大差,,0,0
043120260616,2026061631,4,1,1,014226,大畑裕貴,逃,10.5,,,1,1
043120260616,2026061631,4,1,4,013621,國廣哲治,差,10.3,,,0,0
043120260616,2026061631,4,3,6,014243,齊藤健人,,9.8,1車輪,,0,0
043120260616,2026061631,4,4,3,015357,藤井稜也,,10.2,1/4車輪,,0,0
043120260616,2026061631,4,5,5,012882,鈴木愼二,,9.8,1車身,,0,0
043120260616,2026061631,4,6,2,014102,篠塚光一,,10.1,1/8車輪,,0,0
043120260616,2026061631,4,7,7,015156,門脇翼,,10.8,大差,,0,0
053120260616,2026061631,5,1,1,013335,坂上樹大,差,10.0,,,1,0
053120260616,2026061631,5,2,4,015720,山元大夢,逃,10.2,3/4車輪,,0,1
053120260616,2026061631,5,3,2,014402,泉谷直哉,,9.9,1車輪,,0,0
053120260616,2026061631,5,4,6,013408,川村昭弘,,9.9,3/4車身,,0,0
053120260616,2026061631,5,5,5,012953,矢内良和,,10.0,2車身,,0,0
053120260616,2026061631,5,6,7,012416,櫻井紀幸,,9.8,1/4車輪,,0,0
053120260616,2026061631,5,7,3,014575,鈴木達也,,9.9,2車身,,0,0
063120260616,2026061631,6,1,1,015338,土田栄二,逃,10.0,,,1,1
063120260616,2026061631,6,2,2,013311,根本雄紀,マ,9.9,1車輪,,0,0
063120260616,2026061631,6,3,7,013761,新井剛央,,9.9,3/4車身,,0,0
063120260616,2026061631,6,4,3,012586,佐藤和典,,9.9,1車身,,0,0
063120260616,2026061631,6,5,5,014083,成清謙二郎,,9.8,3/4車身,,0,0
063120260616,2026061631,6,6,4,013729,堺文人,,9.9,2車身,,0,0
063120260616,2026061631,6,7,6,014319,中野彰人,,10.0,2車身,,0,0
073120260616,2026061631,7,1,3,015615,荒川仁,逃,10.2,,,0,1
073120260616,2026061631,7,2,1,014084,小菅誠,マ,10.2,3/4車身,,0,0
073120260616,2026061631,7,3,2,013985,高橋陽介,,10.2,3/4車身,,1,0
073120260616,2026061631,7,4,4,014933,奥原亨,,10.3,1車身1/2,,0,0
073120260616,2026061631,7,5,5,014732,和田禎嗣,,10.1,3/4車身,,0,0
073120260616,2026061631,7,6,6,015688,佐々木祐太,,10.4,3/4車輪,,0,0
073120260616,2026061631,7,7,7,015245,尾崎悠生,,0.0,大差,,0,0
083120260616,2026061631,8,1,7,015880,吉岡優太,捲,10.2,,,0,0
083120260616,2026061631,8,2,1,014475,高間悠平,マ,10.1,1/2車身,,0,0
083120260616,2026061631,8,3,4,013535,平沼由充,,10.0,2車身,,0,0
083120260616,2026061631,8,4,2,015723,稲毛知也,,10.5,1/2車身,,1,1
083120260616,2026061631,8,5,5,013308,木村貴宏,,10.2,1車輪,,0,0
083120260616,2026061631,8,6,3,014825,稲葉一真,,10.0,1/2車輪,,0,0
083120260616,2026061631,8,7,6,014459,根藤浩二,,10.8,6車身,,0,0
093120260616,2026061631,9,1,1,015786,角田光,捲,10.3,,,0,0
093120260616,2026061631,9,2,2,013748,佐々木省司,マ,10.3,3/4車身,,1,0
093120260616,2026061631,9,3,3,015344,荒木貴大,,10.8,3/4車身,,0,1
093120260616,2026061631,9,4,7,013635,柏木伸介,,10.2,1/2車輪,,0,0
093120260616,2026061631,9,5,4,013929,宮内善光,,10.6,1/8車輪,,0,0
093120260616,2026061631,9,6,5,014587,鈴木謙二,,10.8,1車身,,0,0
093120260616,2026061631,9,7,6,015351,宮下一歩,,11.4,大差,,0,0
014720260616,2026061647,1,1,1,015760,五味田奈穂,捲,12.7,,,0,1
014720260616,2026061647,1,2,2,015504,西島叶子,差,12.5,1/2車輪,,0,0
014720260616,2026061647,1,3,3,015313,豊岡英子,,12.6,1/2車輪,,1,0
014720260616,2026061647,1,4,4,015851,片岡美奈,,12.5,1車身1/2,,0,0
014720260616,2026061647,1,5,6,015856,野寺梓,,12.6,2車身,,0,0
014720260616,2026061647,1,6,5,014909,浦部郁里,,13.0,3車身,,0,0
014720260616,2026061647,1,7,7,014897,岡村育子,,0.0,大差,,0,0
024720260616,2026061647,2,1,1,015586,太田瑛美,捲,12.2,,,0,1
024720260616,2026061647,2,2,2,015584,西脇美唯奈,逃,12.4,2車身,,0,0
024720260616,2026061647,2,3,4,015321,比嘉真梨代,,12.4,1車身,,1,0
024720260616,2026061647,2,4,5,015407,出口倫子,,12.4,1車身,,0,0
024720260616,2026061647,2,5,6,015673,塩田日海,,12.5,1/2車輪,,0,0
024720260616,2026061647,2,6,7,014924,松尾智佳,,12.3,1車身,,0,0
024720260616,2026061647,2,7,3,015140,鈴木彩夏,,13.1,5車身,,0,0
034720260616,2026061647,3,1,1,013263,田中雅史,差,11.9,,,0,0
034720260616,2026061647,3,2,3,013426,本村隆文,マ,11.8,タイヤ,,0,0
034720260616,2026061647,3,3,6,014474,山崎晃,,12.1,1/2車身,,0,1
034720260616,2026061647,3,4,7,014840,石貞有基,,11.8,3/4車身,,1,0
034720260616,2026061647,3,5,5,013039,松山正和,,11.7,3/4車身,,0,0
034720260616,2026061647,3,6,4,013413,鶴岡與之,,11.7,1車身,,0,0
034720260616,2026061647,3,7,2,013192,平田徹,,12.8,大差,,0,0
044720260616,2026061647,4,1,6,014166,倉野隆太郎,差,11.9,,,0,0
044720260616,2026061647,4,2,1,015001,堀兼壽,逃,12.1,1/2車身,,0,1
044720260616,2026061647,4,3,3,013645,川木敬大,,11.9,1車輪,,0,0
044720260616,2026061647,4,4,7,012971,小川将人,,11.9,1/2車身,,0,0
044720260616,2026061647,4,5,2,013952,東鉄也,,12.0,1車輪,,1,0
044720260616,2026061647,4,6,5,013456,小林和彦,,12.5,3車身,,0,0
044720260616,2026061647,4,7,4,014950,市村昌樹,,13.9,大差,,0,0
054720260616,2026061647,5,1,3,014180,坂本匡洋,差,11.8,,,0,0
054720260616,2026061647,5,2,2,012679,坂上忠克,差,12.0,3/4車輪,,0,0
054720260616,2026061647,5,3,7,012960,水書義弘,,11.8,3/4車身,,0,0
054720260616,2026061647,5,4,5,015533,岩城佑典,,12.3,1車輪,,0,1
054720260616,2026061647,5,5,1,015617,添田龍児,,11.9,1/4車輪,,0,0
054720260616,2026061647,5,6,6,015255,樋口開土,,11.9,1/2車輪,,0,0
054720260616,2026061647,5,7,4,014586,近藤寛央,,11.8,3/4車身,,1,0
064720260616,2026061647,6,1,3,015163,戸塚涼介,逃,12.0,,,0,1
064720260616,2026061647,6,2,5,012940,小室貴広,マ,12.0,1車輪,,0,0
064720260616,2026061647,6,3,2,013601,工藤政志,,11.9,1/4車輪,,0,0
064720260616,2026061647,6,4,1,015812,森崎英登,,11.9,1車身,,1,0
064720260616,2026061647,6,5,4,013333,小西誠也,,11.8,3/4車身,,0,0
064720260616,2026061647,6,6,7,012858,亀井宏佳,,11.9,1/4車輪,,0,0
064720260616,2026061647,6,7,6,014823,渡辺聖,,11.9,4車身,,0,0
074720260616,2026061647,7,1,3,015429,山田雄大,差,11.5,,,0,0
074720260616,2026061647,7,2,1,015781,齊藤英伊須,逃,11.7,1/4車輪,,1,1
074720260616,2026061647,7,3,5,013610,土屋仁,,11.4,1/8車輪,,0,0
074720260616,2026061647,7,4,7,012719,篠崎高志,,11.4,1車身1/2,,0,0
074720260616,2026061647,7,5,2,013711,小林則之,,11.4,3/4車輪,,0,0
074720260616,2026061647,7,6,4,014304,大竹哲也,,11.3,1/4車輪,,0,0
074720260616,2026061647,7,7,6,014758,中野智公,,13.6,大差,,0,0
084720260616,2026061647,8,1,3,014206,金野俊秋,差,12.1,,,0,0
084720260616,2026061647,8,2,1,015689,菊地圭,逃,12.2,1/4車輪,,1,1
084720260616,2026061647,8,3,7,014525,三ッ井武,,12.0,1車輪,,0,0
084720260616,2026061647,8,4,6,015109,大利航平,,11.7,タイヤ,,0,0
084720260616,2026061647,8,5,2,015182,吉川希望,,11.9,1/2車身,,0,0
084720260616,2026061647,8,6,4,013405,宮下貴之,,11.8,1車身,,0,0
084720260616,2026061647,8,7,5,014859,小林申太,,12.0,3/4車輪,,0,0
094720260616,2026061647,9,1,1,015460,仲野結音,捲,11.6,,,1,0
094720260616,2026061647,9,2,3,013864,伊藤世哉,マ,11.6,1車身,,0,0
094720260616,2026061647,9,3,4,013716,佐藤亙,,11.5,1/2車身,,0,0
094720260616,2026061647,9,4,2,013762,吉田勇人,,11.9,1車身1/2,,0,0
094720260616,2026061647,9,5,5,015792,貝原涼太,,12.2,1/2車身,,0,1
094720260616,2026061647,9,6,6,014669,植木和広,,11.9,1/2車身,,0,0
094720260616,2026061647,9,7,7,014937,田中誇士,,12.3,2車身,,0,0
018620260616,2026061686,1,1,7,013974,大竹野裕樹,差,11.8,,,0,0
018620260616,2026061686,1,2,5,013580,河村章憲,差,12.2,1/4車輪,,0,0
018620260616,2026061686,1,3,3,015101,松岡晋乃介,,12.3,1/8車輪,,1,1
018620260616,2026061686,1,4,4,013968,越智展孝,,11.8,1車身,,0,0
018620260616,2026061686,1,5,1,014887,板崎佑矢,,11.8,1車身,,0,0
018620260616,2026061686,1,6,6,013013,武田靖夫,,11.8,2車身,,0,0
018620260616,2026061686,1,7,2,012779,田川辰二,,11.7,3/4車身,,0,0
028620260616,2026061686,2,1,4,013352,吉永和生,差,12.0,,,0,0
028620260616,2026061686,2,2,5,015175,桜井大地,捲,11.8,1/2車身,,0,0
028620260616,2026061686,2,3,2,015729,山根慶太,,12.3,1/2車輪,,0,1
028620260616,2026061686,2,4,1,013860,藤原清隆,,11.7,1/2車輪,,1,0
028620260616,2026061686,2,5,6,014705,沢田勇治,,12.0,1/2車輪,,0,0
028620260616,2026061686,2,6,3,014032,藤田真,,11.8,3/4車身,,0,0
028620260616,2026061686,2,7,7,015623,野崎翼,,12.2,1車身,,0,0
038620260616,2026061686,3,1,5,015611,長谷川飛向,捲,11.7,,,0,1
038620260616,2026061686,3,2,2,015212,山口龍也,差,11.7,2車身,,0,0
038620260616,2026061686,3,3,3,015839,船山真生,,12.0,4車身,,0,0
038620260616,2026061686,3,4,6,015185,布居大地,,12.2,1/4車輪,,0,0
038620260616,2026061686,3,0,1,014730,中田健太,,0.0,,失格,1,0
038620260616,2026061686,3,0,4,014078,植草亮介,,0.0,,落車,0,0
038620260616,2026061686,3,0,7,013890,藤原浩,,0.0,,落車,0,0
048620260616,2026061686,4,1,2,014646,三浦雄大,差,11.7,,,1,0
048620260616,2026061686,4,2,6,015875,邊見竜馬,捲,11.8,1車輪,,0,1
048620260616,2026061686,4,3,7,014530,栗田雄矢,,11.7,1/2車身,,0,0
048620260616,2026061686,4,4,5,013296,林明宏,,11.7,2車身,,0,0
048620260616,2026061686,4,5,4,013445,中村良二,,12.1,3車身,,0,0
048620260616,2026061686,4,6,3,015558,川野深,,12.3,1/2車身,,0,0
048620260616,2026061686,4,7,1,013497,藤田昌宏,,13.0,8車身,,0,0
058620260616,2026061686,5,1,6,012164,堀政美,差,11.6,,,0,0
058620260616,2026061686,5,2,4,015785,福田健太,差,11.9,1/8車輪,,1,0
058620260616,2026061686,5,3,7,015359,山口聖矢,,11.4,1/8車輪,,0,0
058620260616,2026061686,5,4,1,015564,高橋綜一郎,,12.1,1/8車輪,,0,1
058620260616,2026061686,5,5,2,013471,松坂英司,,11.8,1/4車輪,,0,0
058620260616,2026061686,5,6,5,013374,川野正芳,,11.7,1車身1/2,,0,0
058620260616,2026061686,5,7,3,013479,田中秀治,,11.6,2車身,,0,0
068620260616,2026061686,6,1,3,015832,角宗哉,捲,11.5,,,0,0
068620260616,2026061686,6,2,7,014769,坂本修一,マ,11.5,微差,,0,0
068620260616,2026061686,6,3,1,014767,藤井栄二,,11.5,1車身,,1,0
068620260616,2026061686,6,4,5,015365,古賀勝大,,11.7,1車輪,,0,0
068620260616,2026061686,6,5,4,015696,荒川達郎,,12.0,1車身1/2,,0,1
068620260616,2026061686,6,6,2,013990,荻原尚人,,11.9,3/4車輪,,0,0
068620260616,2026061686,6,7,6,014710,花田将司,,11.9,2車身,,0,0
078620260616,2026061686,7,1,7,015352,原田亮太,逃,12.0,,,0,1
078620260616,2026061686,7,2,3,015717,児玉虎之介,差,11.4,1/2車身,,0,0
078620260616,2026061686,7,3,5,015630,原田翔真,,12.0,1/4車輪,,0,0
078620260616,2026061686,7,4,1,013747,伊藤大志,,11.7,1/4車輪,,0,0
078620260616,2026061686,7,5,2,013790,稲垣裕之,,12.0,3/4車身,,1,0
078620260616,2026061686,7,6,6,015741,堀川敬太郎,,11.6,3/4車輪,,0,0
078620260616,2026061686,7,7,4,014298,蒔田英彦,,12.1,2車身,,0,0
088620260616,2026061686,8,1,1,013824,上吹越直樹,差,11.6,,,0,0
088620260616,2026061686,8,2,2,014551,山下一輝,差,11.8,3/4車輪,,1,0
088620260616,2026061686,8,3,5,014148,岸澤賢太,,11.5,1車身,,0,0
088620260616,2026061686,8,4,7,013679,真崎新太郎,,11.4,1/2車輪,,0,0
088620260616,2026061686,8,5,3,015251,柿本大貴,,11.6,1/2車身,,0,0
088620260616,2026061686,8,6,4,014680,増原正人,,12.3,1車輪,,0,1
088620260616,2026061686,8,7,6,015388,松尾勇吾,,11.7,4車身,,0,0
098620260616,2026061686,9,1,3,014635,中本匠栄,差,11.2,,,0,0
098620260616,2026061686,9,2,7,015654,梅崎隆介,捲,11.4,1/2車輪,,0,0
098620260616,2026061686,9,3,6,014839,山本巨樹,,11.5,1車身,,0,0
098620260616,2026061686,9,4,5,014108,山中貴雄,,11.3,1車身,,0,0
098620260616,2026061686,9,5,2,013850,山賀雅仁,,11.4,1車輪,,0,0
098620260616,2026061686,9,6,1,014831,伊藤裕貴,,11.9,2車身,,1,1
098620260616,2026061686,9,7,4,014263,樫山恭柄,,11.7,1車身,,0,0
108620260616,2026061686,10,1,4,015527,北井佑季,捲,11.1,,,0,1
108620260616,2026061686,10,2,2,014795,櫻井正孝,マ,11.1,3/4車身,,0,0
108620260616,2026061686,10,3,7,015645,室井蓮太朗,,11.1,1車身,,0,0
108620260616,2026061686,10,4,6,014141,中川貴徳,,11.1,1車身1/2,,0,0
108620260616,2026061686,10,5,1,015196,小川丈太,,11.1,3/4車身,,1,0
108620260616,2026061686,10,6,3,015004,畑段嵐士,,12.6,大差,,0,0
108620260616,2026061686,10,7,5,015116,池野健太,,13.1,6車身,,0,0
118620260616,2026061686,11,1,3,014939,長尾拳太,差,11.5,,,0,0
118620260616,2026061686,11,2,7,015002,神田龍,捲,11.7,1車輪,,0,0
118620260616,2026061686,11,3,5,014890,大西貴晃,,11.4,3/4車輪,,0,0
118620260616,2026061686,11,4,1,015390,伊藤颯馬,,11.6,3/4車身,,1,0
118620260616,2026061686,11,5,4,015334,朝倉智仁,,11.9,1/2車輪,,0,1
118620260616,2026061686,11,6,6,015551,渡口勝成,,11.6,1/2車身,,0,0
118620260616,2026061686,11,7,2,012889,丸山啓一,,11.8,1/8車輪,,0,0
128620260616,2026061686,12,1,5,015516,木村皆斗,捲,11.0,,,0,0
128620260616,2026061686,12,2,4,015418,原大智,差,11.4,3車身,,0,0
128620260616,2026061686,12,3,1,015521,中島詩音,,11.3,3/4車身,,1,0
128620260616,2026061686,12,4,7,014852,徳永哲人,,11.4,3/4車輪,,0,0
128620260616,2026061686,12,5,3,015322,磯島成介,,11.8,3/4車身,,0,1
128620260616,2026061686,12,6,6,014454,上原龍,,11.3,1/8車輪,,0,0
128620260616,2026061686,12,7,2,015473,青柳靖起,,12.5,大差,,0,0
014620260616,2026061646,1,1,2,015899,加藤駿,逃,10.3,,,1,1
014620260616,2026061646,1,2,5,013264,山中貴雄,マ,10.3,3/4車身,,0,0
014620260616,2026061646,1,3,6,013573,高野輝彰,,10.2,3/4車輪,,0,0
014620260616,2026061646,1,4,4,013705,佐藤有輝,,10.0,1車輪,,0,0
014620260616,2026061646,1,5,3,014079,江本博明,,10.1,1車輪,,0,0
014620260616,2026061646,1,6,1,014101,永橋武司,,9.8,1/2車輪,,0,0
014620260616,2026061646,1,7,7,013207,葉狩伸泰,,10.2,4車身,,0,0
024620260616,2026061646,2,1,1,014216,田村純一,捲,10.9,,,1,0
024620260616,2026061646,2,2,3,012547,横瀬聡,差,10.3,1/4車輪,,0,0
024620260616,2026061646,2,3,7,012930,浦崎貴史,,10.9,1車身,,0,0
024620260616,2026061646,2,4,5,015210,白濱一平,,11.1,微差,,0,1
024620260616,2026061646,2,5,4,011142,小林宏年,,10.9,3/4車身,,0,0
024620260616,2026061646,2,6,2,013738,眞鍋伸也,,10.7,1/2車輪,,0,0
024620260616,2026061646,2,7,6,011431,梶應弘樹,,0.0,大差,,0,0
034620260616,2026061646,3,1,1,015898,岩原健馬,逃,10.6,,,1,1
034620260616,2026061646,3,2,4,011817,有賀高士,マ,10.5,1/2車身,,0,0
034620260616,2026061646,3,3,7,012681,辻力,,10.4,1/4車輪,,0,0
034620260616,2026061646,3,4,3,013692,佐野多喜男,,10.3,3/4車輪,,0,0
034620260616,2026061646,3,5,2,014257,岡崎克政,,10.0,1/2車身,,0,0
034620260616,2026061646,3,6,5,012650,笹川竜治,,10.4,3車身,,0,0
034620260616,2026061646,3,7,6,012132,甲斐下智,,10.2,1/4車輪,,0,0
044620260616,2026061646,4,1,2,015828,秋末蓮,逃,10.5,,,1,1
044620260616,2026061646,4,2,7,011715,黒木誠一,マ,10.5,3/4車身,,0,0
044620260616,2026061646,4,3,5,011994,藤光健一,,10.4,1/2車身,,0,0
044620260616,2026061646,4,4,1,012986,近藤直幹,,10.4,1車身1/2,,0,0
044620260616,2026061646,4,5,6,012618,武智尚之,,10.3,1車身1/2,,0,0
044620260616,2026061646,4,6,3,011993,深井高志,,10.5,3車身,,0,0
044620260616,2026061646,4,7,4,014550,龍門慎太郎,,10.6,2車身,,0,0
054620260616,2026061646,5,1,7,015879,西本健三郎,逃,10.5,,,1,1
054620260616,2026061646,5,2,2,014067,工藤考生,マ,10.5,1車輪,,0,0
054620260616,2026061646,5,3,4,014516,村松俊弥,,10.4,3/4車身,,0,0
054620260616,2026061646,5,4,1,014482,松本琢也,,10.4,3/4車身,,0,0
054620260616,2026061646,5,5,6,014179,肥後公允,,10.4,1車身1/2,,0,0
054620260616,2026061646,5,6,3,014416,矢田晋,,10.3,3車身,,0,0
054620260616,2026061646,5,7,5,013513,南和夫,,11.1,9車身,,0,0
064620260616,2026061646,6,1,4,012452,伊藤健詞,差,10.3,,,0,0
064620260616,2026061646,6,2,1,015811,水谷亮太,逃,10.5,3/4車身,,1,1
064620260616,2026061646,6,3,2,014158,本間慎吾,,10.2,3/4車輪,,0,0
064620260616,2026061646,6,4,7,014457,北野良栄,,10.3,3/4車輪,,0,0
064620260616,2026061646,6,5,6,014979,黒川渉,,10.2,1車身1/2,,0,0
064620260616,2026061646,6,6,5,012924,太田黒大心,,10.1,3/4車身,,0,0
064620260616,2026061646,6,7,3,015652,橋本陸,,10.0,3/4車身,,0,0
074620260616,2026061646,7,1,3,015550,山崎航,逃,10.5,,,0,1
074620260616,2026061646,7,2,5,013041,三浦稔希,差,10.4,3車身,,1,0
074620260616,2026061646,7,3,4,011417,小川巧,,10.5,3/4車輪,,0,0
074620260616,2026061646,7,4,2,012861,小坂敏之,,10.3,1/2車輪,,0,0
074620260616,2026061646,7,5,6,014386,伊藤拓人,,10.3,1車身1/2,,0,0
074620260616,2026061646,7,6,1,015102,奥出良,,10.7,1/8車輪,,0,0
074620260616,2026061646,7,7,7,013056,山本貴章,,10.5,1/4車輪,,0,0
084620260616,2026061646,8,1,7,015782,佐々木亮太,逃,9.8,,,0,1
084620260616,2026061646,8,2,4,015914,西森一稀,マ,9.8,2車身,,1,0
084620260616,2026061646,8,3,3,013993,佐藤朋也,,9.9,1車身,,0,0
084620260616,2026061646,8,4,5,012417,須藤直道,,9.8,3/4車身,,0,0
084620260616,2026061646,8,5,1,013839,若林耕司,,9.7,3/4車身,,0,0
084620260616,2026061646,8,6,2,012389,岡崎昭次,,9.7,3/4車身,,0,0
084620260616,2026061646,8,7,6,014603,佐野洋継,,9.7,3/4車身,,0,0
094620260616,2026061646,9,1,3,015907,上杉有弘,逃,9.6,,,0,1
094620260616,2026061646,9,2,5,013641,竹内一暢,マ,9.5,1車身,,1,0
094620260616,2026061646,9,3,4,013363,宇根秀俊,,9.5,1/2車輪,,0,0
094620260616,2026061646,9,4,6,012473,清水邦章,,9.5,2車身,,0,0
094620260616,2026061646,9,5,7,014223,瀧野勝太,,9.3,1/2車身,,0,0
094620260616,2026061646,9,6,2,014502,相笠翔太,,9.5,1車身,,0,0
094620260616,2026061646,9,7,1,013434,石黒健,,9.2,1/2車輪,,0,0
104620260616,2026061646,10,1,7,015791,岡部陸斗,逃,9.8,,,0,1
104620260616,2026061646,10,2,2,014570,松澤敬輔,マ,9.7,1車身,,0,0
104620260616,2026061646,10,3,4,015659,池田伍功羽,,9.8,4車身,,0,0
104620260616,2026061646,10,4,1,013451,松本大地,,9.8,3/4車輪,,1,0
104620260616,2026061646,10,5,5,014296,佐藤清之,,10.1,大差,,0,0
104620260616,2026061646,10,6,3,012963,荻野哲,,10.5,2車身,,0,0
104620260616,2026061646,10,7,6,013663,中野功史,,12.7,大差,,0,0
114620260616,2026061646,11,1,4,013670,小橋秀幸,差,9.8,,,0,0
114620260616,2026061646,11,2,1,014461,山中秀将,逃,9.9,1/4車輪,,1,1
114620260616,2026061646,11,3,7,014065,鰐淵圭佑,,9.8,3/4車身,,0,0
114620260616,2026061646,11,4,2,015532,石田拓真,,9.7,3/4車輪,,0,0
114620260616,2026061646,11,5,3,013798,木村直隆,,10.4,9車身,,0,0
114620260616,2026061646,11,6,6,015114,谷口友真,,12.6,大差,,0,0
114620260616,2026061646,11,0,5,012283,富永益生,,0.0,,欠車,0,0
015620260616,2026061656,1,1,1,014534,深谷知広,捲,11.1,,,1,0
015620260616,2026061656,1,2,9,015439,佐々木眞也,マ,11.0,1車輪,,0,0
015620260616,2026061656,1,3,5,013851,和田健太郎,,11.0,3/4車身,,0,0
015620260616,2026061656,1,4,6,014505,雨谷一樹,,11.4,2車身,,0,0
015620260616,2026061656,1,5,7,014794,阿部力也,,10.9,タイヤ,,0,0
015620260616,2026061656,1,6,8,015090,高橋築,,10.9,1車身1/2,,0,0
015620260616,2026061656,1,7,4,015518,吉田有希,,11.7,1車輪,,0,1
015620260616,2026061656,1,0,2,014129,菅田壱道,,0.0,,失格,0,0
015620260616,2026061656,1,0,3,015243,小林泰正,,0.0,,落車,0,0
025620260616,2026061656,2,1,2,014417,山田庸平,差,10.9,,,0,0
025620260616,2026061656,2,2,7,015213,山崎賢人,捲,11.1,3/4車輪,,0,1
025620260616,2026061656,2,3,3,014681,松浦悠士,,11.3,4車身,,1,0
025620260616,2026061656,2,4,9,015597,太田海也,,11.4,1/2車身,,0,0
025620260616,2026061656,2,5,5,014317,山田久徳,,11.2,1/4車輪,,0,0
025620260616,2026061656,2,6,6,014112,小川勇介,,11.3,1車身,,0,0
025620260616,2026061656,2,7,8,014545,岡崎智哉,,11.2,1/4車輪,,0,0
025620260616,2026061656,2,8,4,013355,桑原大志,,11.7,4車身,,0,0
025620260616,2026061656,2,9,1,015537,志田龍星,,13.0,大差,,0,0
035620260616,2026061656,3,1,7,015343,佐々木悠葵,差,10.9,,,0,0
035620260616,2026061656,3,2,2,015035,阿部拓真,差,11.2,1/4車輪,,1,0
035620260616,2026061656,3,3,5,015034,新山響平,,11.4,1/2車身,,0,1
035620260616,2026061656,3,4,1,014152,宿口陽一,,10.9,1車輪,,0,0
035620260616,2026061656,3,5,8,013920,山崎芳仁,,11.1,1/8車輪,,0,0
035620260616,2026061656,3,6,9,015341,坂井洋,,10.8,1/8車輪,,0,0
035620260616,2026061656,3,7,3,014935,嶋津拓弥,,10.9,4車身,,0,0
035620260616,2026061656,3,8,4,015337,佐藤礼文,,11.1,1車身1/2,,0,0
035620260616,2026061656,3,9,6,015261,松井宏佑,,12.4,大差,,0,0
045620260616,2026061656,4,1,7,013516,荒井崇博,差,10.9,,,0,0
045620260616,2026061656,4,2,3,015298,嘉永泰斗,捲,11.1,3/4車輪,,0,0
045620260616,2026061656,4,3,2,014089,浅井康太,,10.9,1/4車輪,,0,0
045620260616,2026061656,4,4,9,015465,石原颯,,11.3,3/4車身,,0,1
045620260616,2026061656,4,5,1,015125,佐々木豪,,11.1,1/8車輪,,0,0
045620260616,2026061656,4,6,4,013791,村上博幸,,10.7,微差,,1,0
045620260616,2026061656,4,7,5,015451,山口拳矢,,11.2,3/4車輪,,0,0
045620260616,2026061656,4,8,8,014873,三谷竜生,,10.9,微差,,0,0
045620260616,2026061656,4,9,6,014554,山形一気,,10.7,3/4車身,,0,0
055620260616,2026061656,5,1,3,015218,太田りゆ,捲,11.7,,,0,1
055620260616,2026061656,5,2,7,015398,藤田まりあ,マ,11.7,1車身,,0,0
055620260616,2026061656,5,3,1,015070,尾崎睦,,11.6,2車身,,0,0
055620260616,2026061656,5,4,5,014963,石井寛子,,11.6,1車身,,0,0
055620260616,2026061656,5,5,2,015219,梅川風子,,12.1,1/8車輪,,0,0
055620260616,2026061656,5,6,4,015855,大浦彩瑛,,11.5,3/4車身,,1,0
055620260616,2026061656,5,7,6,015756,熊谷芽緯,,11.8,3車身,,0,0
065620260616,2026061656,6,1,2,014974,山原さくら,捲,12.2,,,0,1
065620260616,2026061656,6,2,1,015859,仲澤春香,マ,12.1,3/4車身,,0,0
065620260616,2026061656,6,3,3,015311,柳原真緒,,12.1,3/4車輪,,0,0
065620260616,2026061656,6,4,4,015320,那須萌美,,12.1,3/4車輪,,0,0
065620260616,2026061656,6,5,5,015947,北岡マリア,,12.2,3/4車輪,,0,0
065620260616,2026061656,6,6,7,015224,太田美穂,,12.1,1車身,,0,0
065620260616,2026061656,6,7,6,015501,尾方真生,,13.4,9車身,,1,0
075620260616,2026061656,7,1,1,015306,佐藤水菜,捲,11.4,,,0,1
075620260616,2026061656,7,2,2,015400,久米詩,マ,11.4,2車身,,0,0
075620260616,2026061656,7,3,3,014900,小林莉子,,12.0,7車身,,0,0
075620260616,2026061656,7,4,5,015939,半田水晶,,12.3,1車身,,0,0
075620260616,2026061656,7,5,6,015578,飯田風音,,11.9,1/8車輪,,0,0
075620260616,2026061656,7,6,7,015020,奥井迪,,12.4,7車身,,1,0
075620260616,2026061656,7,7,4,015144,鈴木奈央,,12.5,1/2車輪,,0,0
085620260616,2026061656,8,1,1,015080,児玉碧衣,捲,11.7,,,0,1
085620260616,2026061656,8,2,2,015225,坂口楓華,マ,11.7,1車輪,,0,0
085620260616,2026061656,8,3,3,015587,吉川美穂,,11.9,4車身,,0,0
085620260616,2026061656,8,4,6,015308,當銘直美,,11.8,1車身,,0,0
085620260616,2026061656,8,5,5,015032,小林優香,,12.2,1/2車身,,0,0
085620260616,2026061656,8,6,7,015866,高木萌那,,11.7,1/8車輪,,0,0
085620260616,2026061656,8,7,4,015765,竹野百香,,12.4,1/2車輪,,0,0
095620260616,2026061656,9,1,3,015242,眞杉匠,捲,11.1,,,0,0
095620260616,2026061656,9,2,4,014860,吉澤純平,マ,11.1,1/2車輪,,0,0
095620260616,2026061656,9,3,7,014744,和田真久留,,11.2,3/4車身,,0,0
095620260616,2026061656,9,4,2,015094,佐々木龍,,11.1,1/2車輪,,0,0
095620260616,2026061656,9,5,9,013162,佐藤慎太郎,,10.8,3/4車身,,0,0
095620260616,2026061656,9,6,5,014501,守澤太志,,10.7,1/2車身,,0,0
095620260616,2026061656,9,7,6,014809,恩田淳平,,11.4,3車身,,0,0
095620260616,2026061656,9,8,1,014054,新田祐大,,11.3,1車身,,1,0
095620260616,2026061656,9,9,8,014380,根田空史,,12.5,8車身,,0,1
105620260616,2026061656,10,1,7,014484,河端朋之,捲,10.7,,,0,0
105620260616,2026061656,10,2,4,013963,柏野智典,マ,10.7,1車身1/2,,0,0
105620260616,2026061656,10,3,2,015272,中釜章成,,11.2,2車身,,0,1
105620260616,2026061656,10,4,1,014047,山田英明,,10.7,1車輪,,1,0
105620260616,2026061656,10,5,3,015731,西田優大,,11.1,1車身,,0,0
105620260616,2026061656,10,6,8,013730,東口善朋,,10.7,3/4車輪,,0,0
105620260616,2026061656,10,7,5,013962,南修二,,10.7,1車身,,0,0
105620260616,2026061656,10,8,9,015474,阿部将大,,11.0,1/8車輪,,0,0
105620260616,2026061656,10,9,6,015475,伊藤旭,,11.5,3/4車輪,,0,0
115620260616,2026061656,11,1,2,015356,杉浦侑吾,逃,11.6,,,0,1
115620260616,2026061656,11,2,8,014055,芦澤大輔,マ,11.5,1/8車輪,,0,0
115620260616,2026061656,11,3,6,015324,小原佑太,,11.3,3/4車輪,,0,0
115620260616,2026061656,11,4,4,015051,簗田一輝,,10.8,1/4車輪,,0,0
115620260616,2026061656,11,5,1,014741,郡司浩平,,11.0,3/4車身,,0,0
115620260616,2026061656,11,6,3,013904,佐藤友和,,11.2,タイヤ,,0,0
115620260616,2026061656,11,7,5,015431,鈴木玄人,,10.8,1車身,,0,0
115620260616,2026061656,11,8,7,015037,鈴木竜士,,11.4,3/4車身,,0,0
115620260616,2026061656,11,9,9,015436,青野将大,,11.5,2車身,,0,0
125620260616,2026061656,12,1,1,014097,稲川翔,差,11.2,,,1,0
125620260616,2026061656,12,2,5,014038,橋本強,差,11.3,1/2車身,,0,0
125620260616,2026061656,12,2,7,014838,古性優作,捲,11.4,1/2車身,,0,0
125620260616,2026061656,12,4,3,014564,塚本大樹,,11.0,微差,,0,0
125620260616,2026061656,12,5,9,013140,小倉竜二,,11.5,3/4車身,,0,0
125620260616,2026061656,12,6,4,015661,東矢圭吾,,11.2,1/2車輪,,0,0
125620260616,2026061656,12,7,2,015464,町田太我,,11.7,1/4車輪,,0,1
125620260616,2026061656,12,8,8,015052,渡邉豪大,,11.0,3/4車輪,,0,0
125620260616,2026061656,12,9,6,014318,椎木尾拓哉,,11.3,1/2車身,,0,0
013120260617,2026061731,1,1,2,015490,杉浦菜留,捲,10.6,,,0,0
013120260617,2026061731,1,2,1,015393,佐々木綾,逃,11.0,3/4車身,,0,1
013120260617,2026061731,1,3,4,015134,藤巻絵里佳,,10.9,1/2車輪,,0,0
013120260617,2026061731,1,4,5,015075,溝口香奈,,10.7,1/4車輪,,0,0
013120260617,2026061731,1,5,3,015943,高崎千賀,,10.7,1車身,,0,0
013120260617,2026061731,1,6,6,015945,橋本のこ,,10.9,1/4車輪,,0,0
013120260617,2026061731,1,7,7,015860,濱田芽生,,10.8,3/4車身,,1,0
023120260617,2026061731,2,1,6,014243,齊藤健人,逃,10.0,,,0,1
023120260617,2026061731,2,2,1,014302,武田憲祐,マ,10.0,3/4車身,,1,0
023120260617,2026061731,2,3,4,014319,中野彰人,,9.9,1車輪,,0,0
023120260617,2026061731,2,4,5,013408,川村昭弘,,9.8,1/8車輪,,0,0
023120260617,2026061731,2,5,3,013729,堺文人,,10.1,1/2車身,,0,0
023120260617,2026061731,2,6,2,014575,鈴木達也,,9.9,1車身1/2,,0,0
023120260617,2026061731,2,7,7,013463,小宮剛,,0.0,大差,,0,0
033120260617,2026061731,3,1,2,012586,佐藤和典,差,10.0,,,0,0
033120260617,2026061731,3,2,3,015357,藤井稜也,捲,9.8,3/4車身,,0,0
033120260617,2026061731,3,3,1,013477,宮司周郎,,9.7,1/2車輪,,1,0
033120260617,2026061731,3,3,7,014303,小川達也,,10.2,1/2車輪,,0,1
033120260617,2026061731,3,5,5,012882,鈴木愼二,,10.0,3/4車輪,,0,0
033120260617,2026061731,3,6,4,012953,矢内良和,,9.9,1車輪,,0,0
033120260617,2026061731,3,7,6,012416,櫻井紀幸,,9.9,1車身1/2,,0,0
043120260617,2026061731,4,1,1,014226,大畑裕貴,逃,10.3,,,1,1
043120260617,2026061731,4,2,3,014011,細沼健治,マ,10.2,1/8車輪,,0,0
043120260617,2026061731,4,3,4,014083,成清謙二郎,,10.0,1車輪,,0,0
043120260617,2026061731,4,4,5,013761,新井剛央,,10.2,3/4車身,,0,0
043120260617,2026061731,4,5,7,015156,門脇翼,,10.2,1車身1/2,,0,0
043120260617,2026061731,4,6,2,014102,篠塚光一,,10.1,1/4車輪,,0,0
043120260617,2026061731,4,7,6,014755,奥出健士郎,,12.0,大差,,0,0
053120260617,2026061731,5,1,2,013311,根本雄紀,差,10.2,,,0,0
053120260617,2026061731,5,2,3,015351,宮下一歩,逃,10.3,1/4車輪,,0,1
053120260617,2026061731,5,3,6,014459,根藤浩二,,10.0,1/2車身,,0,0
053120260617,2026061731,5,4,4,013308,木村貴宏,,10.2,1車輪,,1,0
053120260617,2026061731,5,5,5,014402,泉谷直哉,,9.8,1/8車輪,,0,0
053120260617,2026061731,5,6,7,015447,小浦凪,,10.0,3/4車身,,0,0
053120260617,2026061731,5,7,1,014825,稲葉一真,,10.1,2車身,,0,0
063120260617,2026061731,6,1,6,015688,佐々木祐太,捲,10.1,,,0,0
063120260617,2026061731,6,2,1,013985,高橋陽介,マ,10.2,2車身,,0,0
063120260617,2026061731,6,3,2,015338,土田栄二,,10.5,3/4車身,,0,1
063120260617,2026061731,6,4,3,013929,宮内善光,,10.4,1/2車身,,0,0
063120260617,2026061731,6,5,4,013535,平沼由充,,10.3,1車身1/2,,1,0
063120260617,2026061731,6,6,5,014587,鈴木謙二,,10.5,1車身1/2,,0,0
063120260617,2026061731,6,7,7,015720,山元大夢,,12.0,大差,,0,0
073120260617,2026061731,7,1,6,015245,尾崎悠生,逃,9.9,,,0,1
073120260617,2026061731,7,2,5,014732,和田禎嗣,マ,9.8,1/2車身,,0,0
073120260617,2026061731,7,3,7,013621,國廣哲治,,9.8,1車身,,0,0
073120260617,2026061731,7,4,2,013335,坂上樹大,,9.8,3/4車身,,0,0
073120260617,2026061731,7,5,1,015723,稲毛知也,,9.9,1/2車輪,,1,0
073120260617,2026061731,7,6,3,013635,柏木伸介,,9.8,1車身,,0,0
073120260617,2026061731,7,7,4,014933,奥原亨,,9.8,1車身1/2,,0,0
083120260617,2026061731,8,1,4,015315,渡口まりあ,差,10.4,,,0,0
083120260617,2026061731,8,2,1,015495,下条未悠,捲,10.2,1/4車輪,,0,0
083120260617,2026061731,8,3,5,015399,高木佑真,,10.3,1車身,,1,0
083120260617,2026061731,8,4,3,015865,豊田美香,,10.2,3/4車輪,,0,0
083120260617,2026061731,8,5,2,015018,高橋梨香,,10.7,1車輪,,0,1
083120260617,2026061731,8,6,7,015670,萩原瑞生,,10.4,3/4車身,,0,0
083120260617,2026061731,8,7,6,014910,篠崎新純,,10.4,1車身1/2,,0,0
093120260617,2026061731,9,1,2,015786,角田光,逃,10.2,,,0,1
093120260617,2026061731,9,2,5,015344,荒木貴大,差,10.0,1/2車身,,0,0
093120260617,2026061731,9,3,4,013748,佐々木省司,,10.2,1/2車身,,1,0
093120260617,2026061731,9,4,3,014475,高間悠平,,10.0,1/8車輪,,0,0
093120260617,2026061731,9,5,7,015880,吉岡優太,,10.2,3/4車身,,0,0
093120260617,2026061731,9,6,1,014084,小菅誠,,10.0,1/4車輪,,0,0
093120260617,2026061731,9,7,6,015615,荒川仁,,10.2,1車身1/2,,0,0
014720260617,2026061747,1,1,1,015140,鈴木彩夏,捲,13.3,,,0,1
014720260617,2026061747,1,2,2,015407,出口倫子,マ,13.2,1車輪,,0,0
014720260617,2026061747,1,3,4,015673,塩田日海,,13.4,3/4車身,,0,0
014720260617,2026061747,1,4,3,014909,浦部郁里,,13.3,1車輪,,0,0
014720260617,2026061747,1,5,5,015856,野寺梓,,13.2,1/2車輪,,1,0
014720260617,2026061747,1,6,6,014924,松尾智佳,,13.1,1車輪,,0,0
024720260617,2026061747,2,1,1,015001,堀兼壽,差,12.2,,,0,0
024720260617,2026061747,2,2,6,015255,樋口開土,マ,12.1,1/2車身,,0,0
024720260617,2026061747,2,3,3,015533,岩城佑典,,12.4,1/4車輪,,1,1
024720260617,2026061747,2,4,2,014586,近藤寛央,,12.1,3/4車身,,0,0
024720260617,2026061747,2,5,5,013456,小林和彦,,12.1,2車身,,0,0
024720260617,2026061747,2,6,4,013426,本村隆文,,12.7,3車身,,0,0
034720260617,2026061747,3,1,1,015617,添田龍児,捲,11.9,,,0,0
034720260617,2026061747,3,2,2,013192,平田徹,マ,11.8,1車身1/2,,0,0
034720260617,2026061747,3,3,3,013645,川木敬大,,12.0,1/2車身,,0,0
034720260617,2026061747,3,4,5,014474,山崎晃,,12.3,3/4車身,,0,1
034720260617,2026061747,3,4,6,012971,小川将人,,12.2,3/4車身,,1,0
034720260617,2026061747,3,6,4,013413,鶴岡與之,,12.0,2車身,,0,0
044720260617,2026061747,4,1,3,013333,小西誠也,差,11.5,,,0,0
044720260617,2026061747,4,2,2,013952,東鉄也,差,11.7,1/2車輪,,0,0
044720260617,2026061747,4,3,1,015812,森崎英登,,11.9,3/4車輪,,1,1
044720260617,2026061747,4,4,5,013039,松山正和,,11.5,1/2車身,,0,0
044720260617,2026061747,4,5,6,014840,石貞有基,,11.6,1車身,,0,0
044720260617,2026061747,4,6,4,014950,市村昌樹,,12.1,4車身,,0,0
044720260617,2026061747,4,7,7,012858,亀井宏佳,,12.6,大差,,0,0
054720260617,2026061747,5,1,3,013601,工藤政志,差,12.3,,,0,0
054720260617,2026061747,5,2,1,015792,貝原涼太,逃,12.6,1/4車輪,,1,1
054720260617,2026061747,5,3,2,013405,宮下貴之,,12.5,1車輪,,0,0
054720260617,2026061747,5,4,7,014525,三ッ井武,,12.3,1/2車輪,,0,0
054720260617,2026061747,5,5,4,014669,植木和広,,12.2,3/4車身,,0,0
054720260617,2026061747,5,6,5,014758,中野智公,,12.9,6車身,,0,0
054720260617,2026061747,5,7,6,015109,大利航平,,0.0,大差,,0,0
064720260617,2026061747,6,1,6,014937,田中誇士,捲,11.5,,,0,0
064720260617,2026061747,6,2,1,013762,吉田勇人,差,11.9,1/2車輪,,1,0
064720260617,2026061747,6,3,5,015163,戸塚涼介,,12.1,1/2車身,,0,1
064720260617,2026061747,6,4,3,014304,大竹哲也,,11.5,3/4車輪,,0,0
064720260617,2026061747,6,5,7,012719,篠崎高志,,11.9,1/2車身,,0,0
064720260617,2026061747,6,6,2,014180,坂本匡洋,,11.8,1/4車輪,,0,0
064720260617,2026061747,6,7,4,013263,田中雅史,,11.9,3車身,,0,0
074720260617,2026061747,7,1,4,013610,土屋仁,差,11.9,,,0,0
074720260617,2026061747,7,2,3,014859,小林申太,捲,12.1,1車輪,,0,0
074720260617,2026061747,7,3,1,015182,吉川希望,,12.2,3/4車輪,,1,1
074720260617,2026061747,7,4,5,012940,小室貴広,,11.9,1/4車輪,,0,0
074720260617,2026061747,7,5,7,014166,倉野隆太郎,,12.0,1/2車身,,0,0
074720260617,2026061747,7,6,2,012679,坂上忠克,,12.2,1/2車身,,0,0
074720260617,2026061747,7,7,6,012960,水書義弘,,14.1,大差,,0,0
084720260617,2026061747,8,1,1,015586,太田瑛美,捲,12.4,,,0,0
084720260617,2026061747,8,2,4,015504,西島叶子,マ,12.3,1/4車輪,,0,0
084720260617,2026061747,8,3,7,015851,片岡美奈,,12.2,1車身,,0,0
084720260617,2026061747,8,4,6,015321,比嘉真梨代,,12.4,1車身,,1,0
084720260617,2026061747,8,5,5,015313,豊岡英子,,12.6,3/4車輪,,0,0
084720260617,2026061747,8,6,3,015584,西脇美唯奈,,12.7,1/4車輪,,0,1
084720260617,2026061747,8,7,2,015760,五味田奈穂,,12.8,1車身1/2,,0,0
094720260617,2026061747,9,1,3,015689,菊地圭,捲,11.5,,,0,0
094720260617,2026061747,9,2,5,015429,山田雄大,マ,11.7,4車身,,0,0
094720260617,2026061747,9,3,1,015460,仲野結音,,11.7,1/4車輪,,0,0
094720260617,2026061747,9,4,7,013716,佐藤亙,,11.6,1/2車身,,0,0
094720260617,2026061747,9,5,4,013864,伊藤世哉,,11.8,1/2車身,,0,0
094720260617,2026061747,9,6,6,014206,金野俊秋,,12.2,4車身,,1,0
094720260617,2026061747,9,7,2,015781,齊藤英伊須,,12.7,1車身1/2,,0,1
018620260617,2026061786,1,1,7,013968,越智展孝,差,12.0,,,0,0
018620260617,2026061786,1,2,3,015729,山根慶太,逃,12.2,1/2車身,,0,1
018620260617,2026061786,1,3,1,014032,藤田真,,11.8,1車輪,,0,0
018620260617,2026061786,1,4,4,015101,松岡晋乃介,,11.9,3/4車身,,1,0
018620260617,2026061786,1,5,6,013013,武田靖夫,,11.8,1車身1/2,,0,0
018620260617,2026061786,1,6,2,013893,片山直人,,11.6,4車身,,0,0
018620260617,2026061786,1,7,5,012779,田川辰二,,11.6,2車身,,0,0
028620260617,2026061786,2,1,4,015623,野崎翼,捲,11.8,,,1,0
028620260617,2026061786,2,2,3,014887,板崎佑矢,マ,11.8,3/4車輪,,0,0
028620260617,2026061786,2,3,5,013512,長野和弘,,11.9,1車身1/2,,0,0
028620260617,2026061786,2,4,1,014783,魚屋周成,,12.1,3/4車身,,0,1
028620260617,2026061786,2,5,7,015175,桜井大地,,11.3,1/8車輪,,0,0
028620260617,2026061786,2,6,2,013860,藤原清隆,,11.3,1/2車身,,0,0
028620260617,2026061786,2,7,6,014705,沢田勇治,,11.7,1/4車輪,,0,0
038620260617,2026061786,3,1,5,013497,藤田昌宏,逃,11.8,,,0,1
038620260617,2026061786,3,2,1,013352,吉永和生,マ,11.8,1車身,,0,0
038620260617,2026061786,3,3,2,015359,山口聖矢,,11.8,3/4車身,,0,0
038620260617,2026061786,3,4,7,013296,林明宏,,11.8,1/8車輪,,0,0
038620260617,2026061786,3,5,3,013445,中村良二,,11.9,3/4車身,,0,0
038620260617,2026061786,3,6,6,013580,河村章憲,,11.7,1車輪,,0,0
038620260617,2026061786,3,7,4,015558,川野深,,12.3,4車身,,1,0
048620260617,2026061786,4,1,7,015564,高橋綜一郎,捲,11.5,,,0,0
048620260617,2026061786,4,2,2,013471,松坂英司,差,11.7,2車身,,0,0
048620260617,2026061786,4,3,6,013974,大竹野裕樹,,11.4,1/2車輪,,0,0
048620260617,2026061786,4,4,1,013374,川野正芳,,11.6,1/2車輪,,0,0
048620260617,2026061786,4,5,4,013479,田中秀治,,11.9,1/8車輪,,0,0
048620260617,2026061786,4,6,5,014530,栗田雄矢,,11.7,3/4車身,,0,0
048620260617,2026061786,4,7,3,015185,布居大地,,12.2,1/4車輪,,1,1
058620260617,2026061786,5,1,4,014831,伊藤裕貴,差,12.1,,,0,0
058620260617,2026061786,5,2,2,013747,伊藤大志,差,11.7,1/2車輪,,0,0
058620260617,2026061786,5,3,1,015717,児玉虎之介,,12.5,3/4車身,,0,1
058620260617,2026061786,5,4,3,015365,古賀勝大,,12.1,3/4車身,,0,0
058620260617,2026061786,5,5,7,013990,荻原尚人,,12.1,1/2車身,,0,0
058620260617,2026061786,5,6,5,013790,稲垣裕之,,12.0,2車身,,0,0
058620260617,2026061786,5,7,6,015251,柿本大貴,,12.5,3/4車身,,0,0
068620260617,2026061786,6,1,4,014148,岸澤賢太,差,11.6,,,0,0
068620260617,2026061786,6,2,7,015696,荒川達郎,捲,11.7,3/4車輪,,0,0
068620260617,2026061786,6,3,2,013679,真崎新太郎,,11.7,2車身,,0,0
068620260617,2026061786,6,4,1,014263,樫山恭柄,,12.0,1/2車身,,0,0
068620260617,2026061786,6,5,6,015388,松尾勇吾,,12.0,1車輪,,0,0
068620260617,2026061786,6,6,3,014108,山中貴雄,,11.9,3/4車身,,0,0
068620260617,2026061786,6,7,5,015741,堀川敬太郎,,12.8,6車身,,1,1
078620260617,2026061786,7,1,7,014767,藤井栄二,差,11.7,,,1,0
078620260617,2026061786,7,2,3,015630,原田翔真,逃,11.9,1/8車輪,,0,1
078620260617,2026061786,7,3,1,014298,蒔田英彦,,11.6,1車身,,0,0
078620260617,2026061786,7,4,5,014680,増原正人,,11.7,1/8車輪,,0,0
078620260617,2026061786,7,5,2,014769,坂本修一,,11.6,1/2車輪,,0,0
078620260617,2026061786,7,6,6,014710,花田将司,,11.1,1/2車輪,,0,0
078620260617,2026061786,7,7,4,013850,山賀雅仁,,11.9,5車身,,0,0
088620260617,2026061786,8,1,3,015196,小川丈太,差,11.7,,,0,0
088620260617,2026061786,8,2,5,015645,室井蓮太朗,捲,11.9,1車身,,1,1
088620260617,2026061786,8,3,7,015334,朝倉智仁,,11.8,3/4車輪,,0,0
088620260617,2026061786,8,4,1,014141,中川貴徳,,11.6,1/8車輪,,0,0
088620260617,2026061786,8,5,2,015654,梅崎隆介,,11.9,1/2車身,,0,0
088620260617,2026061786,8,6,6,013824,上吹越直樹,,11.6,1/2車身,,0,0
088620260617,2026061786,8,7,4,014635,中本匠栄,,11.8,1車身,,0,0
098620260617,2026061786,9,1,1,015551,渡口勝成,差,11.5,,,0,0
098620260617,2026061786,9,2,6,014839,山本巨樹,マ,11.5,3/4車身,,0,0
098620260617,2026061786,9,3,2,015390,伊藤颯馬,,11.4,1/2車身,,0,0
098620260617,2026061786,9,4,4,014852,徳永哲人,,11.3,1/4車輪,,0,0
098620260617,2026061786,9,5,7,015322,磯島成介,,11.9,1/4車輪,,0,1
098620260617,2026061786,9,6,3,014454,上原龍,,11.9,5車身,,1,0
098620260617,2026061786,9,7,5,015832,角宗哉,,12.3,3車身,,0,0
108620260617,2026061786,10,1,4,014890,大西貴晃,差,11.6,,,0,0
108620260617,2026061786,10,2,1,015473,青柳靖起,捲,11.8,3/4車身,,0,1
108620260617,2026061786,10,3,2,015116,池野健太,,11.4,1/4車輪,,1,0
108620260617,2026061786,10,4,5,015004,畑段嵐士,,11.3,1/4車輪,,0,0
108620260617,2026061786,10,5,7,012889,丸山啓一,,11.5,3/4車身,,0,0
108620260617,2026061786,10,6,6,014551,山下一輝,,11.3,3/4車輪,,0,0
108620260617,2026061786,10,7,3,015352,原田亮太,,11.7,1車身1/2,,0,0
118620260617,2026061786,11,1,5,015839,船山真生,捲,11.6,,,0,0
118620260617,2026061786,11,2,7,015875,邊見竜馬,逃,11.9,1/2車身,,0,1
118620260617,2026061786,11,3,2,015611,長谷川飛向,,11.8,1/2車輪,,0,0
118620260617,2026061786,11,4,4,014646,三浦雄大,,11.6,タイヤ,,0,0
118620260617,2026061786,11,5,1,015212,山口龍也,,11.6,1車身,,0,0
118620260617,2026061786,11,6,6,012164,堀政美,,12.0,1車身1/2,,0,0
118620260617,2026061786,11,7,3,015785,福田健太,,12.6,6車身,,1,0
128620260617,2026061786,12,1,1,015516,木村皆斗,逃,11.5,,,1,1
128620260617,2026061786,12,2,5,015002,神田龍,差,11.3,1車身,,0,0
128620260617,2026061786,12,3,6,015418,原大智,,11.4,1/2車輪,,0,0
128620260617,2026061786,12,4,2,014939,長尾拳太,,11.3,3/4車輪,,0,0
128620260617,2026061786,12,5,7,015527,北井佑季,,11.2,1車身,,0,0
128620260617,2026061786,12,6,3,014795,櫻井正孝,,11.6,3車身,,0,0
128620260617,2026061786,12,7,4,015521,中島詩音,,12.1,4車身,,0,0
014620260617,2026061746,1,1,5,013207,葉狩伸泰,捲,10.3,,,0,0
014620260617,2026061746,1,2,4,013738,眞鍋伸也,捲,10.3,1車身1/2,,0,0
014620260617,2026061746,1,3,6,013513,南和夫,,10.2,1車身,,0,0
014620260617,2026061746,1,4,3,012650,笹川竜治,,10.4,1/2車輪,,0,0
014620260617,2026061746,1,5,1,014416,矢田晋,,10.2,2車身,,1,0
014620260617,2026061746,1,6,2,014179,肥後公允,,10.8,1/4車輪,,0,1
024620260617,2026061746,2,1,2,014079,江本博明,捲,10.1,,,0,1
024620260617,2026061746,2,2,3,011142,小林宏年,マ,10.0,3/4車身,,0,0
024620260617,2026061746,2,3,5,014550,龍門慎太郎,,10.2,1車身1/2,,0,0
024620260617,2026061746,2,4,1,012132,甲斐下智,,10.1,1/8車輪,,1,0
024620260617,2026061746,2,5,6,014101,永橋武司,,9.8,3車身,,0,0
024620260617,2026061746,2,6,4,011431,梶應弘樹,,11.5,大差,,0,0
034620260617,2026061746,3,1,1,015899,加藤駿,捲,10.1,,,1,0
034620260617,2026061746,3,2,7,011817,有賀高士,マ,10.1,3/4車身,,0,0
034620260617,2026061746,3,3,4,011715,黒木誠一,,10.0,1車輪,,0,0
034620260617,2026061746,3,4,2,015210,白濱一平,,9.8,1/4車輪,,0,0
034620260617,2026061746,3,5,3,014257,岡崎克政,,10.6,3/4車身,,0,1
034620260617,2026061746,3,6,6,012547,横瀬聡,,10.1,2車身,,0,0
034620260617,2026061746,3,7,5,012986,近藤直幹,,12.4,大差,,0,0
044620260617,2026061746,4,1,5,014216,田村純一,差,10.9,,,0,0
044620260617,2026061746,4,2,4,015828,秋末蓮,逃,11.1,3/4車輪,,1,1
044620260617,2026061746,4,3,7,013692,佐野多喜男,,10.8,1車身,,0,0
044620260617,2026061746,4,4,2,013264,山中貴雄,,11.1,1車身1/2,,0,0
044620260617,2026061746,4,5,1,012930,浦崎貴史,,11.2,3車身,,0,0
044620260617,2026061746,4,6,3,014516,村松俊弥,,11.2,3/4車身,,0,0
044620260617,2026061746,4,7,6,013573,高野輝彰,,0.0,大差,,0,0
054620260617,2026061746,5,1,5,015879,西本健三郎,逃,10.5,,,1,1
054620260617,2026061746,5,2,4,011994,藤光健一,マ,10.5,3/4車身,,0,0
054620260617,2026061746,5,3,1,014067,工藤考生,,10.4,3/4車身,,0,0
054620260617,2026061746,5,4,7,015898,岩原健馬,,10.4,3/4車身,,0,0
054620260617,2026061746,5,5,3,013705,佐藤有輝,,10.4,1/2車輪,,0,0
054620260617,2026061746,5,6,2,012681,辻力,,10.4,3/4車身,,0,0
054620260617,2026061746,5,7,6,014482,松本琢也,,10.3,1車輪,,0,0
064620260617,2026061746,6,1,3,014502,相笠翔太,差,10.2,,,0,0
064620260617,2026061746,6,2,4,012963,荻野哲,差,10.1,1/2車身,,0,0
064620260617,2026061746,6,3,7,013451,松本大地,,10.6,1/4車輪,,1,0
064620260617,2026061746,6,4,2,015652,橋本陸,,10.7,1/4車輪,,0,1
064620260617,2026061746,6,5,6,014386,伊藤拓人,,10.1,1車身1/2,,0,0
064620260617,2026061746,6,6,5,014979,黒川渉,,10.0,1/8車輪,,0,0
064620260617,2026061746,6,7,1,014603,佐野洋継,,10.5,5車身,,0,0
074620260617,2026061746,7,1,2,014457,北野良栄,逃,10.1,,,0,1
074620260617,2026061746,7,2,7,012417,須藤直道,マ,10.0,1/4車輪,,0,0
074620260617,2026061746,7,3,5,013434,石黒健,,9.8,1/2車身,,0,0
074620260617,2026061746,7,4,4,014296,佐藤清之,,10.0,3/4車身,,0,0
074620260617,2026061746,7,5,1,013056,山本貴章,,10.0,3/4車身,,0,0
074620260617,2026061746,7,6,3,012924,太田黒大心,,10.4,4車身,,1,0
074620260617,2026061746,7,7,6,013663,中野功史,,0.0,大差,,0,0
084620260617,2026061746,8,1,5,015102,奥出良,逃,11.0,,,0,1
084620260617,2026061746,8,2,2,014223,瀧野勝太,マ,10.9,3/4車輪,,0,0
084620260617,2026061746,8,3,3,012389,岡崎昭次,,10.9,1車身,,0,0
084620260617,2026061746,8,4,4,012861,小坂敏之,,10.9,1/2車身,,0,0
084620260617,2026061746,8,5,7,013839,若林耕司,,11.0,1/4車輪,,0,0
084620260617,2026061746,8,6,1,013273,西徹,,11.2,1/4車輪,,1,0
084620260617,2026061746,8,7,6,012473,清水邦章,,12.0,大差,,0,0
094620260617,2026061746,9,1,3,014461,山中秀将,逃,9.7,,,0,1
094620260617,2026061746,9,2,4,014570,松澤敬輔,マ,9.6,1車輪,,0,0
094620260617,2026061746,9,3,5,013993,佐藤朋也,,9.6,3/4車身,,0,0
094620260617,2026061746,9,4,7,015907,上杉有弘,,9.0,1/8車輪,,0,0
094620260617,2026061746,9,5,2,013798,木村直隆,,9.0,1車身,,1,0
094620260617,2026061746,9,6,6,011417,小川巧,,9.7,5車身,,0,0
094620260617,2026061746,9,7,1,015659,池田伍功羽,,9.8,1/4車輪,,0,0
104620260617,2026061746,10,1,5,015782,佐々木亮太,逃,10.3,,,0,1
104620260617,2026061746,10,2,2,013670,小橋秀幸,マ,10.1,微差,,1,0
104620260617,2026061746,10,3,3,013363,宇根秀俊,,10.1,3/4車身,,0,0
104620260617,2026061746,10,4,1,015532,石田拓真,,10.1,1/2車輪,,0,0
104620260617,2026061746,10,5,4,015550,山崎航,,10.4,1車身1/2,,0,0
104620260617,2026061746,10,6,7,012452,伊藤健詞,,10.1,微差,,0,0
104620260617,2026061746,10,7,6,013641,竹内一暢,,10.1,1車身1/2,,0,0
114620260617,2026061746,11,1,4,015791,岡部陸斗,捲,9.4,,,0,0
114620260617,2026061746,11,2,1,014065,鰐淵圭佑,マ,9.4,1車身1/2,,0,0
114620260617,2026061746,11,3,2,015811,水谷亮太,,10.1,2車身,,0,1
114620260617,2026061746,11,4,7,013041,三浦稔希,,9.9,3/4車身,,0,0
114620260617,2026061746,11,5,6,015914,西森一稀,,10.1,1/2車身,,1,0
114620260617,2026061746,11,6,5,014158,本間慎吾,,9.8,3車身,,0,0
114620260617,2026061746,11,7,3,015114,谷口友真,,11.7,大差,,0,0
015620260617,2026061756,1,1,5,014377,岩本俊介,逃,11.6,,,0,1
015620260617,2026061756,1,2,3,014462,小原太樹,マ,11.6,3/4車身,,0,0
015620260617,2026061756,1,3,2,014002,渡部幸訓,,11.3,1/8車輪,,1,0
015620260617,2026061756,1,4,9,014210,和田圭,,11.3,1車身,,0,0
015620260617,2026061756,1,5,8,014507,長島大介,,11.2,1/2車輪,,0,0
015620260617,2026061756,1,6,7,015596,中野慎詞,,11.6,1/8車輪,,0,0
015620260617,2026061756,1,7,1,014861,金子幸央,,11.3,1/4車輪,,0,0
015620260617,2026061756,1,8,6,013249,諸橋愛,,11.2,1車身,,0,0
015620260617,2026061756,1,9,4,015412,菊池岳仁,,11.9,6車身,,0,0
025620260617,2026061756,2,1,1,015061,取鳥雄吾,捲,11.3,,,1,0
025620260617,2026061756,2,2,9,014252,三谷将太,差,10.9,1車輪,,0,0
025620260617,2026061756,2,3,2,015413,寺崎浩平,,11.0,3/4車輪,,0,0
025620260617,2026061756,2,4,5,014996,岡本総,,10.9,1車身,,0,0
025620260617,2026061756,2,5,3,015297,上野優太,,11.4,1/2車身,,0,0
025620260617,2026061756,2,5,8,013059,香川雄介,,11.3,1/2車身,,0,0
025620260617,2026061756,2,7,7,015203,松本貴治,,11.5,1車身1/2,,0,0
025620260617,2026061756,2,8,4,015649,後藤大輝,,11.8,1/2車身,,0,1
025620260617,2026061756,2,0,6,015479,松岡辰泰,,0.0,,失格,0,0
035620260617,2026061756,3,1,5,014524,松谷秀幸,差,11.2,,,0,0
035620260617,2026061756,3,2,2,015444,渡邉雅也,捲,11.4,1/2車輪,,0,0
035620260617,2026061756,3,3,3,015248,森田優弥,,11.1,1車身1/2,,0,0
035620260617,2026061756,3,4,7,014659,武藤龍生,,11.0,1/2車輪,,0,0
035620260617,2026061756,3,5,9,015039,吉田拓矢,,11.0,1/2車身,,0,0
035620260617,2026061756,3,6,1,013917,成田和也,,11.6,3/4車輪,,1,0
035620260617,2026061756,3,7,4,014140,神山拓弥,,11.0,1車輪,,0,0
035620260617,2026061756,3,8,6,013673,大槻寛徳,,11.6,1車身,,0,0
035620260617,2026061756,3,9,8,015086,酒井雄多,,11.9,3/4車身,,0,1
045620260617,2026061756,4,1,7,015553,犬伏湧也,逃,11.3,,,0,1
045620260617,2026061756,4,2,9,015009,清水裕友,マ,11.1,1/8車輪,,0,0
045620260617,2026061756,4,3,5,014396,脇本雄太,,11.0,1/2車身,,0,0
045620260617,2026061756,4,4,1,014103,村田雅一,,11.0,1車身,,0,0
045620260617,2026061756,4,5,8,015179,皿屋豊,,11.0,3車身,,0,0
045620260617,2026061756,4,6,2,013894,園田匠,,10.8,1車身,,0,0
045620260617,2026061756,4,7,4,013880,岩津裕介,,11.3,3/4車身,,0,0
045620260617,2026061756,4,8,3,014029,上田国広,,11.2,3/4車身,,0,0
045620260617,2026061756,4,9,6,014113,北津留翼,,11.1,1/4車輪,,0,0
055620260617,2026061756,5,1,4,015855,大浦彩瑛,捲,11.7,,,0,1
055620260617,2026061756,5,2,5,015020,奥井迪,マ,11.6,1/2車輪,,0,0
055620260617,2026061756,5,3,2,015947,北岡マリア,,12.0,3車身,,0,0
055620260617,2026061756,5,4,1,015308,當銘直美,,11.9,1/2車輪,,0,0
055620260617,2026061756,5,5,6,015765,竹野百香,,12.0,3/4車身,,0,0
055620260617,2026061756,5,6,3,015578,飯田風音,,11.9,3/4車身,,0,0
055620260617,2026061756,5,7,7,015756,熊谷芽緯,,12.3,1車身,,1,0
065620260617,2026061756,6,1,7,015501,尾方真生,逃,12.4,,,0,1
065620260617,2026061756,6,2,5,015866,高木萌那,捲,12.0,3/4車身,,0,0
065620260617,2026061756,6,3,3,015032,小林優香,,11.9,1車身,,0,0
065620260617,2026061756,6,4,4,015224,太田美穂,,12.3,1/2車輪,,1,0
065620260617,2026061756,6,5,6,015144,鈴木奈央,,12.0,1/2車身,,0,0
065620260617,2026061756,6,6,1,015939,半田水晶,,12.1,1/4車輪,,0,0
065620260617,2026061756,6,7,2,015219,梅川風子,,12.2,1車身1/2,,0,0
075620260617,2026061756,7,1,4,015037,鈴木竜士,差,10.9,,,1,0
075620260617,2026061756,7,2,2,013162,佐藤慎太郎,差,11.3,1/2車輪,,0,0
075620260617,2026061756,7,3,5,014935,嶋津拓弥,,11.1,1/4車輪,,0,0
075620260617,2026061756,7,4,6,015324,小原佑太,,11.5,1/2車輪,,0,1
075620260617,2026061756,7,5,7,014152,宿口陽一,,10.9,1/4車輪,,0,0
075620260617,2026061756,7,6,3,014534,深谷知広,,11.2,1/2車輪,,0,0
075620260617,2026061756,7,7,8,014860,吉澤純平,,11.2,1/2車身,,0,0
075620260617,2026061756,7,8,1,015518,吉田有希,,11.3,1/2車身,,0,0
085620260617,2026061756,8,1,6,015052,渡邉豪大,差,11.4,,,0,0
085620260617,2026061756,8,2,1,013962,南修二,差,11.7,1/2車身,,0,0
085620260617,2026061756,8,3,9,013963,柏野智典,,11.2,1車身,,0,0
085620260617,2026061756,8,4,3,015465,石原颯,,11.4,3/4車輪,,1,0
085620260617,2026061756,8,5,7,013791,村上博幸,,11.8,3/4車輪,,0,0
085620260617,2026061756,8,6,4,014038,橋本強,,11.4,3/4車身,,0,0
085620260617,2026061756,8,7,2,013516,荒井崇博,,11.9,1/2車身,,0,0
085620260617,2026061756,8,8,5,015537,志田龍星,,12.2,1車身,,0,1
085620260617,2026061756,8,9,8,015661,東矢圭吾,,12.1,3/4車輪,,0,0
095620260617,2026061756,9,1,3,015356,杉浦侑吾,捲,11.3,,,0,0
095620260617,2026061756,9,2,4,014054,新田祐大,逃,11.5,1/2車輪,,0,1
095620260617,2026061756,9,3,1,014741,郡司浩平,,11.4,1車輪,,1,0
095620260617,2026061756,9,4,8,015090,高橋築,,11.3,3/4車輪,,0,0
095620260617,2026061756,9,5,6,014809,恩田淳平,,11.4,1車身,,0,0
095620260617,2026061756,9,6,5,015439,佐々木眞也,,11.5,1車輪,,0,0
095620260617,2026061756,9,7,2,013904,佐藤友和,,11.5,1車身1/2,,0,0
095620260617,2026061756,9,8,7,013851,和田健太郎,,0.0,大差,,0,0
105620260617,2026061756,10,1,3,014047,山田英明,差,11.5,,,1,0
105620260617,2026061756,10,2,9,014838,古性優作,差,11.8,1/2車輪,,0,0
105620260617,2026061756,10,3,4,015272,中釜章成,,12.0,3/4車輪,,0,1
105620260617,2026061756,10,4,8,014564,塚本大樹,,11.5,1/2車輪,,0,0
105620260617,2026061756,10,5,1,013355,桑原大志,,12.0,微差,,0,0
105620260617,2026061756,10,6,2,014317,山田久徳,,11.4,3/4車輪,,0,0
105620260617,2026061756,10,7,7,015474,阿部将大,,11.8,1/2車身,,0,0
105620260617,2026061756,10,8,6,014554,山形一気,,11.8,1/4車輪,,0,0
105620260617,2026061756,10,9,5,014484,河端朋之,,12.9,9車身,,0,0
115620260617,2026061756,11,1,1,015306,佐藤水菜,逃,12.1,,,0,1
115620260617,2026061756,11,2,3,015400,久米詩,マ,12.1,1/2車身,,0,0
115620260617,2026061756,11,3,2,015218,太田りゆ,,12.1,1/4車輪,,0,0
115620260617,2026061756,11,4,5,015070,尾崎睦,,12.1,1/2車身,,0,0
115620260617,2026061756,11,5,6,014900,小林莉子,,12.0,1/2車輪,,0,0
115620260617,2026061756,11,6,4,015398,藤田まりあ,,12.1,1/4車輪,,0,0
115620260617,2026061756,11,7,7,014963,石井寛子,,12.2,4車身,,0,0
125620260617,2026061756,12,1,3,015859,仲澤春香,捲,11.9,,,0,0
125620260617,2026061756,12,2,6,015587,吉川美穂,マ,11.9,3/4車身,,0,0
125620260617,2026061756,12,3,1,015080,児玉碧衣,,12.1,1車身,,0,0
125620260617,2026061756,12,4,7,015320,那須萌美,,12.1,1車身,,0,0
125620260617,2026061756,12,5,4,015225,坂口楓華,,12.3,1/2車身,,0,1
125620260617,2026061756,12,6,5,015311,柳原真緒,,12.0,1/4車輪,,0,0
125620260617,2026061756,12,7,2,014974,山原さくら,,12.3,3車身,,0,0
011220260617,2026061712,1,1,5,015934,吉田航,逃,12.1,,,1,1
011220260617,2026061712,1,2,2,014743,鈴木広人,マ,12.1,3/4車身,,0,0
011220260617,2026061712,1,3,1,012850,渡邉満,,12.1,3/4車身,,0,0
011220260617,2026061712,1,4,4,013109,志村正洋,,11.9,3/4車輪,,0,0
011220260617,2026061712,1,5,6,011367,石川一浩,,11.9,1車身1/2,,0,0
011220260617,2026061712,1,6,3,012982,上原直樹,,11.8,1/2車身,,0,0
011220260617,2026061712,1,7,7,013887,沖本尚織,,11.9,3車身,,0,0
021220260617,2026061712,2,1,1,015883,吉田夢希斗,捲,12.2,,,0,1
021220260617,2026061712,2,2,6,013244,小林高志,差,12.1,1/2車身,,0,0
021220260617,2026061712,2,3,4,011990,茂木和臣,,12.2,1/4車輪,,0,0
021220260617,2026061712,2,4,5,013897,加藤大輔,,12.0,1車身,,1,0
021220260617,2026061712,2,5,3,014489,高鍋邦彰,,12.4,2車身,,0,0
021220260617,2026061712,2,6,7,015542,中嶋樹,,13.3,7車身,,0,0
021220260617,2026061712,2,7,2,013867,樋口奨平,,15.1,大差,,0,0
031220260617,2026061712,3,1,1,015111,布居翼,逃,12.8,,,0,1
031220260617,2026061712,3,2,7,013480,林洋二,マ,12.7,3/4車輪,,0,0
031220260617,2026061712,3,3,5,015889,大本隆也,,12.7,1/2車輪,,0,0
031220260617,2026061712,3,4,3,012879,石井毅,,12.5,3/4車身,,1,0
031220260617,2026061712,3,5,4,011792,木下章,,13.2,3車身,,0,0
031220260617,2026061712,3,6,2,013105,松本一成,,12.8,3車身,,0,0
031220260617,2026061712,3,0,6,012101,山城光央,,0.0,,失格,0,0
041220260617,2026061712,4,1,1,014124,石田宏樹,差,11.7,,,0,0
041220260617,2026061712,4,2,2,013331,橋本大祐,差,12.1,1/2車輪,,1,0
041220260617,2026061712,4,3,4,015906,林佳宗依,,12.3,1/2車身,,0,1
041220260617,2026061712,4,4,6,012329,松尾正人,,12.1,3/4車身,,0,0
041220260617,2026061712,4,5,5,012938,鈴木規純,,11.8,3/4車身,,0,0
041220260617,2026061712,4,6,7,015253,清水健次,,11.8,3/4車身,,0,0
041220260617,2026061712,4,7,3,011790,廣川貞治,,12.3,7車身,,0,0
051220260617,2026061712,5,1,3,015884,秋山太洋,捲,12.3,,,0,0
051220260617,2026061712,5,2,7,013549,堀勝政,マ,12.1,1/4車輪,,1,0
051220260617,2026061712,5,3,5,011935,高嶋一朗,,12.1,3/4車身,,0,0
051220260617,2026061712,5,4,6,013676,塚本諭,,11.9,1/8車輪,,0,0
051220260617,2026061712,5,5,2,014209,加美山隆行,,12.1,4車身,,0,0
051220260617,2026061712,5,6,1,014880,野見泰要,,13.3,4車身,,0,1
051220260617,2026061712,5,7,4,012782,米丸俊成,,12.8,5車身,,0,0
061220260617,2026061712,6,1,1,015870,畑崎大輝,逃,12.2,,,1,1
061220260617,2026061712,6,2,4,013303,須々田大昇,マ,12.2,1車身,,0,0
061220260617,2026061712,6,3,7,013080,阿部利光,,12.2,1/2車身,,0,0
061220260617,2026061712,6,4,3,012197,奥山雅士,,12.3,3車身,,0,0
061220260617,2026061712,6,5,2,013358,行成大祐,,12.8,大差,,0,0
061220260617,2026061712,6,6,5,015710,鈴木康平,,12.7,2車身,,0,0
061220260617,2026061712,6,7,6,015284,田村裕也,,13.2,3/4車身,,0,0
071220260617,2026061712,7,1,2,015872,池田充槻,逃,11.7,,,1,1
071220260617,2026061712,7,2,5,014349,佐藤純嘉,マ,11.7,1車身,,0,0
071220260617,2026061712,7,3,6,014429,千澤大輔,,11.6,1/2車身,,0,0
071220260617,2026061712,7,4,4,014295,山崎寛巳,,11.6,1車身,,0,0
071220260617,2026061712,7,5,3,014072,伊藤之人,,11.6,1車身1/2,,0,0
071220260617,2026061712,7,6,7,015571,吉田悟,,11.7,2車身,,0,0
071220260617,2026061712,7,7,1,014042,徳吉正治,,12.2,7車身,,0,0
012720260617,2026061727,1,0,1,014329,阿部功,,0.0,,中止,0,0
012720260617,2026061727,1,0,2,013942,大西健士,,0.0,,中止,0,0
012720260617,2026061727,1,0,3,013950,松山桂輔,,0.0,,中止,0,0
012720260617,2026061727,1,0,4,014024,櫻井丈,,0.0,,中止,0,0
012720260617,2026061727,1,0,5,015894,大塚城,,0.0,,中止,0,0
012720260617,2026061727,1,0,6,014787,瀬口匠,,0.0,,中止,0,0
012720260617,2026061727,1,0,7,014090,竹澤浩司,,0.0,,中止,0,0
022720260617,2026061727,2,1,5,014267,一ノ瀬匠,捲,12.1,,,0,0
022720260617,2026061727,2,2,1,014115,原田礼,マ,11.9,1/8車輪,,1,0
022720260617,2026061727,2,3,7,014891,小岩哲也,,11.9,3/4車身,,0,0
022720260617,2026061727,2,4,2,014665,小峰烈,,11.7,1車輪,,0,0
022720260617,2026061727,2,5,4,015835,藤井優希,,12.3,1車身1/2,,0,1
022720260617,2026061727,2,6,6,014589,西巻秀太,,11.9,1車身1/2,,0,0
022720260617,2026061727,2,7,3,013493,立花成泰,,12.4,1車身1/2,,0,0
032720260617,2026061727,3,1,2,014572,赤塚悠人,捲,12.1,,,0,0
032720260617,2026061727,3,2,7,013983,大崎智久,マ,12.0,1/4車輪,,0,0
032720260617,2026061727,3,3,4,015790,藤田祐大,,12.2,3/4車身,,0,1
032720260617,2026061727,3,4,1,014157,原田泰志,,12.2,3/4車身,,1,0
032720260617,2026061727,3,5,6,013179,飯島淳,,12.4,3車身,,0,0
032720260617,2026061727,3,6,5,014676,柳原司,,12.5,2車身,,0,0
032720260617,2026061727,3,7,3,015271,大城慶之,,13.7,大差,,0,0
042720260617,2026061727,4,1,5,015876,三神遼矢,逃,11.6,,,1,1
042720260617,2026061727,4,2,2,013924,阿久津修,マ,11.5,3/4車身,,0,0
042720260617,2026061727,4,3,4,015657,高橋優斗,,11.3,1車身,,0,0
042720260617,2026061727,4,4,6,014236,本田拓也,,11.6,3/4車輪,,0,0
042720260617,2026061727,4,5,1,013652,隅直幸,,11.4,1車身1/2,,0,0
042720260617,2026061727,4,6,3,014172,山田隼司,,11.3,3/4車輪,,0,0
042720260617,2026061727,4,7,7,013484,表大暁,,11.5,4車身,,0,0
052720260617,2026061727,5,1,2,015364,吉堂将規,捲,11.8,,,1,0
052720260617,2026061727,5,2,3,014036,篠原龍馬,逃,12.1,3/4車身,,0,1
052720260617,2026061727,5,3,5,013936,小埜正義,,11.6,1/4車輪,,0,0
052720260617,2026061727,5,4,4,014748,山口智弘,,11.8,3/4車輪,,0,0
052720260617,2026061727,5,5,6,014261,作田悦章,,12.1,3/4車輪,,0,0
052720260617,2026061727,5,6,1,013394,飯嶋則之,,11.8,1車輪,,0,0
052720260617,2026061727,5,7,7,015610,永井哉多,,12.1,1車身1/2,,0,0
062720260617,2026061727,6,1,5,015256,中嶋宣成,逃,11.7,,,0,1
062720260617,2026061727,6,2,2,014059,高塩讓次,マ,11.6,1/4車輪,,1,0
062720260617,2026061727,6,3,4,013242,尾崎剛,,11.6,1車身,,0,0
062720260617,2026061727,6,4,7,015122,島川将貴,,10.9,1/4車輪,,0,0
062720260617,2026061727,6,5,6,013853,長田祐弥,,11.5,3/4車輪,,0,0
062720260617,2026061727,6,6,3,015546,山根将太,,11.0,1/2車輪,,0,0
062720260617,2026061727,6,7,1,015382,竹元健竜,,12.8,大差,,0,0
072720260617,2026061727,7,1,5,015525,鈴木浩太,捲,11.9,,,1,0
072720260617,2026061727,7,2,4,014878,伊代野貴照,差,11.9,1車身1/2,,0,0
072720260617,2026061727,7,3,7,013448,合志正臣,,11.8,3/4車身,,0,0
072720260617,2026061727,7,4,1,014752,竹内雄作,,12.2,1/2車身,,0,1
072720260617,2026061727,7,5,2,015660,河崎正晴,,12.0,3/4車輪,,0,0
072720260617,2026061727,7,6,3,014590,近藤夏樹,,12.2,1/2車身,,0,0
072720260617,2026061727,7,7,6,012886,中井達郎,,12.0,2車身,,0,0
082720260617,2026061727,8,1,2,015520,桑名僚也,差,11.8,,,1,0
082720260617,2026061727,8,2,5,015347,武田亮,逃,11.9,3/4車輪,,0,1
082720260617,2026061727,8,3,3,015378,今野有樹,,11.7,3車身,,0,0
082720260617,2026061727,8,4,7,012501,金子真也,,11.7,1車身,,0,0
082720260617,2026061727,8,5,1,015269,佐山寛明,,11.4,1/8車輪,,0,0
082720260617,2026061727,8,6,4,015064,吉武信太朗,,11.9,1/2車身,,0,0
082720260617,2026061727,8,7,6,015535,佐藤竜太,,11.6,1車輪,,0,0
092720260617,2026061727,9,1,7,015509,木村佑来,捲,11.4,,,0,0
092720260617,2026061727,9,2,4,014122,松岡貴久,差,11.5,3/4車身,,0,0
092720260617,2026061727,9,3,5,014679,小玉拓真,,11.3,1/4車輪,,0,0
092720260617,2026061727,9,4,6,015528,新村穣,,11.0,3/4車輪,,0,0
092720260617,2026061727,9,5,2,015749,佐藤壮志,,11.7,3/4車身,,0,1
092720260617,2026061727,9,6,3,014348,坂本貴史,,11.3,1/4車輪,,1,0
092720260617,2026061727,9,7,1,014740,須藤悟,,11.0,1車身1/2,,0,0
102720260617,2026061727,10,1,4,015096,大石剣士,逃,12.1,,,0,1
102720260617,2026061727,10,2,1,014071,朝倉佳弘,マ,12.0,3/4車輪,,0,0
102720260617,2026061727,10,3,3,013199,北野武史,,11.8,3/4車身,,0,0
102720260617,2026061727,10,4,7,013618,櫻井学,,12.0,1/2車輪,,0,0
102720260617,2026061727,10,5,5,015624,小西晴己,,12.0,1/2車身,,1,0
102720260617,2026061727,10,6,2,014135,金澤幸司,,11.9,1車身,,0,0
102720260617,2026061727,10,7,6,015332,鈴木涼介,,12.1,1車身1/2,,0,0
112720260617,2026061727,11,1,3,015868,市田龍生都,逃,11.9,,,0,1
112720260617,2026061727,11,2,4,013724,渡辺十夢,マ,12.0,2車身,,0,0
112720260617,2026061727,11,3,6,013483,宮越孝治,,11.7,3/4車身,,0,0
112720260617,2026061727,11,4,7,015508,菅野航基,,11.7,1/2車身,,0,0
112720260617,2026061727,11,5,5,015702,依田翔大,,11.5,1/8車輪,,0,0
112720260617,2026061727,11,6,1,014645,三浦翔大,,11.6,3/4車輪,,1,0
112720260617,2026061727,11,7,2,014582,平原啓多,,11.8,6車身,,0,0
122720260617,2026061727,12,1,1,013737,筒井敦史,差,11.3,,,0,0
122720260617,2026061727,12,2,5,013619,竹内智彦,差,11.7,1/2車輪,,0,0
122720260617,2026061727,12,3,7,015038,山岸佳太,,12.0,1/2車身,,0,1
122720260617,2026061727,12,4,2,014588,柿澤大貴,,11.9,1/2車輪,,1,0
122720260617,2026061727,12,5,4,015183,小森貴大,,11.9,1/2車身,,0,0
122720260617,2026061727,12,6,3,015480,松本秀之介,,11.9,1車身,,0,0
122720260617,2026061727,12,7,6,014045,吉本卓仁,,11.8,3/4車身,,0,0
014620260618,2026061846,1,1,2,014101,永橋武司,差,10.2,,,0,0
014620260618,2026061846,1,2,1,013513,南和夫,マ,10.1,1車身,,0,0
014620260618,2026061846,1,3,5,014179,肥後公允,,10.6,3/4車身,,1,1
014620260618,2026061846,1,4,4,014550,龍門慎太郎,,10.3,1/4車輪,,0,0
014620260618,2026061846,1,5,6,013738,眞鍋伸也,,10.2,3/4車輪,,0,0
014620260618,2026061846,1,6,3,011431,梶應弘樹,,11.8,大差,,0,0
024620260618,2026061846,2,1,2,014482,松本琢也,捲,10.1,,,0,1
024620260618,2026061846,2,2,6,014416,矢田晋,逃,10.0,1/2車身,,0,0
024620260618,2026061846,2,3,3,012986,近藤直幹,,10.0,3/4車身,,1,0
024620260618,2026061846,2,4,4,012132,甲斐下智,,10.0,1車身,,0,0
024620260618,2026061846,2,5,1,012650,笹川竜治,,10.1,2車身,,0,0
024620260618,2026061846,2,6,5,013573,高野輝彰,,10.8,8車身,,0,0
034620260618,2026061846,3,1,1,015210,白濱一平,捲,9.9,,,0,1
034620260618,2026061846,3,2,4,012681,辻力,マ,9.9,2車身,,0,0
034620260618,2026061846,3,3,3,012930,浦崎貴史,,9.7,1/2車輪,,0,0
034620260618,2026061846,3,4,2,013692,佐野多喜男,,10.1,3車身,,0,0
034620260618,2026061846,3,5,5,011142,小林宏年,,10.2,3車身,,0,0
034620260618,2026061846,3,6,6,013207,葉狩伸泰,,10.4,1車身1/2,,0,0
034620260618,2026061846,3,7,7,014516,村松俊弥,,10.6,1車身,,1,0
044620260618,2026061846,4,1,2,013705,佐藤有輝,差,10.5,,,0,0
044620260618,2026061846,4,2,5,014079,江本博明,捲,10.7,3/4車輪,,0,0
044620260618,2026061846,4,3,6,012547,横瀬聡,,10.4,3/4車輪,,0,0
044620260618,2026061846,4,4,3,011715,黒木誠一,,10.1,3/4車輪,,0,0
044620260618,2026061846,4,5,4,015898,岩原健馬,,10.6,1車身1/2,,1,0
044620260618,2026061846,4,6,7,013264,山中貴雄,,10.4,1/2車輪,,0,0
044620260618,2026061846,4,7,1,014257,岡崎克政,,11.3,3車身,,0,1
054620260618,2026061846,5,1,6,015652,橋本陸,逃,10.0,,,0,1
054620260618,2026061846,5,2,2,013839,若林耕司,マ,10.0,1車身,,0,0
054620260618,2026061846,5,3,5,013056,山本貴章,,9.9,1/2車輪,,0,0
054620260618,2026061846,5,4,1,012473,清水邦章,,9.9,1車身,,0,0
054620260618,2026061846,5,5,4,014979,黒川渉,,10.8,大差,,0,0
054620260618,2026061846,5,6,3,013663,中野功史,,13.0,大差,,1,0
064620260618,2026061846,6,1,7,012389,岡崎昭次,差,10.2,,,0,0
064620260618,2026061846,6,2,6,014386,伊藤拓人,差,9.8,1/2車輪,,0,0
064620260618,2026061846,6,3,1,014296,佐藤清之,,9.9,1/4車輪,,0,0
064620260618,2026061846,6,4,3,013434,石黒健,,10.4,1/2車身,,0,1
064620260618,2026061846,6,5,5,012861,小坂敏之,,9.8,3/4車輪,,0,0
064620260618,2026061846,6,6,2,013273,西徹,,9.7,1/2車輪,,1,0
064620260618,2026061846,6,7,4,014603,佐野洋継,,9.9,1/2車身,,0,0
074620260618,2026061846,7,1,2,013993,佐藤朋也,差,10.1,,,0,0
074620260618,2026061846,7,2,7,014502,相笠翔太,捲,10.2,3/4車身,,0,0
074620260618,2026061846,7,3,4,015114,谷口友真,,9.9,タイヤ,,1,0
074620260618,2026061846,7,4,5,013363,宇根秀俊,,9.9,1/2車身,,0,0
074620260618,2026061846,7,5,1,012452,伊藤健詞,,10.3,3/4車輪,,0,0
074620260618,2026061846,7,6,3,015102,奥出良,,10.4,1/2車輪,,0,1
074620260618,2026061846,7,7,6,012963,荻野哲,,10.6,5車身,,0,0
084620260618,2026061846,8,1,4,015532,石田拓真,逃,10.0,,,0,1
084620260618,2026061846,8,2,2,013041,三浦稔希,マ,10.0,1/2車身,,0,0
084620260618,2026061846,8,3,7,015659,池田伍功羽,,9.9,1/2車身,,0,0
084620260618,2026061846,8,4,5,014223,瀧野勝太,,9.9,1/4車輪,,0,0
084620260618,2026061846,8,5,3,013451,松本大地,,9.8,3/4車身,,1,0
084620260618,2026061846,8,6,1,013641,竹内一暢,,9.6,タイヤ,,0,0
084620260618,2026061846,8,7,6,015914,西森一稀,,9.8,3/4車身,,0,0
094620260618,2026061846,9,1,5,015907,上杉有弘,捲,9.9,,,0,0
094620260618,2026061846,9,2,4,013798,木村直隆,マ,9.8,1/4車輪,,1,0
094620260618,2026061846,9,3,7,015550,山崎航,,9.7,1/2車身,,0,0
094620260618,2026061846,9,4,2,011417,小川巧,,9.8,3車身,,0,0
094620260618,2026061846,9,5,6,012417,須藤直道,,10.4,3車身,,0,0
094620260618,2026061846,9,6,3,014158,本間慎吾,,10.5,タイヤ,,0,0
094620260618,2026061846,9,7,1,014457,北野良栄,,11.2,6車身,,0,1
104620260618,2026061846,10,1,4,015879,西本健三郎,逃,10.6,,,1,1
104620260618,2026061846,10,2,7,015828,秋末蓮,捲,10.2,2車身,,0,0
104620260618,2026061846,10,3,2,014216,田村純一,,10.1,3/4車輪,,0,0
104620260618,2026061846,10,4,5,015899,加藤駿,,10.7,6車身,,0,0
104620260618,2026061846,10,5,6,011994,藤光健一,,11.5,8車身,,0,0
104620260618,2026061846,10,6,3,014067,工藤考生,,11.5,1車身,,0,0
104620260618,2026061846,10,7,1,011817,有賀高士,,13.6,大差,,0,0
114620260618,2026061846,11,1,4,014461,山中秀将,捲,9.7,,,0,1
114620260618,2026061846,11,2,3,014570,松澤敬輔,マ,9.6,1/2車身,,0,0
114620260618,2026061846,11,3,1,015782,佐々木亮太,,9.7,3車身,,0,0
114620260618,2026061846,11,4,2,014065,鰐淵圭佑,,9.7,3/4車身,,1,0
114620260618,2026061846,11,5,5,015791,岡部陸斗,,9.6,3/4車身,,0,0
114620260618,2026061846,11,6,6,015811,水谷亮太,,10.1,3/4車身,,0,0
114620260618,2026061846,11,7,7,013670,小橋秀幸,,9.9,3/4車輪,,0,0
015620260618,2026061856,1,1,3,015341,坂井洋,捲,11.1,,,0,0
015620260618,2026061856,1,2,8,014380,根田空史,捲,10.9,3/4車輪,,0,0
015620260618,2026061856,1,3,1,014524,松谷秀幸,,10.8,1車身,,1,0
015620260618,2026061856,1,4,5,014794,阿部力也,,11.3,3/4車身,,0,0
015620260618,2026061856,1,5,6,014055,芦澤大輔,,11.2,1/2車輪,,0,0
015620260618,2026061856,1,6,9,014659,武藤龍生,,11.1,3/4車輪,,0,0
015620260618,2026061856,1,7,2,015034,新山響平,,11.5,1/2車輪,,0,1
015620260618,2026061856,1,8,7,014210,和田圭,,11.3,1/4車輪,,0,0
015620260618,2026061856,1,9,4,015412,菊池岳仁,,11.9,4車身,,0,0
025620260618,2026061856,2,1,3,014417,山田庸平,差,11.0,,,0,0
025620260618,2026061856,2,2,6,015649,後藤大輝,逃,11.2,1車輪,,0,1
025620260618,2026061856,2,3,7,014089,浅井康太,,10.8,1/2車輪,,0,0
025620260618,2026061856,2,4,2,013140,小倉竜二,,11.0,1/2車身,,0,0
025620260618,2026061856,2,5,8,015125,佐々木豪,,11.1,1/8車輪,,0,0
025620260618,2026061856,2,6,5,015597,太田海也,,10.6,1/2車輪,,0,0
025620260618,2026061856,2,7,4,015009,清水裕友,,10.5,1車輪,,0,0
025620260618,2026061856,2,8,1,015451,山口拳矢,,11.1,3/4車身,,1,0
035620260618,2026061856,3,1,1,015596,中野慎詞,逃,11.4,,,0,1
035620260618,2026061856,3,2,7,015035,阿部拓真,マ,11.2,1/8車輪,,0,0
035620260618,2026061856,3,3,6,013673,大槻寛徳,,11.2,1車身,,0,0
035620260618,2026061856,3,4,3,014744,和田真久留,,11.0,3/4車輪,,0,0
035620260618,2026061856,3,5,8,015261,松井宏佑,,11.1,1車輪,,0,0
035620260618,2026061856,3,6,2,014507,長島大介,,11.0,1車身,,0,0
035620260618,2026061856,3,7,9,015343,佐々木悠葵,,11.1,3/4車輪,,1,0
035620260618,2026061856,3,8,4,013249,諸橋愛,,11.0,1車輪,,0,0
035620260618,2026061856,3,9,5,014861,金子幸央,,11.6,4車身,,0,0
045620260618,2026061856,4,1,1,015298,嘉永泰斗,捲,10.9,,,0,0
045620260618,2026061856,4,2,9,015553,犬伏湧也,逃,11.0,1車輪,,0,1
045620260618,2026061856,4,3,4,015731,西田優大,,10.9,1/2車身,,1,0
045620260618,2026061856,4,4,7,014681,松浦悠士,,10.8,1/2車輪,,0,0
045620260618,2026061856,4,5,5,013894,園田匠,,10.9,3/4車輪,,0,0
045620260618,2026061856,4,6,2,014545,岡崎智哉,,10.7,1/2車輪,,0,0
045620260618,2026061856,4,7,8,014873,三谷竜生,,10.8,1/4車輪,,0,0
045620260618,2026061856,4,8,6,014318,椎木尾拓哉,,10.8,2車身,,0,0
045620260618,2026061856,4,9,3,015203,松本貴治,,11.0,3/4車輪,,0,0
055620260618,2026061856,5,1,1,014974,山原さくら,捲,12.1,,,0,1
055620260618,2026061856,5,2,3,015947,北岡マリア,マ,12.0,1車輪,,0,0
055620260618,2026061856,5,3,5,015144,鈴木奈央,,12.0,3/4車身,,0,0
055620260618,2026061856,5,4,7,015756,熊谷芽緯,,12.1,1車身,,0,0
055620260618,2026061856,5,5,2,015866,高木萌那,,12.1,1車身1/2,,0,0
055620260618,2026061856,5,6,6,015939,半田水晶,,12.5,1車身1/2,,1,0
055620260618,2026061856,5,7,4,015224,太田美穂,,13.1,大差,,0,0
065620260618,2026061856,6,1,7,015219,梅川風子,捲,12.1,,,0,0
065620260618,2026061856,6,2,6,015578,飯田風音,マ,12.3,4車身,,0,0
065620260618,2026061856,6,3,2,015020,奥井迪,,12.5,1車身,,0,0
065620260618,2026061856,6,4,5,015765,竹野百香,,12.6,微差,,0,1
065620260618,2026061856,6,5,3,015032,小林優香,,12.3,1/2車輪,,0,0
065620260618,2026061856,6,6,1,014963,石井寛子,,12.5,3/4車身,,0,0
065620260618,2026061856,6,7,4,015308,當銘直美,,12.5,3/4車輪,,0,0
075620260618,2026061856,7,1,7,015501,尾方真生,逃,12.3,,,0,1
075620260618,2026061856,7,2,3,014900,小林莉子,マ,12.2,1/4車輪,,0,0
075620260618,2026061856,7,3,5,015311,柳原真緒,,12.2,1/2車身,,0,0
075620260618,2026061856,7,4,6,015855,大浦彩瑛,,11.9,3/4車身,,0,0
075620260618,2026061856,7,5,4,015398,藤田まりあ,,12.2,3/4車身,,0,0
075620260618,2026061856,7,6,2,015225,坂口楓華,,12.4,3/4車輪,,0,0
075620260618,2026061856,7,7,1,015320,那須萌美,,12.7,6車身,,0,0
085620260618,2026061856,8,1,7,015242,眞杉匠,捲,11.2,,,0,0
085620260618,2026061856,8,2,6,015436,青野将大,逃,11.4,1車身1/2,,0,1
085620260618,2026061856,8,3,2,014462,小原太樹,,11.3,1/8車輪,,0,0
085620260618,2026061856,8,4,1,015431,鈴木玄人,,11.2,1/2車身,,1,0
085620260618,2026061856,8,5,8,015094,佐々木龍,,11.3,3/4車輪,,0,0
085620260618,2026061856,8,6,4,014501,守澤太志,,11.1,3/4車身,,0,0
085620260618,2026061856,8,7,5,013917,成田和也,,11.1,1/8車輪,,0,0
085620260618,2026061856,8,8,9,015248,森田優弥,,11.4,3/4車輪,,0,0
085620260618,2026061856,8,9,3,014140,神山拓弥,,11.6,5車身,,0,0
095620260618,2026061856,9,1,7,015061,取鳥雄吾,差,10.9,,,1,0
095620260618,2026061856,9,2,3,013880,岩津裕介,マ,10.8,1車輪,,0,0
095620260618,2026061856,9,3,1,015464,町田太我,,11.3,1/8車輪,,0,1
095620260618,2026061856,9,4,8,014112,小川勇介,,10.8,1/2車身,,0,0
095620260618,2026061856,9,5,6,015475,伊藤旭,,11.0,3/4車身,,0,0
095620260618,2026061856,9,6,4,015297,上野優太,,10.9,1/2車身,,0,0
095620260618,2026061856,9,7,2,014396,脇本雄太,,10.7,1/8車輪,,0,0
095620260618,2026061856,9,8,9,014103,村田雅一,,10.4,1車輪,,0,0
095620260618,2026061856,9,9,5,014252,三谷将太,,10.5,3/4車輪,,0,0
105620260618,2026061856,10,1,2,015039,吉田拓矢,逃,11.1,,,0,1
105620260618,2026061856,10,2,9,015337,佐藤礼文,マ,11.1,3/4車輪,,0,0
105620260618,2026061856,10,3,1,015051,簗田一輝,,10.6,1/4車輪,,1,0
105620260618,2026061856,10,4,6,014505,雨谷一樹,,10.9,3/4車身,,0,0
105620260618,2026061856,10,5,7,014377,岩本俊介,,11.0,3/4車身,,0,0
105620260618,2026061856,10,6,3,014002,渡部幸訓,,10.8,1/2車輪,,0,0
105620260618,2026061856,10,7,5,015444,渡邉雅也,,10.9,3/4車輪,,0,0
105620260618,2026061856,10,8,4,013920,山崎芳仁,,10.9,1車身1/2,,0,0
105620260618,2026061856,10,9,8,015086,酒井雄多,,11.1,1/2車身,,0,0
115620260618,2026061856,11,1,8,014113,北津留翼,捲,11.4,,,0,0
115620260618,2026061856,11,2,1,015413,寺崎浩平,逃,11.6,1/2車身,,0,1
115620260618,2026061856,11,3,4,013730,東口善朋,,11.3,1/4車輪,,0,0
115620260618,2026061856,11,4,3,015213,山崎賢人,,11.4,1/8車輪,,0,0
115620260618,2026061856,11,5,6,013059,香川雄介,,11.3,3/4車身,,0,0
115620260618,2026061856,11,6,2,015179,皿屋豊,,11.3,1車身1/2,,0,0
115620260618,2026061856,11,7,7,014097,稲川翔,,11.7,1/8車輪,,1,0
115620260618,2026061856,11,8,5,014029,上田国広,,11.2,1/8車輪,,0,0
115620260618,2026061856,11,9,9,014996,岡本総,,11.2,1車身1/2,,0,0
125620260618,2026061856,12,1,1,015306,佐藤水菜,捲,11.6,,,0,0
125620260618,2026061856,12,2,2,015859,仲澤春香,逃,12.1,3車身,,0,1
125620260618,2026061856,12,3,3,015400,久米詩,,12.0,1車輪,,0,0
125620260618,2026061856,12,4,7,015070,尾崎睦,,12.0,3/4車身,,0,0
125620260618,2026061856,12,5,4,015587,吉川美穂,,12.0,3/4車身,,0,0
125620260618,2026061856,12,6,5,015218,太田りゆ,,11.9,1/2車身,,0,0
125620260618,2026061856,12,0,6,015080,児玉碧衣,,0.0,,欠車,0,0
011220260618,2026061812,1,1,5,014880,野見泰要,逃,12.2,,,0,1
011220260618,2026061812,1,2,1,012982,上原直樹,マ,12.1,1/2車輪,,1,0
011220260618,2026061812,1,3,4,014739,里見恒平,,11.9,1/2車輪,,0,0
011220260618,2026061812,1,4,6,013105,松本一成,,11.9,3/4車輪,,0,0
011220260618,2026061812,1,5,2,011790,廣川貞治,,12.0,4車身,,0,0
011220260618,2026061812,1,6,3,015710,鈴木康平,,11.8,2車身,,0,0
021220260618,2026061812,2,1,7,014042,徳吉正治,差,12.6,,,0,0
021220260618,2026061812,2,2,2,015571,吉田悟,逃,12.7,3/4車身,,1,1
021220260618,2026061812,2,3,1,015253,清水健次,,12.3,3/4車身,,0,0
021220260618,2026061812,2,4,6,014430,橋本祐司,,12.2,3/4車身,,0,0
021220260618,2026061812,2,5,4,015284,田村裕也,,12.1,3/4車身,,0,0
021220260618,2026061812,2,6,5,015542,中嶋樹,,12.1,2車身,,0,0
021220260618,2026061812,2,7,3,013867,樋口奨平,,12.4,5車身,,0,0
031220260618,2026061812,3,1,1,012879,石井毅,差,12.4,,,0,0
031220260618,2026061812,3,2,7,013109,志村正洋,マ,12.3,3/4車身,,0,0
031220260618,2026061812,3,3,5,014295,山崎寛巳,,12.6,1/4車輪,,0,1
031220260618,2026061812,3,4,2,013897,加藤大輔,,12.0,1/4車輪,,1,0
031220260618,2026061812,3,5,6,012329,松尾正人,,11.9,3/4車輪,,0,0
031220260618,2026061812,3,6,4,012938,鈴木規純,,11.8,1車身,,0,0
031220260618,2026061812,3,7,3,014209,加美山隆行,,11.9,2車身,,0,0
041220260618,2026061812,4,1,1,014489,高鍋邦彰,逃,12.4,,,0,1
041220260618,2026061812,4,2,4,013358,行成大祐,マ,12.3,1車輪,,0,0
041220260618,2026061812,4,3,3,011367,石川一浩,,12.0,1/4車輪,,0,0
041220260618,2026061812,4,4,5,013676,塚本諭,,12.0,3/4車身,,0,0
041220260618,2026061812,4,5,6,011792,木下章,,12.3,1車身1/2,,0,0
041220260618,2026061812,4,6,2,014072,伊藤之人,,12.5,1/2車身,,1,0
041220260618,2026061812,4,7,7,012197,奥山雅士,,12.2,1車身,,0,0
051220260618,2026061812,5,1,4,015934,吉田航,逃,12.4,,,1,1
051220260618,2026061812,5,2,7,014743,鈴木広人,差,11.9,3/4車身,,0,0
051220260618,2026061812,5,3,5,013480,林洋二,,12.2,1/8車輪,,0,0
051220260618,2026061812,5,4,1,011935,高嶋一朗,,12.3,1/8車輪,,0,0
051220260618,2026061812,5,5,6,013080,阿部利光,,12.2,3/4車身,,0,0
051220260618,2026061812,5,6,3,013244,小林高志,,12.0,3/4車輪,,0,0
051220260618,2026061812,5,7,2,015889,大本隆也,,13.4,大差,,0,0
061220260618,2026061812,6,1,1,015906,林佳宗依,捲,12.0,,,0,0
061220260618,2026061812,6,2,2,015870,畑崎大輝,逃,12.3,1/2車輪,,0,1
061220260618,2026061812,6,3,5,015884,秋山太洋,,12.2,1車身1/2,,1,0
061220260618,2026061812,6,4,4,014349,佐藤純嘉,,12.4,2車身,,0,0
061220260618,2026061812,6,5,6,013303,須々田大昇,,12.7,1車身,,0,0
061220260618,2026061812,6,6,7,012850,渡邉満,,12.5,3/4車身,,0,0
061220260618,2026061812,6,7,3,011990,茂木和臣,,15.9,大差,,0,0
071220260618,2026061812,7,1,1,015872,池田充槻,逃,11.8,,,1,1
071220260618,2026061812,7,2,4,015111,布居翼,マ,11.8,1車身,,0,0
071220260618,2026061812,7,3,5,015883,吉田夢希斗,,11.6,3/4車身,,0,0
071220260618,2026061812,7,4,7,014124,石田宏樹,,12.0,1車身1/2,,0,0
071220260618,2026061812,7,5,2,013549,堀勝政,,11.8,3車身,,0,0
071220260618,2026061812,7,6,3,013331,橋本大祐,,12.0,3/4車身,,0,0
071220260618,2026061812,7,7,6,014429,千澤大輔,,13.6,大差,,0,0
012720260618,2026061827,1,1,3,014676,柳原司,差,12.0,,,0,0
012720260618,2026061827,1,2,4,013493,立花成泰,マ,12.0,3/4車輪,,0,0
012720260618,2026061827,1,3,7,014172,山田隼司,,12.3,微差,,0,1
012720260618,2026061827,1,4,5,014236,本田拓也,,11.9,1車身1/2,,0,0
012720260618,2026061827,1,5,1,014024,櫻井丈,,12.0,1/4車輪,,1,0
012720260618,2026061827,1,6,2,013547,土屋宏,,11.8,3/4車身,,0,0
012720260618,2026061827,1,7,6,014329,阿部功,,12.2,1車身1/2,,0,0
022720260618,2026061827,2,1,5,013652,隅直幸,差,12.7,,,1,0
022720260618,2026061827,2,2,1,015835,藤井優希,逃,12.8,1/2車輪,,0,1
022720260618,2026061827,2,2,2,013950,松山桂輔,マ,12.6,1/2車輪,,0,0
022720260618,2026061827,2,4,6,014589,西巻秀太,,12.4,3/4車身,,0,0
022720260618,2026061827,2,5,4,013484,表大暁,,12.6,1/2車輪,,0,0
022720260618,2026061827,2,6,3,013179,飯島淳,,13.3,大差,,0,0
022720260618,2026061827,2,7,7,015271,大城慶之,,13.7,大差,,0,0
032720260618,2026061827,3,1,2,015790,藤田祐大,逃,11.7,,,0,1
032720260618,2026061827,3,2,7,013394,飯嶋則之,マ,11.6,3/4車身,,0,0
032720260618,2026061827,3,3,1,015364,吉堂将規,,11.6,3/4車身,,1,0
032720260618,2026061827,3,4,5,014748,山口智弘,,11.5,3/4車輪,,0,0
032720260618,2026061827,3,5,3,015657,高橋優斗,,11.3,タイヤ,,0,0
032720260618,2026061827,3,6,6,014665,小峰烈,,11.5,4車身,,0,0
032720260618,2026061827,3,7,4,014891,小岩哲也,,11.7,3/4車身,,0,0
042720260618,2026061827,4,1,2,013936,小埜正義,差,12.1,,,0,0
042720260618,2026061827,4,2,3,014090,竹澤浩司,捲,11.8,タイヤ,,0,0
042720260618,2026061827,4,3,5,013942,大西健士,,12.0,1/4車輪,,0,0
042720260618,2026061827,4,4,7,015876,三神遼矢,,12.2,タイヤ,,1,1
042720260618,2026061827,4,5,6,014787,瀬口匠,,11.9,3車身,,0,0
042720260618,2026061827,4,6,4,014115,原田礼,,12.6,4車身,,0,0
042720260618,2026061827,4,7,1,014036,篠原龍馬,,14.1,大差,,0,0
052720260618,2026061827,5,1,5,015610,永井哉多,捲,11.5,,,0,1
052720260618,2026061827,5,2,4,014261,作田悦章,マ,11.7,4車身,,0,0
052720260618,2026061827,5,3,7,014157,原田泰志,,11.5,1/4車輪,,0,0
052720260618,2026061827,5,4,1,013924,阿久津修,,11.8,2車身,,1,0
052720260618,2026061827,5,5,6,013983,大崎智久,,12.3,6車身,,0,0
052720260618,2026061827,5,6,2,014267,一ノ瀬匠,,13.9,大差,,0,0
052720260618,2026061827,5,7,3,014572,赤塚悠人,,14.6,9車身,,0,0
062720260618,2026061827,6,1,1,015535,佐藤竜太,差,11.5,,,0,0
062720260618,2026061827,6,2,7,015624,小西晴己,逃,11.8,3/4車身,,0,1
062720260618,2026061827,6,3,3,014740,須藤悟,,11.5,1/2車身,,0,0
062720260618,2026061827,6,4,4,014590,近藤夏樹,,11.6,3/4車身,,0,0
062720260618,2026061827,6,5,2,014645,三浦翔大,,11.6,1/2車輪,,0,0
062720260618,2026061827,6,6,5,015332,鈴木涼介,,11.7,1/4車輪,,0,0
062720260618,2026061827,6,7,6,015382,竹元健竜,,11.7,5車身,,0,0
072720260618,2026061827,7,1,5,014135,金澤幸司,差,11.3,,,0,0
072720260618,2026061827,7,2,1,014348,坂本貴史,捲,11.4,1車輪,,1,0
072720260618,2026061827,7,3,4,015546,山根将太,,11.6,3/4車輪,,0,1
072720260618,2026061827,7,4,6,012886,中井達郎,,11.3,1/2車身,,0,0
072720260618,2026061827,7,5,2,015259,小林稜武,,11.6,3/4車身,,0,0
072720260618,2026061827,7,6,7,014582,平原啓多,,11.6,3車身,,0,0
072720260618,2026061827,7,7,3,015064,吉武信太朗,,11.9,1車身1/2,,0,0
082720260618,2026061827,8,1,6,014679,小玉拓真,差,11.7,,,0,0
082720260618,2026061827,8,2,1,015702,依田翔大,捲,12.0,1車身,,0,0
082720260618,2026061827,8,3,4,015660,河崎正晴,,12.0,3/4車輪,,0,1
082720260618,2026061827,8,4,3,015508,菅野航基,,11.3,1/4車輪,,0,0
082720260618,2026061827,8,5,7,013483,宮越孝治,,11.9,8車身,,0,0
082720260618,2026061827,8,0,2,015122,島川将貴,,0.0,,失格,1,0
082720260618,2026061827,8,0,5,012501,金子真也,,0.0,,落車,0,0
092720260618,2026061827,9,1,6,015528,新村穣,捲,11.2,,,0,0
092720260618,2026061827,9,2,5,013618,櫻井学,マ,11.1,1/4車輪,,0,0
092720260618,2026061827,9,3,4,015749,佐藤壮志,,11.7,1車身1/2,,0,1
092720260618,2026061827,9,4,2,013242,尾崎剛,,11.3,2車身,,0,0
092720260618,2026061827,9,5,7,015269,佐山寛明,,11.6,3/4車身,,0,0
092720260618,2026061827,9,6,1,013448,合志正臣,,12.2,5車身,,1,0
092720260618,2026061827,9,7,3,014752,竹内雄作,,12.4,4車身,,0,0
102720260618,2026061827,10,1,2,015038,山岸佳太,差,11.3,,,1,0
102720260618,2026061827,10,2,5,015096,大石剣士,捲,11.1,3/4車輪,,0,0
102720260618,2026061827,10,3,7,014122,松岡貴久,,11.1,3/4車身,,0,0
102720260618,2026061827,10,4,1,015378,今野有樹,,11.3,1車輪,,0,0
102720260618,2026061827,10,5,4,015347,武田亮,,11.7,1/2車身,,0,1
102720260618,2026061827,10,6,3,014045,吉本卓仁,,11.1,1/2車輪,,0,0
102720260618,2026061827,10,7,6,014059,高塩讓次,,11.5,3/4車身,,0,0
112720260618,2026061827,11,1,1,014588,柿澤大貴,差,11.2,,,1,0
112720260618,2026061827,11,2,6,015256,中嶋宣成,捲,11.4,3/4車身,,0,0
112720260618,2026061827,11,3,3,013619,竹内智彦,,11.6,2車身,,0,0
112720260618,2026061827,11,4,4,014071,朝倉佳弘,,11.4,3/4車身,,0,0
112720260618,2026061827,11,5,2,015183,小森貴大,,11.2,1/2車輪,,0,0
112720260618,2026061827,11,6,5,015509,木村佑来,,11.8,1/2車身,,0,1
112720260618,2026061827,11,7,7,013724,渡辺十夢,,11.4,1/4車輪,,0,0
122720260618,2026061827,12,1,4,013737,筒井敦史,差,12.0,,,0,0
122720260618,2026061827,12,2,1,015480,松本秀之介,捲,12.1,1/8車輪,,0,1
122720260618,2026061827,12,3,7,015520,桑名僚也,,11.8,3/4車身,,0,0
122720260618,2026061827,12,4,6,013199,北野武史,,11.6,1車身,,0,0
122720260618,2026061827,12,5,5,015868,市田龍生都,,12.1,1/2車身,,0,0
122720260618,2026061827,12,6,3,014878,伊代野貴照,,11.8,1車身1/2,,1,0
122720260618,2026061827,12,7,2,015525,鈴木浩太,,12.2,3/4車身,,0,0
017420260618,2026061874,1,1,2,015392,加藤舞,差,15.5,,,0,0
017420260618,2026061874,1,2,1,015023,石井貴子,捲,15.6,1/2車輪,,0,1
017420260618,2026061874,1,3,4,015216,加藤恵,,15.6,1車身,,0,0
017420260618,2026061874,1,4,6,015867,是永ゆうき,,15.3,1/2車身,,1,0
017420260618,2026061874,1,5,7,015677,浜地晴帆,,15.3,1車輪,,0,0
017420260618,2026061874,1,6,5,015942,齊藤由莉,,15.2,1車身,,0,0
017420260618,2026061874,1,7,3,015762,高橋美沙紀,,15.2,1/2車身,,0,0
027420260618,2026061874,2,1,1,015952,酒井亜樹,捲,15.3,,,0,0
027420260618,2026061874,2,2,2,015682,渡部遥,差,15.8,5車身,,0,0
027420260618,2026061874,2,3,4,015149,中野咲,,15.8,1車身,,0,0
027420260618,2026061874,2,4,3,014903,増茂るるこ,,16.1,1/4車輪,,0,0
027420260618,2026061874,2,5,7,015757,戸邉香奈実,,15.9,3/4車身,,0,0
027420260618,2026061874,2,6,5,015319,橋本佳耶,,16.3,1/8車輪,,1,1
027420260618,2026061874,2,7,6,014967,杉沢毛伊子,,16.1,3/4車身,,0,0
037420260618,2026061874,3,1,2,014486,大瀬戸潤一郎,差,15.1,,,0,0
037420260618,2026061874,3,2,1,015280,藤井將,逃,15.2,1/8車輪,,0,1
037420260618,2026061874,3,3,3,015165,寺沼将彦,,14.9,3/4車身,,0,0
037420260618,2026061874,3,4,7,015387,緒方慎太朗,,15.0,1車輪,,0,0
037420260618,2026061874,3,5,4,014638,川又裕樹,,14.9,3/4車輪,,1,0
037420260618,2026061874,3,6,6,014265,松永真太,,14.8,3/4車身,,0,0
037420260618,2026061874,3,7,5,013932,井上雄三,,15.0,1/4車輪,,0,0
047420260618,2026061874,4,1,1,013650,吉本哲郎,差,15.2,,,1,0
047420260618,2026061874,4,2,2,015568,田川翔琉,差,14.8,1/8車輪,,0,0
047420260618,2026061874,4,3,3,013520,高木竜司,,14.8,1車身,,0,0
047420260618,2026061874,4,4,7,013469,野村純宏,,15.1,3/4車輪,,0,0
047420260618,2026061874,4,5,4,014464,中西司,,15.3,1/4車輪,,0,0
047420260618,2026061874,4,6,5,015281,増田仁,,15.6,1/2車身,,0,1
047420260618,2026061874,4,7,6,014342,南部亮太,,15.0,2車身,,0,0
057420260618,2026061874,5,1,4,014057,松田優一,差,15.1,,,0,0
057420260618,2026061874,5,2,5,014110,廣川泰昭,差,15.3,3/4車輪,,0,0
057420260618,2026061874,5,3,1,012718,大橋徹,,15.2,3/4車輪,,0,0
057420260618,2026061874,5,4,7,014344,園田鉄兵,,15.0,1/2車身,,0,0
057420260618,2026061874,5,5,2,015644,中野光太郎,,15.5,1/4車輪,,0,1
057420260618,2026061874,5,6,6,013809,杉山剛,,15.3,1車身1/2,,0,0
057420260618,2026061874,5,7,3,015599,堀航輝,,15.7,1/2車輪,,1,0
067420260618,2026061874,6,1,3,014280,井上公利,逃,15.0,,,0,1
067420260618,2026061874,6,2,1,014204,大崎和也,マ,14.9,3/4車輪,,1,0
067420260618,2026061874,6,3,6,014782,山口幸太郎,,14.8,3/4車輪,,0,0
067420260618,2026061874,6,4,4,014192,野本翔太,,14.5,3/4車身,,0,0
067420260618,2026061874,6,5,5,014133,高橋紀史,,14.8,1/2車身,,0,0
067420260618,2026061874,6,6,2,015838,森柾斗,,14.8,3/4車輪,,0,0
067420260618,2026061874,6,7,7,014776,川上修平,,14.6,3車身,,0,0
077420260618,2026061874,7,1,2,015783,吉田優斗,捲,15.0,,,0,0
077420260618,2026061874,7,2,1,014005,山本健也,マ,15.0,3/4車身,,1,0
077420260618,2026061874,7,3,3,013465,春日勇人,,14.8,3/4車輪,,0,0
077420260618,2026061874,7,4,7,015563,久保光司,,15.7,1車身1/2,,0,1
077420260618,2026061874,7,5,6,012298,星島太,,14.8,3/4車輪,,0,0
077420260618,2026061874,7,6,5,014567,仲松勝太,,15.7,1車輪,,0,0
077420260618,2026061874,7,7,4,014321,石坂永伍,,15.2,1車身,,0,0
087420260618,2026061874,8,1,1,015928,尾野翔一,逃,14.7,,,1,1
087420260618,2026061874,8,2,5,015698,佐藤譲士郎,マ,14.8,1車身,,0,0
087420260618,2026061874,8,3,4,012760,櫻井宏智,,14.7,1車身,,0,0
087420260618,2026061874,8,4,2,014688,西田大志,,14.8,1車身,,0,0
087420260618,2026061874,8,5,3,013755,佐藤悦夫,,14.9,1車輪,,0,0
087420260618,2026061874,8,6,7,013314,鈴木宏章,,14.8,3/4車身,,0,0
087420260618,2026061874,8,7,6,012128,山根泰道,,14.8,1車身,,0,0
097420260618,2026061874,9,1,1,015646,塩崎隼秀,捲,14.8,,,1,0
097420260618,2026061874,9,2,4,013146,八谷誠賢,差,15.2,4車身,,0,0
097420260618,2026061874,9,3,6,015194,船瀬惇平,,15.3,1/4車輪,,0,0
097420260618,2026061874,9,4,2,015205,島村匠,,15.2,1車身,,0,0
097420260618,2026061874,9,5,3,015299,曽我圭佑,,15.5,1/2車身,,0,0
097420260618,2026061874,9,6,7,015277,高井流星,,15.8,1車身1/2,,0,1
097420260618,2026061874,9,7,5,013805,溪飛雄馬,,15.5,3/4車身,,0,0
018120260618,2026061881,1,1,1,015848,與古田龍門,捲,11.9,,,1,0
018120260618,2026061881,1,2,7,013145,瓦田勝也,マ,11.9,2車身,,0,0
018120260618,2026061881,1,3,2,015549,阿部龍也,,12.1,3/4車輪,,0,0
018120260618,2026061881,1,4,4,015915,柏野健吾,,12.3,1/2車身,,0,1
018120260618,2026061881,1,5,3,013421,富澤洋祐,,11.9,1/2車身,,0,0
018120260618,2026061881,1,6,5,015047,加藤健一,,12.0,1/2車身,,0,0
018120260618,2026061881,1,7,6,012810,中山善仁,,13.2,大差,,0,0
028120260618,2026061881,2,1,7,015209,中野真吾,逃,11.7,,,0,1
028120260618,2026061881,2,2,4,015886,中川飛隆,差,11.5,3/4車身,,1,0
028120260618,2026061881,2,3,2,012832,仙石淳,,11.7,1/4車輪,,0,0
028120260618,2026061881,2,4,3,014006,青木亮太,,11.4,3/4車輪,,0,0
028120260618,2026061881,2,5,1,015686,高橋海月,,11.4,1車輪,,0,0
028120260618,2026061881,2,6,5,013161,齋藤和也,,11.5,3車身,,0,0
028120260618,2026061881,2,7,6,012277,井上典善,,13.2,大差,,0,0
038120260618,2026061881,3,1,2,015937,新垣慶晃,捲,11.5,,,0,1
038120260618,2026061881,3,2,4,012542,森下忠夫,差,11.9,4車身,,0,0
038120260618,2026061881,3,3,1,015923,右近陸人,,12.0,1/8車輪,,1,0
038120260618,2026061881,3,4,6,013965,岡田雅也,,11.9,1車身,,0,0
038120260618,2026061881,3,5,5,014266,宮本龍一,,12.0,3/4車輪,,0,0
038120260618,2026061881,3,6,3,014931,横田政直,,11.8,1/2車身,,0,0
038120260618,2026061881,3,7,7,014650,佐藤裕輝,,11.9,3/4車身,,0,0
048120260618,2026061881,4,1,1,015882,木村優駿,逃,11.8,,,1,1
048120260618,2026061881,4,2,4,013525,亀井道佳,マ,11.8,1車身,,0,0
048120260618,2026061881,4,3,3,015736,中岡海,,11.8,1/2車身,,0,0
048120260618,2026061881,4,4,5,013063,赤松秀展,,11.7,1/2車身,,0,0
048120260618,2026061881,4,5,7,011451,重一徳,,11.6,1/8車輪,,0,0
048120260618,2026061881,4,6,2,014844,三登誉哲,,11.8,4車身,,0,0
048120260618,2026061881,4,7,6,014463,久保将史,,12.0,4車身,,0,0
058120260618,2026061881,5,1,7,014666,等々力久就,捲,11.3,,,0,0
058120260618,2026061881,5,2,5,013366,加藤昌平,差,11.8,1/4車輪,,0,0
058120260618,2026061881,5,3,1,015935,佐藤魁皇,,11.9,1/4車輪,,1,1
058120260618,2026061881,5,4,2,013684,吉橋秀城,,11.9,7車身,,0,0
058120260618,2026061881,5,5,6,013212,岡田浩太,,12.6,4車身,,0,0
058120260618,2026061881,5,6,4,014989,鈴木豪,,12.9,1車身1/2,,0,0
058120260618,2026061881,5,7,3,014357,佐藤康恭,,12.2,1車身1/2,,0,0
068120260618,2026061881,6,1,3,015920,吉野太晟,逃,12.0,,,1,1
068120260618,2026061881,6,2,4,013646,日浅保幸,マ,11.9,タイヤ,,0,0
068120260618,2026061881,6,3,2,013817,吉川裕二,,11.8,3/4車身,,0,0
068120260618,2026061881,6,4,5,013834,平石浩之,,11.7,3/4車身,,0,0
068120260618,2026061881,6,5,1,013760,矢口啓一郎,,11.8,1/4車輪,,0,0
068120260618,2026061881,6,6,6,014353,宇佐見裕輝,,11.8,2車身,,0,0
068120260618,2026061881,6,7,7,015238,井寺亮太,,12.1,4車身,,0,0
078120260618,2026061881,7,1,4,015746,峯口司,捲,11.7,,,0,0
078120260618,2026061881,7,2,1,014612,工藤文彦,マ,11.6,1/4車輪,,1,0
078120260618,2026061881,7,3,5,012910,塩川真一郎,,12.1,1車身,,0,0
078120260618,2026061881,7,4,3,015735,岡本翔,,12.2,3/4車輪,,0,1
078120260618,2026061881,7,5,7,014520,伊藤彰規,,11.9,1/4車輪,,0,0
078120260618,2026061881,7,6,2,012875,中曽直彦,,11.9,1車身,,0,0
078120260618,2026061881,7,7,6,014652,原清孝,,12.0,5車身,,0,0
088120260618,2026061881,8,1,1,015737,火島裕輝,捲,11.7,,,0,0
088120260618,2026061881,8,2,7,014185,隅貴史,マ,11.7,1車身1/2,,1,0
088120260618,2026061881,8,3,4,014784,萱島大介,,11.4,3/4車輪,,0,0
088120260618,2026061881,8,4,3,014240,須藤誠,,12.2,1車身1/2,,0,0
088120260618,2026061881,8,5,2,014492,飯塚隼人,,11.7,1/2車輪,,0,0
088120260618,2026061881,8,6,5,014985,竹山慶太,,12.3,1/2車身,,0,1
088120260618,2026061881,8,7,6,014853,中山敬太郎,,12.5,大差,,0,0
098120260618,2026061881,9,1,1,015921,伊藤涼介,逃,11.5,,,1,1
098120260618,2026061881,9,2,5,013435,中石昌芳,マ,11.5,3/4車輪,,0,0
098120260618,2026061881,9,3,4,015607,中山拓人,,11.3,3/4車身,,0,0
098120260618,2026061881,9,4,7,013348,内藤敦,,11.5,1/2車身,,0,0
098120260618,2026061881,9,5,3,012809,高峰賢治,,11.3,1車身,,0,0
098120260618,2026061881,9,6,6,014494,山崎翼,,11.6,3車身,,0,0
098120260618,2026061881,9,7,2,014275,喜納隆志,,11.9,4車身,,0,0
108120260618,2026061881,10,1,7,015842,松本定,逃,11.7,,,0,1
108120260618,2026061881,10,2,1,014044,八尋英輔,マ,11.6,1/2車身,,1,0
108120260618,2026061881,10,3,2,014438,緑川修平,,11.6,3/4車身,,0,0
108120260618,2026061881,10,4,5,012628,阪本正和,,11.6,1/2車輪,,0,0
108120260618,2026061881,10,5,6,012097,斯波雅貴,,11.6,1/2車輪,,0,0
108120260618,2026061881,10,6,4,014220,山崎悟,,11.7,3車身,,0,0
108120260618,2026061881,10,7,3,014813,新井僚太郎,,13.1,大差,,0,0
118120260618,2026061881,11,1,4,013966,大崎飛雄馬,差,11.9,,,0,0
118120260618,2026061881,11,2,3,015641,富武大,逃,12.1,1/2車輪,,1,1
118120260618,2026061881,11,3,5,015206,鶴良生,,11.7,1車輪,,0,0
118120260618,2026061881,11,4,6,014225,伊藤亮,,11.5,1/2車身,,0,0
118120260618,2026061881,11,5,1,014822,関根健太郎,,11.6,1/2車輪,,0,0
118120260618,2026061881,11,6,7,013439,青井賢治,,11.6,3/4車身,,0,0
118120260618,2026061881,11,7,2,014692,森山智徳,,11.7,2車身,,0,0
018720260618,2026061887,1,1,1,015853,中島瞳,捲,12.5,,,0,0
018720260618,2026061887,1,2,2,015863,磯村光舞,逃,12.6,3/4車輪,,0,1
018720260618,2026061887,1,3,6,015950,石田春海,,12.5,3/4車身,,0,0
018720260618,2026061887,1,4,4,015082,高橋朋恵,,12.6,1/2車輪,,0,0
018720260618,2026061887,1,5,7,015494,近澤諒香,,12.6,1車身1/2,,0,0
018720260618,2026061887,1,6,5,015938,牧田咲子,,12.5,1/4車輪,,0,0
018720260618,2026061887,1,7,3,015773,枝光美奈,,16.5,大差,,0,0
028720260618,2026061887,2,1,1,015408,高尾貴美歌,差,12.4,,,0,0
028720260618,2026061887,2,2,2,015069,細田愛未,マ,12.3,1/2車身,,0,0
028720260618,2026061887,2,3,3,015394,三森彩桜,,12.3,3/4車身,,0,0
028720260618,2026061887,2,4,6,015226,成田可菜絵,,12.6,3/4車身,,0,1
028720260618,2026061887,2,5,4,015309,黒沢夢姫,,12.3,1/2車身,,0,0
028720260618,2026061887,2,6,5,015585,山本さくら,,12.9,2車身,,0,0
028720260618,2026061887,2,7,7,015317,佐伯智恵,,12.8,1/4車輪,,1,0
038720260618,2026061887,3,1,4,014938,夏目新吾,逃,12.1,,,0,1
038720260618,2026061887,3,2,1,014455,小野裕次,マ,11.9,1/4車輪,,1,0
038720260618,2026061887,3,3,7,014374,屋良朝春,,11.9,1車身,,0,0
038720260618,2026061887,3,4,5,014359,関根彰人,,11.9,3/4車身,,0,0
038720260618,2026061887,3,5,6,014415,楢原由将,,11.8,1/2車身,,0,0
038720260618,2026061887,3,6,3,014315,西谷岳文,,11.9,1/2車身,,0,0
038720260618,2026061887,3,7,2,014941,江端隆司,,12.0,1/8車輪,,0,0
048720260618,2026061887,4,1,1,014728,三好恵一郎,捲,11.8,,,0,0
048720260618,2026061887,4,2,4,012640,北村貴幸,マ,11.8,1車身,,0,0
048720260618,2026061887,4,3,7,013969,武田良太,,11.9,3/4車身,,0,0
048720260618,2026061887,4,4,5,013594,高田真幸,,11.8,1/4車輪,,0,0
048720260618,2026061887,4,5,6,012479,田中弘章,,12.0,1車身,,0,0
048720260618,2026061887,4,6,2,014620,二條祐也,,12.3,1/2車輪,,1,0
048720260618,2026061887,4,7,3,015273,中武三四郎,,12.5,1車身1/2,,0,1
058720260618,2026061887,5,1,2,014270,小原将通,差,12.1,,,0,0
058720260618,2026061887,5,2,4,015131,池部壮太,逃,12.1,3/4車輪,,0,1
058720260618,2026061887,5,3,1,014684,松本卓也,,12.0,3/4車輪,,0,0
058720260618,2026061887,5,4,6,012838,三木健治,,12.0,1/2車身,,0,0
058720260618,2026061887,5,5,3,012989,森岡正臣,,12.0,1/2車輪,,1,0
058720260618,2026061887,5,6,5,015265,井田晶之,,11.9,1/2車身,,0,0
058720260618,2026061887,5,7,7,013953,坂元洋行,,11.8,1/2車身,,0,0
068720260618,2026061887,6,1,1,014709,松岡孝高,差,11.7,,,0,0
068720260618,2026061887,6,2,2,014997,下岡優季,差,11.8,1/4車輪,,0,0
068720260618,2026061887,6,3,4,015237,太田将成,,11.4,1/2車身,,0,0
068720260618,2026061887,6,4,3,014354,大島将人,,11.3,1/8車輪,,0,0
068720260618,2026061887,6,5,5,015639,松下綾馬,,12.2,3/4車身,,0,1
068720260618,2026061887,6,6,6,013743,藤田剣次,,12.2,大差,,0,0
068720260618,2026061887,6,7,7,015119,佐伯辰哉,,12.8,3車身,,1,0
078720260618,2026061887,7,1,4,015841,中西勇,逃,11.8,,,1,1
078720260618,2026061887,7,2,6,012550,荒木真慈,マ,11.8,1車輪,,0,0
078720260618,2026061887,7,3,1,015060,滝本泰行,,11.6,3/4車身,,0,0
078720260618,2026061887,7,4,3,014086,齋藤友幸,,11.7,1/2車輪,,0,0
078720260618,2026061887,7,5,5,014181,藤原悠斗,,11.4,1車輪,,0,0
078720260618,2026061887,7,6,2,013914,小谷田公則,,11.4,1車身,,0,0
078720260618,2026061887,7,7,7,011198,大竹慎吾,,11.9,1車身1/2,,0,0
088720260618,2026061887,8,1,2,015633,中釜健次,差,11.1,,,1,0
088720260618,2026061887,8,2,1,014178,伊原克彦,捲,11.2,1/2車輪,,0,0
088720260618,2026061887,8,3,3,014984,會澤龍,,11.1,3/4車身,,0,0
088720260618,2026061887,8,4,5,013507,吉岡篤志,,11.7,5車身,,0,0
088720260618,2026061887,8,5,6,015834,原田峻治,,11.9,1車身,,0,1
088720260618,2026061887,8,6,7,012946,亀井雅斗,,11.7,1/8車輪,,0,0
088720260618,2026061887,8,7,4,011487,宮倉勇,,11.4,1/4車輪,,0,0
098720260618,2026061887,9,1,2,014956,小川賢人,差,11.6,,,1,0
098720260618,2026061887,9,2,5,015184,中野雄喜,マ,11.5,3/4車輪,,0,0
098720260618,2026061887,9,3,1,015651,中川聖大,,11.9,1/2車輪,,0,1
098720260618,2026061887,9,4,4,014720,高橋広大,,11.2,1/2車身,,0,0
098720260618,2026061887,9,5,7,014068,吉田裕全,,11.3,1/2車輪,,0,0
098720260618,2026061887,9,6,6,014594,太田剛司,,11.6,3/4車輪,,0,0
098720260618,2026061887,9,7,3,015193,藏本徹二,,11.6,2車身,,0,0
015620260619,2026061956,1,1,9,014507,長島大介,差,11.4,,,0,0
015620260619,2026061956,1,2,4,014809,恩田淳平,マ,11.3,1/2車輪,,0,0
015620260619,2026061956,1,3,2,015518,吉田有希,,11.6,1/2車輪,,0,1
015620260619,2026061956,1,4,6,014318,椎木尾拓哉,,11.3,1/2車身,,0,0
015620260619,2026061956,1,5,5,015474,阿部将大,,11.1,1車身1/2,,1,0
015620260619,2026061956,1,6,8,015661,東矢圭吾,,11.3,3/4車身,,0,0
015620260619,2026061956,1,7,7,015451,山口拳矢,,11.2,1車身,,0,0
015620260619,2026061956,1,8,1,013894,園田匠,,11.2,1車身,,0,0
015620260619,2026061956,1,9,3,014029,上田国広,,11.5,3車身,,0,0
025620260619,2026061956,2,1,6,015261,松井宏佑,逃,11.4,,,0,1
025620260619,2026061956,2,2,1,015203,松本貴治,差,10.8,3/4車輪,,1,0
025620260619,2026061956,2,2,3,014545,岡崎智哉,差,11.2,3/4車輪,,0,0
025620260619,2026061956,2,4,8,015086,酒井雄多,,11.0,1/4車輪,,0,0
025620260619,2026061956,2,5,5,013355,桑原大志,,10.7,1/8車輪,,0,0
025620260619,2026061956,2,6,7,015537,志田龍星,,11.3,1/8車輪,,0,0
025620260619,2026061956,2,7,2,013851,和田健太郎,,11.3,1/2車輪,,0,0
025620260619,2026061956,2,8,9,013904,佐藤友和,,10.9,3車身,,0,0
025620260619,2026061956,2,9,4,014127,永澤剛,,11.0,1車身1/2,,0,0
035620260619,2026061956,3,1,3,014103,村田雅一,差,11.6,,,1,0
035620260619,2026061956,3,2,8,014873,三谷竜生,逃,11.8,1/2車輪,,0,1
035620260619,2026061956,3,3,7,015248,森田優弥,,11.6,1/4車輪,,0,0
035620260619,2026061956,3,4,4,013249,諸橋愛,,11.3,1/2車身,,0,0
035620260619,2026061956,3,5,9,014501,守澤太志,,11.3,1/2車輪,,0,0
035620260619,2026061956,3,6,6,015443,道場晃規,,11.6,1/4車輪,,0,0
035620260619,2026061956,3,7,2,014996,岡本総,,11.2,1車身,,0,0
035620260619,2026061956,3,8,5,015179,皿屋豊,,11.5,1車身,,0,0
035620260619,2026061956,3,9,1,014210,和田圭,,12.3,8車身,,0,0
045620260619,2026061956,4,1,4,013920,山崎芳仁,差,11.7,,,0,0
045620260619,2026061956,4,2,2,013917,成田和也,差,11.9,1/4車輪,,1,0
045620260619,2026061956,4,3,8,015475,伊藤旭,,11.6,3/4車輪,,0,0
045620260619,2026061956,4,4,7,015779,中石湊,,12.0,1/4車輪,,0,1
045620260619,2026061956,4,5,5,015412,菊池岳仁,,11.3,微差,,0,0
045620260619,2026061956,4,6,3,015297,上野優太,,11.6,3/4車身,,0,0
045620260619,2026061956,4,7,6,014554,山形一気,,11.5,1車輪,,0,0
045620260619,2026061956,4,8,9,014861,金子幸央,,11.3,3/4車輪,,0,0
045620260619,2026061956,4,9,1,014140,神山拓弥,,11.3,1車身,,0,0
055620260619,2026061956,5,1,2,014377,岩本俊介,差,11.4,,,0,0
055620260619,2026061956,5,2,9,015037,鈴木竜士,捲,11.4,1車身,,0,0
055620260619,2026061956,5,3,3,015034,新山響平,,11.2,1車身,,0,0
055620260619,2026061956,5,4,7,014002,渡部幸訓,,11.2,1車輪,,0,0
055620260619,2026061956,5,5,1,015090,高橋築,,11.5,1/2車輪,,1,0
055620260619,2026061956,5,6,6,014055,芦澤大輔,,11.3,3/4車身,,0,0
055620260619,2026061956,5,7,4,014860,吉澤純平,,11.5,3/4車身,,0,0
055620260619,2026061956,5,8,8,014380,根田空史,,12.9,大差,,0,1
055620260619,2026061956,5,9,5,015094,佐々木龍,,12.1,3/4車身,,0,0
065620260619,2026061956,6,1,1,014484,河端朋之,捲,10.9,,,1,0
065620260619,2026061956,6,2,7,013880,岩津裕介,マ,10.8,1/2車身,,0,0
065620260619,2026061956,6,3,2,015465,石原颯,,11.5,4車身,,0,1
065620260619,2026061956,6,4,4,013791,村上博幸,,11.1,1車輪,,0,0
065620260619,2026061956,6,5,6,014564,塚本大樹,,10.8,1/8車輪,,0,0
065620260619,2026061956,6,6,5,013140,小倉竜二,,11.4,1車輪,,0,0
065620260619,2026061956,6,7,8,014113,北津留翼,,11.0,1車輪,,0,0
065620260619,2026061956,6,0,3,014317,山田久徳,,0.0,,故障,0,0
065620260619,2026061956,6,0,9,015597,太田海也,,0.0,,失格,0,0
075620260619,2026061956,7,1,5,014534,深谷知広,捲,11.0,,,0,1
075620260619,2026061956,7,2,6,015051,簗田一輝,マ,11.0,1/2車身,,0,0
075620260619,2026061956,7,3,7,015431,鈴木玄人,,10.9,3/4車身,,1,0
075620260619,2026061956,7,4,9,014054,新田祐大,,11.3,4車身,,0,0
075620260619,2026061956,7,5,4,014152,宿口陽一,,11.1,1/2車身,,0,0
075620260619,2026061956,7,6,1,014794,阿部力也,,11.3,1車身,,0,0
075620260619,2026061956,7,7,2,015439,佐々木眞也,,11.0,1/2車輪,,0,0
075620260619,2026061956,7,8,8,015436,青野将大,,11.2,3/4車身,,0,0
075620260619,2026061956,7,9,3,015444,渡邉雅也,,13.0,大差,,0,0
085620260619,2026061956,8,1,9,015213,山崎賢人,捲,10.9,,,0,1
085620260619,2026061956,8,2,1,013516,荒井崇博,マ,10.9,1/2車身,,1,0
085620260619,2026061956,8,3,7,014396,脇本雄太,,10.6,1/2車身,,0,0
085620260619,2026061956,8,4,3,015009,清水裕友,,11.0,1/2車身,,0,0
085620260619,2026061956,8,5,2,014097,稲川翔,,10.7,1車身1/2,,0,0
085620260619,2026061956,8,6,6,014038,橋本強,,11.0,1/4車輪,,0,0
085620260619,2026061956,8,7,8,013730,東口善朋,,10.7,3車身,,0,0
085620260619,2026061956,8,8,4,015125,佐々木豪,,10.6,微差,,0,0
085620260619,2026061956,8,9,5,015731,西田優大,,11.9,4車身,,0,0
095620260619,2026061956,9,1,5,014744,和田真久留,差,11.4,,,0,0
095620260619,2026061956,9,2,1,014741,郡司浩平,捲,11.5,1車輪,,1,1
095620260619,2026061956,9,3,9,014935,嶋津拓弥,,11.3,1/4車輪,,0,0
095620260619,2026061956,9,4,7,014659,武藤龍生,,11.0,1/2車輪,,0,0
095620260619,2026061956,9,5,8,013673,大槻寛徳,,11.4,1/2車輪,,0,0
095620260619,2026061956,9,6,3,015343,佐々木悠葵,,11.4,3/4車身,,0,0
095620260619,2026061956,9,7,2,015337,佐藤礼文,,11.1,3/4車輪,,0,0
095620260619,2026061956,9,8,4,014505,雨谷一樹,,11.3,1/2車輪,,0,0
095620260619,2026061956,9,9,6,015324,小原佑太,,12.5,大差,,0,0
105620260619,2026061956,10,1,5,014681,松浦悠士,差,11.3,,,0,0
105620260619,2026061956,10,2,9,013962,南修二,差,11.8,1車身1/2,,0,0
105620260619,2026061956,10,3,2,014112,小川勇介,,11.6,3/4車輪,,0,0
105620260619,2026061956,10,4,7,014252,三谷将太,,11.8,3/4車身,,0,0
105620260619,2026061956,10,5,8,015052,渡邉豪大,,11.6,3/4車輪,,0,0
105620260619,2026061956,10,6,1,015272,中釜章成,,12.2,3/4車身,,1,1
105620260619,2026061956,10,7,3,015464,町田太我,,11.8,1車輪,,0,0
105620260619,2026061956,10,8,4,015649,後藤大輝,,11.3,1/4車輪,,0,0
105620260619,2026061956,10,9,6,013059,香川雄介,,11.5,1/8車輪,,0,0
115620260619,2026061956,11,1,7,015039,吉田拓矢,捲,11.0,,,0,0
115620260619,2026061956,11,2,1,015242,眞杉匠,マ,11.1,1車身1/2,,1,0
115620260619,2026061956,11,3,9,015035,阿部拓真,,11.3,3/4車身,,0,0
115620260619,2026061956,11,4,8,015341,坂井洋,,11.1,3/4車身,,0,0
115620260619,2026061956,11,5,5,013162,佐藤慎太郎,,11.3,3/4車輪,,0,0
115620260619,2026061956,11,6,4,014462,小原太樹,,11.0,1/2車輪,,0,0
115620260619,2026061956,11,7,2,015596,中野慎詞,,11.5,1/2車輪,,0,1
115620260619,2026061956,11,8,3,014524,松谷秀幸,,11.3,3/4車身,,0,0
115620260619,2026061956,11,9,6,015356,杉浦侑吾,,11.7,6車身,,0,0
125620260619,2026061956,12,1,2,014838,古性優作,差,11.2,,,0,0
125620260619,2026061956,12,2,5,015298,嘉永泰斗,捲,11.1,1車輪,,0,0
125620260619,2026061956,12,3,1,014417,山田庸平,,11.0,1/4車輪,,1,0
125620260619,2026061956,12,4,7,015413,寺崎浩平,,11.6,1/4車輪,,0,1
125620260619,2026061956,12,5,6,013963,柏野智典,,11.2,1車輪,,0,0
125620260619,2026061956,12,6,3,015553,犬伏湧也,,10.8,1/4車輪,,0,0
125620260619,2026061956,12,7,4,014089,浅井康太,,10.7,1車輪,,0,0
125620260619,2026061956,12,8,8,014047,山田英明,,11.1,1車身1/2,,0,0
125620260619,2026061956,12,9,9,015061,取鳥雄吾,,12.5,大差,,0,0
011220260619,2026061912,1,1,2,014739,里見恒平,捲,12.2,,,1,0
011220260619,2026061912,1,2,6,015284,田村裕也,逃,12.7,5車身,,0,1
011220260619,2026061912,1,3,5,011367,石川一浩,,12.5,3/4車輪,,0,0
011220260619,2026061912,1,4,4,011790,廣川貞治,,12.6,1/4車輪,,0,0
011220260619,2026061912,1,5,1,013867,樋口奨平,,12.5,3/4車身,,0,0
011220260619,2026061912,1,6,3,012938,鈴木規純,,12.6,3/4車輪,,0,0
021220260619,2026061912,2,1,5,014072,伊藤之人,差,12.2,,,0,0
021220260619,2026061912,2,2,3,013676,塚本諭,マ,12.2,3/4車輪,,0,0
021220260619,2026061912,2,3,1,013105,松本一成,,12.4,1/4車輪,,1,1
021220260619,2026061912,2,4,4,012982,上原直樹,,12.1,1車身1/2,,0,0
021220260619,2026061912,2,5,2,015542,中嶋樹,,12.7,5車身,,0,0
021220260619,2026061912,2,6,6,012329,松尾正人,,15.6,大差,,0,0
031220260619,2026061912,3,1,3,013897,加藤大輔,差,12.9,,,0,0
031220260619,2026061912,3,2,1,014209,加美山隆行,マ,12.8,3/4車輪,,1,0
031220260619,2026061912,3,3,5,015571,吉田悟,,13.1,1/2車輪,,0,1
031220260619,2026061912,3,4,2,011792,木下章,,12.8,3/4車輪,,0,0
031220260619,2026061912,3,5,6,014430,橋本祐司,,13.0,3車身,,0,0
031220260619,2026061912,3,6,4,015710,鈴木康平,,14.2,大差,,0,0
041220260619,2026061912,4,1,4,014489,高鍋邦彰,捲,11.8,,,0,0
041220260619,2026061912,4,2,5,013109,志村正洋,差,12.1,1/2車輪,,0,0
041220260619,2026061912,4,3,7,014349,佐藤純嘉,,12.3,1/4車輪,,1,0
041220260619,2026061912,4,4,6,013080,阿部利光,,12.2,1/4車輪,,0,0
041220260619,2026061912,4,5,3,012850,渡邉満,,11.8,1/2車身,,0,0
041220260619,2026061912,4,6,2,014124,石田宏樹,,12.5,微差,,0,1
041220260619,2026061912,4,7,1,013358,行成大祐,,11.8,1車身1/2,,0,0
051220260619,2026061912,5,1,5,012879,石井毅,差,12.6,,,0,0
051220260619,2026061912,5,2,3,015889,大本隆也,逃,12.7,微差,,0,1
051220260619,2026061912,5,3,7,013331,橋本大祐,,12.5,1/4車輪,,0,0
051220260619,2026061912,5,4,6,013244,小林高志,,12.3,1車身1/2,,0,0
051220260619,2026061912,5,5,4,013549,堀勝政,,12.5,1/2車輪,,1,0
051220260619,2026061912,5,6,2,013480,林洋二,,13.4,8車身,,0,0
051220260619,2026061912,5,7,1,014295,山崎寛巳,,13.6,9車身,,0,0
061220260619,2026061912,6,1,1,011990,茂木和臣,差,13.1,,,0,0
061220260619,2026061912,6,2,3,015883,吉田夢希斗,逃,13.3,1/4車輪,,1,1
061220260619,2026061912,6,3,5,013303,須々田大昇,,13.0,1/2車輪,,0,0
061220260619,2026061912,6,4,4,014042,徳吉正治,,12.4,3/4車身,,0,0
061220260619,2026061912,6,5,6,014429,千澤大輔,,13.1,1車身,,0,0
061220260619,2026061912,6,6,7,014880,野見泰要,,13.2,3車身,,0,0
061220260619,2026061912,6,7,2,011935,高嶋一朗,,13.7,8車身,,0,0
071220260619,2026061912,7,1,2,015934,吉田航,逃,12.2,,,0,1
071220260619,2026061912,7,2,3,015906,林佳宗依,差,11.5,1/2車輪,,0,0
071220260619,2026061912,7,3,1,015870,畑崎大輝,,11.8,3/4車身,,0,0
071220260619,2026061912,7,4,6,014743,鈴木広人,,11.7,2車身,,0,0
071220260619,2026061912,7,5,4,015884,秋山太洋,,11.6,1/2車身,,0,0
071220260619,2026061912,7,6,7,015111,布居翼,,11.8,2車身,,0,0
071220260619,2026061912,7,7,5,015872,池田充槻,,11.7,1/4車輪,,1,0
012720260619,2026061927,1,1,7,013950,松山桂輔,差,11.9,,,0,0
012720260619,2026061927,1,2,2,015271,大城慶之,逃,12.1,1/2車輪,,0,1
012720260619,2026061927,1,3,5,014329,阿部功,,11.8,1車輪,,0,0
012720260619,2026061927,1,4,1,013556,山信田学,,11.7,1/2車身,,0,0
012720260619,2026061927,1,5,4,013179,飯島淳,,11.7,3/4車身,,0,0
012720260619,2026061927,1,6,6,014589,西巻秀太,,11.5,1/2車身,,0,0
012720260619,2026061927,1,7,3,014024,櫻井丈,,11.8,1車身,,0,0
022720260619,2026061927,2,1,4,014036,篠原龍馬,逃,11.6,,,0,1
022720260619,2026061927,2,2,1,013493,立花成泰,マ,11.6,1車身1/2,,1,0
022720260619,2026061927,2,3,5,014891,小岩哲也,,11.4,3/4車輪,,0,0
022720260619,2026061927,2,4,3,013547,土屋宏,,11.4,3/4車身,,0,0
022720260619,2026061927,2,5,7,013484,表大暁,,11.5,2車身,,0,0
022720260619,2026061927,2,6,6,014236,本田拓也,,11.5,1車身,,0,0
022720260619,2026061927,2,7,2,014172,山田隼司,,13.5,大差,,0,0
032720260619,2026061927,3,1,3,015835,藤井優希,逃,12.8,,,0,1
032720260619,2026061927,3,2,6,013983,大崎智久,差,12.5,3/4車輪,,0,0
032720260619,2026061927,3,3,4,015657,高橋優斗,,12.6,1/4車輪,,0,0
032720260619,2026061927,3,4,7,013652,隅直幸,,12.8,1/2車身,,0,0
032720260619,2026061927,3,5,2,014665,小峰烈,,12.4,1/2車輪,,0,0
032720260619,2026061927,3,6,5,014676,柳原司,,12.6,1/4車輪,,0,0
032720260619,2026061927,3,7,1,014748,山口智弘,,13.0,6車身,,1,0
042720260619,2026061927,4,1,3,015876,三神遼矢,逃,12.0,,,0,1
042720260619,2026061927,4,2,4,013924,阿久津修,マ,12.0,1車身1/2,,0,0
042720260619,2026061927,4,3,5,014157,原田泰志,,11.9,1/4車輪,,0,0
042720260619,2026061927,4,4,1,013942,大西健士,,12.0,2車身,,1,0
042720260619,2026061927,4,5,2,014115,原田礼,,12.1,1車身1/2,,0,0
042720260619,2026061927,4,6,6,014787,瀬口匠,,12.0,1車身1/2,,0,0
042720260619,2026061927,4,7,7,014267,一ノ瀬匠,,14.8,大差,,0,0
052720260619,2026061927,5,1,5,014645,三浦翔大,差,11.6,,,0,0
052720260619,2026061927,5,2,2,014348,坂本貴史,捲,11.8,3/4車輪,,1,0
052720260619,2026061927,5,3,1,015064,吉武信太朗,,11.5,1/2車輪,,0,0
052720260619,2026061927,5,4,7,015660,河崎正晴,,11.5,1/2車身,,0,0
052720260619,2026061927,5,5,4,014740,須藤悟,,11.3,1/2車身,,0,0
052720260619,2026061927,5,6,3,012501,金子真也,,11.8,1/2車輪,,0,0
052720260619,2026061927,5,7,6,015259,小林稜武,,12.0,1/2車輪,,0,1
062720260619,2026061927,6,1,1,015269,佐山寛明,差,11.5,,,0,0
062720260619,2026061927,6,2,4,015624,小西晴己,捲,11.7,1車輪,,0,0
062720260619,2026061927,6,3,5,014582,平原啓多,,11.8,1車身1/2,,0,0
062720260619,2026061927,6,4,7,015546,山根将太,,11.8,1車身1/2,,0,0
062720260619,2026061927,6,5,3,013448,合志正臣,,11.7,3/4車輪,,0,0
062720260619,2026061927,6,6,2,015332,鈴木涼介,,12.4,3車身,,1,1
062720260619,2026061927,6,7,6,015382,竹元健竜,,12.8,7車身,,0,0
072720260619,2026061927,7,1,6,012886,中井達郎,差,11.6,,,0,0
072720260619,2026061927,7,2,3,014590,近藤夏樹,捲,11.7,1車輪,,0,0
072720260619,2026061927,7,3,4,014137,房州輝也,,11.8,1/2車身,,0,0
072720260619,2026061927,7,4,5,013242,尾崎剛,,11.6,1/4車輪,,0,0
072720260619,2026061927,7,5,2,013483,宮越孝治,,11.9,2車身,,0,0
072720260619,2026061927,7,6,1,015508,菅野航基,,12.2,3/4車身,,1,1
072720260619,2026061927,7,7,7,014752,竹内雄作,,13.6,大差,,0,0
082720260619,2026061927,8,1,2,015520,桑名僚也,差,12.0,,,0,0
082720260619,2026061927,8,2,1,014045,吉本卓仁,捲,12.0,3/4車輪,,1,0
082720260619,2026061927,8,3,6,014679,小玉拓真,,11.8,1/8車輪,,0,0
082720260619,2026061927,8,4,3,013199,北野武史,,11.9,3/4車身,,0,0
082720260619,2026061927,8,5,7,013618,櫻井学,,12.0,1/4車輪,,0,0
082720260619,2026061927,8,6,5,015749,佐藤壮志,,12.0,1車身1/2,,0,0
082720260619,2026061927,8,7,4,015525,鈴木浩太,,12.9,4車身,,0,1
092720260619,2026061927,9,1,7,014071,朝倉佳弘,差,12.0,,,0,0
092720260619,2026061927,9,2,5,014122,松岡貴久,マ,11.9,1/2車輪,,0,0
092720260619,2026061927,9,3,1,015347,武田亮,,12.2,3/4車身,,0,1
092720260619,2026061927,9,4,3,015509,木村佑来,,12.0,1/4車輪,,1,0
092720260619,2026061927,9,5,2,013724,渡辺十夢,,11.8,3/4車輪,,0,0
092720260619,2026061927,9,6,4,014135,金澤幸司,,12.4,6車身,,0,0
092720260619,2026061927,9,7,6,015535,佐藤竜太,,13.1,6車身,,0,0
102720260619,2026061927,10,1,4,015868,市田龍生都,逃,11.3,,,0,1
102720260619,2026061927,10,2,5,015183,小森貴大,マ,11.4,5車身,,0,0
102720260619,2026061927,10,3,6,015528,新村穣,,11.4,3車身,,0,0
102720260619,2026061927,10,4,7,015702,依田翔大,,11.3,タイヤ,,0,0
102720260619,2026061927,10,5,2,015378,今野有樹,,11.4,1車身,,0,0
102720260619,2026061927,10,6,1,014878,伊代野貴照,,11.5,1車身1/2,,1,0
102720260619,2026061927,10,7,3,014059,高塩讓次,,11.6,1車身1/2,,0,0
112720260619,2026061927,11,1,1,015610,永井哉多,捲,11.5,,,0,0
112720260619,2026061927,11,2,6,014090,竹澤浩司,差,11.6,2車身,,0,0
112720260619,2026061927,11,3,5,015790,藤田祐大,,11.8,1/4車輪,,0,1
112720260619,2026061927,11,4,3,013394,飯嶋則之,,11.7,1/4車輪,,0,0
112720260619,2026061927,11,5,4,015364,吉堂将規,,11.9,1/2車輪,,1,0
112720260619,2026061927,11,6,2,014261,作田悦章,,11.7,3/4車身,,0,0
112720260619,2026061927,11,7,7,013936,小埜正義,,11.9,3車身,,0,0
122720260619,2026061927,12,1,3,015096,大石剣士,捲,11.2,,,0,0
122720260619,2026061927,12,2,5,015480,松本秀之介,差,10.9,3/4車輪,,0,0
122720260619,2026061927,12,3,7,013619,竹内智彦,,11.2,3/4車身,,0,0
122720260619,2026061927,12,4,2,013737,筒井敦史,,10.9,3/4車身,,0,0
122720260619,2026061927,12,5,4,014588,柿澤大貴,,11.3,1車輪,,0,0
122720260619,2026061927,12,6,1,015038,山岸佳太,,11.4,1/4車輪,,1,0
122720260619,2026061927,12,7,6,015256,中嶋宣成,,13.0,大差,,0,1
017420260619,2026061974,1,1,2,015682,渡部遥,差,15.3,,,0,0
017420260619,2026061974,1,2,5,015216,加藤恵,差,15.9,1車身1/2,,1,0
017420260619,2026061974,1,3,1,015392,加藤舞,,15.6,1/2車身,,0,0
017420260619,2026061974,1,4,4,015762,高橋美沙紀,,16.2,1/2車輪,,0,1
017420260619,2026061974,1,5,3,014903,増茂るるこ,,15.5,1/8車輪,,0,0
017420260619,2026061974,1,6,7,015757,戸邉香奈実,,15.9,1/2車輪,,0,0
017420260619,2026061974,1,7,6,015942,齊藤由莉,,15.8,3/4車輪,,0,0
027420260619,2026061974,2,1,1,015952,酒井亜樹,捲,15.2,,,0,1
027420260619,2026061974,2,2,2,015023,石井貴子,捲,15.2,2車身,,0,0
027420260619,2026061974,2,3,3,015149,中野咲,,15.2,1車身,,0,0
027420260619,2026061974,2,4,4,015319,橋本佳耶,,15.3,1車身1/2,,1,0
027420260619,2026061974,2,5,6,014967,杉沢毛伊子,,15.4,1車身1/2,,0,0
027420260619,2026061974,2,6,5,015867,是永ゆうき,,15.4,1車身,,0,0
027420260619,2026061974,2,7,7,015677,浜地晴帆,,15.9,4車身,,0,0
037420260619,2026061974,3,1,1,015838,森柾斗,捲,14.6,,,0,0
037420260619,2026061974,3,2,7,014776,川上修平,マ,14.6,2車身,,0,0
037420260619,2026061974,3,3,4,014265,松永真太,,15.3,1/8車輪,,0,1
037420260619,2026061974,3,4,2,014321,石坂永伍,,15.0,3/4車輪,,0,0
037420260619,2026061974,3,5,5,014133,高橋紀史,,14.9,1車身,,0,0
037420260619,2026061974,3,6,3,013809,杉山剛,,15.1,1車輪,,1,0
037420260619,2026061974,3,7,6,012128,山根泰道,,15.8,大差,,0,0
047420260619,2026061974,4,1,4,014342,南部亮太,差,15.0,,,0,0
047420260619,2026061974,4,2,2,014567,仲松勝太,差,15.1,1/4車輪,,0,0
047420260619,2026061974,4,3,3,015281,増田仁,,14.7,1/2車輪,,0,0
047420260619,2026061974,4,4,1,015599,堀航輝,,15.2,3/4車輪,,1,1
047420260619,2026061974,4,5,7,013314,鈴木宏章,,15.0,1/2車輪,,0,0
047420260619,2026061974,4,6,6,012298,星島太,,14.8,1車身1/2,,0,0
047420260619,2026061974,4,7,5,013932,井上雄三,,15.5,3車身,,0,0
057420260619,2026061974,5,1,1,014688,西田大志,差,14.5,,,1,0
057420260619,2026061974,5,2,6,015387,緒方慎太朗,逃,14.7,1/2車身,,0,1
057420260619,2026061974,5,3,5,014638,川又裕樹,,14.2,1/2車輪,,0,0
057420260619,2026061974,5,4,2,015165,寺沼将彦,,14.5,1/4車輪,,0,0
057420260619,2026061974,5,5,4,012760,櫻井宏智,,14.0,1車輪,,0,0
057420260619,2026061974,5,6,3,013755,佐藤悦夫,,14.4,1/2車身,,0,0
057420260619,2026061974,5,7,7,014782,山口幸太郎,,14.3,1車身,,0,0
067420260619,2026061974,6,1,2,013520,高木竜司,差,15.1,,,0,0
067420260619,2026061974,6,2,7,014344,園田鉄兵,マ,15.1,1/2車身,,0,0
067420260619,2026061974,6,3,6,015563,久保光司,,15.3,1/8車輪,,1,1
067420260619,2026061974,6,4,1,015644,中野光太郎,,14.7,1/2車輪,,0,0
067420260619,2026061974,6,5,4,014192,野本翔太,,14.6,1/4車輪,,0,0
067420260619,2026061974,6,6,5,013469,野村純宏,,15.0,3/4車身,,0,0
067420260619,2026061974,6,7,3,014464,中西司,,14.6,3/4車輪,,0,0
077420260619,2026061974,7,1,1,015299,曽我圭佑,捲,14.6,,,0,1
077420260619,2026061974,7,2,2,013805,溪飛雄馬,マ,14.6,1車身,,0,0
077420260619,2026061974,7,3,6,014486,大瀬戸潤一郎,,14.8,2車身,,1,0
077420260619,2026061974,7,4,7,014110,廣川泰昭,,14.9,2車身,,0,0
077420260619,2026061974,7,5,5,015783,吉田優斗,,14.7,1/2車輪,,0,0
077420260619,2026061974,7,6,3,015194,船瀬惇平,,15.2,1車身,,0,0
077420260619,2026061974,7,7,4,012718,大橋徹,,15.2,4車身,,0,0
087420260619,2026061974,8,1,3,013650,吉本哲郎,差,14.1,,,0,0
087420260619,2026061974,8,2,1,015646,塩崎隼秀,捲,14.2,1/2車輪,,0,0
087420260619,2026061974,8,3,2,013146,八谷誠賢,,14.6,2車身,,0,0
087420260619,2026061974,8,4,4,013465,春日勇人,,14.6,2車身,,0,0
087420260619,2026061974,8,5,6,015568,田川翔琉,,15.0,3/4車身,,1,1
087420260619,2026061974,8,6,7,015698,佐藤譲士郎,,14.8,1/2車輪,,0,0
087420260619,2026061974,8,7,5,014204,大崎和也,,14.6,3/4車身,,0,0
097420260619,2026061974,9,1,1,015928,尾野翔一,捲,13.6,,,0,1
097420260619,2026061974,9,2,3,015277,高井流星,捲,14.1,4車身,,0,0
097420260619,2026061974,9,3,4,015280,藤井將,,14.0,3/4車身,,0,0
097420260619,2026061974,9,4,2,015205,島村匠,,13.8,1/4車輪,,0,0
097420260619,2026061974,9,5,5,014005,山本健也,,14.2,2車身,,1,0
097420260619,2026061974,9,6,6,014280,井上公利,,15.2,8車身,,0,0
097420260619,2026061974,9,7,7,014057,松田優一,,14.7,3/4車身,,0,0
018120260619,2026061981,1,1,1,013161,齋藤和也,差,12.2,,,1,0
018120260619,2026061981,1,2,5,014989,鈴木豪,逃,12.3,1車輪,,0,1
018120260619,2026061981,1,3,4,013421,富澤洋祐,,12.1,1/2車輪,,0,0
018120260619,2026061981,1,4,2,013212,岡田浩太,,11.9,1/2車身,,0,0
018120260619,2026061981,1,5,3,015047,加藤健一,,12.4,4車身,,0,0
018120260619,2026061981,1,6,6,012277,井上典善,,14.3,大差,,0,0
028120260619,2026061981,2,1,5,014931,横田政直,逃,11.6,,,0,1
028120260619,2026061981,2,2,7,015686,高橋海月,捲,11.4,3/4車身,,0,0
028120260619,2026061981,2,3,1,012810,中山善仁,,11.8,1車身,,1,0
028120260619,2026061981,2,4,2,014357,佐藤康恭,,11.4,1/2車身,,0,0
028120260619,2026061981,2,5,4,014650,佐藤裕輝,,11.5,1/2車輪,,0,0
028120260619,2026061981,2,6,6,014463,久保将史,,11.8,1/2車身,,0,0
028120260619,2026061981,2,7,3,011451,重一徳,,11.4,3/4車身,,0,0
038120260619,2026061981,3,1,4,015937,新垣慶晃,捲,11.2,,,0,0
038120260619,2026061981,3,2,3,015886,中川飛隆,捲,11.5,2車身,,0,1
038120260619,2026061981,3,3,2,013366,加藤昌平,,11.4,2車身,,0,0
038120260619,2026061981,3,4,1,015736,中岡海,,11.6,1/2車輪,,1,0
038120260619,2026061981,3,5,7,012542,森下忠夫,,11.5,1/8車輪,,0,0
038120260619,2026061981,3,6,6,013684,吉橋秀城,,11.5,1車身1/2,,0,0
038120260619,2026061981,3,7,5,013145,瓦田勝也,,11.4,1/2車身,,0,0
048120260619,2026061981,4,1,1,015915,柏野健吾,捲,12.1,,,0,0
048120260619,2026061981,4,2,3,015882,木村優駿,逃,12.4,3/4車身,,1,1
048120260619,2026061981,4,3,5,015209,中野真吾,,12.2,1車身,,0,0
048120260619,2026061981,4,4,4,013063,赤松秀展,,12.5,4車身,,0,0
048120260619,2026061981,4,5,6,013965,岡田雅也,,12.4,1/2車身,,0,0
048120260619,2026061981,4,6,7,014006,青木亮太,,12.9,1/2車身,,0,0
048120260619,2026061981,4,7,2,015848,與古田龍門,,12.8,1/2車輪,,0,0
058120260619,2026061981,5,1,5,015935,佐藤魁皇,逃,11.5,,,0,1
058120260619,2026061981,5,2,3,015923,右近陸人,マ,11.3,3/4車輪,,1,0
058120260619,2026061981,5,3,6,015549,阿部龍也,,11.2,1車輪,,0,0
058120260619,2026061981,5,4,1,014266,宮本龍一,,11.2,1/2車身,,0,0
058120260619,2026061981,5,5,4,012832,仙石淳,,11.1,3/4車身,,0,0
058120260619,2026061981,5,6,2,014666,等々力久就,,11.0,1車身1/2,,0,0
058120260619,2026061981,5,7,7,013525,亀井道佳,,11.5,6車身,,0,0
068120260619,2026061981,6,1,4,013760,矢口啓一郎,逃,11.9,,,1,1
068120260619,2026061981,6,2,1,014240,須藤誠,マ,11.7,微差,,0,0
068120260619,2026061981,6,3,5,012875,中曽直彦,,11.6,1/2車身,,0,0
068120260619,2026061981,6,4,3,014438,緑川修平,,11.6,3/4車身,,0,0
068120260619,2026061981,6,5,6,014353,宇佐見裕輝,,11.5,1/2車身,,0,0
068120260619,2026061981,6,6,7,014275,喜納隆志,,11.6,2車身,,0,0
068120260619,2026061981,6,7,2,014492,飯塚隼人,,14.0,大差,,0,0
078120260619,2026061981,7,1,7,014813,新井僚太郎,差,11.8,,,0,0
078120260619,2026061981,7,2,5,012809,高峰賢治,マ,11.8,3/4車身,,0,0
078120260619,2026061981,7,3,3,013348,内藤敦,,12.1,1/4車輪,,0,0
078120260619,2026061981,7,4,4,015735,岡本翔,,12.3,1/8車輪,,0,1
078120260619,2026061981,7,5,1,014220,山崎悟,,11.8,3/4車輪,,1,0
078120260619,2026061981,7,6,2,014494,山崎翼,,11.7,1車身1/2,,0,0
078120260619,2026061981,7,7,6,014652,原清孝,,12.0,4車身,,0,0
088120260619,2026061981,8,1,2,014985,竹山慶太,逃,12.1,,,0,1
088120260619,2026061981,8,2,7,013834,平石浩之,マ,12.1,1/2車輪,,0,0
088120260619,2026061981,8,3,3,014520,伊藤彰規,,12.0,1/2車輪,,0,0
088120260619,2026061981,8,4,1,015238,井寺亮太,,11.8,1/2車身,,1,0
088120260619,2026061981,8,5,5,012097,斯波雅貴,,11.6,5車身,,0,0
088120260619,2026061981,8,6,4,012628,阪本正和,,12.1,1/4車輪,,0,0
088120260619,2026061981,8,7,6,014853,中山敬太郎,,13.3,大差,,0,0
098120260619,2026061981,9,1,4,015921,伊藤涼介,逃,11.5,,,0,1
098120260619,2026061981,9,2,7,014822,関根健太郎,マ,11.5,1車身,,0,0
098120260619,2026061981,9,3,1,014225,伊藤亮,,11.4,1/2車身,,1,0
098120260619,2026061981,9,4,5,015746,峯口司,,11.4,3/4車身,,0,0
098120260619,2026061981,9,5,6,014784,萱島大介,,11.2,3/4車輪,,0,0
098120260619,2026061981,9,6,3,014612,工藤文彦,,11.5,2車身,,0,0
098120260619,2026061981,9,7,2,015641,富武大,,12.5,大差,,0,0
108120260619,2026061981,10,1,7,014044,八尋英輔,差,12.0,,,0,0
108120260619,2026061981,10,2,1,015206,鶴良生,逃,12.2,微差,,1,1
108120260619,2026061981,10,3,4,013817,吉川裕二,,11.9,1/2車身,,0,0
108120260619,2026061981,10,4,6,012910,塩川真一郎,,11.9,1車身,,0,0
108120260619,2026061981,10,5,2,013966,大崎飛雄馬,,12.0,3/4車輪,,0,0
108120260619,2026061981,10,6,3,013646,日浅保幸,,12.0,2車身,,0,0
108120260619,2026061981,10,7,5,015737,火島裕輝,,12.5,1車身1/2,,0,0
118120260619,2026061981,11,1,1,014692,森山智徳,差,11.8,,,1,0
118120260619,2026061981,11,2,7,015842,松本定,逃,11.9,タイヤ,,0,1
118120260619,2026061981,11,3,3,013435,中石昌芳,,11.8,3/4車身,,0,0
118120260619,2026061981,11,4,4,015607,中山拓人,,11.5,1/2車身,,0,0
118120260619,2026061981,11,5,2,013439,青井賢治,,11.8,1車身1/2,,0,0
118120260619,2026061981,11,6,5,014185,隅貴史,,12.0,4車身,,0,0
118120260619,2026061981,11,7,6,015920,吉野太晟,,12.5,4車身,,0,0
018720260619,2026061987,1,1,1,015853,中島瞳,逃,12.8,,,1,1
018720260619,2026061987,1,2,2,015069,細田愛未,マ,12.8,3/4車身,,0,0
018720260619,2026061987,1,3,3,015394,三森彩桜,,12.8,3/4車身,,0,0
018720260619,2026061987,1,4,4,015938,牧田咲子,,12.7,3/4車身,,0,0
018720260619,2026061987,1,5,5,015226,成田可菜絵,,12.9,3/4車輪,,0,0
018720260619,2026061987,1,6,7,015494,近澤諒香,,12.7,1/2車身,,0,0
018720260619,2026061987,1,7,6,015317,佐伯智恵,,12.9,3/4車身,,0,0
028720260619,2026061987,2,1,1,015408,高尾貴美歌,差,12.3,,,0,0
028720260619,2026061987,2,2,2,015863,磯村光舞,捲,12.5,3/4車身,,1,1
028720260619,2026061987,2,3,4,015082,高橋朋恵,,12.3,1車輪,,0,0
028720260619,2026061987,2,4,5,015309,黒沢夢姫,,12.3,1車身1/2,,0,0
028720260619,2026061987,2,5,3,015773,枝光美奈,,12.7,1/4車輪,,0,0
028720260619,2026061987,2,6,7,015950,石田春海,,12.5,1車身1/2,,0,0
028720260619,2026061987,2,7,6,015585,山本さくら,,13.4,5車身,,0,0
038720260619,2026061987,3,1,4,015273,中武三四郎,逃,11.8,,,0,1
038720260619,2026061987,3,2,1,013914,小谷田公則,マ,11.8,1/2車輪,,1,0
038720260619,2026061987,3,3,3,011487,宮倉勇,,11.7,1/2車身,,0,0
038720260619,2026061987,3,4,6,012946,亀井雅斗,,11.6,1車身1/2,,0,0
038720260619,2026061987,3,5,7,011198,大竹慎吾,,11.9,3車身,,0,0
038720260619,2026061987,3,6,5,013743,藤田剣次,,12.4,2車身,,0,0
038720260619,2026061987,3,7,2,014315,西谷岳文,,12.5,1/2車輪,,0,0
048720260619,2026061987,4,1,1,014941,江端隆司,逃,11.6,,,0,1
048720260619,2026061987,4,2,2,014620,二條祐也,マ,11.5,1/2車輪,,0,0
048720260619,2026061987,4,3,3,012479,田中弘章,,11.4,3/4車輪,,1,0
048720260619,2026061987,4,4,5,013953,坂元洋行,,11.4,1車身1/2,,0,0
048720260619,2026061987,4,5,6,014415,楢原由将,,11.3,1車身1/2,,0,0
048720260619,2026061987,4,6,7,015119,佐伯辰哉,,11.4,1/8車輪,,0,0
048720260619,2026061987,4,7,4,015265,井田晶之,,13.6,大差,,0,0
058720260619,2026061987,5,1,1,012989,森岡正臣,差,11.9,,,1,0
058720260619,2026061987,5,2,4,015639,松下綾馬,逃,12.1,1/4車輪,,0,1
058720260619,2026061987,5,3,6,014374,屋良朝春,,11.9,1車身,,0,0
058720260619,2026061987,5,4,7,013969,武田良太,,11.9,2車身,,0,0
058720260619,2026061987,5,5,2,014086,齋藤友幸,,12.2,2車身,,0,0
058720260619,2026061987,5,6,5,012838,三木健治,,0.0,大差,,0,0
058720260619,2026061987,5,0,3,014354,大島将人,,0.0,,失格,0,0
068720260619,2026061987,6,1,1,014984,會澤龍,差,11.8,,,0,0
068720260619,2026061987,6,2,7,014359,関根彰人,差,11.6,1/2車身,,0,0
068720260619,2026061987,6,3,5,015834,原田峻治,,12.0,1/8車輪,,0,0
068720260619,2026061987,6,4,3,015237,太田将成,,12.2,3/4車輪,,0,1
068720260619,2026061987,6,5,6,014181,藤原悠斗,,11.8,3/4車輪,,0,0
068720260619,2026061987,6,6,2,013507,吉岡篤志,,11.8,3/4車身,,0,0
068720260619,2026061987,6,7,4,013594,高田真幸,,14.5,大差,,0,0
078720260619,2026061987,7,1,5,014728,三好恵一郎,捲,11.5,,,0,0
078720260619,2026061987,7,2,1,014720,高橋広大,マ,11.4,1/2車身,,0,0
078720260619,2026061987,7,3,2,015184,中野雄喜,,11.5,1車身1/2,,0,0
078720260619,2026061987,7,4,6,014270,小原将通,,11.8,1車身1/2,,0,0
078720260619,2026061987,7,5,7,015841,中西勇,,12.0,1車身,,1,1
078720260619,2026061987,7,6,3,015060,滝本泰行,,11.7,1/2車輪,,0,0
078720260619,2026061987,7,7,4,015633,中釜健次,,12.4,4車身,,0,0
088720260619,2026061987,8,1,1,014956,小川賢人,捲,11.6,,,1,0
088720260619,2026061987,8,2,3,014068,吉田裕全,マ,11.5,3/4車輪,,0,0
088720260619,2026061987,8,3,2,014594,太田剛司,,11.2,1/2車身,,0,0
088720260619,2026061987,8,4,4,014178,伊原克彦,,11.6,1/4車輪,,0,0
088720260619,2026061987,8,5,5,014455,小野裕次,,11.6,3/4車身,,0,0
088720260619,2026061987,8,6,6,014997,下岡優季,,11.5,1/2車輪,,0,0
088720260619,2026061987,8,7,7,015131,池部壮太,,12.8,9車身,,0,1
098720260619,2026061987,9,1,1,015651,中川聖大,逃,11.8,,,0,1
098720260619,2026061987,9,1,4,014709,松岡孝高,差,11.7,,,0,0
098720260619,2026061987,9,3,2,015193,藏本徹二,,11.7,5車身,,1,0
098720260619,2026061987,9,4,3,014684,松本卓也,,11.9,1車身1/2,,0,0
098720260619,2026061987,9,5,5,012640,北村貴幸,,12.0,1車身1/2,,0,0
098720260619,2026061987,9,6,6,014938,夏目新吾,,12.3,1車身,,0,0
098720260619,2026061987,9,7,7,012550,荒木真慈,,12.3,5車身,,0,0
013520260619,2026061935,1,1,7,014245,後藤彰仁,差,12.5,,,0,0
013520260619,2026061935,1,2,2,014832,宮西翼,マ,12.4,1/2車身,,0,0
013520260619,2026061935,1,3,6,014369,中川拓也,,12.4,1車身,,0,0
013520260619,2026061935,1,4,3,014332,芳野匠,,12.9,3/4車輪,,0,0
013520260619,2026061935,1,5,1,015833,野村賢,,13.1,1/2車身,,1,1
013520260619,2026061935,1,6,5,014522,高橋佑輔,,12.9,1/2車身,,0,0
013520260619,2026061935,1,7,4,015534,牛田樹希斗,,15.5,大差,,0,0
023520260619,2026061935,2,1,2,014255,西本直大,捲,11.4,,,0,0
023520260619,2026061935,2,2,5,013957,堂村知哉,マ,11.3,1車身,,0,0
023520260619,2026061935,2,3,4,013506,田村浩章,,11.9,3/4車身,,0,0
023520260619,2026061935,2,4,3,013461,市川健太,,12.1,1/2車身,,1,1
023520260619,2026061935,2,5,6,014866,櫻井利之,,11.8,3/4車身,,0,0
023520260619,2026061935,2,6,1,013106,赤井学,,11.4,1車輪,,0,0
023520260619,2026061935,2,0,7,015189,山本隼人,,0.0,,失格,0,0
033520260619,2026061935,3,1,7,013417,梅原大治,差,11.6,,,0,0
033520260619,2026061935,3,2,1,015181,栗田万生,逃,11.7,1/2車輪,,1,1
033520260619,2026061935,3,3,2,014169,富安保充,,11.5,1/4車輪,,0,0
033520260619,2026061935,3,4,3,015483,谷元奎心,,11.1,1車身,,0,0
033520260619,2026061935,3,5,4,013888,細川貴史,,11.0,1/8車輪,,0,0
033520260619,2026061935,3,6,6,015515,平山優太,,11.4,1/2車輪,,0,0
033520260619,2026061935,3,7,5,013970,三好陽一,,11.1,2車身,,0,0
043520260619,2026061935,4,1,7,014333,阿部兼士,差,11.4,,,1,0
043520260619,2026061935,4,2,4,015279,山崎駿哉,捲,11.5,1/4車輪,,0,1
043520260619,2026061935,4,3,5,012336,高谷雅彦,,11.0,3/4車身,,0,0
043520260619,2026061935,4,4,3,012920,山崎岳志,,11.3,1/4車輪,,0,0
043520260619,2026061935,4,5,1,013826,田原大広,,11.0,1車身1/2,,0,0
043520260619,2026061935,4,6,2,012957,宮澤晃,,11.7,8車身,,0,0
043520260619,2026061935,4,7,6,014366,阿久津浩之,,11.9,1/2車身,,0,0
053520260619,2026061935,5,1,5,015015,野口大誠,差,11.5,,,0,0
053520260619,2026061935,5,2,3,013447,坂本晃輝,マ,11.5,3/4車身,,0,0
053520260619,2026061935,5,3,6,015752,石川航大,,11.9,1車身,,0,1
053520260619,2026061935,5,4,1,015719,出口謙一郎,,11.1,1/8車輪,,0,0
053520260619,2026061935,5,5,2,013944,桐山敬太郎,,11.5,微差,,1,0
053520260619,2026061935,5,6,7,013568,大木雅也,,11.5,3/4車身,,0,0
053520260619,2026061935,5,7,4,013307,浦川尊明,,11.5,1車身1/2,,0,0
063520260619,2026061935,6,1,4,014691,東矢昇太,差,11.7,,,0,0
063520260619,2026061935,6,2,2,015454,小松原正登,捲,11.5,タイヤ,,0,0
063520260619,2026061935,6,3,3,014641,箱田優樹,,11.8,微差,,0,0
063520260619,2026061935,6,4,6,012895,小嶋敬二,,11.4,1車輪,,0,0
063520260619,2026061935,6,5,7,015325,後藤悠,,11.9,3/4車身,,1,1
063520260619,2026061935,6,6,5,015049,菅原大也,,11.9,3/4車輪,,0,0
063520260619,2026061935,6,7,1,015046,山本紳貴,,11.8,3/4車身,,0,0
073520260619,2026061935,7,1,2,015442,仁藤秀,差,11.5,,,0,0
073520260619,2026061935,7,2,3,015794,福田稔希,マ,11.4,3/4車輪,,0,0
073520260619,2026061935,7,3,7,015173,格清洋介,,11.8,3/4車身,,0,1
073520260619,2026061935,7,4,4,014441,芦澤辰弘,,11.5,3/4車身,,1,0
073520260619,2026061935,7,5,1,014548,棚橋勉,,11.4,1車輪,,0,0
073520260619,2026061935,7,6,5,015545,橋本凌汰,,11.7,2車身,,0,0
073520260619,2026061935,7,7,6,013498,西田雅志,,11.5,1/8車輪,,0,0
083520260619,2026061935,8,1,2,015476,緒方将樹,差,11.4,,,0,0
083520260619,2026061935,8,2,3,015815,栗山和樹,捲,11.3,1/2車輪,,0,0
083520260619,2026061935,8,3,1,015162,蕗澤鴻太郎,,11.9,微差,,1,1
083520260619,2026061935,8,4,4,014552,福島武士,,11.2,1/8車輪,,0,0
083520260619,2026061935,8,5,6,013014,江連和洋,,11.8,3/4車身,,0,0
083520260619,2026061935,8,6,7,014398,藤田勝也,,11.2,タイヤ,,0,0
083520260619,2026061935,8,7,5,014262,稲吉悠大,,11.3,3/4車輪,,0,0
093520260619,2026061935,9,1,7,015917,猿樂楓樹,逃,11.4,,,0,1
093520260619,2026061935,9,2,3,013442,濱田浩司,マ,11.4,3/4車身,,0,0
093520260619,2026061935,9,3,4,012987,堤洋,,11.4,1車身1/2,,0,0
093520260619,2026061935,9,4,5,014714,橋本智昭,,11.3,1車身,,0,0
093520260619,2026061935,9,5,2,015036,尾形鉄馬,,11.3,3/4車身,,1,0
093520260619,2026061935,9,6,6,014307,谷田泰平,,11.6,3/4車身,,0,0
093520260619,2026061935,9,7,1,015461,土生敦弘,,12.5,8車身,,0,0
103520260619,2026061935,10,1,7,014016,石塚孝幸,差,11.2,,,0,0
103520260619,2026061935,10,2,4,015891,野中龍之介,逃,11.3,1/4車輪,,0,0
103520260619,2026061935,10,3,3,013947,石橋慎太郎,,11.2,2車身,,1,0
103520260619,2026061935,10,4,6,014953,和田誠寿,,11.3,2車身,,0,0
103520260619,2026061935,10,5,5,015252,河合佑弥,,11.7,1/2車輪,,0,1
103520260619,2026061935,10,6,2,013967,岡本大嗣,,11.6,1/2車輪,,0,0
103520260619,2026061935,10,7,1,014104,池田憲昭,,11.2,2車身,,0,0
113520260619,2026061935,11,1,1,015840,阿部英斗,捲,10.9,,,1,0
113520260619,2026061935,11,2,5,015716,尾方祐仁,逃,11.5,4車身,,0,1
113520260619,2026061935,11,3,4,014268,山口貴弘,,11.3,1/8車輪,,0,0
113520260619,2026061935,11,4,3,014249,鷲田幸司,,11.4,1/4車輪,,0,0
113520260619,2026061935,11,5,2,015239,佐々木堅次,,11.2,3/4車輪,,0,0
113520260619,2026061935,11,6,7,014792,坂本周輝,,11.0,1/8車輪,,0,0
113520260619,2026061935,11,7,6,012759,金山栄治,,11.4,3/4車身,,0,0
123520260619,2026061935,12,1,7,014682,原田研太朗,捲,11.0,,,0,0
123520260619,2026061935,12,2,1,014497,川津悠揮,差,11.5,1/2車輪,,1,0
123520260619,2026061935,12,3,4,014835,窓場千加頼,,11.3,1/4車輪,,0,0
123520260619,2026061935,12,4,3,013656,渡部哲男,,11.3,1/4車輪,,0,0
123520260619,2026061935,12,5,6,015207,林慶次郎,,11.5,3/4車輪,,0,0
123520260619,2026061935,12,6,5,015235,嵯峨昇喜郎,,11.7,1/8車輪,,0,1
123520260619,2026061935,12,7,2,013637,笠松信幸,,11.2,1/8車輪,,0,0
017520260619,2026061975,1,1,1,015873,十文字悠真,捲,11.5,,,1,1
017520260619,2026061975,1,2,5,014434,山崎功也,マ,11.4,1/4車輪,,0,0
017520260619,2026061975,1,3,4,015190,大中拓磨,,11.7,2車身,,0,0
017520260619,2026061975,1,4,7,013402,沼川夢久,,11.6,1車身,,0,0
017520260619,2026061975,1,5,2,012976,中井修,,11.8,1車身1/2,,0,0
017520260619,2026061975,1,6,3,013040,服部竜二,,12.9,大差,,0,0
017520260619,2026061975,1,7,6,011382,清水広幸,,15.3,大差,,0,0
027520260619,2026061975,2,1,3,015743,丸林駿太,逃,12.5,,,0,1
027520260619,2026061975,2,2,5,012847,古閑良介,マ,12.4,1/2車身,,0,0
027520260619,2026061975,2,3,6,012626,原司,,12.3,1/2車身,,0,0
027520260619,2026061975,2,4,4,013062,藤原義浩,,12.2,1車輪,,0,0
027520260619,2026061975,2,5,7,014596,中村賢二,,12.2,1車身,,0,0
027520260619,2026061975,2,6,2,014872,玉村元気,,12.2,1/8車輪,,0,0
027520260619,2026061975,2,7,1,015900,花田雄飛,,12.3,1/2車身,,1,0
037520260619,2026061975,3,1,3,015368,井坂泰誓,捲,12.0,,,0,0
037520260619,2026061975,3,2,4,014382,伊藤翼,差,11.9,1/2車輪,,0,0
037520260619,2026061975,3,3,5,015290,真崎章徳,,12.3,1/4車輪,,0,1
037520260619,2026061975,3,4,7,014483,竜門孝宗,,12.0,1/2車輪,,0,0
037520260619,2026061975,3,5,2,012402,時松正,,12.0,1/2車身,,0,0
037520260619,2026061975,3,6,6,013299,五十嵐博一,,12.2,1/8車輪,,0,0
037520260619,2026061975,3,7,1,014389,村本慎吾,,11.9,1車輪,,0,0
047520260619,2026061975,4,1,3,013176,早川成矢,捲,11.6,,,0,0
047520260619,2026061975,4,2,1,015925,川西康彦,逃,11.8,2車身,,1,1
047520260619,2026061975,4,3,4,014583,吉田昌弘,,11.7,1車輪,,0,0
047520260619,2026061975,4,4,2,011328,川添輝彦,,11.4,3/4車輪,,0,0
047520260619,2026061975,4,5,6,015300,ラモスレオ,,11.6,1/8車輪,,0,0
047520260619,2026061975,4,6,7,014183,隅田幸助,,11.9,3車身,,0,0
047520260619,2026061975,4,0,5,013509,明星晴道,,0.0,,失格,0,0
057520260619,2026061975,5,1,5,013508,曽我部匡史,差,12.0,,,0,0
057520260619,2026061975,5,2,7,013802,大林亮介,マ,11.9,3/4車輪,,0,0
057520260619,2026061975,5,3,1,014884,友永龍介,,12.2,1/4車輪,,1,1
057520260619,2026061975,5,4,2,014433,長田彰人,,11.9,1/2車身,,0,0
057520260619,2026061975,5,5,4,012883,大沼孝行,,11.9,3/4車身,,0,0
057520260619,2026061975,5,6,6,013797,平川公一,,11.8,1/2車身,,0,0
057520260619,2026061975,5,7,3,014932,浦野慈生,,11.9,2車身,,0,0
067520260619,2026061975,6,1,2,015739,楠本政明,捲,11.6,,,0,0
067520260619,2026061975,6,2,5,012406,濱田昭一郎,マ,11.6,1/2車身,,0,0
067520260619,2026061975,6,3,3,015062,大室翔,,11.5,1/4車輪,,0,0
067520260619,2026061975,6,4,7,015881,関口朗斗,,11.9,1車身,,1,1
067520260619,2026061975,6,5,1,012717,伊藤一貴,,11.7,1/2車輪,,0,0
067520260619,2026061975,6,6,4,012496,中村淳,,11.7,3/4車身,,0,0
067520260619,2026061975,6,7,6,013588,齋藤仁,,11.6,1車身1/2,,0,0
077520260619,2026061975,7,1,1,015930,野津宏介,逃,11.9,,,1,1
077520260619,2026061975,7,2,5,013822,米原大輔,マ,11.8,3/4車身,,0,0
077520260619,2026061975,7,3,4,014413,松本充生,,11.8,1車身,,0,0
077520260619,2026061975,7,4,7,012677,花村直人,,11.8,3/4車身,,0,0
077520260619,2026061975,7,5,3,013861,岡田大門,,12.0,4車身,,0,0
077520260619,2026061975,7,6,2,013784,太田雅之,,12.4,3車身,,0,0
077520260619,2026061975,7,7,6,012824,梶原亜湖,,12.8,大差,,0,0
015620260620,2026062056,1,1,3,013894,園田匠,差,11.3,,,0,0
015620260620,2026062056,1,2,4,015443,道場晃規,差,11.1,3/4車輪,,0,0
015620260620,2026062056,1,3,2,015412,菊池岳仁,,11.5,1/8車輪,,1,1
015620260620,2026062056,1,4,5,013249,諸橋愛,,11.3,1/2車身,,0,0
015620260620,2026062056,1,5,9,013851,和田健太郎,,11.2,3車身,,0,0
015620260620,2026062056,1,6,7,014996,岡本総,,11.5,1/2車輪,,0,0
015620260620,2026062056,1,7,6,014554,山形一気,,11.6,2車身,,0,0
015620260620,2026062056,1,8,1,015451,山口拳矢,,12.1,3車身,,0,0
015620260620,2026062056,1,9,8,015661,東矢圭吾,,12.2,3車身,,0,0
025620260620,2026062056,2,1,7,014210,和田圭,差,11.0,,,0,0
025620260620,2026062056,2,2,4,015086,酒井雄多,捲,11.1,1/4車輪,,0,0
025620260620,2026062056,2,3,2,014127,永澤剛,,11.0,1車身,,0,0
025620260620,2026062056,2,4,5,014861,金子幸央,,10.9,1/4車輪,,1,0
025620260620,2026062056,2,5,8,014553,久米良,,11.1,1車身,,0,0
025620260620,2026062056,2,6,3,015179,皿屋豊,,11.6,1/4車輪,,0,1
025620260620,2026062056,2,7,9,015474,阿部将大,,11.3,1/2車身,,0,0
025620260620,2026062056,2,8,6,014318,椎木尾拓哉,,11.3,1/2車輪,,0,0
025620260620,2026062056,2,9,1,015297,上野優太,,11.5,3車身,,0,0
035620260620,2026062056,3,1,2,015537,志田龍星,差,11.2,,,0,0
035620260620,2026062056,3,2,4,014501,守澤太志,差,11.5,3/4車輪,,0,0
035620260620,2026062056,3,3,6,015475,伊藤旭,,11.5,1/2車身,,0,0
035620260620,2026062056,3,4,7,013904,佐藤友和,,11.5,1/2車身,,0,0
035620260620,2026062056,3,5,1,015518,吉田有希,,10.9,1/2車輪,,0,0
035620260620,2026062056,3,6,8,014029,上田国広,,11.2,1車輪,,0,0
035620260620,2026062056,3,7,3,013355,桑原大志,,11.6,1/2車身,,0,0
035620260620,2026062056,3,8,9,014140,神山拓弥,,11.0,1車身,,0,0
035620260620,2026062056,3,9,5,015779,中石湊,,12.3,5車身,,1,1
045620260620,2026062056,4,1,6,015324,小原佑太,逃,11.6,,,1,1
045620260620,2026062056,4,2,9,013917,成田和也,マ,11.6,3/4車輪,,0,0
045620260620,2026062056,4,3,3,015094,佐々木龍,,11.3,1車輪,,0,0
045620260620,2026062056,4,4,2,013920,山崎芳仁,,11.6,1/2車身,,0,0
045620260620,2026062056,4,4,5,014317,山田久徳,,11.4,1/2車身,,0,0
045620260620,2026062056,4,6,7,015203,松本貴治,,11.3,1/8車輪,,0,0
045620260620,2026062056,4,7,1,015731,西田優大,,11.8,2車身,,0,0
045620260620,2026062056,4,8,8,015261,松井宏佑,,12.0,3車身,,0,0
045620260620,2026062056,4,9,4,014873,三谷竜生,,11.9,2車身,,0,0
055620260620,2026062056,5,1,3,015125,佐々木豪,捲,11.4,,,0,0
055620260620,2026062056,5,2,7,014545,岡崎智哉,差,11.3,3/4車身,,0,0
055620260620,2026062056,5,3,8,014809,恩田淳平,,11.5,3/4車身,,0,0
055620260620,2026062056,5,4,2,014103,村田雅一,,11.3,3/4車輪,,0,0
055620260620,2026062056,5,5,9,015444,渡邉雅也,,12.0,4車身,,0,0
055620260620,2026062056,5,6,6,013059,香川雄介,,0.0,大差,,0,0
055620260620,2026062056,5,7,4,014507,長島大介,,0.0,大差,,1,0
055620260620,2026062056,5,0,1,015436,青野将大,,0.0,,落車,0,0
055620260620,2026062056,5,0,5,015248,森田優弥,,0.0,,失格,0,1
065620260620,2026062056,6,1,2,015464,町田太我,捲,11.8,,,0,0
065620260620,2026062056,6,2,9,014794,阿部力也,差,11.9,1車身,,0,0
065620260620,2026062056,6,3,3,014152,宿口陽一,,11.7,3/4車身,,0,0
065620260620,2026062056,6,4,7,015090,高橋築,,11.9,1/4車輪,,0,0
065620260620,2026062056,6,5,5,014054,新田祐大,,12.1,1車輪,,0,1
065620260620,2026062056,6,0,1,014002,渡部幸訓,,0.0,,落車,1,0
065620260620,2026062056,6,0,4,014860,吉澤純平,,0.0,,落車,0,0
065620260620,2026062056,6,0,6,015052,渡邉豪大,,0.0,,落車,0,0
065620260620,2026062056,6,0,8,014038,橋本強,,0.0,,落車,0,0
075620260620,2026062056,7,1,4,014113,北津留翼,捲,11.2,,,0,0
075620260620,2026062056,7,2,8,014564,塚本大樹,マ,11.2,1/2車身,,0,0
075620260620,2026062056,7,3,2,014252,三谷将太,,12.0,2車身,,1,0
075620260620,2026062056,7,4,5,013730,東口善朋,,12.0,1車輪,,0,0
075620260620,2026062056,7,5,6,014505,雨谷一樹,,11.9,1車輪,,0,0
075620260620,2026062056,7,6,1,015337,佐藤礼文,,11.9,1/4車輪,,0,0
075620260620,2026062056,7,7,9,015272,中釜章成,,12.3,1車身1/2,,0,1
075620260620,2026062056,7,8,7,015009,清水裕友,,14.0,大差,,0,0
075620260620,2026062056,7,0,3,013140,小倉竜二,,0.0,,落車,0,0
085620260620,2026062056,8,1,5,015343,佐々木悠葵,差,11.1,,,0,0
085620260620,2026062056,8,2,1,014097,稲川翔,差,11.3,1/8車輪,,1,0
085620260620,2026062056,8,3,7,013791,村上博幸,,11.2,1/2車輪,,0,0
085620260620,2026062056,8,4,4,015649,後藤大輝,,11.5,3/4車輪,,0,1
085620260620,2026062056,8,5,3,015439,佐々木眞也,,11.1,1車輪,,0,0
085620260620,2026062056,8,6,9,014380,根田空史,,11.2,3/4車身,,0,0
085620260620,2026062056,8,7,8,014055,芦澤大輔,,11.0,1/2車身,,0,0
085620260620,2026062056,8,8,6,013673,大槻寛徳,,11.1,1車輪,,0,0
085620260620,2026062056,8,9,2,014659,武藤龍生,,11.3,3/4車身,,0,0
095620260620,2026062056,9,1,6,015051,簗田一輝,差,10.6,,,0,0
095620260620,2026062056,9,2,9,015242,眞杉匠,捲,11.1,1車輪,,0,0
095620260620,2026062056,9,3,5,015596,中野慎詞,,11.3,2車身,,0,1
095620260620,2026062056,9,4,3,014534,深谷知広,,11.0,1/2車身,,0,0
095620260620,2026062056,9,5,2,013162,佐藤慎太郎,,11.3,3/4車身,,0,0
095620260620,2026062056,9,6,1,015039,吉田拓矢,,11.4,3/4車身,,0,0
095620260620,2026062056,9,7,8,014744,和田真久留,,10.8,1/8車輪,,0,0
095620260620,2026062056,9,8,4,014377,岩本俊介,,11.0,1車輪,,0,0
095620260620,2026062056,9,9,7,014462,小原太樹,,11.0,3車身,,1,0
105620260620,2026062056,10,1,1,015553,犬伏湧也,捲,10.8,,,0,1
105620260620,2026062056,10,2,6,014484,河端朋之,捲,10.7,1/2車身,,1,0
105620260620,2026062056,10,3,9,014681,松浦悠士,,10.6,1/2車身,,0,0
105620260620,2026062056,10,4,7,015298,嘉永泰斗,,10.7,3車身,,0,0
105620260620,2026062056,10,5,8,014047,山田英明,,11.0,2車身,,0,0
105620260620,2026062056,10,6,3,013516,荒井崇博,,10.8,1/2車身,,0,0
105620260620,2026062056,10,7,4,015061,取鳥雄吾,,11.7,4車身,,0,0
105620260620,2026062056,10,8,5,014396,脇本雄太,,12.6,大差,,0,0
105620260620,2026062056,10,0,2,013962,南修二,,0.0,,失格,0,0
115620260620,2026062056,11,1,1,014741,郡司浩平,差,11.1,,,0,0
115620260620,2026062056,11,2,9,015034,新山響平,逃,11.3,3/4車輪,,0,1
115620260620,2026062056,11,3,6,015356,杉浦侑吾,,10.6,3/4車身,,0,0
115620260620,2026062056,11,4,7,014524,松谷秀幸,,11.1,1/2車身,,0,0
115620260620,2026062056,11,5,5,015037,鈴木竜士,,10.8,1車輪,,0,0
115620260620,2026062056,11,6,4,015341,坂井洋,,10.6,1/2車身,,0,0
115620260620,2026062056,11,7,3,015035,阿部拓真,,11.5,1/2車輪,,1,0
115620260620,2026062056,11,8,8,014935,嶋津拓弥,,11.1,1/4車輪,,0,0
115620260620,2026062056,11,9,2,015431,鈴木玄人,,11.6,1車身,,0,0
125620260620,2026062056,12,1,5,014838,古性優作,差,11.4,,,0,0
125620260620,2026062056,12,2,1,015413,寺崎浩平,捲,11.5,1/2車輪,,0,1
125620260620,2026062056,12,3,7,014417,山田庸平,,11.7,4車身,,1,0
125620260620,2026062056,12,4,2,015213,山崎賢人,,11.9,2車身,,0,0
125620260620,2026062056,12,5,6,014112,小川勇介,,11.4,1車身1/2,,0,0
125620260620,2026062056,12,6,9,014089,浅井康太,,11.3,1/2車身,,0,0
125620260620,2026062056,12,7,4,013880,岩津裕介,,11.5,2車身,,0,0
125620260620,2026062056,12,8,8,013963,柏野智典,,11.3,1/8車輪,,0,0
125620260620,2026062056,12,9,3,015465,石原颯,,12.7,大差,,0,0
017420260620,2026062074,1,1,1,015762,高橋美沙紀,捲,15.7,,,0,1
017420260620,2026062074,1,2,2,015319,橋本佳耶,マ,15.7,1車身,,1,0
017420260620,2026062074,1,3,6,015757,戸邉香奈実,,15.5,3/4車輪,,0,0
017420260620,2026062074,1,4,4,015867,是永ゆうき,,15.7,3/4車身,,0,0
017420260620,2026062074,1,5,7,015677,浜地晴帆,,15.3,1/2車輪,,0,0
017420260620,2026062074,1,6,3,015942,齊藤由莉,,15.6,3/4車身,,0,0
017420260620,2026062074,1,7,5,014967,杉沢毛伊子,,15.3,3/4車身,,0,0
027420260620,2026062074,2,1,4,015281,増田仁,捲,14.7,,,0,1
027420260620,2026062074,2,2,3,014567,仲松勝太,差,14.6,1/2車身,,0,0
027420260620,2026062074,2,3,2,012760,櫻井宏智,,14.7,1/2車輪,,1,0
027420260620,2026062074,2,4,7,012128,山根泰道,,14.4,3/4車身,,0,0
027420260620,2026062074,2,5,5,013932,井上雄三,,14.5,1/2車身,,0,0
027420260620,2026062074,2,6,1,015165,寺沼将彦,,14.7,3/4車身,,0,0
027420260620,2026062074,2,7,6,013809,杉山剛,,15.9,大差,,0,0
037420260620,2026062074,3,1,5,013469,野村純宏,差,14.4,,,0,0
037420260620,2026062074,3,2,1,015599,堀航輝,逃,14.7,1/8車輪,,1,1
037420260620,2026062074,3,3,2,013755,佐藤悦夫,,14.5,1/4車輪,,0,0
037420260620,2026062074,3,4,4,014638,川又裕樹,,14.4,3/4車身,,0,0
037420260620,2026062074,3,5,6,014265,松永真太,,14.2,3/4車輪,,0,0
037420260620,2026062074,3,6,3,014321,石坂永伍,,14.2,1車輪,,0,0
037420260620,2026062074,3,7,7,012298,星島太,,14.9,8車身,,0,0
047420260620,2026062074,4,1,2,014464,中西司,差,14.6,,,0,0
047420260620,2026062074,4,2,4,014133,高橋紀史,差,14.8,3/4車身,,0,0
047420260620,2026062074,4,3,7,013314,鈴木宏章,,14.6,1車輪,,0,0
047420260620,2026062074,4,4,1,015644,中野光太郎,,15.0,1/4車輪,,0,1
047420260620,2026062074,4,5,6,014776,川上修平,,14.7,1/4車輪,,0,0
047420260620,2026062074,4,6,5,014782,山口幸太郎,,15.0,3/4車身,,1,0
047420260620,2026062074,4,7,3,014192,野本翔太,,16.4,大差,,0,0
057420260620,2026062074,5,1,6,015387,緒方慎太朗,捲,14.8,,,0,1
057420260620,2026062074,5,2,4,014057,松田優一,差,14.5,1車輪,,0,0
057420260620,2026062074,5,3,1,015783,吉田優斗,,14.8,1/2車輪,,0,0
057420260620,2026062074,5,4,3,013520,高木竜司,,14.5,1/2車身,,0,0
057420260620,2026062074,5,5,2,014204,大崎和也,,14.7,1/4車輪,,1,0
057420260620,2026062074,5,6,5,014342,南部亮太,,14.8,5車身,,0,0
057420260620,2026062074,5,7,7,014344,園田鉄兵,,18.0,大差,,0,0
067420260620,2026062074,6,1,1,015205,島村匠,捲,14.4,,,1,0
067420260620,2026062074,6,2,3,013465,春日勇人,マ,14.4,1/2車身,,0,0
067420260620,2026062074,6,3,4,014486,大瀬戸潤一郎,,14.8,2車身,,0,0
067420260620,2026062074,6,4,5,015568,田川翔琉,,14.7,3/4車身,,0,0
067420260620,2026062074,6,5,6,015838,森柾斗,,15.1,1車身,,0,1
067420260620,2026062074,6,6,2,012718,大橋徹,,15.0,3/4車身,,0,0
067420260620,2026062074,6,7,7,015698,佐藤譲士郎,,16.5,大差,,0,0
077420260620,2026062074,7,1,4,014688,西田大志,差,14.9,,,0,0
077420260620,2026062074,7,2,7,015563,久保光司,差,15.0,1/8車輪,,1,0
077420260620,2026062074,7,3,1,015194,船瀬惇平,,15.2,1車輪,,0,1
077420260620,2026062074,7,4,2,015280,藤井將,,14.9,1/2車輪,,0,0
077420260620,2026062074,7,5,3,014005,山本健也,,14.4,微差,,0,0
077420260620,2026062074,7,6,6,014110,廣川泰昭,,14.8,3/4車輪,,0,0
077420260620,2026062074,7,7,5,014280,井上公利,,15.4,8車身,,0,0
087420260620,2026062074,8,1,3,015392,加藤舞,差,14.8,,,0,0
087420260620,2026062074,8,2,1,015952,酒井亜樹,捲,14.9,1/4車輪,,0,1
087420260620,2026062074,8,3,2,015023,石井貴子,,14.9,1車身1/2,,0,0
087420260620,2026062074,8,4,6,015149,中野咲,,14.9,1/2車身,,0,0
087420260620,2026062074,8,5,5,014903,増茂るるこ,,15.2,4車身,,0,0
087420260620,2026062074,8,6,4,015682,渡部遥,,15.7,2車身,,1,0
087420260620,2026062074,8,7,7,015216,加藤恵,,15.6,1/4車輪,,0,0
097420260620,2026062074,9,1,1,015928,尾野翔一,捲,13.7,,,0,1
097420260620,2026062074,9,2,6,015277,高井流星,逃,13.7,3車身,,0,0
097420260620,2026062074,9,3,7,013650,吉本哲郎,,13.6,1車輪,,1,0
097420260620,2026062074,9,4,5,013805,溪飛雄馬,,13.5,1車身,,0,0
097420260620,2026062074,9,5,3,015299,曽我圭佑,,13.9,1車身,,0,0
097420260620,2026062074,9,6,2,015646,塩崎隼秀,,13.8,3/4車身,,0,0
097420260620,2026062074,9,7,4,013146,八谷誠賢,,13.8,1車身,,0,0
018120260620,2026062081,1,1,1,015047,加藤健一,逃,12.2,,,1,1
018120260620,2026062081,1,2,5,014357,佐藤康恭,捲,12.1,1車身1/2,,0,0
018120260620,2026062081,1,3,4,012277,井上典善,,12.3,1/2車輪,,0,0
018120260620,2026062081,1,4,2,013525,亀井道佳,,12.0,1/4車輪,,0,0
018120260620,2026062081,1,5,6,014463,久保将史,,12.2,3/4車身,,0,0
018120260620,2026062081,1,6,3,012810,中山善仁,,12.2,2車身,,0,0
028120260620,2026062081,2,1,4,015848,與古田龍門,捲,12.5,,,0,1
028120260620,2026062081,2,2,5,014650,佐藤裕輝,差,12.6,3車身,,0,0
028120260620,2026062081,2,3,3,013421,富澤洋祐,,12.6,1/2車身,,0,0
028120260620,2026062081,2,4,6,013212,岡田浩太,,12.6,3/4車身,,0,0
028120260620,2026062081,2,5,1,014989,鈴木豪,,13.1,1車身1/2,,1,0
028120260620,2026062081,2,6,2,011451,重一徳,,14.0,大差,,0,0
038120260620,2026062081,3,1,1,015686,高橋海月,捲,11.7,,,0,0
038120260620,2026062081,3,2,3,014666,等々力久就,差,11.6,3/4車身,,0,0
038120260620,2026062081,3,3,7,013161,齋藤和也,,11.8,3/4車輪,,1,0
038120260620,2026062081,3,4,5,014006,青木亮太,,11.7,1車身,,0,0
038120260620,2026062081,3,5,2,013063,赤松秀展,,12.1,1/4車輪,,0,0
038120260620,2026062081,3,6,6,013965,岡田雅也,,12.0,1/2車身,,0,0
038120260620,2026062081,3,7,4,015549,阿部龍也,,12.5,1車身1/2,,0,1
048120260620,2026062081,4,1,6,014931,横田政直,逃,12.2,,,0,1
048120260620,2026062081,4,2,1,013366,加藤昌平,差,11.7,2車身,,0,0
048120260620,2026062081,4,3,5,012542,森下忠夫,,11.9,1/4車輪,,0,0
048120260620,2026062081,4,4,2,015736,中岡海,,12.0,1/4車輪,,1,0
048120260620,2026062081,4,5,4,014266,宮本龍一,,11.8,1/4車輪,,0,0
048120260620,2026062081,4,6,7,012832,仙石淳,,11.7,1車身1/2,,0,0
048120260620,2026062081,4,7,3,013684,吉橋秀城,,12.8,大差,,0,0
058120260620,2026062081,5,1,3,014494,山崎翼,捲,11.8,,,0,1
058120260620,2026062081,5,2,1,014449,片折勇輝,マ,11.8,1/2車輪,,1,0
058120260620,2026062081,5,3,7,014438,緑川修平,,11.9,4車身,,0,0
058120260620,2026062081,5,4,2,014220,山崎悟,,12.1,1/2車輪,,0,0
058120260620,2026062081,5,5,4,012097,斯波雅貴,,12.2,1/2車輪,,0,0
058120260620,2026062081,5,6,5,015238,井寺亮太,,12.9,5車身,,0,0
058120260620,2026062081,5,7,6,014853,中山敬太郎,,0.0,大差,,0,0
068120260620,2026062081,6,1,1,014353,宇佐見裕輝,捲,11.6,,,0,0
068120260620,2026062081,6,2,6,014652,原清孝,差,11.6,1/2車身,,0,0
068120260620,2026062081,6,3,4,014492,飯塚隼人,,12.0,1/2車身,,0,1
068120260620,2026062081,6,4,5,015735,岡本翔,,12.0,1車身,,0,0
068120260620,2026062081,6,5,7,014520,伊藤彰規,,12.0,1車輪,,0,0
068120260620,2026062081,6,6,3,012875,中曽直彦,,12.2,4車身,,0,0
068120260620,2026062081,6,7,2,012628,阪本正和,,13.9,大差,,1,0
078120260620,2026062081,7,1,3,014185,隅貴史,差,11.8,,,1,0
078120260620,2026062081,7,2,5,015737,火島裕輝,逃,12.1,1/8車輪,,0,1
078120260620,2026062081,7,3,4,014612,工藤文彦,,11.8,1/2車輪,,0,0
078120260620,2026062081,7,4,6,012910,塩川真一郎,,11.9,1/2車身,,0,0
078120260620,2026062081,7,5,2,013834,平石浩之,,11.7,1車輪,,0,0
078120260620,2026062081,7,6,1,013439,青井賢治,,11.7,3/4車身,,0,0
078120260620,2026062081,7,7,7,014985,竹山慶太,,12.3,5車身,,0,0
088120260620,2026062081,8,1,1,013966,大崎飛雄馬,捲,11.7,,,1,0
088120260620,2026062081,8,2,4,014813,新井僚太郎,マ,11.7,1/2車身,,0,0
088120260620,2026062081,8,3,3,014240,須藤誠,,12.0,2車身,,0,0
088120260620,2026062081,8,4,2,015746,峯口司,,12.3,3/4車輪,,0,1
088120260620,2026062081,8,5,7,013817,吉川裕二,,12.2,1車輪,,0,0
088120260620,2026062081,8,6,6,015920,吉野太晟,,12.4,2車身,,0,0
088120260620,2026062081,8,7,5,014784,萱島大介,,12.2,2車身,,0,0
098120260620,2026062081,9,1,1,015641,富武大,逃,11.7,,,1,1
098120260620,2026062081,9,2,4,013435,中石昌芳,マ,11.7,1車輪,,0,0
098120260620,2026062081,9,3,5,013646,日浅保幸,,11.7,1車身,,0,0
098120260620,2026062081,9,4,6,013348,内藤敦,,11.7,1車身1/2,,0,0
098120260620,2026062081,9,5,3,013760,矢口啓一郎,,11.6,1/8車輪,,0,0
098120260620,2026062081,9,6,2,015607,中山拓人,,11.9,3/4車身,,0,0
098120260620,2026062081,9,7,7,012809,高峰賢治,,12.9,大差,,0,0
108120260620,2026062081,10,1,5,015886,中川飛隆,差,11.8,,,0,0
108120260620,2026062081,10,2,4,015935,佐藤魁皇,差,11.7,3/4車身,,0,0
108120260620,2026062081,10,3,1,015937,新垣慶晃,,11.8,1/8車輪,,0,0
108120260620,2026062081,10,4,2,015882,木村優駿,,12.1,1車輪,,0,1
108120260620,2026062081,10,5,7,015209,中野真吾,,12.0,3/4車身,,0,0
108120260620,2026062081,10,6,6,015915,柏野健吾,,11.8,3/4車輪,,0,0
108120260620,2026062081,10,7,3,015923,右近陸人,,11.8,1車身,,1,0
118120260620,2026062081,11,1,4,015206,鶴良生,捲,11.9,,,0,0
118120260620,2026062081,11,2,5,014692,森山智徳,差,11.7,3/4車輪,,0,0
118120260620,2026062081,11,3,6,014044,八尋英輔,,11.9,1/2車身,,0,0
118120260620,2026062081,11,4,7,014225,伊藤亮,,11.9,1車輪,,0,0
118120260620,2026062081,11,5,2,014822,関根健太郎,,12.3,1車身1/2,,1,0
118120260620,2026062081,11,6,1,015842,松本定,,11.8,1車身1/2,,0,0
118120260620,2026062081,11,7,3,015921,伊藤涼介,,13.1,7車身,,0,1
018720260620,2026062087,1,1,7,015494,近澤諒香,差,12.7,,,0,0
018720260620,2026062087,1,2,5,015226,成田可菜絵,逃,12.9,1/4車輪,,0,1
018720260620,2026062087,1,3,1,015773,枝光美奈,,12.7,3/4車身,,1,0
018720260620,2026062087,1,4,2,015309,黒沢夢姫,,12.6,1/2車身,,0,0
018720260620,2026062087,1,5,6,015317,佐伯智恵,,12.6,1車身1/2,,0,0
018720260620,2026062087,1,6,4,015585,山本さくら,,13.0,1車身1/2,,0,0
018720260620,2026062087,1,7,3,015938,牧田咲子,,12.9,1/2車身,,0,0
028720260620,2026062087,2,1,3,015834,原田峻治,逃,12.1,,,1,1
028720260620,2026062087,2,2,1,014620,二條祐也,マ,12.2,4車身,,0,0
028720260620,2026062087,2,3,2,013594,高田真幸,,12.0,1車輪,,0,0
028720260620,2026062087,2,4,5,013953,坂元洋行,,12.3,1/8車輪,,0,0
028720260620,2026062087,2,5,4,012838,三木健治,,11.9,1/2車輪,,0,0
028720260620,2026062087,2,6,6,013969,武田良太,,12.2,1車輪,,0,0
028720260620,2026062087,2,7,7,012946,亀井雅斗,,12.1,3車身,,0,0
038720260620,2026062087,3,1,1,014086,齋藤友幸,逃,12.1,,,0,1
038720260620,2026062087,3,2,2,011487,宮倉勇,マ,12.0,3/4車輪,,0,0
038720260620,2026062087,3,3,5,012479,田中弘章,,11.9,1車輪,,1,0
038720260620,2026062087,3,4,3,014707,飯塚直人,,11.7,3/4車輪,,0,0
038720260620,2026062087,3,5,7,015119,佐伯辰哉,,11.9,1/2車身,,0,0
038720260620,2026062087,3,6,4,014181,藤原悠斗,,11.7,1/2車身,,0,0
038720260620,2026062087,3,7,6,013743,藤田剣次,,12.5,大差,,0,0
048720260620,2026062087,4,1,2,014315,西谷岳文,差,12.1,,,0,0
048720260620,2026062087,4,2,1,013914,小谷田公則,差,11.9,3/4車身,,1,0
048720260620,2026062087,4,3,4,015237,太田将成,,12.1,1/8車輪,,0,0
048720260620,2026062087,4,4,3,013507,吉岡篤志,,12.1,1/2車身,,0,0
048720260620,2026062087,4,5,5,015265,井田晶之,,12.5,3/4車身,,0,1
048720260620,2026062087,4,6,6,014415,楢原由将,,11.9,1/2車身,,0,0
048720260620,2026062087,4,7,7,011198,大竹慎吾,,12.1,1車輪,,0,0
058720260620,2026062087,5,1,3,014997,下岡優季,差,12.1,,,0,0
058720260620,2026062087,5,2,1,015060,滝本泰行,差,12.3,3/4車身,,1,0
058720260620,2026062087,5,3,4,014270,小原将通,,12.2,1車身,,0,0
058720260620,2026062087,5,4,6,015639,松下綾馬,,12.7,1車身,,0,1
058720260620,2026062087,5,5,5,015273,中武三四郎,,12.4,3/4車輪,,0,0
058720260620,2026062087,5,6,2,014941,江端隆司,,12.1,3/4車身,,0,0
058720260620,2026062087,5,7,7,014374,屋良朝春,,12.8,6車身,,0,0
068720260620,2026062087,6,1,2,014178,伊原克彦,捲,11.4,,,0,1
068720260620,2026062087,6,2,4,014984,會澤龍,マ,11.3,1/8車輪,,1,0
068720260620,2026062087,6,3,1,015193,藏本徹二,,11.9,6車身,,0,0
068720260620,2026062087,6,4,3,014684,松本卓也,,12.1,1/4車輪,,0,0
068720260620,2026062087,6,5,6,015841,中西勇,,12.0,2車身,,0,0
068720260620,2026062087,6,6,5,012640,北村貴幸,,12.0,2車身,,0,0
068720260620,2026062087,6,7,7,012550,荒木真慈,,12.6,7車身,,0,0
078720260620,2026062087,7,1,2,015633,中釜健次,捲,11.9,,,0,0
078720260620,2026062087,7,2,3,014455,小野裕次,差,12.5,1/4車輪,,1,0
078720260620,2026062087,7,3,7,014359,関根彰人,,12.3,3/4車輪,,0,0
078720260620,2026062087,7,4,1,014594,太田剛司,,11.9,1車輪,,0,0
078720260620,2026062087,7,5,4,012989,森岡正臣,,12.4,1車身1/2,,0,0
078720260620,2026062087,7,6,6,014938,夏目新吾,,12.9,1車輪,,0,1
078720260620,2026062087,7,7,5,015131,池部壮太,,12.6,3/4車輪,,0,0
088720260620,2026062087,8,1,2,015853,中島瞳,差,12.3,,,0,0
088720260620,2026062087,8,2,1,015408,高尾貴美歌,捲,12.5,1車身,,0,0
088720260620,2026062087,8,3,5,015394,三森彩桜,,12.3,1/2車輪,,0,0
088720260620,2026062087,8,4,6,015082,高橋朋恵,,12.3,1/2車輪,,1,0
088720260620,2026062087,8,5,4,015863,磯村光舞,,12.6,3/4車輪,,0,1
088720260620,2026062087,8,6,7,015950,石田春海,,12.2,1車身,,0,0
088720260620,2026062087,8,7,3,015069,細田愛未,,12.5,1/4車輪,,0,0
098720260620,2026062087,9,1,4,015184,中野雄喜,捲,11.4,,,0,0
098720260620,2026062087,9,2,6,014728,三好恵一郎,マ,11.4,1車身,,0,0
098720260620,2026062087,9,3,5,014068,吉田裕全,,11.3,1車身1/2,,0,0
098720260620,2026062087,9,4,2,014956,小川賢人,,11.7,1/4車輪,,1,0
098720260620,2026062087,9,5,1,015651,中川聖大,,12.1,1車身1/2,,0,1
098720260620,2026062087,9,6,7,014709,松岡孝高,,11.9,1車身1/2,,0,0
098720260620,2026062087,9,7,3,014720,高橋広大,,11.9,7車身,,0,0
013520260620,2026062035,1,1,1,015234,八嶋稔真,逃,12.4,,,0,1
013520260620,2026062035,1,2,3,013106,赤井学,マ,12.3,1/2車身,,0,0
013520260620,2026062035,1,3,4,012920,山崎岳志,,12.1,3/4車輪,,0,0
013520260620,2026062035,1,4,5,015515,平山優太,,12.2,1/2車輪,,0,0
013520260620,2026062035,1,5,7,012957,宮澤晃,,12.1,1車身1/2,,0,0
013520260620,2026062035,1,6,2,013461,市川健太,,12.3,1/2車身,,1,0
013520260620,2026062035,1,7,6,015534,牛田樹希斗,,12.5,1/2車身,,0,0
023520260620,2026062035,2,1,4,013970,三好陽一,差,12.6,,,0,0
023520260620,2026062035,2,2,3,015833,野村賢,逃,13.2,4車身,,0,1
023520260620,2026062035,2,3,7,013888,細川貴史,,13.1,1車輪,,0,0
023520260620,2026062035,2,4,5,013826,田原大広,,13.1,1/2車身,,0,0
023520260620,2026062035,2,5,2,014738,櫻川雅彦,,13.0,1/2車身,,1,0
023520260620,2026062035,2,6,1,014366,阿久津浩之,,13.4,3/4車身,,0,0
023520260620,2026062035,2,7,6,014866,櫻井利之,,0.0,大差,,0,0
033520260620,2026062035,3,1,2,013307,浦川尊明,差,11.8,,,1,0
033520260620,2026062035,3,2,5,015279,山崎駿哉,逃,12.0,1/2車身,,0,1
033520260620,2026062035,3,3,6,014369,中川拓也,,11.7,1/8車輪,,0,0
033520260620,2026062035,3,4,1,012336,高谷雅彦,,11.6,3/4車身,,0,0
033520260620,2026062035,3,5,4,013417,梅原大治,,11.5,1/4車輪,,0,0
033520260620,2026062035,3,6,7,013447,坂本晃輝,,11.3,3/4車身,,0,0
033520260620,2026062035,3,7,3,015752,石川航大,,11.5,1/2車輪,,0,0
043520260620,2026062035,4,1,2,014245,後藤彰仁,差,12.1,,,1,0
043520260620,2026062035,4,2,4,015719,出口謙一郎,逃,12.3,1/8車輪,,0,1
043520260620,2026062035,4,3,6,014169,富安保充,,12.0,3/4車輪,,0,0
043520260620,2026062035,4,4,5,014333,阿部兼士,,12.1,1車身,,0,0
043520260620,2026062035,4,5,1,015015,野口大誠,,12.2,1/2車輪,,0,0
043520260620,2026062035,4,6,3,013957,堂村知哉,,11.8,3/4車輪,,0,0
043520260620,2026062035,4,7,7,014255,西本直大,,12.1,2車身,,0,0
053520260620,2026062035,5,1,1,013944,桐山敬太郎,差,11.8,,,1,0
053520260620,2026062035,5,2,5,013568,大木雅也,マ,11.8,3/4車身,,0,0
053520260620,2026062035,5,3,6,014832,宮西翼,,11.7,1/2車身,,0,0
053520260620,2026062035,5,4,3,015181,栗田万生,,12.2,1車輪,,0,1
053520260620,2026062035,5,4,4,014332,芳野匠,,11.4,1車輪,,0,0
053520260620,2026062035,5,6,2,015483,谷元奎心,,11.6,1車輪,,0,0
053520260620,2026062035,5,7,7,013506,田村浩章,,11.8,2車身,,0,0
063520260620,2026062035,6,1,7,014548,棚橋勉,差,11.9,,,0,0
063520260620,2026062035,6,2,3,014262,稲吉悠大,差,11.7,1/2車身,,0,0
063520260620,2026062035,6,3,2,015545,橋本凌汰,,12.1,1/4車輪,,0,1
063520260620,2026062035,6,4,5,014104,池田憲昭,,11.9,3/4車輪,,0,0
063520260620,2026062035,6,5,4,013967,岡本大嗣,,11.7,1/2車輪,,0,0
063520260620,2026062035,6,6,1,014792,坂本周輝,,11.9,3/4車輪,,1,0
063520260620,2026062035,6,7,6,013014,江連和洋,,14.7,大差,,0,0
073520260620,2026062035,7,1,4,015049,菅原大也,逃,11.6,,,0,1
073520260620,2026062035,7,2,7,015046,山本紳貴,マ,11.5,1/2車身,,0,0
073520260620,2026062035,7,3,2,014817,佐藤壮,,11.5,3/4車身,,1,0
073520260620,2026062035,7,4,1,013498,西田雅志,,11.4,1/2車身,,0,0
073520260620,2026062035,7,5,5,014307,谷田泰平,,11.6,2車身,,0,0
073520260620,2026062035,7,6,6,012759,金山栄治,,11.5,1/2車身,,0,0
073520260620,2026062035,7,7,3,015461,土生敦弘,,13.6,大差,,0,0
083520260620,2026062035,8,1,1,015239,佐々木堅次,差,12.0,,,1,0
083520260620,2026062035,8,2,4,014249,鷲田幸司,マ,11.9,1/2車身,,0,0
083520260620,2026062035,8,3,5,014441,芦澤辰弘,,11.6,3/4車輪,,0,0
083520260620,2026062035,8,4,7,014714,橋本智昭,,12.2,1/2車輪,,0,1
083520260620,2026062035,8,5,6,014953,和田誠寿,,11.7,1車身1/2,,0,0
083520260620,2026062035,8,6,3,015162,蕗澤鴻太郎,,12.1,1車身1/2,,0,0
083520260620,2026062035,8,7,2,012895,小嶋敬二,,12.3,1車輪,,0,0
093520260620,2026062035,9,1,3,015173,格清洋介,捲,11.2,,,0,0
093520260620,2026062035,9,2,4,015036,尾形鉄馬,差,11.3,1車身1/2,,0,0
093520260620,2026062035,9,3,2,015325,後藤悠,,11.5,3/4車身,,0,1
093520260620,2026062035,9,4,6,013947,石橋慎太郎,,11.3,1/2車身,,1,0
093520260620,2026062035,9,5,1,015252,河合佑弥,,11.0,タイヤ,,0,0
093520260620,2026062035,9,6,5,012987,堤洋,,11.0,1車身,,0,0
093520260620,2026062035,9,7,7,014552,福島武士,,10.9,3/4車身,,0,0
103520260620,2026062035,10,1,7,013656,渡部哲男,差,11.7,,,0,0
103520260620,2026062035,10,2,5,014835,窓場千加頼,捲,11.5,1車輪,,0,0
103520260620,2026062035,10,3,1,013442,濱田浩司,,11.6,1/2車輪,,1,0
103520260620,2026062035,10,4,3,015716,尾方祐仁,,11.4,1/4車輪,,0,0
103520260620,2026062035,10,5,6,015917,猿樂楓樹,,11.8,微差,,0,1
103520260620,2026062035,10,6,2,015794,福田稔希,,11.5,3/4車身,,0,0
103520260620,2026062035,10,7,4,014641,箱田優樹,,11.6,1車身1/2,,0,0
113520260620,2026062035,11,1,1,013637,笠松信幸,差,11.6,,,1,0
113520260620,2026062035,11,2,7,015235,嵯峨昇喜郎,差,11.4,1/2車輪,,0,0
113520260620,2026062035,11,3,4,015815,栗山和樹,,11.8,1/2車身,,0,1
113520260620,2026062035,11,4,2,014497,川津悠揮,,11.3,1/2車輪,,0,0
113520260620,2026062035,11,5,6,015454,小松原正登,,11.4,1車身1/2,,0,0
113520260620,2026062035,11,6,5,015476,緒方将樹,,11.3,3/4車輪,,0,0
113520260620,2026062035,11,7,3,014268,山口貴弘,,11.9,8車身,,0,0
123520260620,2026062035,12,1,5,015840,阿部英斗,差,11.1,,,0,0
123520260620,2026062035,12,2,1,015891,野中龍之介,逃,11.3,1/4車輪,,1,1
123520260620,2026062035,12,3,6,014691,東矢昇太,,10.8,2車身,,0,0
123520260620,2026062035,12,4,7,015442,仁藤秀,,11.1,3/4車輪,,0,0
123520260620,2026062035,12,5,3,014682,原田研太朗,,10.6,1/4車輪,,0,0
123520260620,2026062035,12,0,2,015207,林慶次郎,,0.0,,落車,0,0
123520260620,2026062035,12,0,4,014016,石塚孝幸,,0.0,,落車,0,0
017520260620,2026062075,1,1,4,014389,村本慎吾,差,11.8,,,1,0
017520260620,2026062075,1,2,3,012496,中村淳,差,11.6,1/2車身,,0,0
017520260620,2026062075,1,3,5,014872,玉村元気,,12.0,タイヤ,,0,1
017520260620,2026062075,1,4,2,012824,梶原亜湖,,11.8,3/4車身,,0,0
017520260620,2026062075,1,5,6,011382,清水広幸,,12.1,7車身,,0,0
017520260620,2026062075,1,6,1,012914,武市和人,,14.9,大差,,0,0
027520260620,2026062075,2,1,4,015900,花田雄飛,逃,12.0,,,0,1
027520260620,2026062075,2,2,2,013738,眞鍋伸也,マ,12.0,3/4車身,,1,0
027520260620,2026062075,2,3,5,013784,太田雅之,,11.8,1/2車輪,,0,0
027520260620,2026062075,2,4,3,013588,齋藤仁,,12.1,3車身,,0,0
027520260620,2026062075,2,5,1,013797,平川公一,,11.8,1車輪,,0,0
027520260620,2026062075,2,6,6,011431,梶應弘樹,,12.8,大差,,0,0
037520260620,2026062075,3,1,7,013861,岡田大門,差,12.2,,,0,0
037520260620,2026062075,3,2,1,014596,中村賢二,逃,12.5,1/2車輪,,1,1
037520260620,2026062075,3,3,3,012402,時松正,,12.1,1車輪,,0,0
037520260620,2026062075,3,4,5,012883,大沼孝行,,12.3,3/4車身,,0,0
037520260620,2026062075,3,5,6,015300,ラモスレオ,,12.3,1/4車輪,,0,0
037520260620,2026062075,3,6,2,013402,沼川夢久,,12.3,1/2車身,,0,0
037520260620,2026062075,3,7,4,012677,花村直人,,12.6,2車身,,0,0
047520260620,2026062075,4,1,1,015881,関口朗斗,逃,11.9,,,1,1
047520260620,2026062075,4,2,7,012717,伊藤一貴,マ,11.9,3/4車輪,,0,0
047520260620,2026062075,4,3,5,014433,長田彰人,,11.8,1車身1/2,,0,0
047520260620,2026062075,4,4,2,014483,竜門孝宗,,12.0,1車身1/2,,0,0
047520260620,2026062075,4,5,3,012976,中井修,,11.7,1/2車身,,0,0
047520260620,2026062075,4,6,6,013062,藤原義浩,,11.9,1/2車輪,,0,0
047520260620,2026062075,4,7,4,011328,川添輝彦,,11.8,1車身1/2,,0,0
057520260620,2026062075,5,1,4,015743,丸林駿太,捲,12.1,,,0,1
057520260620,2026062075,5,2,3,013822,米原大輔,マ,12.0,1/2車輪,,0,0
057520260620,2026062075,5,3,2,013176,早川成矢,,12.0,1/2車身,,0,0
057520260620,2026062075,5,4,5,014583,吉田昌弘,,12.0,1車身1/2,,0,0
057520260620,2026062075,5,5,7,015873,十文字悠真,,12.4,1車輪,,0,0
057520260620,2026062075,5,6,6,014413,松本充生,,12.7,7車身,,0,0
057520260620,2026062075,5,7,1,014884,友永龍介,,13.3,4車身,,1,0
067520260620,2026062075,6,1,2,015925,川西康彦,捲,11.8,,,1,0
067520260620,2026062075,6,2,3,015290,真崎章徳,差,12.2,3車身,,0,0
067520260620,2026062075,6,3,4,013508,曽我部匡史,,12.1,3/4車身,,0,0
067520260620,2026062075,6,4,6,012626,原司,,12.2,1/2車輪,,0,0
067520260620,2026062075,6,5,5,015739,楠本政明,,12.5,1車輪,,0,1
067520260620,2026062075,6,6,7,014434,山崎功也,,12.4,2車身,,0,0
067520260620,2026062075,6,7,1,014382,伊藤翼,,15.7,大差,,0,0
077520260620,2026062075,7,1,7,015062,大室翔,捲,12.2,,,0,0
077520260620,2026062075,7,2,1,015190,大中拓磨,マ,12.0,3/4車輪,,1,0
077520260620,2026062075,7,3,2,013802,大林亮介,,11.8,1/2車輪,,0,0
077520260620,2026062075,7,4,3,015930,野津宏介,,13.0,1車身,,0,1
077520260620,2026062075,7,5,4,012847,古閑良介,,11.9,1/2車輪,,0,0
077520260620,2026062075,7,6,6,012406,濱田昭一郎,,11.9,1車身1/2,,0,0
077520260620,2026062075,7,7,5,015368,井坂泰誓,,16.6,大差,,0,0
011120260620,2026062011,1,1,6,014774,阿部弘,差,12.1,,,0,0
011120260620,2026062011,1,2,3,014116,安東宏高,差,12.3,1/4車輪,,0,0
011120260620,2026062011,1,3,4,014630,利根正明,,12.4,1/2車輪,,1,1
011120260620,2026062011,1,4,7,013183,坂木田雄介,,12.1,3/4車身,,0,0
011120260620,2026062011,1,5,2,015007,岸川哲也,,11.8,1/8車輪,,0,0
011120260620,2026062011,1,6,1,014532,柴田竜史,,12.0,1/2車輪,,0,0
011120260620,2026062011,1,7,5,013485,善利裕生,,11.9,1車身1/2,,0,0
021120260620,2026062011,2,1,5,015247,小玉勇一,捲,12.1,,,0,0
021120260620,2026062011,2,2,1,014805,吉田元輝,マ,12.1,3/4車身,,1,0
021120260620,2026062011,2,3,7,015748,田中会心,,12.7,4車身,,0,1
021120260620,2026062011,2,4,3,011854,紫原政文,,12.7,3/4車身,,0,0
021120260620,2026062011,2,5,4,013155,四元慎也,,12.6,1/2車身,,0,0
021120260620,2026062011,2,6,2,013989,大泉英則,,12.4,1/2車身,,0,0
021120260620,2026062011,2,7,6,015241,山田祐太,,13.9,大差,,0,0
031120260620,2026062011,3,1,5,015353,松坂侑亮,逃,12.1,,,0,1
031120260620,2026062011,3,2,7,013246,山崎充央,差,11.8,2車身,,0,0
031120260620,2026062011,3,3,4,014619,木村浩宣,,11.7,1/2車身,,0,0
031120260620,2026062011,3,4,2,013766,武井大介,,12.1,1/2車身,,1,0
031120260620,2026062011,3,5,1,014404,岩本純,,11.6,1/4車輪,,0,0
031120260620,2026062011,3,6,6,014092,山出裕幸,,11.9,1車身1/2,,0,0
031120260620,2026062011,3,7,3,014393,柴田祐也,,11.9,2車身,,0,0
041120260620,2026062011,4,1,4,015877,三澤優樹,捲,11.7,,,0,1
041120260620,2026062011,4,2,5,015732,宮道良輔,逃,12.3,6車身,,0,0
041120260620,2026062011,4,3,3,014843,峰重祐之介,,12.2,1/4車輪,,1,0
041120260620,2026062011,4,4,7,014281,寺林正秋,,12.0,1/2車身,,0,0
041120260620,2026062011,4,5,1,014347,外崎一成,,12.2,3/4車身,,0,0
041120260620,2026062011,4,6,6,014753,山田純也,,12.0,3/4車輪,,0,0
041120260620,2026062011,4,7,2,015000,藤井準也,,12.3,3/4車身,,0,0
051120260620,2026062011,5,1,3,014109,吉松直人,差,11.6,,,0,0
051120260620,2026062011,5,2,6,015726,龍野琳太郎,捲,11.7,1車輪,,0,0
051120260620,2026062011,5,3,1,014672,吉田茂生,,11.9,1車身,,0,0
051120260620,2026062011,5,4,2,014144,石川雅望,,11.9,1車輪,,0,0
051120260620,2026062011,5,5,4,012261,岡部芳幸,,11.8,1車身1/2,,0,0
051120260620,2026062011,5,6,5,015457,村田瑞季,,12.2,1/4車輪,,0,1
051120260620,2026062011,5,7,7,015594,金田涼馬,,12.2,3/4車身,,1,0
061120260620,2026062011,6,1,5,015477,兼本将太,捲,11.4,,,0,0
061120260620,2026062011,6,2,2,014041,田中誠,マ,11.4,3/4車身,,0,0
061120260620,2026062011,6,3,7,015608,山口多聞,,11.9,5車身,,0,1
061120260620,2026062011,6,4,3,012813,成清貴之,,11.9,1/2車身,,0,0
061120260620,2026062011,6,5,4,014232,柴田洋輔,,11.8,1/2車身,,0,0
061120260620,2026062011,6,6,6,015097,長谷部翔,,11.9,1車輪,,0,0
061120260620,2026062011,6,7,1,014511,内藤高裕,,11.8,1/2車輪,,1,0
071120260620,2026062011,7,1,5,015385,立部楓真,逃,12.1,,,0,1
071120260620,2026062011,7,2,1,015132,瓜生崇智,マ,12.1,1/2車身,,1,0
071120260620,2026062011,7,3,3,015718,棚瀬義大,,12.1,1/2車身,,0,0
071120260620,2026062011,7,4,4,015124,山本拳也,,12.1,1/2車身,,0,0
071120260620,2026062011,7,5,7,014175,柴崎俊光,,12.1,1/4車輪,,0,0
071120260620,2026062011,7,6,2,013693,藤原憲征,,11.9,1車身1/2,,0,0
071120260620,2026062011,7,7,6,014051,早坂秀悟,,12.9,大差,,0,0
081120260620,2026062011,8,1,5,015354,齋木翔多,捲,11.2,,,0,0
081120260620,2026062011,8,2,4,015836,遠藤拓巳,逃,11.5,3車身,,0,1
081120260620,2026062011,8,3,2,014826,菅原裕太,,11.4,1/2車身,,0,0
081120260620,2026062011,8,4,7,013252,中村浩士,,11.3,1車身,,0,0
081120260620,2026062011,8,5,6,015244,植原琢也,,11.1,1車身1/2,,1,0
081120260620,2026062011,8,6,1,013804,湊聖二,,11.7,3/4車輪,,0,0
081120260620,2026062011,8,7,3,014066,池田勇人,,11.0,3/4車輪,,0,0
091120260620,2026062011,9,1,5,014231,河村雅章,差,11.8,,,0,0
091120260620,2026062011,9,2,2,015613,滝本幸正,逃,12.0,1車身,,1,1
091120260620,2026062011,9,3,1,014096,伊藤成紀,,11.6,3/4車輪,,0,0
091120260620,2026062011,9,4,7,014253,伊藤信,,11.5,微差,,0,0
091120260620,2026062011,9,5,4,013912,金成和幸,,11.9,1車身,,0,0
091120260620,2026062011,9,6,3,014592,小島歩,,12.1,6車身,,0,0
091120260620,2026062011,9,7,6,015709,神尾敬冬,,12.6,3車身,,0,0
101120260620,2026062011,10,1,4,013921,渡邉一成,捲,11.8,,,0,0
101120260620,2026062011,10,2,3,013862,鈴木伸之,差,11.9,1/2車身,,0,0
101120260620,2026062011,10,3,2,015638,昼田達哉,,11.9,3/4車身,,0,0
101120260620,2026062011,10,4,1,014212,山崎将幸,,11.8,1/2車身,,1,0
101120260620,2026062011,10,5,5,015540,徳田匠,,12.3,1/2車身,,0,1
101120260620,2026062011,10,6,7,015547,米嶋恵介,,11.9,1/8車輪,,0,0
101120260620,2026062011,10,7,6,013996,丸山貴秀,,12.0,6車身,,0,0
111120260620,2026062011,11,1,7,015517,橋本壮史,逃,11.7,,,1,1
111120260620,2026062011,11,2,1,014339,成松春樹,差,11.4,微差,,0,0
111120260620,2026062011,11,3,2,014599,松岡篤哉,,11.2,3/4車輪,,0,0
111120260620,2026062011,11,4,3,013923,武田豊樹,,11.6,1/2車輪,,0,0
111120260620,2026062011,11,5,4,014258,片山智晴,,11.5,1/2車身,,0,0
111120260620,2026062011,11,6,6,013197,鈴木幸紀,,11.5,4車身,,0,0
111120260620,2026062011,11,7,5,015083,中村弘之輔,,12.2,2車身,,0,0
121120260620,2026062011,12,1,3,014930,杉森輝大,差,11.5,,,0,0
121120260620,2026062011,12,2,4,015799,森田一郎,逃,11.7,微差,,0,1
121120260620,2026062011,12,3,6,014485,田中勇二,,11.4,1車輪,,0,0
121120260620,2026062011,12,4,5,013900,大森慶一,,11.2,1車身,,0,0
121120260620,2026062011,12,5,1,015417,櫻井祐太郎,,11.4,1/4車輪,,1,0
121120260620,2026062011,12,6,7,014837,神田紘輔,,11.2,1車身,,0,0
121120260620,2026062011,12,7,2,015620,纐纈洸翔,,11.3,1/2車身,,0,0
015620260621,2026062156,1,1,1,015297,上野優太,差,11.3,,,1,0
015620260621,2026062156,1,2,5,014996,岡本総,差,11.3,1/2車身,,0,0
015620260621,2026062156,1,3,4,015475,伊藤旭,,11.5,3/4車輪,,0,0
015620260621,2026062156,1,4,8,015328,星野洋輝,,11.3,1車身1/2,,0,0
015620260621,2026062156,1,5,9,015179,皿屋豊,,11.8,1車身,,0,1
015620260621,2026062156,1,6,7,015518,吉田有希,,11.2,1/4車輪,,0,0
015620260621,2026062156,1,7,6,015199,田尾駿介,,11.6,1/2車身,,0,0
015620260621,2026062156,1,8,2,014029,上田国広,,11.8,1/4車輪,,0,0
015620260621,2026062156,1,9,3,014861,金子幸央,,11.2,1/4車輪,,0,0
025620260621,2026062156,2,1,2,015474,阿部将大,差,11.6,,,1,0
025620260621,2026062156,2,2,1,013355,桑原大志,マ,11.5,1/2車身,,0,0
025620260621,2026062156,2,3,8,015661,東矢圭吾,,11.9,微差,,0,1
025620260621,2026062156,2,4,3,012596,志智俊夫,,11.5,1/2車身,,0,0
025620260621,2026062156,2,5,5,013851,和田健太郎,,11.2,2車身,,0,0
025620260621,2026062156,2,6,4,015261,松井宏佑,,11.5,1車身,,0,0
025620260621,2026062156,2,7,6,014553,久米良,,11.8,3車身,,0,0
025620260621,2026062156,2,0,7,013249,諸橋愛,,0.0,,落車,0,0
025620260621,2026062156,2,0,9,015451,山口拳矢,,0.0,,失格,0,0
035620260621,2026062156,3,1,6,014318,椎木尾拓哉,差,11.6,,,0,0
035620260621,2026062156,3,2,4,014873,三谷竜生,捲,11.7,1/2車輪,,0,0
035620260621,2026062156,3,3,8,014554,山形一気,,11.5,1車輪,,0,0
035620260621,2026062156,3,4,5,013904,佐藤友和,,12.0,1車身,,0,0
035620260621,2026062156,3,5,9,014507,長島大介,,11.7,1/2車輪,,0,0
035620260621,2026062156,3,6,3,014127,永澤剛,,11.9,3/4車身,,0,0
035620260621,2026062156,3,7,7,014140,神山拓弥,,12.1,2車身,,0,0
035620260621,2026062156,3,8,1,015779,中石湊,,12.4,1/2車身,,0,1
035620260621,2026062156,3,9,2,015412,菊池岳仁,,12.6,4車身,,1,0
045620260621,2026062156,4,1,2,015731,西田優大,捲,11.6,,,0,0
045620260621,2026062156,4,2,7,014002,渡部幸訓,差,11.2,2車身,,0,0
045620260621,2026062156,4,3,3,014501,守澤太志,,11.2,1車身,,0,0
045620260621,2026062156,4,4,4,015086,酒井雄多,,11.4,1/2車身,,0,0
045620260621,2026062156,4,5,9,015537,志田龍星,,12.0,1車身1/2,,0,1
045620260621,2026062156,4,6,5,014103,村田雅一,,12.1,大差,,0,0
045620260621,2026062156,4,7,6,013059,香川雄介,,14.1,大差,,0,0
045620260621,2026062156,4,0,1,014317,山田久徳,,0.0,,失格,1,0
045620260621,2026062156,4,0,8,014038,橋本強,,0.0,,失格,0,0
055620260621,2026062156,5,1,3,015444,渡邉雅也,捲,11.4,,,0,0
055620260621,2026062156,5,2,9,013894,園田匠,差,11.5,3/4車輪,,0,0
055620260621,2026062156,5,3,2,015203,松本貴治,,11.8,3/4車身,,0,1
055620260621,2026062156,5,4,8,015443,道場晃規,,11.3,3/4車輪,,0,0
055620260621,2026062156,5,5,7,013140,小倉竜二,,11.7,1/2車身,,0,0
055620260621,2026062156,5,6,1,014860,吉澤純平,,11.4,3/4車輪,,1,0
055620260621,2026062156,5,7,6,015052,渡邉豪大,,11.5,3/4車輪,,0,0
055620260621,2026062156,5,8,5,014210,和田圭,,11.2,3/4車輪,,0,0
055620260621,2026062156,5,9,4,013920,山崎芳仁,,11.3,微差,,0,0
065620260621,2026062156,6,1,5,015439,佐々木眞也,差,11.4,,,0,0
065620260621,2026062156,6,2,8,014380,根田空史,逃,11.6,3/4車輪,,0,1
065620260621,2026062156,6,3,6,013673,大槻寛徳,,11.4,1/2車身,,0,0
065620260621,2026062156,6,4,7,015272,中釜章成,,11.2,1車輪,,0,0
065620260621,2026062156,6,5,2,015125,佐々木豪,,10.9,3/4車身,,0,0
065620260621,2026062156,6,6,4,013730,東口善朋,,11.0,2車身,,0,0
065620260621,2026062156,6,7,9,014659,武藤龍生,,11.0,1車身,,0,0
065620260621,2026062156,6,8,1,014545,岡崎智哉,,11.4,1車身1/2,,1,0
065620260621,2026062156,6,9,3,015090,高橋築,,12.6,大差,,0,0
075620260621,2026062156,7,1,7,013917,成田和也,差,11.6,,,0,0
075620260621,2026062156,7,2,2,014054,新田祐大,捲,11.7,1/2車輪,,1,0
075620260621,2026062156,7,3,5,014935,嶋津拓弥,,11.5,1車輪,,0,0
075620260621,2026062156,7,4,9,015465,石原颯,,11.9,3/4車身,,0,1
075620260621,2026062156,7,5,1,015009,清水裕友,,11.8,1/2車身,,0,0
075620260621,2026062156,7,6,3,015337,佐藤礼文,,11.6,1/2車輪,,0,0
075620260621,2026062156,7,7,8,014055,芦澤大輔,,11.6,1車身,,0,0
075620260621,2026062156,7,8,6,014505,雨谷一樹,,11.9,1車身1/2,,0,0
075620260621,2026062156,7,9,4,015649,後藤大輝,,11.9,1車身1/2,,0,0
085620260621,2026062156,8,1,9,014396,脇本雄太,捲,11.0,,,0,0
085620260621,2026062156,8,2,6,015324,小原佑太,逃,11.8,8車身,,0,1
085620260621,2026062156,8,3,1,014462,小原太樹,,11.7,微差,,1,0
085620260621,2026062156,8,4,2,014252,三谷将太,,11.5,1/8車輪,,0,0
085620260621,2026062156,8,5,4,013791,村上博幸,,11.4,3/4車身,,0,0
085620260621,2026062156,8,6,3,015431,鈴木玄人,,11.7,3/4車身,,0,0
085620260621,2026062156,8,7,5,014152,宿口陽一,,11.6,1車輪,,0,0
085620260621,2026062156,8,7,8,014809,恩田淳平,,11.4,1車輪,,0,0
085620260621,2026062156,8,9,7,015094,佐々木龍,,11.7,2車身,,0,0
095620260621,2026062156,9,1,1,015035,阿部拓真,差,11.1,,,0,0
095620260621,2026062156,9,2,7,015596,中野慎詞,逃,11.2,1/2車輪,,0,1
095620260621,2026062156,9,3,4,014047,山田英明,,10.9,1車身1/2,,0,0
095620260621,2026062156,9,4,3,015213,山崎賢人,,11.2,1/2車身,,0,0
095620260621,2026062156,9,5,6,014564,塚本大樹,,10.8,微差,,0,0
095620260621,2026062156,9,6,9,015343,佐々木悠葵,,11.0,3車身,,0,0
095620260621,2026062156,9,7,8,013880,岩津裕介,,10.9,3/4車身,,0,0
095620260621,2026062156,9,8,5,015061,取鳥雄吾,,11.4,4車身,,1,0
095620260621,2026062156,9,9,2,015037,鈴木竜士,,0.0,大差,,0,0
105620260621,2026062156,10,1,3,015298,嘉永泰斗,捲,11.1,,,0,0
105620260621,2026062156,10,1,5,013516,荒井崇博,差,11.0,,,1,0
105620260621,2026062156,10,3,6,013963,柏野智典,,11.0,1車身,,0,0
105620260621,2026062156,10,4,2,014534,深谷知広,,10.8,1/2車身,,0,0
105620260621,2026062156,10,5,1,014089,浅井康太,,10.9,1/2車身,,0,0
105620260621,2026062156,10,5,7,013162,佐藤慎太郎,,11.3,1/2車身,,0,0
105620260621,2026062156,10,7,8,014097,稲川翔,,11.2,1/2車身,,0,0
105620260621,2026062156,10,8,9,014744,和田真久留,,10.8,1/4車輪,,0,0
105620260621,2026062156,10,9,4,015356,杉浦侑吾,,11.5,1/2車輪,,0,1
115620260621,2026062156,11,1,9,015039,吉田拓矢,差,11.1,,,0,0
115620260621,2026062156,11,2,8,014113,北津留翼,捲,11.3,1/8車輪,,0,0
115620260621,2026062156,11,3,5,014794,阿部力也,,11.3,1車輪,,0,0
115620260621,2026062156,11,4,3,014524,松谷秀幸,,11.4,3/4車輪,,0,0
115620260621,2026062156,11,5,4,014377,岩本俊介,,11.5,1/2車輪,,0,1
115620260621,2026062156,11,6,2,014681,松浦悠士,,11.1,1/2車輪,,1,0
115620260621,2026062156,11,7,6,014112,小川勇介,,11.3,3/4車輪,,0,0
115620260621,2026062156,11,8,1,015341,坂井洋,,11.0,3/4車輪,,0,0
115620260621,2026062156,11,9,7,015464,町田太我,,11.8,6車身,,0,0
125620260621,2026062156,12,1,2,014838,古性優作,差,11.4,,,0,0
125620260621,2026062156,12,2,6,015051,簗田一輝,差,10.9,1/2車身,,0,0
125620260621,2026062156,12,3,3,015553,犬伏湧也,,11.5,2車身,,0,0
125620260621,2026062156,12,4,9,015413,寺崎浩平,,11.9,3/4車身,,0,1
125620260621,2026062156,12,5,5,015242,眞杉匠,,11.4,3/4車輪,,0,0
125620260621,2026062156,12,6,4,014417,山田庸平,,11.8,1車身1/2,,0,0
125620260621,2026062156,12,7,7,015034,新山響平,,11.5,2車身,,0,0
125620260621,2026062156,12,8,8,014484,河端朋之,,12.0,1車身1/2,,0,0
125620260621,2026062156,12,0,1,014741,郡司浩平,,0.0,,落車,1,0
013520260621,2026062135,1,1,4,015515,平山優太,差,12.1,,,0,0
013520260621,2026062135,1,2,1,015752,石川航大,逃,12.3,1/2車身,,0,1
013520260621,2026062135,1,3,3,012920,山崎岳志,,12.1,1/2車輪,,0,0
013520260621,2026062135,1,4,7,013826,田原大広,,12.0,1/2車輪,,0,0
013520260621,2026062135,1,5,5,013461,市川健太,,11.8,1/4車輪,,1,0
013520260621,2026062135,1,6,2,012957,宮澤晃,,11.9,3車身,,0,0
013520260621,2026062135,1,7,6,014366,阿久津浩之,,12.6,4車身,,0,0
023520260621,2026062135,2,1,7,015534,牛田樹希斗,逃,12.2,,,0,1
023520260621,2026062135,2,2,5,013888,細川貴史,マ,12.1,1/2車身,,0,0
023520260621,2026062135,2,3,3,013506,田村浩章,,11.6,3/4車輪,,0,0
023520260621,2026062135,2,4,1,014738,櫻川雅彦,,11.9,1/8車輪,,1,0
023520260621,2026062135,2,5,2,014255,西本直大,,11.9,3/4車身,,0,0
023520260621,2026062135,2,6,4,013106,赤井学,,12.0,1/2車輪,,0,0
023520260621,2026062135,2,0,6,014866,櫻井利之,,0.0,,落車,0,0
033520260621,2026062135,3,1,2,013447,坂本晃輝,差,12.4,,,1,0
033520260621,2026062135,3,2,3,012336,高谷雅彦,差,11.9,3/4車輪,,0,0
033520260621,2026062135,3,3,5,015181,栗田万生,,12.1,1/8車輪,,0,0
033520260621,2026062135,3,4,4,013957,堂村知哉,,12.3,3/4車輪,,0,0
033520260621,2026062135,3,5,7,015833,野村賢,,12.6,1/8車輪,,0,1
033520260621,2026062135,3,6,1,014169,富安保充,,12.3,1車身1/2,,0,0
033520260621,2026062135,3,7,6,014369,中川拓也,,12.0,1/2車輪,,0,0
043520260621,2026062135,4,1,2,015234,八嶋稔真,逃,12.0,,,0,1
043520260621,2026062135,4,2,3,014333,阿部兼士,差,11.2,1/2車輪,,1,0
043520260621,2026062135,4,3,6,013417,梅原大治,,11.9,3/4車輪,,0,0
043520260621,2026062135,4,4,4,015015,野口大誠,,11.4,1/2車身,,0,0
043520260621,2026062135,4,5,5,015483,谷元奎心,,11.2,1車輪,,0,0
043520260621,2026062135,4,6,7,014332,芳野匠,,11.8,1/2車輪,,0,0
043520260621,2026062135,4,7,1,013970,三好陽一,,11.8,1車身,,0,0
053520260621,2026062135,5,1,1,013967,岡本大嗣,差,11.7,,,0,0
053520260621,2026062135,5,2,7,015252,河合佑弥,捲,11.9,1/2車輪,,0,1
053520260621,2026062135,5,3,2,014262,稲吉悠大,,11.8,3/4車身,,0,0
053520260621,2026062135,5,4,4,013947,石橋慎太郎,,11.8,1車身1/2,,1,0
053520260621,2026062135,5,5,3,013498,西田雅志,,11.8,1車身1/2,,0,0
053520260621,2026062135,5,6,5,015461,土生敦弘,,13.0,7車身,,0,0
053520260621,2026062135,5,7,6,014953,和田誠寿,,13.4,大差,,0,0
063520260621,2026062135,6,1,2,014307,谷田泰平,マ,11.5,,,1,0
063520260621,2026062135,6,2,3,012987,堤洋,差,11.3,1/2車身,,0,0
063520260621,2026062135,6,3,7,015545,橋本凌汰,,11.7,2車身,,0,0
063520260621,2026062135,6,4,6,013014,江連和洋,,11.6,2車身,,0,0
063520260621,2026062135,6,5,1,011477,川口満宏,,12.0,2車身,,0,0
063520260621,2026062135,6,6,5,014792,坂本周輝,,12.7,6車身,,0,0
063520260621,2026062135,6,0,4,012895,小嶋敬二,,0.0,,失格,0,1
073520260621,2026062135,7,1,4,015162,蕗澤鴻太郎,逃,11.5,,,0,1
073520260621,2026062135,7,2,1,014552,福島武士,マ,11.4,1/8車輪,,1,0
073520260621,2026062135,7,3,7,014104,池田憲昭,,11.3,1車身,,0,0
073520260621,2026062135,7,4,2,015046,山本紳貴,,11.0,1/2車身,,0,0
073520260621,2026062135,7,5,6,012759,金山栄治,,11.3,3/4車身,,0,0
073520260621,2026062135,7,0,3,014714,橋本智昭,,0.0,,落車,0,0
073520260621,2026062135,7,0,5,014817,佐藤壮,,0.0,,落車,0,0
083520260621,2026062135,8,1,5,015207,林慶次郎,差,11.6,,,0,0
083520260621,2026062135,8,2,3,015476,緒方将樹,逃,12.0,3/4車身,,0,1
083520260621,2026062135,8,3,1,015036,尾形鉄馬,,11.5,1車身,,1,0
083520260621,2026062135,8,4,4,015454,小松原正登,,0.0,大差,,0,0
083520260621,2026062135,8,0,2,015716,尾方祐仁,,0.0,,落車,0,0
083520260621,2026062135,8,0,6,014548,棚橋勉,,0.0,,落車,0,0
083520260621,2026062135,8,0,7,015049,菅原大也,,0.0,,失格,0,0
093520260621,2026062135,9,1,6,015917,猿樂楓樹,捲,11.0,,,0,1
093520260621,2026062135,9,2,4,013442,濱田浩司,マ,10.9,1/2車身,,0,0
093520260621,2026062135,9,3,1,014268,山口貴弘,,10.8,3/4車身,,0,0
093520260621,2026062135,9,4,5,014497,川津悠揮,,11.0,3/4車身,,0,0
093520260621,2026062135,9,5,7,014441,芦澤辰弘,,11.2,5車身,,0,0
093520260621,2026062135,9,6,2,015173,格清洋介,,11.5,2車身,,0,0
093520260621,2026062135,9,7,3,015325,後藤悠,,11.9,1車身,,1,0
103520260621,2026062135,10,1,2,014682,原田研太朗,捲,11.0,,,0,0
103520260621,2026062135,10,2,1,015815,栗山和樹,捲,11.4,1/2車輪,,1,0
103520260621,2026062135,10,3,5,015794,福田稔希,,11.7,1車身1/2,,0,1
103520260621,2026062135,10,4,6,014249,鷲田幸司,,11.4,3/4車輪,,0,0
103520260621,2026062135,10,5,4,015239,佐々木堅次,,11.1,1/2車輪,,0,0
103520260621,2026062135,10,6,3,015442,仁藤秀,,11.6,1/2車輪,,0,0
103520260621,2026062135,10,7,7,014641,箱田優樹,,11.0,3/4車輪,,0,0
113520260621,2026062135,11,1,7,013307,浦川尊明,差,11.9,,,0,0
113520260621,2026062135,11,2,5,014245,後藤彰仁,差,11.7,1/2車身,,1,0
113520260621,2026062135,11,3,3,015719,出口謙一郎,,12.1,1/2車身,,0,0
113520260621,2026062135,11,4,6,014832,宮西翼,,11.7,1/4車輪,,0,0
113520260621,2026062135,11,5,1,013568,大木雅也,,11.9,1/8車輪,,0,0
113520260621,2026062135,11,6,4,013944,桐山敬太郎,,12.3,1車身,,0,0
113520260621,2026062135,11,7,2,015279,山崎駿哉,,12.4,1/2車身,,0,1
123520260621,2026062135,12,1,2,015891,野中龍之介,差,10.9,,,0,0
123520260621,2026062135,12,2,5,015235,嵯峨昇喜郎,捲,11.1,1/2車身,,0,0
123520260621,2026062135,12,3,6,014691,東矢昇太,,11.5,3車身,,0,0
123520260621,2026062135,12,4,7,013637,笠松信幸,,11.1,1/2車輪,,0,0
123520260621,2026062135,12,5,3,013656,渡部哲男,,11.4,1/8車輪,,0,0
123520260621,2026062135,12,6,1,014835,窓場千加頼,,11.2,1車身1/2,,1,0
123520260621,2026062135,12,7,4,015840,阿部英斗,,11.8,1/2車身,,0,1
017520260621,2026062175,1,1,7,012402,時松正,差,12.1,,,0,0
017520260621,2026062175,1,2,4,014483,竜門孝宗,差,11.9,1車輪,,0,0
017520260621,2026062175,1,3,3,015300,ラモスレオ,,12.3,タイヤ,,1,1
017520260621,2026062175,1,4,1,013784,太田雅之,,12.1,3/4車輪,,0,0
017520260621,2026062175,1,5,2,014257,岡崎克政,,12.2,1車身1/2,,0,0
017520260621,2026062175,1,6,6,011431,梶應弘樹,,16.1,大差,,0,0
017520260621,2026062175,1,0,5,013062,藤原義浩,,0.0,,失格,0,0
027520260621,2026062175,2,1,7,013358,行成大祐,差,12.4,,,0,0
027520260621,2026062175,2,2,1,014872,玉村元気,逃,12.6,3/4車身,,0,1
027520260621,2026062175,2,3,2,012677,花村直人,,12.3,5車身,,0,0
027520260621,2026062175,2,4,5,012976,中井修,,12.5,1/2車身,,0,0
027520260621,2026062175,2,5,3,013402,沼川夢久,,12.3,3/4車身,,0,0
027520260621,2026062175,2,6,6,012824,梶原亜湖,,14.6,大差,,0,0
027520260621,2026062175,2,7,4,013588,齋藤仁,,15.4,6車身,,0,0
037520260621,2026062175,3,1,5,012496,中村淳,差,12.0,,,0,0
037520260621,2026062175,3,2,1,012883,大沼孝行,逃,12.2,3/4車輪,,1,1
037520260621,2026062175,3,3,7,011328,川添輝彦,,11.9,1車輪,,0,0
037520260621,2026062175,3,4,4,013738,眞鍋伸也,,11.8,1/8車輪,,0,0
037520260621,2026062175,3,5,3,012914,武市和人,,11.9,2車身,,0,0
037520260621,2026062175,3,6,2,013797,平川公一,,12.0,1/2車身,,0,0
037520260621,2026062175,3,7,6,011382,清水広幸,,0.0,大差,,0,0
047520260621,2026062175,4,1,4,015873,十文字悠真,逃,12.4,,,0,1
047520260621,2026062175,4,2,1,014434,山崎功也,マ,12.3,1/4車輪,,1,0
047520260621,2026062175,4,3,3,013802,大林亮介,,12.3,3/4車身,,0,0
047520260621,2026062175,4,4,2,014382,伊藤翼,,12.1,3/4車輪,,0,0
047520260621,2026062175,4,5,6,012626,原司,,12.2,1/2車身,,0,0
047520260621,2026062175,4,6,5,014389,村本慎吾,,12.1,3/4車輪,,0,0
047520260621,2026062175,4,7,7,014884,友永龍介,,13.4,大差,,0,0
057520260621,2026062175,5,1,5,015881,関口朗斗,捲,11.6,,,0,0
057520260621,2026062175,5,2,2,012847,古閑良介,差,12.1,7車身,,0,0
057520260621,2026062175,5,3,7,012406,濱田昭一郎,,12.1,1/2車輪,,0,0
057520260621,2026062175,5,4,6,013861,岡田大門,,11.9,3/4車身,,0,0
057520260621,2026062175,5,5,4,015739,楠本政明,,12.5,1車輪,,0,1
057520260621,2026062175,5,6,3,014583,吉田昌弘,,11.9,1/2車身,,0,0
057520260621,2026062175,5,7,1,015368,井坂泰誓,,12.3,1/2車身,,1,0
067520260621,2026062175,6,1,2,015930,野津宏介,逃,11.9,,,0,1
067520260621,2026062175,6,2,5,015900,花田雄飛,捲,11.7,1/2車輪,,0,0
067520260621,2026062175,6,3,1,014413,松本充生,,11.8,1/2車輪,,1,0
067520260621,2026062175,6,4,7,013176,早川成矢,,11.5,1車輪,,0,0
067520260621,2026062175,6,5,4,014596,中村賢二,,11.6,1/2車身,,0,0
067520260621,2026062175,6,6,3,012717,伊藤一貴,,11.5,1/2車身,,0,0
067520260621,2026062175,6,7,6,014433,長田彰人,,11.4,1/2車身,,0,0
077520260621,2026062175,7,1,1,015925,川西康彦,差,11.5,,,1,0
077520260621,2026062175,7,2,2,015743,丸林駿太,逃,11.9,1/2車身,,0,1
077520260621,2026062175,7,3,3,015190,大中拓磨,,11.4,1/2車輪,,0,0
077520260621,2026062175,7,4,4,013822,米原大輔,,11.5,1車身1/2,,0,0
077520260621,2026062175,7,5,5,015062,大室翔,,11.4,1/2車身,,0,0
077520260621,2026062175,7,6,6,015290,真崎章徳,,11.3,1車身1/2,,0,0
077520260621,2026062175,7,7,7,013508,曽我部匡史,,11.5,1/4車輪,,0,0
011120260621,2026062111,1,1,5,014404,岩本純,捲,11.8,,,0,0
011120260621,2026062111,1,2,7,015000,藤井準也,差,11.4,3/4車身,,0,0
011120260621,2026062111,1,3,4,014347,外崎一成,,11.9,3/4車身,,1,0
011120260621,2026062111,1,4,2,013155,四元慎也,,11.8,1車身,,0,0
011120260621,2026062111,1,5,6,013989,大泉英則,,12.0,1/4車輪,,0,0
011120260621,2026062111,1,6,1,013183,坂木田雄介,,12.2,1/4車輪,,0,1
011120260621,2026062111,1,7,3,013485,善利裕生,,11.8,3/4車身,,0,0
021120260621,2026062111,2,1,2,014393,柴田祐也,差,12.6,,,0,0
021120260621,2026062111,2,2,7,015241,山田祐太,捲,12.1,タイヤ,,0,0
021120260621,2026062111,2,3,6,014753,山田純也,,12.7,1車輪,,0,1
021120260621,2026062111,2,4,3,014281,寺林正秋,,12.1,1車身1/2,,0,0
021120260621,2026062111,2,5,1,014092,山出裕幸,,12.3,1車身,,1,0
021120260621,2026062111,2,6,5,015007,岸川哲也,,12.5,1/2車身,,0,0
021120260621,2026062111,2,7,4,014532,柴田竜史,,12.1,1車身,,0,0
031120260621,2026062111,3,1,4,014109,吉松直人,捲,12.1,,,0,0
031120260621,2026062111,3,2,5,014805,吉田元輝,差,12.4,5車身,,0,0
031120260621,2026062111,3,3,7,013766,武井大介,,12.7,1/4車輪,,1,0
031120260621,2026062111,3,4,3,015594,金田涼馬,,12.8,1/4車輪,,0,1
031120260621,2026062111,3,5,2,015247,小玉勇一,,12.5,3/4車輪,,0,0
031120260621,2026062111,3,6,1,014619,木村浩宣,,13.1,7車身,,0,0
031120260621,2026062111,3,7,6,015732,宮道良輔,,14.4,大差,,0,0
041120260621,2026062111,4,1,1,015877,三澤優樹,逃,12.0,,,0,1
041120260621,2026062111,4,2,3,015726,龍野琳太郎,捲,11.8,1/2車輪,,0,0
041120260621,2026062111,4,3,7,012261,岡部芳幸,,12.0,1/2車身,,0,0
041120260621,2026062111,4,4,4,013246,山崎充央,,12.0,3/4車身,,0,0
041120260621,2026062111,4,5,2,011854,紫原政文,,12.0,2車身,,0,0
041120260621,2026062111,4,6,6,014843,峰重祐之介,,12.0,3/4車身,,0,0
041120260621,2026062111,4,7,5,014630,利根正明,,12.5,2車身,,0,0
051120260621,2026062111,5,1,5,014672,吉田茂生,差,12.4,,,0,0
051120260621,2026062111,5,2,2,015353,松坂侑亮,捲,12.2,1車輪,,0,0
051120260621,2026062111,5,3,7,014144,石川雅望,,12.2,1車輪,,0,0
051120260621,2026062111,5,4,1,014116,安東宏高,,12.5,1/2車身,,1,0
051120260621,2026062111,5,5,3,015457,村田瑞季,,12.6,微差,,0,0
051120260621,2026062111,5,6,4,015748,田中会心,,13.1,5車身,,0,1
051120260621,2026062111,5,7,6,014774,阿部弘,,12.9,2車身,,0,0
061120260621,2026062111,6,1,5,013693,藤原憲征,差,11.9,,,0,0
061120260621,2026062111,6,2,7,014592,小島歩,差,11.8,3/4車輪,,0,0
061120260621,2026062111,6,3,4,015097,長谷部翔,,11.9,1/2車輪,,0,0
061120260621,2026062111,6,4,1,015244,植原琢也,,12.0,1/8車輪,,1,0
061120260621,2026062111,6,5,2,014258,片山智晴,,11.8,3/4車身,,0,0
061120260621,2026062111,6,6,3,015709,神尾敬冬,,12.3,1車身1/2,,0,1
061120260621,2026062111,6,7,6,013197,鈴木幸紀,,12.4,5車身,,0,0
071120260621,2026062111,7,1,5,015547,米嶋恵介,捲,11.3,,,0,0
071120260621,2026062111,7,2,1,013996,丸山貴秀,差,11.6,2車身,,0,0
071120260621,2026062111,7,3,2,014511,内藤高裕,,11.7,1/2車輪,,1,0
071120260621,2026062111,7,4,4,014051,早坂秀悟,,11.9,3/4車輪,,0,1
071120260621,2026062111,7,5,7,014066,池田勇人,,11.6,3/4車輪,,0,0
071120260621,2026062111,7,6,6,015083,中村弘之輔,,11.8,3/4車輪,,0,0
071120260621,2026062111,7,7,3,013804,湊聖二,,12.0,1車輪,,0,0
081120260621,2026062111,8,1,1,015124,山本拳也,差,11.9,,,0,0
081120260621,2026062111,8,2,6,015638,昼田達哉,逃,12.0,1/2車輪,,0,1
081120260621,2026062111,8,3,3,014253,伊藤信,,11.8,3/4車身,,1,0
081120260621,2026062111,8,4,4,014232,柴田洋輔,,11.6,1/2車輪,,0,0
081120260621,2026062111,8,5,2,013252,中村浩士,,11.6,1車身1/2,,0,0
081120260621,2026062111,8,6,7,014175,柴崎俊光,,12.0,1/2車身,,0,0
081120260621,2026062111,8,7,5,014826,菅原裕太,,12.3,2車身,,0,0
091120260621,2026062111,9,1,3,013912,金成和幸,差,12.0,,,0,0
091120260621,2026062111,9,2,1,013923,武田豊樹,差,12.1,3/4車身,,0,0
091120260621,2026062111,9,3,7,014212,山崎将幸,,12.1,1/8車輪,,0,0
091120260621,2026062111,9,4,6,014096,伊藤成紀,,12.0,1/2車輪,,0,0
091120260621,2026062111,9,5,4,012813,成清貴之,,12.3,2車身,,0,0
091120260621,2026062111,9,6,2,015540,徳田匠,,12.1,1/2車輪,,1,0
091120260621,2026062111,9,7,5,015608,山口多聞,,12.5,3/4車輪,,0,1
101120260621,2026062111,10,1,1,014485,田中勇二,差,11.6,,,0,0
101120260621,2026062111,10,2,6,015613,滝本幸正,逃,11.9,1/8車輪,,0,1
101120260621,2026062111,10,3,3,015620,纐纈洸翔,,11.7,1/2車輪,,0,0
101120260621,2026062111,10,4,2,014930,杉森輝大,,11.6,3/4車輪,,1,0
101120260621,2026062111,10,5,5,015836,遠藤拓巳,,11.8,1/4車輪,,0,0
101120260621,2026062111,10,6,4,014599,松岡篤哉,,11.7,1車身1/2,,0,0
101120260621,2026062111,10,7,7,013862,鈴木伸之,,11.7,2車身,,0,0
111120260621,2026062111,11,1,7,015799,森田一郎,捲,11.9,,,1,0
111120260621,2026062111,11,2,5,014837,神田紘輔,差,12.1,2車身,,0,0
111120260621,2026062111,11,3,2,015517,橋本壮史,,12.0,1/4車輪,,0,0
111120260621,2026062111,11,4,3,013921,渡邉一成,,11.7,3/4車輪,,0,0
111120260621,2026062111,11,5,6,015385,立部楓真,,11.8,1車身,,0,0
111120260621,2026062111,11,6,1,015718,棚瀬義大,,12.5,1/2車身,,0,1
111120260621,2026062111,11,7,4,014041,田中誠,,12.8,大差,,0,0
121120260621,2026062111,12,1,1,013900,大森慶一,差,12.0,,,1,0
121120260621,2026062111,12,2,7,015417,櫻井祐太郎,逃,12.2,1/4車輪,,0,1
121120260621,2026062111,12,3,4,015132,瓜生崇智,,11.9,3/4車輪,,0,0
121120260621,2026062111,12,4,3,014231,河村雅章,,11.9,3/4車輪,,0,0
121120260621,2026062111,12,5,6,014339,成松春樹,,11.9,1/2車身,,0,0
121120260621,2026062111,12,6,5,015354,齋木翔多,,12.0,1/2車輪,,0,0
121120260621,2026062111,12,7,2,015477,兼本将太,,12.7,6車身,,0,0
012420260621,2026062124,1,1,1,015679,又多風緑,差,15.2,,,0,0
012420260621,2026062124,1,2,5,015941,川原未紀,差,15.3,1車輪,,1,0
012420260621,2026062124,1,3,2,014902,中村由香里,,15.1,1/2車身,,0,0
012420260621,2026062124,1,4,6,015134,藤巻絵里佳,,15.1,1車身1/2,,0,0
012420260621,2026062124,1,5,3,015150,宮地寧々,,15.7,1/2車輪,,0,1
012420260621,2026062124,1,6,4,015852,普久原美海,,15.7,5車身,,0,0
012420260621,2026062124,1,7,7,015767,木下宙,,16.0,1/2車輪,,0,0
022420260621,2026062124,2,1,1,015666,畠山ひすい,捲,15.0,,,0,1
022420260621,2026062124,2,2,4,015148,中嶋里美,マ,15.0,1/2車身,,0,0
022420260621,2026062124,2,3,2,015755,神戸暖稀羽,,14.9,3車身,,0,0
022420260621,2026062124,2,4,3,015671,小泉夢菜,,14.9,1車身,,0,0
022420260621,2026062124,2,5,5,015074,島田優里,,15.3,1車身1/2,,0,0
022420260621,2026062124,2,6,6,015956,池原杏,,15.2,1車身1/2,,1,0
022420260621,2026062124,2,7,7,014904,渡辺ゆかり,,17.0,大差,,0,0
032420260621,2026062124,3,1,1,013570,加藤寛治,差,15.2,,,0,0
032420260621,2026062124,3,2,3,014314,中川繁樹,逃,15.4,1/2車輪,,0,1
032420260621,2026062124,3,3,5,015264,渡邉直弥,,15.1,3/4車輪,,0,0
032420260621,2026062124,3,4,2,014821,原岡泰志郎,,15.1,1車身,,0,0
032420260621,2026062124,3,5,7,012955,太田真一,,15.1,2車身,,0,0
032420260621,2026062124,3,6,4,014581,佐山俊樹,,15.6,1/2車輪,,1,0
032420260621,2026062124,3,7,6,013270,中川貴史,,15.6,2車身,,0,0
042420260621,2026062124,4,1,1,013929,宮内善光,差,15.3,,,1,0
042420260621,2026062124,4,2,3,015600,照井力斗,逃,15.4,3/4車輪,,0,1
042420260621,2026062124,4,3,2,013546,田村真広,,15.2,1/4車輪,,0,0
042420260621,2026062124,4,4,5,014829,桜井雄太,,14.8,3/4車身,,0,0
042420260621,2026062124,4,5,7,014021,森川剛,,15.4,1車身1/2,,0,0
042420260621,2026062124,4,6,6,014456,亀井久幸,,15.2,3/4車輪,,0,0
042420260621,2026062124,4,7,4,014479,金子浩貴,,15.0,1車身1/2,,0,0
052420260621,2026062124,5,1,2,014439,山崎司,差,15.1,,,0,0
052420260621,2026062124,5,2,1,013828,引地正人,逃,15.2,3/4車輪,,0,1
052420260621,2026062124,5,3,5,012940,小室貴広,,14.9,1車輪,,0,0
052420260621,2026062124,5,4,3,014993,副島和人,,15.1,3/4車輪,,1,0
052420260621,2026062124,5,5,6,013119,松尾淳,,14.8,1車身,,0,0
052420260621,2026062124,5,6,4,014734,長沼謙太,,15.1,2車身,,0,0
052420260621,2026062124,5,7,7,015714,望月嘉人,,15.6,1/2車身,,0,0
062420260621,2026062124,6,1,2,013933,藤田竜矢,差,14.5,,,0,0
062420260621,2026062124,6,2,1,014077,古屋琢晶,逃,14.7,1/4車輪,,1,1
062420260621,2026062124,6,3,6,014578,大越啓介,,14.4,1/2車身,,0,0
062420260621,2026062124,6,4,7,012439,河合康晴,,14.3,1/8車輪,,0,0
062420260621,2026062124,6,5,5,015180,下岡将也,,14.1,1車輪,,0,0
062420260621,2026062124,6,6,3,013263,田中雅史,,14.0,1車身,,0,0
062420260621,2026062124,6,7,4,013327,高橋健太,,14.1,1車身1/2,,0,0
072420260621,2026062124,7,1,2,014818,田口裕一,差,14.0,,,1,0
072420260621,2026062124,7,2,1,015048,志佐明,捲,14.1,1/4車輪,,0,0
072420260621,2026062124,7,3,6,014362,岩崎大和,,14.2,2車身,,0,0
072420260621,2026062124,7,4,4,013608,鈴木誠,,14.6,1車輪,,0,0
072420260621,2026062124,7,5,5,015084,菅田謙仁,,14.8,3/4車身,,0,1
072420260621,2026062124,7,6,3,014586,近藤寛央,,14.1,1/4車輪,,0,0
072420260621,2026062124,7,7,7,013086,坂本毅,,14.5,1/2車身,,0,0
082420260621,2026062124,8,1,3,015088,神山尚,差,15.2,,,0,0
082420260621,2026062124,8,2,1,015795,今井希,逃,15.4,1/2車身,,1,1
082420260621,2026062124,8,3,7,012719,篠崎高志,,15.2,3/4車身,,0,0
082420260621,2026062124,8,4,6,014297,田中勝仁,,14.7,微差,,0,0
082420260621,2026062124,8,5,4,014699,小川大地,,15.2,1車身1/2,,0,0
082420260621,2026062124,8,6,2,014383,河野要,,14.9,1/2車身,,0,0
082420260621,2026062124,8,7,5,014316,山崎光展,,15.2,3/4車身,,0,0
092420260621,2026062124,9,1,5,013332,吉村和之,差,14.3,,,0,0
092420260621,2026062124,9,2,1,015448,長屋秀明,捲,14.4,3/4車輪,,1,1
092420260621,2026062124,9,3,7,015700,吉田晏生,,14.6,1車身1/2,,0,0
092420260621,2026062124,9,4,2,015612,小榑佑弥,,14.4,3/4車身,,0,0
092420260621,2026062124,9,5,3,012728,飯田辰哉,,14.3,1/4車輪,,0,0
092420260621,2026062124,9,6,4,014481,徳丸泰教,,14.3,1/2車輪,,0,0
092420260621,2026062124,9,7,6,013042,渡邊健,,15.5,大差,,0,0
018420260621,2026062184,1,1,2,015491,當銘沙恵美,逃,12.7,,,0,1
018420260621,2026062184,1,2,1,015485,青木美保,差,12.4,1車輪,,0,0
018420260621,2026062184,1,3,6,015944,赤池七虹,,12.7,3/4車身,,0,0
018420260621,2026062184,1,4,3,015503,田中月菜,,12.1,1/4車輪,,0,0
018420260621,2026062184,1,5,5,015761,吉村美有紀,,12.3,1/2車輪,,0,0
018420260621,2026062184,1,6,4,015851,片岡美奈,,12.1,3/4車身,,0,0
018420260621,2026062184,1,7,7,015314,向井円,,12.5,1/2車輪,,1,0
028420260621,2026062184,2,1,1,015955,岩元杏奈,捲,12.2,,,0,1
028420260621,2026062184,2,2,3,015667,戸田瑞姫,マ,12.1,1/2車身,,0,0
028420260621,2026062184,2,3,2,015410,村田奈穂,,12.2,3/4車身,,0,0
028420260621,2026062184,2,4,5,015573,蛯原杏奈,,12.3,1車身1/2,,0,0
028420260621,2026062184,2,5,4,015678,小林真矢香,,12.6,1車身,,0,0
028420260621,2026062184,2,6,6,015141,黒河内由実,,12.4,1/2車輪,,0,0
028420260621,2026062184,2,7,7,015316,川田ひな,,12.3,1車身,,0,0
038420260621,2026062184,3,1,6,014637,吉成貴博,差,11.9,,,0,0
038420260621,2026062184,3,2,2,013811,池田浩士,差,12.1,1/2車輪,,0,0
038420260621,2026062184,3,3,1,015929,鶴淳志,,12.2,タイヤ,,1,1
038420260621,2026062184,3,4,5,015126,高山雄丞,,12.0,1/8車輪,,0,0
038420260621,2026062184,3,5,3,012747,布居寛幸,,11.7,1車輪,,0,0
038420260621,2026062184,3,6,4,012845,林成人,,11.9,1/2車身,,0,0
038420260621,2026062184,3,7,7,015110,小出慎也,,12.3,7車身,,0,0
048420260621,2026062184,4,1,3,015845,稲留敦貴,捲,11.8,,,0,0
048420260621,2026062184,4,2,2,013491,近藤範昌,差,11.9,3/4車身,,0,0
048420260621,2026062184,4,3,4,014876,冨尾享平,,11.8,3/4車身,,0,0
048420260621,2026062184,4,4,5,015115,堀僚介,,11.5,3/4車身,,0,0
048420260621,2026062184,4,5,1,015831,三木健正,,12.2,1/2車輪,,1,1
048420260621,2026062184,4,6,6,015215,照屋将貴,,11.9,2車身,,0,0
048420260621,2026062184,4,7,7,014765,樫村伸平,,14.1,大差,,0,0
058420260621,2026062184,5,1,3,015384,天野純平,逃,12.2,,,0,1
058420260621,2026062184,5,2,2,013799,真田晃,差,11.7,1/2車身,,1,0
058420260621,2026062184,5,3,7,014040,竹内真一,,12.0,タイヤ,,0,0
058420260621,2026062184,5,4,4,013075,平総一,,12.1,1車輪,,0,0
058420260621,2026062184,5,5,1,014305,大谷靖茂,,11.9,3/4車輪,,0,0
058420260621,2026062184,5,6,6,013349,三宅旬,,11.6,3/4車輪,,0,0
058420260621,2026062184,5,7,5,014887,板崎佑矢,,11.7,3/4車輪,,0,0
068420260621,2026062184,6,1,2,015192,藤原俊太郎,捲,11.7,,,0,0
068420260621,2026062184,6,2,3,013196,竹田和幸,差,11.9,1/4車輪,,0,0
068420260621,2026062184,6,3,1,015462,溝口葵,,12.0,1/4車輪,,1,1
068420260621,2026062184,6,4,4,014035,伊藤大彦,,11.6,3/4車身,,0,0
068420260621,2026062184,6,5,7,010900,三浦靖,,12.0,1/2車身,,0,0
068420260621,2026062184,6,6,5,014334,高倉俊宏,,12.0,3/4車身,,0,0
068420260621,2026062184,6,7,6,014687,井上将志,,11.7,1/2車輪,,0,0
078420260621,2026062184,7,1,4,015742,堀越翔己,捲,11.4,,,0,0
078420260621,2026062184,7,2,2,015294,小原亮哉,差,11.8,1/2車輪,,1,0
078420260621,2026062184,7,3,3,012766,立石拓也,,11.4,3/4車輪,,0,0
078420260621,2026062184,7,4,1,014495,下沖功児,,12.0,3/4車身,,0,1
078420260621,2026062184,7,5,6,015360,勝谷勝治,,11.4,1/2車輪,,0,0
078420260621,2026062184,7,6,7,013647,光畑政志,,11.9,1/8車輪,,0,0
078420260621,2026062184,7,7,5,014749,山田哲也,,11.5,3車身,,0,0
088420260621,2026062184,8,1,3,015187,鮫島康治,捲,11.8,,,0,0
088420260621,2026062184,8,2,4,014597,上田隼,マ,11.7,1車身,,0,0
088420260621,2026062184,8,3,2,012544,上田学,,12.1,3車身,,1,0
088420260621,2026062184,8,4,1,015830,細中翔太,,12.3,3/4車身,,0,1
088420260621,2026062184,8,5,5,015214,境啓亨,,12.0,1車身1/2,,0,0
088420260621,2026062184,8,6,7,012507,爲田学,,12.3,1車輪,,0,0
088420260621,2026062184,8,7,6,015567,北川大成,,12.8,7車身,,0,0
098420260621,2026062184,9,1,7,015561,原井剣也,差,11.6,,,0,0
098420260621,2026062184,9,2,1,015570,松本憲斗,逃,11.8,1/2車身,,0,1
098420260621,2026062184,9,3,5,013445,中村良二,,11.6,1/4車輪,,0,0
098420260621,2026062184,9,4,6,014031,筒井裕哉,,11.4,1車身,,0,0
098420260621,2026062184,9,5,2,015178,伊藤稔真,,11.6,1車輪,,1,0
098420260621,2026062184,9,6,3,015285,久樹克門,,11.5,1車身,,0,0
098420260621,2026062184,9,7,4,015201,門田凌,,11.7,1/4車輪,,0,0
011120260622,2026062211,1,1,1,015007,岸川哲也,差,12.3,,,1,0
011120260622,2026062211,1,2,5,014532,柴田竜史,差,12.5,3/4車輪,,0,0
011120260622,2026062211,1,3,2,013183,坂木田雄介,,12.7,1車輪,,0,1
011120260622,2026062211,1,4,7,013485,善利裕生,,12.3,3/4車輪,,0,0
011120260622,2026062211,1,5,6,014774,阿部弘,,12.0,1/2車身,,0,0
011120260622,2026062211,1,6,4,014281,寺林正秋,,12.3,3/4車輪,,0,0
011120260622,2026062211,1,7,3,015732,宮道良輔,,12.9,6車身,,0,0
021120260622,2026062211,2,1,5,014347,外崎一成,差,11.8,,,0,0
021120260622,2026062211,2,2,7,013989,大泉英則,マ,11.7,3/4車身,,0,0
021120260622,2026062211,2,3,1,015241,山田祐太,,12.2,3/4車身,,0,1
021120260622,2026062211,2,4,4,014630,利根正明,,11.6,1/8車輪,,1,0
021120260622,2026062211,2,5,6,014753,山田純也,,11.7,1/2車身,,0,0
021120260622,2026062211,2,6,2,014092,山出裕幸,,11.6,1車身,,0,0
021120260622,2026062211,2,7,3,013155,四元慎也,,11.7,2車身,,0,0
031120260622,2026062211,3,1,2,015457,村田瑞季,逃,12.1,,,0,1
031120260622,2026062211,3,2,4,013766,武井大介,マ,12.1,1/2車身,,1,0
031120260622,2026062211,3,3,5,014619,木村浩宣,,12.0,3/4車輪,,0,0
031120260622,2026062211,3,4,3,014404,岩本純,,11.9,3/4車身,,0,0
031120260622,2026062211,3,5,7,013246,山崎充央,,11.9,1車身1/2,,0,0
031120260622,2026062211,3,6,6,014843,峰重祐之介,,12.4,4車身,,0,0
031120260622,2026062211,3,0,1,015247,小玉勇一,,0.0,,欠車,0,0
041120260622,2026062211,4,1,3,015000,藤井準也,差,12.2,,,0,0
041120260622,2026062211,4,2,2,015594,金田涼馬,逃,12.5,1/2車輪,,1,1
041120260622,2026062211,4,3,5,012261,岡部芳幸,,12.2,3/4車輪,,0,0
041120260622,2026062211,4,4,6,014393,柴田祐也,,12.2,1/2車輪,,0,0
041120260622,2026062211,4,5,7,015748,田中会心,,12.4,3/4車身,,0,0
041120260622,2026062211,4,6,4,014116,安東宏高,,12.2,1/8車輪,,0,0
041120260622,2026062211,4,7,1,011854,紫原政文,,12.1,3/4車輪,,0,0
051120260622,2026062211,5,1,7,014232,柴田洋輔,差,12.5,,,0,0
051120260622,2026062211,5,2,2,014051,早坂秀悟,逃,12.6,1車身,,0,1
051120260622,2026062211,5,3,4,013996,丸山貴秀,,12.3,1車身,,1,0
051120260622,2026062211,5,4,6,014258,片山智晴,,12.3,2車身,,0,0
051120260622,2026062211,5,5,1,013804,湊聖二,,12.4,1/8車輪,,0,0
051120260622,2026062211,5,0,3,012813,成清貴之,,0.0,,失格,0,0
051120260622,2026062211,5,0,5,014096,伊藤成紀,,0.0,,故障,0,0
061120260622,2026062211,6,1,5,014066,池田勇人,差,11.9,,,0,0
061120260622,2026062211,6,2,3,014511,内藤高裕,マ,11.8,1/4車輪,,1,0
061120260622,2026062211,6,3,2,014592,小島歩,,11.9,1車身1/2,,0,0
061120260622,2026062211,6,4,4,013252,中村浩士,,11.8,3/4車身,,0,0
061120260622,2026062211,6,5,7,015540,徳田匠,,12.1,1車輪,,0,0
061120260622,2026062211,6,6,6,015244,植原琢也,,12.4,1車身,,0,1
061120260622,2026062211,6,7,1,014175,柴崎俊光,,12.2,3/4車身,,0,0
071120260622,2026062211,7,1,7,014826,菅原裕太,差,12.0,,,0,0
071120260622,2026062211,7,2,4,015608,山口多聞,捲,12.1,3/4車輪,,0,1
071120260622,2026062211,7,3,5,015097,長谷部翔,,12.0,1車身,,0,0
071120260622,2026062211,7,4,3,014212,山崎将幸,,12.0,3/4車輪,,0,0
071120260622,2026062211,7,5,1,015083,中村弘之輔,,12.6,5車身,,1,0
071120260622,2026062211,7,6,6,013197,鈴木幸紀,,13.0,7車身,,0,0
071120260622,2026062211,7,7,2,015709,神尾敬冬,,14.1,9車身,,0,0
081120260622,2026062211,8,1,3,015836,遠藤拓巳,捲,11.9,,,0,0
081120260622,2026062211,8,2,1,014041,田中誠,差,12.0,1/2車身,,0,0
081120260622,2026062211,8,3,6,015547,米嶋恵介,,11.8,3/4車身,,0,0
081120260622,2026062211,8,4,7,013921,渡邉一成,,11.7,1/8車輪,,1,0
081120260622,2026062211,8,5,5,015124,山本拳也,,12.0,3/4車輪,,0,0
081120260622,2026062211,8,6,4,015477,兼本将太,,12.2,1/2車身,,0,1
081120260622,2026062211,8,7,2,013912,金成和幸,,11.7,3/4車身,,0,0
091120260622,2026062211,9,1,1,015638,昼田達哉,捲,11.3,,,0,0
091120260622,2026062211,9,2,5,015132,瓜生崇智,マ,11.2,1/4車輪,,0,0
091120260622,2026062211,9,3,4,014599,松岡篤哉,,11.5,2車身,,0,0
091120260622,2026062211,9,4,7,015354,齋木翔多,,11.5,3/4車身,,0,0
091120260622,2026062211,9,5,3,014231,河村雅章,,11.5,1/2車身,,1,0
091120260622,2026062211,9,6,2,015718,棚瀬義大,,11.9,1車輪,,0,1
091120260622,2026062211,9,7,6,013693,藤原憲征,,11.6,2車身,,0,0
101120260622,2026062211,10,1,4,014253,伊藤信,捲,11.8,,,0,0
101120260622,2026062211,10,2,7,013923,武田豊樹,差,11.9,1/2車身,,0,0
101120260622,2026062211,10,3,1,014930,杉森輝大,,12.1,1/2車輪,,1,0
101120260622,2026062211,10,4,6,014339,成松春樹,,11.7,1/2車輪,,0,0
101120260622,2026062211,10,5,5,015517,橋本壮史,,12.3,3/4車身,,0,1
101120260622,2026062211,10,6,3,013862,鈴木伸之,,11.9,2車身,,0,0
101120260622,2026062211,10,7,2,015385,立部楓真,,12.8,5車身,,0,0
111120260622,2026062211,11,1,3,015877,三澤優樹,捲,11.9,,,0,0
111120260622,2026062211,11,2,6,014805,吉田元輝,マ,11.8,3/4車身,,0,0
111120260622,2026062211,11,3,5,014672,吉田茂生,,11.9,3/4車身,,0,0
111120260622,2026062211,11,4,7,014109,吉松直人,,11.8,1/2車身,,0,0
111120260622,2026062211,11,5,4,014144,石川雅望,,11.9,3車身,,0,0
111120260622,2026062211,11,6,2,015726,龍野琳太郎,,12.1,1車輪,,0,0
111120260622,2026062211,11,7,1,015353,松坂侑亮,,12.5,1/2車輪,,1,1
121120260622,2026062211,12,1,3,015799,森田一郎,逃,12.2,,,1,1
121120260622,2026062211,12,2,2,014837,神田紘輔,差,11.8,1/2車身,,0,0
121120260622,2026062211,12,3,4,014485,田中勇二,,12.0,タイヤ,,0,0
121120260622,2026062211,12,4,6,015613,滝本幸正,,11.7,タイヤ,,0,0
121120260622,2026062211,12,5,7,013900,大森慶一,,12.0,3/4車身,,0,0
121120260622,2026062211,12,6,5,015620,纐纈洸翔,,12.1,1車身1/2,,0,0
121120260622,2026062211,12,7,1,015417,櫻井祐太郎,,12.9,7車身,,0,0
012420260622,2026062224,1,1,1,015679,又多風緑,差,15.8,,,0,0
012420260622,2026062224,1,2,6,015941,川原未紀,逃,16.2,1/2車身,,0,1
012420260622,2026062224,1,3,3,015671,小泉夢菜,,15.8,3/4車輪,,0,0
012420260622,2026062224,1,4,4,015852,普久原美海,,16.1,1/2車身,,1,0
012420260622,2026062224,1,5,5,015074,島田優里,,15.9,3/4車身,,0,0
012420260622,2026062224,1,6,2,015755,神戸暖稀羽,,16.3,1/2車輪,,0,0
012420260622,2026062224,1,7,7,015767,木下宙,,16.0,2車身,,0,0
022420260622,2026062224,2,1,1,015666,畠山ひすい,逃,15.6,,,0,1
022420260622,2026062224,2,2,2,014902,中村由香里,マ,15.5,3/4車身,,0,0
022420260622,2026062224,2,3,4,015148,中嶋里美,,15.8,3車身,,0,0
022420260622,2026062224,2,4,5,015956,池原杏,,15.6,1/2車身,,0,0
022420260622,2026062224,2,5,6,015134,藤巻絵里佳,,15.8,1/2車輪,,1,0
022420260622,2026062224,2,6,3,015150,宮地寧々,,15.7,1/4車輪,,0,0
022420260622,2026062224,2,7,7,014904,渡辺ゆかり,,15.8,1車身,,0,0
032420260622,2026062224,3,1,4,013327,高橋健太,差,14.9,,,0,0
032420260622,2026062224,3,2,1,013263,田中雅史,マ,14.8,1/2車輪,,1,0
032420260622,2026062224,3,3,6,013086,坂本毅,,14.5,3/4車輪,,0,0
032420260622,2026062224,3,4,5,013270,中川貴史,,14.6,1/8車輪,,0,0
032420260622,2026062224,3,5,2,014581,佐山俊樹,,14.7,1/8車輪,,0,0
032420260622,2026062224,3,6,3,014586,近藤寛央,,14.6,1/4車輪,,0,0
032420260622,2026062224,3,7,7,014021,森川剛,,15.6,5車身,,0,1
042420260622,2026062224,4,1,1,014383,河野要,差,14.7,,,1,0
042420260622,2026062224,4,2,5,015714,望月嘉人,逃,14.9,1/2車身,,0,1
042420260622,2026062224,4,3,6,014456,亀井久幸,,14.7,1/2車身,,0,0
042420260622,2026062224,4,4,3,014479,金子浩貴,,14.6,3/4車輪,,0,0
042420260622,2026062224,4,5,2,014734,長沼謙太,,14.6,3/4車身,,0,0
042420260622,2026062224,4,6,7,012955,太田真一,,14.5,1/2車輪,,0,0
042420260622,2026062224,4,0,4,014316,山崎光展,,0.0,,欠車,0,0
052420260622,2026062224,5,1,1,014821,原岡泰志郎,差,14.7,,,1,0
052420260622,2026062224,5,2,4,014297,田中勝仁,逃,14.8,3/4車身,,0,1
052420260622,2026062224,5,3,7,012439,河合康晴,,14.7,1/2車輪,,0,0
052420260622,2026062224,5,4,2,013608,鈴木誠,,14.5,3/4車輪,,0,0
052420260622,2026062224,5,5,3,015180,下岡将也,,14.5,2車身,,0,0
052420260622,2026062224,5,6,5,014362,岩崎大和,,14.3,3/4車身,,0,0
052420260622,2026062224,5,7,6,013119,松尾淳,,16.3,大差,,0,0
062420260622,2026062224,6,1,3,015264,渡邉直弥,差,14.4,,,0,0
062420260622,2026062224,6,2,5,015084,菅田謙仁,差,14.8,タイヤ,,1,0
062420260622,2026062224,6,3,2,014829,桜井雄太,,15.0,1/4車輪,,0,1
062420260622,2026062224,6,4,1,014993,副島和人,,14.2,3/4車身,,0,0
062420260622,2026062224,6,5,4,014699,小川大地,,14.3,1/4車輪,,0,0
062420260622,2026062224,6,6,7,014578,大越啓介,,14.7,1車輪,,0,0
062420260622,2026062224,6,7,6,012719,篠崎高志,,17.4,大差,,0,0
072420260622,2026062224,7,1,1,012728,飯田辰哉,差,14.3,,,0,0
072420260622,2026062224,7,2,4,015048,志佐明,捲,14.5,1/2車身,,0,1
072420260622,2026062224,7,3,7,015600,照井力斗,,14.1,3/4車身,,0,0
072420260622,2026062224,7,4,2,015700,吉田晏生,,13.8,3/4車身,,0,0
072420260622,2026062224,7,5,5,014439,山崎司,,14.0,1車輪,,0,0
072420260622,2026062224,7,6,3,014077,古屋琢晶,,13.8,3/4車身,,1,0
072420260622,2026062224,7,7,6,013546,田村真広,,13.8,3/4車身,,0,0
082420260622,2026062224,8,1,2,014481,徳丸泰教,差,14.5,,,0,0
082420260622,2026062224,8,2,6,014818,田口裕一,差,14.8,1車身,,0,0
082420260622,2026062224,8,3,5,013828,引地正人,,14.9,1/2車輪,,0,0
082420260622,2026062224,8,4,3,013332,吉村和之,,14.6,3/4車身,,0,0
082420260622,2026062224,8,5,7,014314,中川繁樹,,14.8,1/4車輪,,0,0
082420260622,2026062224,8,6,4,013929,宮内善光,,14.9,1/2車身,,0,0
082420260622,2026062224,8,7,1,015612,小榑佑弥,,15.2,1車身1/2,,1,1
092420260622,2026062224,9,1,1,015448,長屋秀明,捲,14.1,,,1,0
092420260622,2026062224,9,2,5,013570,加藤寛治,マ,14.0,3/4車輪,,0,0
092420260622,2026062224,9,3,6,015088,神山尚,,14.5,1/2車輪,,0,0
092420260622,2026062224,9,4,4,013933,藤田竜矢,,14.7,1/2車身,,0,0
092420260622,2026062224,9,5,3,015795,今井希,,14.8,1/4車輪,,0,1
092420260622,2026062224,9,6,7,012940,小室貴広,,14.4,1/4車輪,,0,0
092420260622,2026062224,9,7,2,013042,渡邊健,,14.0,1/2車輪,,0,0
018420260622,2026062284,1,1,3,015491,當銘沙恵美,差,12.3,,,0,0
018420260622,2026062284,1,2,1,015485,青木美保,捲,12.4,1/4車輪,,0,1
018420260622,2026062284,1,3,4,015573,蛯原杏奈,,12.4,1車身,,0,0
018420260622,2026062284,1,4,2,015410,村田奈穂,,12.3,3/4車身,,0,0
018420260622,2026062284,1,5,6,015141,黒河内由実,,12.6,1車身,,0,0
018420260622,2026062284,1,6,7,015314,向井円,,12.4,3/4車身,,0,0
018420260622,2026062284,1,7,5,015761,吉村美有紀,,13.2,5車身,,0,0
028420260622,2026062284,2,1,1,015955,岩元杏奈,逃,12.6,,,0,1
028420260622,2026062284,2,2,4,015678,小林真矢香,差,12.4,3/4車身,,0,0
028420260622,2026062284,2,3,3,015503,田中月菜,,12.6,1/8車輪,,0,0
028420260622,2026062284,2,4,2,015667,戸田瑞姫,,12.4,1車輪,,0,0
028420260622,2026062284,2,5,6,015944,赤池七虹,,12.9,2車身,,0,0
028420260622,2026062284,2,6,7,015316,川田ひな,,12.4,1車輪,,0,0
028420260622,2026062284,2,7,5,015851,片岡美奈,,12.7,1/4車輪,,0,0
038420260622,2026062284,3,1,5,015215,照屋将貴,差,11.8,,,0,0
038420260622,2026062284,3,2,1,014334,高倉俊宏,捲,12.0,1車輪,,0,1
038420260622,2026062284,3,3,6,012507,爲田学,,11.8,1車輪,,0,0
038420260622,2026062284,3,4,2,012845,林成人,,11.7,3/4車輪,,0,0
038420260622,2026062284,3,5,7,010900,三浦靖,,11.9,3/4車輪,,1,0
038420260622,2026062284,3,6,4,014887,板崎佑矢,,11.8,1車身,,0,0
038420260622,2026062284,3,7,3,015360,勝谷勝治,,12.2,3/4車輪,,0,0
048420260622,2026062284,4,1,1,014687,井上将志,差,11.7,,,1,0
048420260622,2026062284,4,2,4,013349,三宅旬,マ,11.6,1/2車身,,0,0
048420260622,2026062284,4,3,2,015567,北川大成,,12.0,1/2車輪,,0,0
048420260622,2026062284,4,4,3,014749,山田哲也,,11.6,1/2車身,,0,0
048420260622,2026062284,4,5,7,014765,樫村伸平,,12.0,1/2車輪,,0,0
048420260622,2026062284,4,6,5,015110,小出慎也,,12.1,1/2車身,,0,1
048420260622,2026062284,4,7,6,013647,光畑政志,,11.9,1車身1/2,,0,0
058420260622,2026062284,5,1,5,012747,布居寛幸,差,11.7,,,0,0
058420260622,2026062284,5,2,4,014876,冨尾享平,差,11.9,1/2車身,,1,0
058420260622,2026062284,5,3,3,015831,三木健正,,11.6,タイヤ,,0,0
058420260622,2026062284,5,4,1,014495,下沖功児,,12.2,3/4車身,,0,1
058420260622,2026062284,5,5,7,014040,竹内真一,,12.0,3/4車身,,0,0
058420260622,2026062284,5,6,6,015126,高山雄丞,,11.6,1/2車輪,,0,0
058420260622,2026062284,5,7,2,014305,大谷靖茂,,12.3,3車身,,0,0
068420260622,2026062284,6,1,4,014035,伊藤大彦,差,11.3,,,0,0
068420260622,2026062284,6,2,1,015830,細中翔太,逃,11.5,1/2車輪,,1,1
068420260622,2026062284,6,3,3,012766,立石拓也,,11.1,1/4車輪,,0,0
068420260622,2026062284,6,4,6,015214,境啓亨,,10.9,3/4車身,,0,0
068420260622,2026062284,6,5,2,015929,鶴淳志,,11.4,1車身1/2,,0,0
068420260622,2026062284,6,6,5,013075,平総一,,11.0,1/2車輪,,0,0
068420260622,2026062284,6,7,7,015115,堀僚介,,13.3,大差,,0,0
078420260622,2026062284,7,1,2,014031,筒井裕哉,差,11.8,,,0,0
078420260622,2026062284,7,2,3,015462,溝口葵,逃,12.0,1/4車輪,,0,1
078420260622,2026062284,7,3,6,015845,稲留敦貴,,11.8,1/2車身,,0,0
078420260622,2026062284,7,4,1,015201,門田凌,,11.8,3/4車身,,0,0
078420260622,2026062284,7,5,4,012544,上田学,,11.8,3/4車輪,,0,0
078420260622,2026062284,7,6,7,015742,堀越翔己,,11.7,1/4車輪,,1,0
078420260622,2026062284,7,7,5,013491,近藤範昌,,11.7,1車身,,0,0
088420260622,2026062284,8,1,3,015561,原井剣也,捲,11.8,,,0,0
088420260622,2026062284,8,2,2,013445,中村良二,マ,11.8,3車身,,0,0
088420260622,2026062284,8,3,5,014597,上田隼,,12.0,3/4車身,,0,0
088420260622,2026062284,8,4,7,014637,吉成貴博,,11.5,1/8車輪,,0,0
088420260622,2026062284,8,5,4,013196,竹田和幸,,11.8,1/2車身,,0,0
088420260622,2026062284,8,6,1,015178,伊藤稔真,,12.6,4車身,,1,1
088420260622,2026062284,8,7,6,015384,天野純平,,13.3,大差,,0,0
098420260622,2026062284,9,1,1,015570,松本憲斗,差,11.5,,,0,0
098420260622,2026062284,9,2,2,015285,久樹克門,差,11.7,1/4車輪,,0,0
098420260622,2026062284,9,3,3,015192,藤原俊太郎,,12.0,2車身,,1,1
098420260622,2026062284,9,4,4,013811,池田浩士,,11.6,3/4車身,,0,0
098420260622,2026062284,9,5,6,015294,小原亮哉,,11.5,1/8車輪,,0,0
098420260622,2026062284,9,6,7,015187,鮫島康治,,11.4,2車身,,0,0
098420260622,2026062284,9,7,5,013799,真田晃,,11.4,1車身,,0,0
012120260622,2026062221,1,1,6,012795,黒田充,差,12.0,,,0,0
012120260622,2026062221,1,2,3,015164,菱沼元樹,逃,12.1,1/8車輪,,0,1
012120260622,2026062221,1,3,2,013235,榊枝輝文,,12.0,3/4車身,,1,0
012120260622,2026062221,1,4,4,015270,元砂海人,,11.8,2車身,,0,0
012120260622,2026062221,1,5,7,014802,渡邉正人,,12.0,1/2車輪,,0,0
012120260622,2026062221,1,6,5,014595,瀧本匡平,,12.2,1/2車輪,,0,0
012120260622,2026062221,1,0,1,011817,有賀高士,,0.0,,落車,0,0
022120260622,2026062221,2,1,7,015885,五輪拓巳,逃,12.1,,,0,1
022120260622,2026062221,2,2,1,014254,武田和也,マ,12.5,8車身,,1,0
022120260622,2026062221,2,3,2,014075,松根真,,12.4,3/4車身,,0,0
022120260622,2026062221,2,4,5,012532,西郷剛,,12.4,1/2車身,,0,0
022120260622,2026062221,2,5,3,013266,伊藤嘉浩,,12.4,3/4車身,,0,0
022120260622,2026062221,2,6,6,012509,岡嵜浩一,,12.4,1車輪,,0,0
022120260622,2026062221,2,7,4,012966,石川英昭,,12.6,1車輪,,0,0
032120260622,2026062221,3,1,4,015910,土生智徳,捲,11.7,,,0,1
032120260622,2026062221,3,2,3,013581,薮謙治,マ,11.7,3/4車身,,0,0
032120260622,2026062221,3,3,7,013049,南大輔,,12.1,4車身,,0,0
032120260622,2026062221,3,4,1,014644,高橋明久,,12.5,3車身,,1,0
032120260622,2026062221,3,5,2,014662,櫻井宏樹,,12.5,3車身,,0,0
032120260622,2026062221,3,6,5,011454,杉浦康一,,12.7,1/2車輪,,0,0
032120260622,2026062221,3,7,6,013678,菊池崇訓,,12.5,3/4車身,,0,0
042120260622,2026062221,4,1,1,015523,邊見祐太,逃,12.0,,,0,1
042120260622,2026062221,4,2,7,013082,小泉俊也,捲,12.1,1車身1/2,,0,0
042120260622,2026062221,4,3,5,013027,戸ノ下太郎,,11.9,1車身,,0,0
042120260622,2026062221,4,4,6,014713,鈴木裕斗,,12.1,タイヤ,,0,0
042120260622,2026062221,4,5,4,014062,齋藤昌弘,,12.2,3/4車輪,,0,0
042120260622,2026062221,4,6,3,014425,前川裕希,,12.1,3/4車身,,1,0
042120260622,2026062221,4,7,2,013705,佐藤有輝,,12.4,2車身,,0,0
052120260622,2026062221,5,1,3,015760,五味田奈穂,捲,12.7,,,1,0
052120260622,2026062221,5,2,6,015018,高橋梨香,差,12.9,1車身1/2,,0,0
052120260622,2026062221,5,3,1,015492,永禮美瑠,,12.8,1/2車身,,0,0
052120260622,2026062221,5,4,4,015397,新井美菜,,13.1,1/2車身,,0,1
052120260622,2026062221,5,5,2,015321,比嘉真梨代,,12.8,3/4車身,,0,0
052120260622,2026062221,5,6,5,015943,高崎千賀,,12.9,1車身1/2,,0,0
052120260622,2026062221,5,7,7,015407,出口倫子,,12.8,1/4車輪,,0,0
062120260622,2026062221,6,1,2,015586,太田瑛美,差,12.6,,,0,0
062120260622,2026062221,6,2,4,015498,國村美留莉,マ,12.5,3/4車身,,0,0
062120260622,2026062221,6,3,3,015147,佐々木恵理,,12.8,1/2車身,,0,0
062120260622,2026062221,6,4,5,014962,石井貴子,,12.9,1/2車輪,,1,0
062120260622,2026062221,6,5,7,015684,安東莉奈,,13.0,3/4車輪,,0,1
062120260622,2026062221,6,6,1,015071,佐藤亜貴子,,13.0,1車身,,0,0
062120260622,2026062221,6,7,6,015849,佐藤乃愛,,12.9,1/4車輪,,0,0
072120260622,2026062221,7,1,2,014732,和田禎嗣,差,12.2,,,0,0
072120260622,2026062221,7,2,5,015693,松田昂己,逃,12.4,1/2車輪,,0,1
072120260622,2026062221,7,3,6,014166,倉野隆太郎,,12.1,3/4車身,,0,0
072120260622,2026062221,7,4,4,012742,山田雅之,,12.0,3/4車身,,0,0
072120260622,2026062221,7,5,3,015623,野崎翼,,12.1,1車輪,,0,0
072120260622,2026062221,7,6,7,012953,矢内良和,,12.3,1/8車輪,,0,0
072120260622,2026062221,7,7,1,014470,板橋慎治,,12.1,1車身,,1,0
082120260622,2026062221,8,1,2,014390,愛敬博之,差,11.9,,,0,0
082120260622,2026062221,8,2,5,013426,本村隆文,マ,11.7,1/2車輪,,0,0
082120260622,2026062221,8,3,7,014032,藤田真,,12.1,1/2車身,,0,1
082120260622,2026062221,8,4,1,014153,伊藤太一,,11.7,3/4車輪,,1,0
082120260622,2026062221,8,5,3,013838,山田武,,11.7,3/4車身,,0,0
082120260622,2026062221,8,6,4,015606,近藤圭佑,,11.8,3/4車輪,,0,0
082120260622,2026062221,8,7,6,011341,黒崎直行,,12.0,3車身,,0,0
092120260622,2026062221,9,1,6,015903,谷澤優貴,逃,12.1,,,0,1
092120260622,2026062221,9,2,1,015635,藤岡徹也,捲,12.1,1車身1/2,,0,0
092120260622,2026062221,9,3,4,013729,堺文人,,12.1,1/2車輪,,0,0
092120260622,2026062221,9,4,2,015806,山本天平,,12.2,1車身,,1,0
092120260622,2026062221,9,5,5,014575,鈴木達也,,12.0,1/2車輪,,0,0
092120260622,2026062221,9,6,7,013192,平田徹,,12.2,3/4車輪,,0,0
092120260622,2026062221,9,7,3,013482,松崎貴久,,12.3,1/2車輪,,0,0
102120260622,2026062221,10,1,5,015526,梅田加津也,捲,11.6,,,0,0
102120260622,2026062221,10,2,3,015109,大利航平,差,12.1,6車身,,0,0
102120260622,2026062221,10,3,4,013233,小松剛之,,12.2,1/4車輪,,0,0
102120260622,2026062221,10,4,6,013345,中村美千隆,,12.0,1/4車輪,,0,0
102120260622,2026062221,10,5,7,013839,若林耕司,,12.0,1/4車輪,,0,0
102120260622,2026062221,10,6,2,013908,菅田和宏,,12.4,3/4車輪,,0,1
102120260622,2026062221,10,7,1,014302,武田憲祐,,13.0,9車身,,1,0
112120260622,2026062221,11,1,2,015543,福元啓太,差,11.6,,,0,0
112120260622,2026062221,11,2,1,014065,鰐淵圭佑,差,12.1,1車身1/2,,1,0
112120260622,2026062221,11,3,5,013335,坂上樹大,,11.6,1/4車輪,,0,0
112120260622,2026062221,11,4,7,014235,鈴木庸之,,12.2,1/4車輪,,0,0
112120260622,2026062221,11,5,6,014591,本多哲也,,11.8,1/4車輪,,0,0
112120260622,2026062221,11,6,3,015601,五十嵐綾,,12.0,1/4車輪,,0,0
112120260622,2026062221,11,7,4,014858,小原唯志,,12.4,3/4車輪,,0,1
013620260622,2026062236,1,1,5,015800,川越宏臣,捲,9.5,,,0,1
013620260622,2026062236,1,2,2,014980,田原宥明,逃,9.7,1車身1/2,,0,0
013620260622,2026062236,1,3,7,013005,小笠原昭太,,9.6,1車輪,,0,0
013620260622,2026062236,1,4,1,014444,星野辰也,,9.6,1車身1/2,,1,0
013620260622,2026062236,1,5,6,013742,葛西雄太郎,,9.6,3/4車身,,0,0
013620260622,2026062236,1,6,3,014614,高橋清太郎,,9.5,1/2車輪,,0,0
013620260622,2026062236,1,7,4,012992,吉良勝信,,9.5,1車身1/2,,0,0
023620260622,2026062236,2,1,7,015556,上野恭哉,逃,10.1,,,0,1
023620260622,2026062236,2,2,4,014459,根藤浩二,マ,10.0,1/2車輪,,0,0
023620260622,2026062236,2,3,3,014950,市村昌樹,,10.1,3/4車身,,0,0
023620260622,2026062236,2,4,1,014934,渋谷錬,,10.0,1/8車輪,,1,0
023620260622,2026062236,2,5,6,014049,廣田樹里,,9.7,3/4車身,,0,0
023620260622,2026062236,2,6,5,013925,黒田篤,,10.0,1車身1/2,,0,0
023620260622,2026062236,2,7,2,014418,安部龍文,,10.7,8車身,,0,0
033620260622,2026062236,3,1,3,013979,竹内優也,捲,10.0,,,1,0
033620260622,2026062236,3,2,7,015557,梶原大地,逃,10.3,1/4車輪,,0,1
033620260622,2026062236,3,3,2,013584,坂田学,,10.1,1車身1/2,,0,0
033620260622,2026062236,3,4,6,013749,及川裕奨,,10.0,1/4車輪,,0,0
033620260622,2026062236,3,5,4,015810,瀧川幸広,,10.3,1/2車輪,,0,0
033620260622,2026062236,3,6,1,014704,阿部充宏,,9.9,1/2車輪,,0,0
033620260622,2026062236,3,7,5,013405,宮下貴之,,10.3,5車身,,0,0
043620260622,2026062236,4,1,4,014808,村上貴彦,捲,10.0,,,0,0
043620260622,2026062236,4,2,7,015734,岡崎陸登,逃,10.2,1/2車身,,1,1
043620260622,2026062236,4,3,2,013188,山田幸司,,10.1,3/4車輪,,0,0
043620260622,2026062236,4,4,5,013311,根本雄紀,,10.0,1/4車輪,,0,0
043620260622,2026062236,4,5,6,014474,山崎晃,,10.0,1車身,,0,0
043620260622,2026062236,4,6,1,012529,木本賢二,,10.0,2車身,,0,0
043620260622,2026062236,4,7,3,014988,伊早坂駿一,,10.2,4車身,,0,0
053620260622,2026062236,5,1,6,015182,吉川希望,捲,9.5,,,0,0
053620260622,2026062236,5,2,4,015704,坪内恒,捲,9.9,1車身,,0,0
053620260622,2026062236,5,3,3,015208,金ヶ江勇気,,9.9,3/4車輪,,1,0
053620260622,2026062236,5,4,5,015632,常次勇人,,10.1,3/4車輪,,0,1
053620260622,2026062236,5,5,2,013863,吉田健市,,9.6,3/4車身,,0,0
053620260622,2026062236,5,6,7,014510,菅谷隆司,,9.8,1車輪,,0,0
053620260622,2026062236,5,7,1,014717,泉文人,,9.6,1車身,,0,0
063620260622,2026062236,6,1,5,014177,小堺浩二,捲,9.9,,,0,0
063620260622,2026062236,6,2,3,014199,松岡孔明,差,10.1,1車身,,0,0
063620260622,2026062236,6,3,1,013783,上田裕和,,9.9,1/4車輪,,0,0
063620260622,2026062236,6,4,4,014194,桑原亮,,10.1,3/4車身,,0,0
063620260622,2026062236,6,5,6,015569,谷口力也,,10.3,3/4車身,,0,1
063620260622,2026062236,6,6,2,014819,太刀川一成,,10.0,1車身,,1,0
063620260622,2026062236,6,7,7,014465,村上直久,,10.6,3車身,,0,0
073620260622,2026062236,7,1,5,014791,木村弘,捲,9.9,,,0,0
073620260622,2026062236,7,2,3,013724,渡辺十夢,差,10.1,1車身,,0,0
073620260622,2026062236,7,3,1,015197,川口雄太,,9.7,3/4車身,,1,0
073620260622,2026062236,7,4,2,013230,開坂秀明,,10.0,1/2車身,,0,0
073620260622,2026062236,7,5,6,014228,片折亮太,,9.9,3/4車身,,0,0
073620260622,2026062236,7,6,4,015446,林敬宏,,10.5,1車身1/2,,0,1
073620260622,2026062236,7,7,7,015276,佐伯亮輔,,10.3,2車身,,0,0
083620260622,2026062236,8,1,2,014184,池田良,差,9.7,,,0,0
083620260622,2026062236,8,2,7,015656,甲斐俊祐,捲,9.8,タイヤ,,0,1
083620260622,2026062236,8,3,3,013790,稲垣裕之,,9.6,3/4車身,,1,0
083620260622,2026062236,8,4,5,012826,渡邉晴智,,9.5,3/4車身,,0,0
083620260622,2026062236,8,5,4,015416,小笠原光,,9.5,2車身,,0,0
083620260622,2026062236,8,6,1,015170,川越勇星,,9.8,1/8車輪,,0,0
083620260622,2026062236,8,7,6,015536,疋田力也,,10.5,6車身,,0,0
093620260622,2026062236,9,1,2,015168,染谷幸喜,逃,9.9,,,1,1
093620260622,2026062236,9,2,6,014711,相澤政宏,マ,9.9,3/4車身,,0,0
093620260622,2026062236,9,3,4,015697,熊崎麻人,,9.7,1/2車輪,,0,0
093620260622,2026062236,9,4,5,013368,牧剛央,,9.3,1/2車身,,0,0
093620260622,2026062236,9,5,1,014143,天田裕輝,,9.6,1/8車輪,,0,0
093620260622,2026062236,9,6,3,015282,宮本隼輔,,9.6,1車身1/2,,0,0
093620260622,2026062236,9,7,7,014264,松尾信太郎,,9.4,1/2車輪,,0,0
103620260622,2026062236,10,1,2,015807,塩島嵩一朗,逃,10.0,,,0,1
103620260622,2026062236,10,2,1,014800,伊東翔貴,捲,9.8,3/4車輪,,1,0
103620260622,2026062236,10,3,3,015195,久保田泰弘,,9.9,3/4車輪,,0,0
103620260622,2026062236,10,4,5,013115,望月永悟,,10.0,3/4車輪,,0,0
103620260622,2026062236,10,5,7,015204,吉田智哉,,9.8,3/4車輪,,0,0
103620260622,2026062236,10,6,4,014515,城幸弘,,10.0,3/4車身,,0,0
103620260622,2026062236,10,7,6,012785,小橋明紀,,9.8,1車輪,,0,0
113620260622,2026062236,11,1,3,013618,櫻井学,差,9.9,,,0,0
113620260622,2026062236,11,2,4,015663,松本秀之慎,差,9.9,1/2車輪,,0,0
113620260622,2026062236,11,3,2,015784,高橋舜,,10.1,1/2車輪,,0,0
113620260622,2026062236,11,4,1,013443,大坪功一,,9.9,3/4車身,,1,0
113620260622,2026062236,11,5,5,013436,中村昌弘,,9.8,1/2車輪,,0,0
113620260622,2026062236,11,6,6,015430,岡田亮太,,10.4,2車身,,0,1
113620260622,2026062236,11,7,7,013945,福田知也,,10.1,2車身,,0,0
123620260622,2026062236,12,1,1,015629,岸田剛,捲,9.7,,,0,0
123620260622,2026062236,12,2,7,014472,坂口晃輔,マ,9.6,1/2車輪,,0,0
123620260622,2026062236,12,3,5,015121,太田竜馬,,9.3,3/4車身,,0,0
123620260622,2026062236,12,4,2,015246,黒沢征治,,9.6,1車輪,,0,0
123620260622,2026062236,12,5,4,014458,近藤保,,9.8,1/4車輪,,0,0
123620260622,2026062236,12,6,6,014723,石川裕二,,9.6,3/4車身,,0,0
123620260622,2026062236,12,7,3,014718,小松崎大地,,10.3,3車身,,1,1
014320260622,2026062243,1,1,2,015803,西村剛,逃,11.7,,,0,1
014320260622,2026062243,1,2,7,015042,高橋泰裕,マ,11.5,タイヤ,,1,0
014320260622,2026062243,1,3,3,013899,山田和巧,,11.4,3/4車身,,0,0
014320260622,2026062243,1,4,1,014193,玉手翔,,11.3,1車身,,0,0
014320260622,2026062243,1,5,4,015533,岩城佑典,,11.5,1/4車輪,,0,0
014320260622,2026062243,1,6,6,013452,齊藤紳一朗,,11.5,3/4車輪,,0,0
014320260622,2026062243,1,7,5,014094,有馬雄二,,11.4,3車身,,0,0
024320260622,2026062243,2,1,1,015159,坂本拓也,差,11.9,,,0,0
024320260622,2026062243,2,2,3,013117,鳥越靖弘,差,11.6,1/2車輪,,0,0
024320260622,2026062243,2,3,4,014869,泉谷元樹,,12.1,1/2車身,,1,1
024320260622,2026062243,2,4,5,013916,白石大輔,,11.8,1/4車輪,,0,0
024320260622,2026062243,2,5,7,013271,鮒田博文,,11.6,1/2車身,,0,0
024320260622,2026062243,2,6,2,013423,増田利明,,11.6,1車身1/2,,0,0
024320260622,2026062243,2,7,6,014296,佐藤清之,,11.5,3/4車身,,0,0
034320260622,2026062243,3,1,2,014859,小林申太,捲,11.9,,,0,0
034320260622,2026062243,3,2,6,012971,小川将人,差,12.1,4車身,,0,0
034320260622,2026062243,3,3,4,012960,水書義弘,,12.0,3/4車身,,0,0
034320260622,2026062243,3,4,7,014058,佐藤謙,,12.2,1/2車身,,0,0
034320260622,2026062243,3,5,5,015819,弓矢輪太郎,,12.5,1車輪,,0,1
034320260622,2026062243,3,6,3,012878,安藤宜明,,12.0,1車身1/2,,0,0
034320260622,2026062243,3,7,1,013575,渡会啓介,,12.6,1/4車輪,,1,0
044320260622,2026062243,4,1,4,015339,土田武志,捲,11.7,,,0,0
044320260622,2026062243,4,2,2,015101,松岡晋乃介,差,11.7,1車身1/2,,0,0
044320260622,2026062243,4,3,5,011619,疋田敏,,11.7,3/4車輪,,0,0
044320260622,2026062243,4,4,7,014206,金野俊秋,,12.0,1/8車輪,,0,1
044320260622,2026062243,4,5,1,013859,荒木伸哉,,11.6,3/4車身,,0,0
044320260622,2026062243,4,6,3,014011,細沼健治,,11.6,3/4車身,,0,0
044320260622,2026062243,4,7,6,014026,高橋成英,,11.8,4車身,,0,0
054320260622,2026062243,5,1,5,013993,佐藤朋也,差,12.0,,,0,0
054320260622,2026062243,5,2,3,015785,福田健太,逃,12.2,1/2車輪,,0,1
054320260622,2026062243,5,3,1,015432,水森湧太,,11.6,1車輪,,0,0
054320260622,2026062243,5,4,6,014695,山口茂,,12.0,1/2車身,,0,0
054320260622,2026062243,5,5,4,013616,渡邉高志,,11.6,1/2車身,,0,0
054320260622,2026062243,5,6,2,015538,村瀬大和,,12.1,1/2車身,,1,0
054320260622,2026062243,5,7,7,014828,川口聖翔,,12.0,1/4車輪,,0,0
064320260622,2026062243,6,1,7,015902,安達光伸,差,11.7,,,0,0
064320260622,2026062243,6,2,1,013477,宮司周郎,マ,11.7,1車身,,1,0
064320260622,2026062243,6,3,6,015506,佐藤啓斗,,12.4,4車身,,0,1
064320260622,2026062243,6,4,5,013259,望月紀男,,11.9,1車身,,0,0
064320260622,2026062243,6,5,3,013232,柳充,,11.8,1車身,,0,0
064320260622,2026062243,6,6,4,012891,朝日勇,,12.5,大差,,0,0
064320260622,2026062243,6,0,2,015095,遠藤勝弥,,0.0,,落車,0,0
074320260622,2026062243,7,1,2,015712,松本京太,差,11.4,,,0,0
074320260622,2026062243,7,2,5,015634,末廣快理,逃,11.7,1/2車輪,,1,1
074320260622,2026062243,7,3,3,014978,谷口明正,,11.6,1/8車輪,,0,0
074320260622,2026062243,7,4,7,014132,三澤康人,,11.4,1車身,,0,0
074320260622,2026062243,7,5,4,015250,今井聡,,11.6,1/4車輪,,0,0
074320260622,2026062243,7,6,1,014139,小田倉勇二,,11.4,3/4車身,,0,0
074320260622,2026062243,7,7,6,015524,栗本武典,,11.6,3車身,,0,0
018320260622,2026062283,1,1,1,014690,好永晃,差,11.9,,,0,0
018320260622,2026062283,1,2,6,015844,小山峻汰,捲,12.1,1/8車輪,,0,0
018320260622,2026062283,1,3,2,014999,水谷将司,,12.5,1/8車輪,,0,0
018320260622,2026062283,1,4,5,015812,森崎英登,,12.8,1車身,,0,1
018320260622,2026062283,1,5,3,014205,日当泰之,,12.4,1車身1/2,,1,0
018320260622,2026062283,1,6,7,014282,石川恭規,,12.3,1車輪,,0,0
018320260622,2026062283,1,7,4,015087,本馬鎌,,12.7,1車身1/2,,0,0
028320260622,2026062283,2,1,4,014487,才迫勇馬,差,12.2,,,0,0
028320260622,2026062283,2,2,6,015467,倉松涼,捲,12.4,3/4車身,,0,0
028320260622,2026062283,2,3,3,015056,田村風起,,12.4,1/4車輪,,0,0
028320260622,2026062283,2,4,2,012757,市本隆司,,12.4,3/4車輪,,1,0
028320260622,2026062283,2,5,1,012882,鈴木愼二,,12.4,1車身1/2,,0,0
028320260622,2026062283,2,6,7,014473,重倉高史,,12.9,1車輪,,0,1
028320260622,2026062283,2,7,5,014303,小川達也,,13.5,9車身,,0,0
038320260622,2026062283,3,1,1,015727,中原航大,捲,12.2,,,1,1
038320260622,2026062283,3,2,3,015513,菊池翔,差,12.0,1/2車輪,,0,0
038320260622,2026062283,3,3,4,013659,高比良豪,,12.1,1/2車輪,,0,0
038320260622,2026062283,3,4,5,013915,坂口卓士,,12.1,1車身1/2,,0,0
038320260622,2026062283,3,5,2,014862,坂本将太郎,,12.2,3車身,,0,0
038320260622,2026062283,3,6,7,012248,中井大介,,13.0,8車身,,0,0
038320260622,2026062283,3,7,6,015044,平川雅晃,,13.6,5車身,,0,0
048320260622,2026062283,4,1,7,015893,岩辺陸,差,11.6,,,0,0
048320260622,2026062283,4,2,5,014320,在本直樹,差,11.8,1車輪,,0,0
048320260622,2026062283,4,3,6,015455,枠元一葵,,12.1,1/8車輪,,0,1
048320260622,2026062283,4,4,3,014230,山田義彦,,11.6,1車輪,,0,0
048320260622,2026062283,4,5,2,015379,下野義城,,12.1,3/4車身,,0,0
048320260622,2026062283,4,6,1,014758,中野智公,,12.2,3/4車輪,,1,0
048320260622,2026062283,4,7,4,014056,橋本紀彰,,11.8,1車身1/2,,0,0
058320260622,2026062283,5,1,5,015723,稲毛知也,捲,11.3,,,0,0
058320260622,2026062283,5,2,7,015740,櫻木雄太,逃,11.7,3車身,,0,1
058320260622,2026062283,5,3,2,015750,徳永泰粋,,11.7,1/2車輪,,0,0
058320260622,2026062283,5,4,4,014330,坂田章,,11.6,1/8車輪,,0,0
058320260622,2026062283,5,5,6,015127,野村典嗣,,11.6,1/2車身,,0,0
058320260622,2026062283,5,6,1,013267,鷲見逸喜,,11.6,1車身1/2,,1,0
058320260622,2026062283,5,7,3,015463,畝木聖,,13.0,大差,,0,0
068320260622,2026062283,6,1,4,015598,大川剛,逃,11.4,,,0,1
068320260622,2026062283,6,2,3,013855,近藤俊明,マ,11.3,1/2車輪,,0,0
068320260622,2026062283,6,3,1,015373,晝田宗一郎,,11.0,1/8車輪,,0,0
068320260622,2026062283,6,4,7,014286,関貴之,,11.3,3/4車身,,0,0
068320260622,2026062283,6,5,5,014188,原誠宏,,11.0,1/2車身,,0,0
068320260622,2026062283,6,6,2,015067,瀬戸晋作,,10.8,3/4車身,,0,0
068320260622,2026062283,6,7,6,015744,橋本宇宙,,11.1,1車身1/2,,0,0
078320260622,2026062283,7,1,7,015473,青柳靖起,逃,12.1,,,0,1
078320260622,2026062283,7,2,6,014889,津村洸次郎,マ,12.0,1/8車輪,,0,0
078320260622,2026062283,7,3,4,014239,鈴木裕,,12.0,1車身,,0,0
078320260622,2026062283,7,4,1,015128,嶋田誠也,,12.0,微差,,1,0
078320260622,2026062283,7,5,2,015696,荒川達郎,,12.2,1車身,,0,0
078320260622,2026062283,7,6,5,015005,野口正則,,12.0,1/2車輪,,0,0
078320260622,2026062283,7,7,3,015539,上杉嘉槻,,12.7,7車身,,0,0
088320260622,2026062283,8,1,1,015363,田中大我,捲,11.5,,,0,0
088320260622,2026062283,8,2,4,014176,笹倉慎也,マ,11.5,3/4車身,,0,0
088320260622,2026062283,8,3,7,015521,中島詩音,,11.3,1/4車輪,,0,0
088320260622,2026062283,8,4,2,012889,丸山啓一,,11.9,3/4車身,,1,0
088320260622,2026062283,8,5,3,013240,小林大介,,11.4,1車輪,,0,0
088320260622,2026062283,8,6,5,015713,望月湧世,,12.2,1/2車身,,0,1
088320260622,2026062283,8,7,6,014410,桶谷明誉,,13.4,大差,,0,0
098320260622,2026062283,9,1,4,015695,篠田幸希,捲,11.1,,,0,0
098320260622,2026062283,9,2,2,013765,海老根恵太,マ,11.1,2車身,,1,0
098320260622,2026062283,9,3,7,014409,山本奨,,11.5,2車身,,0,0
098320260622,2026062283,9,4,5,014136,金澤竜二,,11.4,1車身1/2,,0,0
098320260622,2026062283,9,5,1,015643,小川将二郎,,11.8,3/4車身,,0,1
098320260622,2026062283,9,6,6,012786,佐藤康紀,,11.4,1/8車輪,,0,0
098320260622,2026062283,9,7,3,015333,高橋晋也,,12.4,8車身,,0,0
108320260622,2026062283,10,1,1,013772,岡村潤,差,11.4,,,1,0
108320260622,2026062283,10,2,7,015440,長田龍拳,逃,11.5,1/4車輪,,0,1
108320260622,2026062283,10,3,6,015288,薦田将伍,,11.3,1車身,,0,0
108320260622,2026062283,10,4,4,012669,伊藤正樹,,11.1,1/2車身,,0,0
108320260622,2026062283,10,5,3,015715,平野想真,,11.5,1/2車身,,0,0
108320260622,2026062283,10,6,5,015211,平尾一晃,,11.5,1/8車輪,,0,0
108320260622,2026062283,10,7,2,015389,宮崎大空,,11.5,1車身1/2,,0,0
118320260622,2026062283,11,1,3,015614,治田知也,逃,11.9,,,0,1
118320260622,2026062283,11,2,1,015383,原井博斗,差,11.7,1/4車輪,,1,0
118320260622,2026062283,11,3,7,015438,佐々木和紀,,11.9,3/4車身,,0,0
118320260622,2026062283,11,4,4,015375,村上竜馬,,11.6,1車身1/2,,0,0
118320260622,2026062283,11,5,6,014043,中園和剛,,11.8,3/4車輪,,0,0
118320260622,2026062283,11,6,5,015814,岩井芯,,12.1,1車身1/2,,0,0
118320260622,2026062283,11,7,2,013883,高津晃治,,11.7,1/2車身,,0,0
128320260622,2026062283,12,1,7,014939,長尾拳太,捲,11.3,,,0,0
128320260622,2026062283,12,2,6,013745,中川誠一郎,差,11.6,1/2車身,,0,0
128320260622,2026062283,12,3,5,014018,内藤秀久,,11.8,1/2車身,,0,0
128320260622,2026062283,12,4,2,013291,三宅達也,,11.9,1車身,,0,0
128320260622,2026062283,12,5,3,014700,川口公太朗,,11.4,1/8車輪,,0,0
128320260622,2026062283,12,6,1,013982,五日市誠,,12.2,1車身1/2,,1,1
128320260622,2026062283,12,7,4,014506,磯田旭,,12.0,1/2車輪,,0,0
012420260623,2026062324,1,1,1,015150,宮地寧々,差,16.0,,,0,0
012420260623,2026062324,1,2,3,015074,島田優里,マ,16.0,1車身,,0,0
012420260623,2026062324,1,3,4,015956,池原杏,,16.3,1/2車身,,0,1
012420260623,2026062324,1,4,2,015852,普久原美海,,16.0,1/2車輪,,0,0
012420260623,2026062324,1,5,6,015767,木下宙,,16.0,1/2車輪,,0,0
012420260623,2026062324,1,6,5,015134,藤巻絵里佳,,16.6,3車身,,1,0
012420260623,2026062324,1,0,7,014904,渡辺ゆかり,,0.0,,欠車,0,0
022420260623,2026062324,2,1,2,014734,長沼謙太,差,14.6,,,0,0
022420260623,2026062324,2,2,1,014581,佐山俊樹,捲,14.7,3/4車輪,,1,1
022420260623,2026062324,2,3,6,014456,亀井久幸,,14.6,3/4車身,,0,0
022420260623,2026062324,2,4,7,013013,武田靖夫,,14.7,3/4車輪,,0,0
022420260623,2026062324,2,5,3,014479,金子浩貴,,14.5,1/2車身,,0,0
022420260623,2026062324,2,6,4,013270,中川貴史,,14.6,3/4車身,,0,0
022420260623,2026062324,2,0,5,013119,松尾淳,,0.0,,欠車,0,0
032420260623,2026062324,3,1,6,015714,望月嘉人,逃,15.4,,,0,1
032420260623,2026062324,3,2,2,014993,副島和人,マ,15.3,1車輪,,0,0
032420260623,2026062324,3,3,1,014586,近藤寛央,,15.1,1/4車輪,,0,0
032420260623,2026062324,3,4,3,013608,鈴木誠,,14.9,1/2車身,,1,0
032420260623,2026062324,3,5,7,012955,太田真一,,15.1,1/2車輪,,0,0
032420260623,2026062324,3,6,4,013086,坂本毅,,14.8,1/2車身,,0,0
032420260623,2026062324,3,7,5,012719,篠崎高志,,19.0,大差,,0,0
042420260623,2026062324,4,1,5,014578,大越啓介,差,14.9,,,0,0
042420260623,2026062324,4,2,6,013314,鈴木宏章,マ,14.8,1/8車輪,,0,0
042420260623,2026062324,4,3,4,014362,岩崎大和,,14.7,タイヤ,,0,0
042420260623,2026062324,4,4,2,015180,下岡将也,,15.1,1/2車身,,0,1
042420260623,2026062324,4,5,3,014699,小川大地,,14.6,1車身,,1,0
042420260623,2026062324,4,6,1,013263,田中雅史,,14.7,1/2車身,,0,0
042420260623,2026062324,4,7,7,014021,森川剛,,15.6,大差,,0,0
052420260623,2026062324,5,1,4,014439,山崎司,差,14.6,,,0,0
052420260623,2026062324,5,2,1,013332,吉村和之,差,15.0,3/4車輪,,0,0
052420260623,2026062324,5,3,2,013929,宮内善光,,14.6,1/2車身,,0,0
052420260623,2026062324,5,4,5,014314,中川繁樹,,15.2,1/2車輪,,0,1
052420260623,2026062324,5,5,6,015084,菅田謙仁,,15.0,1車身1/2,,1,0
052420260623,2026062324,5,6,3,014077,古屋琢晶,,15.0,3/4車身,,0,0
052420260623,2026062324,5,7,7,012439,河合康晴,,15.1,4車身,,0,0
062420260623,2026062324,6,1,3,013546,田村真広,差,14.6,,,0,0
062420260623,2026062324,6,2,5,014829,桜井雄太,差,14.2,タイヤ,,0,0
062420260623,2026062324,6,3,6,012940,小室貴広,,14.5,3/4車身,,0,0
062420260623,2026062324,6,4,2,015795,今井希,,14.8,1/8車輪,,1,1
062420260623,2026062324,6,5,1,013042,渡邊健,,14.4,2車身,,0,0
062420260623,2026062324,6,6,7,014297,田中勝仁,,16.0,大差,,0,0
062420260623,2026062324,6,7,4,013327,高橋健太,,16.3,大差,,0,0
072420260623,2026062324,7,1,4,014821,原岡泰志郎,差,14.6,,,0,0
072420260623,2026062324,7,2,1,015700,吉田晏生,逃,14.9,1車輪,,0,1
072420260623,2026062324,7,3,2,013933,藤田竜矢,,14.9,1/2車身,,0,0
072420260623,2026062324,7,4,6,014383,河野要,,14.6,1/2車身,,0,0
072420260623,2026062324,7,5,7,015264,渡邉直弥,,14.9,1/2車輪,,1,0
072420260623,2026062324,7,6,3,013828,引地正人,,15.0,3車身,,0,0
072420260623,2026062324,7,7,5,015600,照井力斗,,15.8,7車身,,0,0
082420260623,2026062324,8,1,1,015666,畠山ひすい,逃,15.6,,,0,1
082420260623,2026062324,8,2,6,015148,中嶋里美,マ,15.6,1車輪,,0,0
082420260623,2026062324,8,3,5,015671,小泉夢菜,,15.1,1/2車身,,0,0
082420260623,2026062324,8,3,7,015941,川原未紀,,15.5,1/2車身,,0,0
082420260623,2026062324,8,5,2,015679,又多風緑,,15.4,1/2車輪,,0,0
082420260623,2026062324,8,6,4,015755,神戸暖稀羽,,15.3,1車身1/2,,1,0
082420260623,2026062324,8,7,3,014902,中村由香里,,15.6,3車身,,0,0
092420260623,2026062324,9,1,2,012728,飯田辰哉,差,14.5,,,0,0
092420260623,2026062324,9,2,4,015048,志佐明,逃,14.6,1/2車身,,0,1
092420260623,2026062324,9,3,5,014818,田口裕一,,14.3,1/4車輪,,0,0
092420260623,2026062324,9,4,1,015448,長屋秀明,,13.9,1/8車輪,,1,0
092420260623,2026062324,9,5,7,015088,神山尚,,14.2,1/2車輪,,0,0
092420260623,2026062324,9,6,6,013570,加藤寛治,,13.9,1/2車身,,0,0
092420260623,2026062324,9,7,3,014481,徳丸泰教,,13.8,3/4車輪,,0,0
018420260623,2026062384,1,1,1,015410,村田奈穂,捲,12.5,,,0,0
018420260623,2026062384,1,2,4,015944,赤池七虹,差,12.6,2車身,,0,0
018420260623,2026062384,1,3,5,015141,黒河内由実,,12.6,1車身1/2,,0,0
018420260623,2026062384,1,4,3,015761,吉村美有紀,,13.1,1/2車輪,,0,0
018420260623,2026062384,1,5,6,015314,向井円,,13.0,1車身,,1,0
018420260623,2026062384,1,6,2,015851,片岡美奈,,13.5,1車身,,0,1
018420260623,2026062384,1,0,7,015316,川田ひな,,0.0,,欠車,0,0
028420260623,2026062384,2,1,4,014749,山田哲也,捲,12.0,,,0,0
028420260623,2026062384,2,2,2,015929,鶴淳志,逃,12.5,3/4車輪,,0,1
028420260623,2026062384,2,3,3,014334,高倉俊宏,,12.4,3/4車身,,1,0
028420260623,2026062384,2,4,5,014887,板崎佑矢,,12.0,1/2車身,,0,0
028420260623,2026062384,2,5,1,014305,大谷靖茂,,12.5,1/2車身,,0,0
028420260623,2026062384,2,6,6,012507,爲田学,,12.5,1車身1/2,,0,0
028420260623,2026062384,2,7,7,013647,光畑政志,,15.0,大差,,0,0
038420260623,2026062384,3,1,1,014495,下沖功児,逃,12.5,,,0,1
038420260623,2026062384,3,2,2,013075,平総一,マ,12.4,1/4車輪,,0,0
038420260623,2026062384,3,3,6,014040,竹内真一,,12.3,1/2車輪,,0,0
038420260623,2026062384,3,4,3,012845,林成人,,12.1,1/2車身,,0,0
038420260623,2026062384,3,5,4,015126,高山雄丞,,12.4,1車身1/2,,0,0
038420260623,2026062384,3,6,7,010900,三浦靖,,13.2,大差,,0,0
038420260623,2026062384,3,7,5,015360,勝谷勝治,,16.3,大差,,1,0
048420260623,2026062384,4,1,5,015115,堀僚介,差,11.7,,,0,0
048420260623,2026062384,4,2,4,013349,三宅旬,差,11.9,3/4車輪,,1,0
048420260623,2026062384,4,3,1,015831,三木健正,,12.1,1/4車輪,,0,1
048420260623,2026062384,4,4,6,015110,小出慎也,,11.7,1/2車身,,0,0
048420260623,2026062384,4,5,7,014765,樫村伸平,,11.9,3車身,,0,0
048420260623,2026062384,4,6,2,015214,境啓亨,,11.8,3/4車輪,,0,0
048420260623,2026062384,4,7,3,015567,北川大成,,12.1,1車身,,0,0
058420260623,2026062384,5,0,1,015830,細中翔太,,0.0,,中止,0,0
058420260623,2026062384,5,0,2,013491,近藤範昌,,0.0,,中止,0,0
058420260623,2026062384,5,0,3,012766,立石拓也,,0.0,,中止,0,0
058420260623,2026062384,5,0,4,014035,伊藤大彦,,0.0,,中止,0,0
058420260623,2026062384,5,0,5,014876,冨尾享平,,0.0,,中止,0,0
058420260623,2026062384,5,0,6,015742,堀越翔己,,0.0,,中止,0,0
058420260623,2026062384,5,0,7,015215,照屋将貴,,0.0,,中止,0,0
068420260623,2026062384,6,1,1,015201,門田凌,差,12.2,,,0,0
068420260623,2026062384,6,2,4,015187,鮫島康治,逃,12.4,1/2車身,,0,1
068420260623,2026062384,6,3,5,014597,上田隼,,12.3,3/4車輪,,0,0
068420260623,2026062384,6,4,3,013811,池田浩士,,12.1,1車身,,0,0
068420260623,2026062384,6,5,2,012544,上田学,,12.1,微差,,0,0
068420260623,2026062384,6,6,7,014637,吉成貴博,,12.1,3車身,,0,0
068420260623,2026062384,6,7,6,015384,天野純平,,12.5,3/4車身,,1,0
078420260623,2026062384,7,1,4,015294,小原亮哉,差,12.2,,,1,0
078420260623,2026062384,7,2,3,013799,真田晃,マ,12.1,1車輪,,0,0
078420260623,2026062384,7,3,5,015845,稲留敦貴,,12.4,1/2車輪,,0,1
078420260623,2026062384,7,4,6,012747,布居寛幸,,12.1,1車輪,,0,0
078420260623,2026062384,7,5,7,014687,井上将志,,12.1,2車身,,0,0
078420260623,2026062384,7,6,1,015178,伊藤稔真,,13.8,大差,,0,0
078420260623,2026062384,7,7,2,013196,竹田和幸,,14.4,大差,,0,0
088420260623,2026062384,8,1,7,015573,蛯原杏奈,差,12.7,,,0,0
088420260623,2026062384,8,2,3,015491,當銘沙恵美,逃,13.0,1車輪,,0,1
088420260623,2026062384,8,3,1,015955,岩元杏奈,,12.9,3/4車輪,,0,0
088420260623,2026062384,8,4,5,015503,田中月菜,,13.1,1/2車身,,0,0
088420260623,2026062384,8,5,2,015485,青木美保,,12.9,1車輪,,0,0
088420260623,2026062384,8,6,4,015667,戸田瑞姫,,12.7,3/4車輪,,0,0
088420260623,2026062384,8,7,6,015678,小林真矢香,,12.7,1/4車輪,,1,0
098420260623,2026062384,9,1,2,015285,久樹克門,差,11.8,,,0,0
098420260623,2026062384,9,2,1,015570,松本憲斗,捲,11.7,3/4車輪,,0,0
098420260623,2026062384,9,3,5,015561,原井剣也,,11.6,1車身,,0,0
098420260623,2026062384,9,4,7,015192,藤原俊太郎,,12.0,3/4車身,,1,0
098420260623,2026062384,9,5,3,013445,中村良二,,11.6,1/2車身,,0,0
098420260623,2026062384,9,6,4,014031,筒井裕哉,,12.1,1車輪,,0,0
098420260623,2026062384,9,7,6,015462,溝口葵,,12.7,5車身,,0,1
012120260623,2026062321,1,1,2,014062,齋藤昌弘,差,12.3,,,0,0
012120260623,2026062321,1,2,5,014662,櫻井宏樹,差,12.4,3/4車身,,0,0
012120260623,2026062321,1,3,3,012966,石川英昭,,12.7,3/4車身,,0,1
012120260623,2026062321,1,4,4,013678,菊池崇訓,,12.4,1/2車輪,,1,0
012120260623,2026062321,1,5,1,011454,杉浦康一,,12.3,1車身,,0,0
012120260623,2026062321,1,6,6,014713,鈴木裕斗,,13.9,大差,,0,0
022120260623,2026062321,2,1,1,013266,伊藤嘉浩,差,12.0,,,1,0
022120260623,2026062321,2,2,3,013705,佐藤有輝,マ,12.0,3/4車身,,0,0
022120260623,2026062321,2,3,5,014425,前川裕希,,11.7,1/2車身,,0,0
022120260623,2026062321,2,4,4,014595,瀧本匡平,,12.3,1/8車輪,,0,1
022120260623,2026062321,2,5,6,012509,岡嵜浩一,,12.0,3/4車輪,,0,0
022120260623,2026062321,2,6,2,014802,渡邉正人,,12.4,5車身,,0,0
032120260623,2026062321,3,1,1,015910,土生智徳,逃,12.1,,,1,1
032120260623,2026062321,3,2,4,012532,西郷剛,マ,12.0,1/2車輪,,0,0
032120260623,2026062321,3,3,5,013049,南大輔,,11.9,1車身,,0,0
032120260623,2026062321,3,4,3,015885,五輪拓巳,,12.0,1/2車輪,,0,0
032120260623,2026062321,3,5,2,013082,小泉俊也,,11.9,3/4車身,,0,0
032120260623,2026062321,3,6,6,013027,戸ノ下太郎,,11.8,1/2車輪,,0,0
032120260623,2026062321,3,7,7,015164,菱沼元樹,,12.2,1/2車身,,0,0
042120260623,2026062321,4,1,2,013581,薮謙治,差,11.7,,,0,0
042120260623,2026062321,4,2,7,014254,武田和也,捲,11.9,タイヤ,,1,0
042120260623,2026062321,4,3,5,015523,邊見祐太,,12.5,タイヤ,,0,1
042120260623,2026062321,4,4,6,012795,黒田充,,11.7,1車身,,0,0
042120260623,2026062321,4,5,1,014075,松根真,,11.8,1車身,,0,0
042120260623,2026062321,4,6,4,013235,榊枝輝文,,12.4,4車身,,0,0
042120260623,2026062321,4,7,3,014644,高橋明久,,12.7,1車身1/2,,0,0
052120260623,2026062321,5,1,6,015760,五味田奈穂,捲,12.7,,,0,0
052120260623,2026062321,5,2,5,015018,高橋梨香,マ,12.5,1/4車輪,,0,0
052120260623,2026062321,5,3,7,015397,新井美菜,,12.8,2車身,,0,0
052120260623,2026062321,5,4,4,015684,安東莉奈,,13.1,3/4車輪,,0,0
052120260623,2026062321,5,5,2,015147,佐々木恵理,,12.4,1車身1/2,,0,0
052120260623,2026062321,5,6,3,015849,佐藤乃愛,,13.7,4車身,,0,1
052120260623,2026062321,5,7,1,015943,高崎千賀,,12.9,2車身,,0,0
062120260623,2026062321,6,1,6,015586,太田瑛美,捲,12.4,,,0,1
062120260623,2026062321,6,2,1,015498,國村美留莉,差,12.2,1車身,,0,0
062120260623,2026062321,6,3,7,015321,比嘉真梨代,,12.4,1/4車輪,,1,0
062120260623,2026062321,6,4,4,015492,永禮美瑠,,12.4,1車身1/2,,0,0
062120260623,2026062321,6,5,2,014962,石井貴子,,12.7,2車身,,0,0
062120260623,2026062321,6,6,3,015407,出口倫子,,12.5,1/2車身,,0,0
062120260623,2026062321,6,7,5,015071,佐藤亜貴子,,13.9,大差,,0,0
072120260623,2026062321,7,1,3,014575,鈴木達也,差,12.5,,,0,0
072120260623,2026062321,7,2,4,013192,平田徹,マ,12.5,3/4車身,,0,0
072120260623,2026062321,7,3,5,013482,松崎貴久,,12.2,1車輪,,0,0
072120260623,2026062321,7,4,6,011341,黒崎直行,,12.5,3/4車輪,,0,0
072120260623,2026062321,7,5,1,015623,野崎翼,,12.4,1/4車輪,,1,0
072120260623,2026062321,7,6,2,013838,山田武,,12.1,1/4車輪,,0,0
072120260623,2026062321,7,7,7,013908,菅田和宏,,12.9,1/8車輪,,0,1
082120260623,2026062321,8,0,1,013839,若林耕司,,0.0,,中止,0,0
082120260623,2026062321,8,0,2,014302,武田憲祐,,0.0,,中止,0,0
082120260623,2026062321,8,0,3,014470,板橋慎治,,0.0,,中止,0,0
082120260623,2026062321,8,0,4,012953,矢内良和,,0.0,,中止,0,0
082120260623,2026062321,8,0,5,015606,近藤圭佑,,0.0,,中止,0,0
082120260623,2026062321,8,0,6,013345,中村美千隆,,0.0,,中止,0,0
082120260623,2026062321,8,0,7,015806,山本天平,,0.0,,中止,0,0
092120260623,2026062321,9,1,5,015543,福元啓太,捲,11.9,,,0,0
092120260623,2026062321,9,2,2,015635,藤岡徹也,マ,11.8,1/4車輪,,0,0
092120260623,2026062321,9,3,1,014591,本多哲也,,11.8,1/2車身,,0,0
092120260623,2026062321,9,4,4,013426,本村隆文,,11.8,3/4車輪,,0,0
092120260623,2026062321,9,5,6,015693,松田昂己,,11.7,3/4車身,,0,0
092120260623,2026062321,9,6,7,015526,梅田加津也,,12.1,3/4車輪,,0,1
092120260623,2026062321,9,7,3,014732,和田禎嗣,,11.8,1車身1/2,,0,0
102120260623,2026062321,10,1,6,015903,谷澤優貴,捲,11.3,,,0,1
102120260623,2026062321,10,2,3,013335,坂上樹大,マ,11.3,1/2車身,,0,0
102120260623,2026062321,10,3,4,014390,愛敬博之,,11.2,3/4車輪,,0,0
102120260623,2026062321,10,4,5,014065,鰐淵圭佑,,11.5,2車身,,0,0
102120260623,2026062321,10,5,7,013729,堺文人,,11.8,5車身,,0,0
102120260623,2026062321,10,6,2,015601,五十嵐綾,,12.4,2車身,,1,0
102120260623,2026062321,10,7,1,015109,大利航平,,12.2,1/2車輪,,0,0
112120260623,2026062321,11,1,4,014235,鈴木庸之,差,12.1,,,0,0
112120260623,2026062321,11,2,1,014153,伊藤太一,マ,12.2,1車身,,1,0
112120260623,2026062321,11,3,5,013233,小松剛之,,12.1,1/4車輪,,0,0
112120260623,2026062321,11,4,3,014858,小原唯志,,12.4,1/2車身,,0,1
112120260623,2026062321,11,5,7,012742,山田雅之,,11.8,1/4車輪,,0,0
112120260623,2026062321,11,6,6,014166,倉野隆太郎,,12.0,3/4車輪,,0,0
112120260623,2026062321,11,7,2,014032,藤田真,,13.9,大差,,0,0
013620260623,2026062336,1,1,5,014474,山崎晃,差,10.0,,,0,0
013620260623,2026062336,1,2,1,015810,瀧川幸広,逃,10.2,1/2車身,,1,1
013620260623,2026062336,1,3,7,012529,木本賢二,,10.0,1車輪,,0,0
013620260623,2026062336,1,4,4,014614,高橋清太郎,,9.8,1/8車輪,,0,0
013620260623,2026062336,1,5,2,013925,黒田篤,,10.0,1車身,,0,0
013620260623,2026062336,1,6,3,014418,安部龍文,,9.7,3/4車身,,0,0
013620260623,2026062336,1,7,6,014049,廣田樹里,,10.1,3車身,,0,0
023620260623,2026062336,2,1,5,014988,伊早坂駿一,捲,9.8,,,0,1
023620260623,2026062336,2,2,2,013742,葛西雄太郎,逃,10.1,8車身,,0,0
023620260623,2026062336,2,3,1,013405,宮下貴之,,10.0,1/4車輪,,1,0
023620260623,2026062336,2,4,7,014704,阿部充宏,,10.1,3/4車輪,,0,0
023620260623,2026062336,2,5,4,014934,渋谷錬,,10.0,3/4車身,,0,0
023620260623,2026062336,2,6,6,013749,及川裕奨,,10.0,1車身,,0,0
023620260623,2026062336,2,7,3,012992,吉良勝信,,10.7,7車身,,0,0
033620260623,2026062336,3,1,2,015182,吉川希望,捲,9.5,,,0,0
033620260623,2026062336,3,2,7,015208,金ヶ江勇気,差,9.7,微差,,0,0
033620260623,2026062336,3,3,3,015734,岡崎陸登,,10.0,3/4車輪,,0,1
033620260623,2026062336,3,4,4,014980,田原宥明,,9.9,3/4車輪,,0,0
033620260623,2026062336,3,5,6,014950,市村昌樹,,9.5,1/2車身,,0,0
033620260623,2026062336,3,6,5,013584,坂田学,,9.4,3/4車身,,0,0
033620260623,2026062336,3,7,1,013979,竹内優也,,9.8,1/2車輪,,1,0
043620260623,2026062336,4,1,1,015704,坪内恒,捲,9.6,,,0,0
043620260623,2026062336,4,2,2,014510,菅谷隆司,差,9.8,3車身,,1,0
043620260623,2026062336,4,3,5,013188,山田幸司,,9.8,1/2車身,,0,0
043620260623,2026062336,4,4,7,013311,根本雄紀,,9.9,3/4車身,,0,0
043620260623,2026062336,4,5,6,015800,川越宏臣,,10.3,3/4車身,,0,1
043620260623,2026062336,4,6,3,013005,小笠原昭太,,9.8,1/2車身,,0,0
043620260623,2026062336,4,7,4,014717,泉文人,,10.5,5車身,,0,0
053620260623,2026062336,5,1,1,015557,梶原大地,捲,9.5,,,1,0
053620260623,2026062336,5,2,4,015556,上野恭哉,マ,9.4,1車身,,0,0
053620260623,2026062336,5,3,7,015632,常次勇人,,10.0,3/4車身,,0,1
053620260623,2026062336,5,4,2,014444,星野辰也,,9.9,4車身,,0,0
053620260623,2026062336,5,5,5,014459,根藤浩二,,10.1,1/2車身,,0,0
053620260623,2026062336,5,6,6,014808,村上貴彦,,9.7,1/8車輪,,0,0
053620260623,2026062336,5,7,3,013863,吉田健市,,10.0,1/2車身,,0,0
063620260623,2026062336,6,1,4,014465,村上直久,差,10.1,,,0,0
063620260623,2026062336,6,2,5,014515,城幸弘,差,10.5,3/4車身,,0,0
063620260623,2026062336,6,3,2,015569,谷口力也,,10.6,1/2車身,,0,1
063620260623,2026062336,6,4,6,015536,疋田力也,,10.5,3/4車輪,,0,0
063620260623,2026062336,6,5,3,015446,林敬宏,,10.4,1/2車輪,,0,0
063620260623,2026062336,6,6,1,013945,福田知也,,10.6,5車身,,0,0
073620260623,2026062336,7,1,3,014228,片折亮太,差,9.7,,,1,0
073620260623,2026062336,7,2,2,015170,川越勇星,捲,9.5,1/2車身,,0,0
073620260623,2026062336,7,3,6,015430,岡田亮太,,10.0,3/4車輪,,0,1
073620260623,2026062336,7,4,7,014819,太刀川一成,,9.4,1/2車輪,,0,0
073620260623,2026062336,7,5,4,012785,小橋明紀,,9.5,1車身,,0,0
073620260623,2026062336,7,6,5,014264,松尾信太郎,,9.7,1/4車輪,,0,0
073620260623,2026062336,7,7,1,015276,佐伯亮輔,,9.9,1車身,,0,0
083620260623,2026062336,8,1,5,015195,久保田泰弘,差,9.6,,,0,0
083620260623,2026062336,8,2,4,013230,開坂秀明,マ,9.5,微差,,0,0
083620260623,2026062336,8,3,6,015416,小笠原光,,9.8,1/4車輪,,0,1
083620260623,2026062336,8,4,2,013115,望月永悟,,9.2,3/4車身,,0,0
083620260623,2026062336,8,5,1,013790,稲垣裕之,,9.4,1/8車輪,,1,0
083620260623,2026062336,8,6,7,013783,上田裕和,,9.3,3/4車輪,,0,0
083620260623,2026062336,8,7,3,013368,牧剛央,,9.6,5車身,,0,0
093620260623,2026062336,9,1,2,015697,熊崎麻人,逃,10.0,,,1,1
093620260623,2026062336,9,2,7,012826,渡邉晴智,差,9.7,1/2車輪,,0,0
093620260623,2026062336,9,3,4,014143,天田裕輝,,9.9,1/2車輪,,0,0
093620260623,2026062336,9,4,5,013443,大坪功一,,9.8,3/4車身,,0,0
093620260623,2026062336,9,5,1,014194,桑原亮,,9.9,タイヤ,,0,0
093620260623,2026062336,9,6,6,015204,吉田智哉,,9.8,3/4車輪,,0,0
093620260623,2026062336,9,7,3,013436,中村昌弘,,9.6,3/4車輪,,0,0
103620260623,2026062336,10,1,2,015663,松本秀之慎,捲,9.5,,,0,0
103620260623,2026062336,10,2,7,014458,近藤保,捲,9.5,1車身,,0,0
103620260623,2026062336,10,3,5,014184,池田良,,9.6,3車身,,0,0
103620260623,2026062336,10,4,3,014791,木村弘,,10.0,1車身,,0,1
103620260623,2026062336,10,5,4,015121,太田竜馬,,9.8,1/2車輪,,1,0
103620260623,2026062336,10,6,6,014800,伊東翔貴,,10.1,1車身,,0,0
103620260623,2026062336,10,7,1,015807,塩島嵩一朗,,9.8,タイヤ,,0,0
113620260623,2026062336,11,1,2,015197,川口雄太,捲,9.4,,,0,1
113620260623,2026062336,11,2,3,015168,染谷幸喜,捲,9.4,2車身,,1,0
113620260623,2026062336,11,3,5,014472,坂口晃輔,,9.4,3/4車身,,0,0
113620260623,2026062336,11,4,1,014177,小堺浩二,,9.4,3/4車身,,0,0
113620260623,2026062336,11,5,4,014723,石川裕二,,9.6,2車身,,0,0
113620260623,2026062336,11,6,6,014711,相澤政宏,,9.8,3車身,,0,0
113620260623,2026062336,11,7,7,015246,黒沢征治,,10.5,5車身,,0,0
123620260623,2026062336,12,1,7,015784,高橋舜,捲,9.9,,,0,0
123620260623,2026062336,12,2,6,013618,櫻井学,差,9.9,2車身,,0,0
123620260623,2026062336,12,3,4,013724,渡辺十夢,,10.1,3/4車輪,,0,0
123620260623,2026062336,12,4,3,015629,岸田剛,,10.3,1/2車輪,,0,1
123620260623,2026062336,12,5,1,014718,小松崎大地,,10.2,1車身,,1,0
123620260623,2026062336,12,6,5,014199,松岡孔明,,10.0,9車身,,0,0
123620260623,2026062336,12,7,2,015656,甲斐俊祐,,11.0,大差,,0,0
014320260623,2026062343,1,1,4,013575,渡会啓介,差,11.9,,,0,0
014320260623,2026062343,1,2,5,015538,村瀬大和,逃,12.0,1/4車輪,,1,1
014320260623,2026062343,1,3,2,013271,鮒田博文,,11.8,3/4車身,,0,0
014320260623,2026062343,1,4,3,014296,佐藤清之,,11.8,3/4車身,,0,0
014320260623,2026062343,1,5,1,014011,細沼健治,,11.7,3/4車身,,0,0
014320260623,2026062343,1,6,6,013232,柳充,,11.8,1車身1/2,,0,0
024320260623,2026062343,2,1,7,012891,朝日勇,差,12.2,,,0,0
024320260623,2026062343,2,2,1,014828,川口聖翔,マ,12.1,1/2車輪,,0,0
024320260623,2026062343,2,3,4,014026,高橋成英,,12.4,3/4車輪,,0,1
024320260623,2026062343,2,4,3,014094,有馬雄二,,12.0,1/8車輪,,1,0
024320260623,2026062343,2,5,2,012878,安藤宜明,,12.0,3/4車身,,0,0
024320260623,2026062343,2,6,6,013452,齊藤紳一朗,,12.3,4車身,,0,0
024320260623,2026062343,2,7,5,013423,増田利明,,14.2,大差,,0,0
034320260623,2026062343,3,1,1,013916,白石大輔,差,11.8,,,1,0
034320260623,2026062343,3,2,7,013899,山田和巧,差,11.6,1/2車身,,0,0
034320260623,2026062343,3,3,5,015819,弓矢輪太郎,,11.7,1車輪,,0,0
034320260623,2026062343,3,4,4,014695,山口茂,,11.7,1/2車輪,,0,0
034320260623,2026062343,3,5,6,015506,佐藤啓斗,,12.1,3/4車身,,0,1
034320260623,2026062343,3,6,3,014193,玉手翔,,11.7,1/4車輪,,0,0
034320260623,2026062343,3,7,2,013859,荒木伸哉,,11.7,1車身1/2,,0,0
044320260623,2026062343,4,1,7,012960,水書義弘,差,12.6,,,0,0
044320260623,2026062343,4,2,1,014206,金野俊秋,逃,12.7,1/4車輪,,1,1
044320260623,2026062343,4,3,4,013259,望月紀男,,12.5,1/2車輪,,0,0
044320260623,2026062343,4,4,3,014058,佐藤謙,,12.4,1車身,,0,0
044320260623,2026062343,4,5,6,013616,渡邉高志,,12.1,1車身,,0,0
044320260623,2026062343,4,6,2,011619,疋田敏,,12.2,1/2車輪,,0,0
044320260623,2026062343,4,7,5,015533,岩城佑典,,12.5,1車身,,0,0
054320260623,2026062343,5,1,1,015634,末廣快理,捲,11.6,,,0,0
054320260623,2026062343,5,2,2,014132,三澤康人,差,12.0,3/4車輪,,0,0
054320260623,2026062343,5,3,4,015785,福田健太,,12.1,3/4車輪,,0,1
054320260623,2026062343,5,4,3,015042,高橋泰裕,,11.8,3/4車輪,,1,0
054320260623,2026062343,5,5,5,015250,今井聡,,11.9,1/2車身,,0,0
054320260623,2026062343,5,6,7,015803,西村剛,,12.4,4車身,,0,0
054320260623,2026062343,5,7,6,013117,鳥越靖弘,,14.3,大差,,0,0
064320260623,2026062343,6,1,5,015902,安達光伸,逃,11.4,,,0,1
064320260623,2026062343,6,2,1,014978,谷口明正,マ,11.3,1車身,,1,0
064320260623,2026062343,6,3,2,015524,栗本武典,,11.1,1/8車輪,,0,0
064320260623,2026062343,6,4,3,015432,水森湧太,,11.4,1車身,,0,0
064320260623,2026062343,6,5,6,012971,小川将人,,11.3,1/2車輪,,0,0
064320260623,2026062343,6,5,7,015159,坂本拓也,,11.1,1/2車輪,,0,0
064320260623,2026062343,6,7,4,014859,小林申太,,11.2,3/4車身,,0,0
074320260623,2026062343,7,1,2,014869,泉谷元樹,差,11.9,,,0,0
074320260623,2026062343,7,2,4,013477,宮司周郎,マ,11.9,2車身,,0,0
074320260623,2026062343,7,3,3,015339,土田武志,,12.5,1車身1/2,,0,1
074320260623,2026062343,7,4,6,015101,松岡晋乃介,,13.4,大差,,0,0
074320260623,2026062343,7,0,1,013993,佐藤朋也,,0.0,,落車,1,0
074320260623,2026062343,7,0,5,014139,小田倉勇二,,0.0,,失格,0,0
074320260623,2026062343,7,0,7,015712,松本京太,,0.0,,落車,0,0
018320260623,2026062383,1,1,3,014473,重倉高史,差,12.5,,,0,0
018320260623,2026062383,1,2,1,013915,坂口卓士,差,12.4,1/2車輪,,0,0
018320260623,2026062383,1,3,4,015812,森崎英登,,12.8,1/2車輪,,0,1
018320260623,2026062383,1,4,7,014205,日当泰之,,12.5,3/4車輪,,0,0
018320260623,2026062383,1,5,2,014056,橋本紀彰,,12.3,2車身,,0,0
018320260623,2026062383,1,6,6,015044,平川雅晃,,12.5,1/2車輪,,0,0
018320260623,2026062383,1,7,5,012882,鈴木愼二,,12.6,2車身,,0,0
028320260623,2026062383,2,1,1,015558,川野深,逃,12.2,,,1,1
028320260623,2026062383,2,2,4,014758,中野智公,マ,12.2,1/2車身,,0,0
028320260623,2026062383,2,3,6,014303,小川達也,,12.0,3/4車身,,0,0
028320260623,2026062383,2,4,3,014862,坂本将太郎,,12.0,1/2車輪,,0,0
028320260623,2026062383,2,5,2,014282,石川恭規,,11.7,3/4車輪,,0,0
028320260623,2026062383,2,6,7,015379,下野義城,,11.9,1車身1/2,,0,0
028320260623,2026062383,2,7,5,015087,本馬鎌,,12.1,1/8車輪,,0,0
038320260623,2026062383,3,1,3,012757,市本隆司,差,12.1,,,0,0
038320260623,2026062383,3,2,6,014487,才迫勇馬,逃,12.3,1/4車輪,,1,1
038320260623,2026062383,3,3,4,015893,岩辺陸,,12.1,1/2車身,,0,0
038320260623,2026062383,3,4,5,014320,在本直樹,,12.1,1車輪,,0,0
038320260623,2026062383,3,5,7,013267,鷲見逸喜,,11.9,1/4車輪,,0,0
038320260623,2026062383,3,6,2,014230,山田義彦,,12.1,1/4車輪,,0,0
038320260623,2026062383,3,7,1,015723,稲毛知也,,12.3,3車身,,0,0
048320260623,2026062383,4,1,3,015727,中原航大,逃,11.8,,,0,1
048320260623,2026062383,4,2,1,015740,櫻木雄太,差,11.4,1/2車輪,,0,0
048320260623,2026062383,4,3,7,014330,坂田章,,11.6,1/4車輪,,0,0
048320260623,2026062383,4,4,6,015467,倉松涼,,11.5,3車身,,1,0
048320260623,2026062383,4,5,2,015056,田村風起,,11.8,2車身,,0,0
048320260623,2026062383,4,6,4,015513,菊池翔,,11.8,3/4車身,,0,0
048320260623,2026062383,4,7,5,013659,高比良豪,,12.2,5車身,,0,0
058320260623,2026062383,5,1,3,014999,水谷将司,差,11.8,,,0,0
058320260623,2026062383,5,2,4,015463,畝木聖,マ,11.8,1/2車輪,,0,0
058320260623,2026062383,5,3,7,015455,枠元一葵,,12.1,3/4車身,,0,1
058320260623,2026062383,5,4,2,014690,好永晃,,11.6,3/4車輪,,0,0
058320260623,2026062383,5,5,1,015127,野村典嗣,,11.9,2車身,,1,0
058320260623,2026062383,5,6,6,015844,小山峻汰,,12.2,6車身,,0,0
058320260623,2026062383,5,0,5,015750,徳永泰粋,,0.0,,落車,0,0
068320260623,2026062383,6,1,4,015067,瀬戸晋作,差,11.6,,,0,0
068320260623,2026062383,6,2,7,015713,望月湧世,差,11.9,3/4車身,,0,0
068320260623,2026062383,6,3,5,014043,中園和剛,,11.6,1/4車輪,,0,0
068320260623,2026062383,6,4,3,015539,上杉嘉槻,,12.0,3/4車身,,0,1
068320260623,2026062383,6,5,6,012786,佐藤康紀,,11.5,1車身1/2,,0,0
068320260623,2026062383,6,6,2,015333,高橋晋也,,11.6,3/4車輪,,0,0
068320260623,2026062383,6,7,1,015211,平尾一晃,,13.9,大差,,1,0
078320260623,2026062383,7,1,2,015744,橋本宇宙,捲,11.4,,,0,0
078320260623,2026062383,7,2,7,015814,岩井芯,逃,11.5,1/4車輪,,0,1
078320260623,2026062383,7,3,5,015389,宮崎大空,,11.4,3/4車身,,0,0
078320260623,2026062383,7,4,1,015005,野口正則,,11.5,1/8車輪,,1,0
078320260623,2026062383,7,5,4,015643,小川将二郎,,11.4,3/4車身,,0,0
078320260623,2026062383,7,6,3,013883,高津晃治,,11.3,1/2車身,,0,0
078320260623,2026062383,7,7,6,014410,桶谷明誉,,13.7,大差,,0,0
088320260623,2026062383,8,1,4,015715,平野想真,捲,12.0,,,0,1
088320260623,2026062383,8,2,1,014239,鈴木裕,逃,12.2,4車身,,1,0
088320260623,2026062383,8,3,5,015438,佐々木和紀,,12.1,1/4車輪,,0,0
088320260623,2026062383,8,4,3,014188,原誠宏,,12.0,3/4車身,,0,0
088320260623,2026062383,8,5,6,015288,薦田将伍,,12.1,1/2車輪,,0,0
088320260623,2026062383,8,6,7,012889,丸山啓一,,11.9,3/4車輪,,0,0
088320260623,2026062383,8,7,2,015128,嶋田誠也,,12.2,3/4車身,,0,0
098320260623,2026062383,9,1,2,014409,山本奨,差,11.4,,,1,0
098320260623,2026062383,9,2,1,012669,伊藤正樹,捲,11.6,3/4車身,,0,0
098320260623,2026062383,9,3,3,015696,荒川達郎,,11.9,1/2車身,,0,1
098320260623,2026062383,9,4,4,014286,関貴之,,11.7,1車輪,,0,0
098320260623,2026062383,9,5,7,013240,小林大介,,11.9,1/2車輪,,0,0
098320260623,2026062383,9,6,6,014136,金澤竜二,,11.6,1/8車輪,,0,0
098320260623,2026062383,9,7,5,015375,村上竜馬,,12.5,7車身,,0,0
108320260623,2026062383,10,1,4,015614,治田知也,差,11.0,,,0,0
108320260623,2026062383,10,2,5,015440,長田龍拳,逃,11.2,1/4車輪,,0,1
108320260623,2026062383,10,3,3,015521,中島詩音,,11.4,5車身,,0,0
108320260623,2026062383,10,4,1,014018,内藤秀久,,11.5,1/2車身,,1,0
108320260623,2026062383,10,5,2,014939,長尾拳太,,11.5,3/4車身,,0,0
108320260623,2026062383,10,6,6,014176,笹倉慎也,,11.5,2車身,,0,0
108320260623,2026062383,10,7,7,013855,近藤俊明,,11.8,3/4車輪,,0,0
118320260623,2026062383,11,1,2,013745,中川誠一郎,捲,11.8,,,1,0
118320260623,2026062383,11,2,7,014506,磯田旭,差,11.6,1車身,,0,0
118320260623,2026062383,11,3,5,013765,海老根恵太,,11.7,2車身,,0,0
118320260623,2026062383,11,4,4,015373,晝田宗一郎,,12.0,1/8車輪,,0,0
118320260623,2026062383,11,5,3,015695,篠田幸希,,12.0,3/4車輪,,0,0
118320260623,2026062383,11,6,1,013291,三宅達也,,12.1,2車身,,0,0
118320260623,2026062383,11,7,6,014889,津村洸次郎,,12.9,5車身,,0,1
128320260623,2026062383,12,1,5,015598,大川剛,逃,11.6,,,0,1
128320260623,2026062383,12,2,3,013982,五日市誠,マ,11.5,1車身,,0,0
128320260623,2026062383,12,3,1,015473,青柳靖起,,11.4,1車身,,0,0
128320260623,2026062383,12,4,7,013772,岡村潤,,11.2,1/2車輪,,0,0
128320260623,2026062383,12,5,4,015383,原井博斗,,11.4,1/2車輪,,1,0
128320260623,2026062383,12,6,2,014700,川口公太朗,,11.3,2車身,,0,0
128320260623,2026062383,12,7,6,015363,田中大我,,12.2,9車身,,0,0
012720260623,2026062327,1,1,2,014743,鈴木広人,捲,11.7,,,0,0
012720260623,2026062327,1,2,3,011990,茂木和臣,差,11.9,1/2車身,,0,0
012720260623,2026062327,1,3,6,015887,星野京旺,,12.0,1/2車身,,1,0
012720260623,2026062327,1,4,5,014019,長崎達也,,11.7,1/2車輪,,0,0
012720260623,2026062327,1,5,4,013378,小田桐義継,,11.5,タイヤ,,0,0
012720260623,2026062327,1,6,7,015295,篠田樹,,12.3,3/4車身,,0,1
012720260623,2026062327,1,7,1,012319,高尾剛文,,11.9,3/4車身,,0,0
022720260623,2026062327,2,1,2,015918,土井慎二,逃,12.5,,,1,1
022720260623,2026062327,2,2,7,012986,近藤直幹,マ,12.4,3/4車輪,,0,0
022720260623,2026062327,2,3,5,013470,畠山裕行,,12.3,1/2車輪,,0,0
022720260623,2026062327,2,4,3,014739,里見恒平,,12.4,1/2車身,,0,0
022720260623,2026062327,2,5,1,012348,飯田威文,,12.0,1車身1/2,,0,0
022720260623,2026062327,2,6,6,011803,植田誠,,12.1,3/4車身,,0,0
022720260623,2026062327,2,7,4,014373,鈴木雄一朗,,12.2,1/8車輪,,0,0
032720260623,2026062327,3,1,5,012299,増成富夫,捲,11.9,,,0,0
032720260623,2026062327,3,2,3,013110,法月成祐,差,12.3,1/2車輪,,0,0
032720260623,2026062327,3,3,2,013767,松丸裕紀,,11.8,1/8車輪,,0,0
032720260623,2026062327,3,4,7,015801,織茂雄一郎,,12.5,1車輪,,1,1
032720260623,2026062327,3,5,4,014555,水木裕聡,,11.9,1/2車輪,,0,0
032720260623,2026062327,3,6,6,013605,白木正彦,,12.4,1/2車身,,0,0
032720260623,2026062327,3,0,1,013303,須々田大昇,,0.0,,欠車,0,0
042720260623,2026062327,4,1,3,014513,樋口絢土,差,12.0,,,0,0
042720260623,2026062327,4,2,1,015889,大本隆也,逃,12.1,1/2車輪,,1,1
042720260623,2026062327,4,3,4,013676,塚本諭,,11.9,1車身1/2,,0,0
042720260623,2026062327,4,4,5,013069,白川有司,,11.9,1車身1/2,,0,0
042720260623,2026062327,4,5,7,012754,小野祐作,,12.3,2車身,,0,0
042720260623,2026062327,4,6,2,014490,永田隼一,,12.8,8車身,,0,0
042720260623,2026062327,4,7,6,013397,鈴木龍之介,,0.0,大差,,0,0
052720260623,2026062327,5,1,4,015153,林真奈美,差,12.8,,,0,0
052720260623,2026062327,5,2,1,015669,河内桜雪,マ,12.8,1/4車輪,,0,0
052720260623,2026062327,5,3,3,014905,加瀬加奈子,,13.1,1車身,,0,1
052720260623,2026062327,5,4,2,014909,浦部郁里,,12.7,3/4車輪,,1,0
052720260623,2026062327,5,5,5,015858,平子結菜,,12.8,3/4車身,,0,0
052720260623,2026062327,5,6,6,014896,野口諭実可,,13.0,1車身,,0,0
052720260623,2026062327,5,7,7,015860,濱田芽生,,12.8,1/2車身,,0,0
062720260623,2026062327,6,1,7,015769,松井優佳,捲,12.7,,,0,0
062720260623,2026062327,6,2,2,015766,宮西令奈,マ,12.7,1車身,,0,0
062720260623,2026062327,6,3,6,015140,鈴木彩夏,,12.6,1車身,,0,0
062720260623,2026062327,6,4,4,015673,塩田日海,,12.8,1/2車身,,0,0
062720260623,2026062327,6,5,5,014922,田口梓乃,,12.6,1車身,,0,0
062720260623,2026062327,6,6,3,015865,豊田美香,,13.3,1/8車輪,,0,1
062720260623,2026062327,6,7,1,015133,佐藤友香,,13.4,8車身,,0,0
072720260623,2026062327,7,1,4,013980,森田康嗣,差,11.8,,,1,0
072720260623,2026062327,7,2,7,012590,山崎敦雄,差,12.0,1/8車輪,,0,0
072720260623,2026062327,7,3,1,013112,佐藤明,,12.0,3/4車身,,0,0
072720260623,2026062327,7,4,5,015255,樋口開土,,12.2,1/2車輪,,0,1
072720260623,2026062327,7,5,3,013827,佐藤雅彦,,11.7,3/4車輪,,0,0
072720260623,2026062327,7,6,6,013893,片山直人,,12.0,4車身,,0,0
072720260623,2026062327,7,7,2,013147,米嶋賢二,,12.0,1車身,,0,0
082720260623,2026062327,8,1,1,015372,野上竜太,逃,13.0,,,1,1
082720260623,2026062327,8,2,5,015351,宮下一歩,マ,12.7,1/2車身,,0,0
082720260623,2026062327,8,3,4,012474,小川圭二,,12.5,1車輪,,0,0
082720260623,2026062327,8,4,7,013352,吉永和生,,12.6,1/4車輪,,0,0
082720260623,2026062327,8,5,3,014070,秋葉大輔,,12.5,1車身1/2,,0,0
082720260623,2026062327,8,6,2,012861,小坂敏之,,12.5,3/4車身,,0,0
082720260623,2026062327,8,7,6,013663,中野功史,,15.8,大差,,0,0
092720260623,2026062327,9,1,3,015548,白井優太朗,捲,12.1,,,0,0
092720260623,2026062327,9,2,5,012649,山本恵太郎,差,12.3,3車身,,0,0
092720260623,2026062327,9,3,1,015792,貝原涼太,,12.4,1/2車輪,,1,1
092720260623,2026062327,9,4,4,013512,長野和弘,,11.8,3/4車身,,0,0
092720260623,2026062327,9,5,6,013006,佐々木健司,,12.4,1車輪,,0,0
092720260623,2026062327,9,6,7,015045,大関祐也,,12.3,3/4車身,,0,0
092720260623,2026062327,9,7,2,011800,三住博昭,,12.7,6車身,,0,0
102720260623,2026062327,10,1,5,014233,西村行貴,差,12.2,,,0,0
102720260623,2026062327,10,2,2,015338,土田栄二,逃,12.4,1/2車輪,,0,1
102720260623,2026062327,10,3,3,014277,山口慎吾,,12.2,3/4車身,,0,0
102720260623,2026062327,10,4,1,014556,小川祐司,,12.2,2車身,,0,0
102720260623,2026062327,10,5,7,015511,中込健太,,12.8,3車身,,1,0
102720260623,2026062327,10,0,4,013860,藤原清隆,,0.0,,落車,0,0
102720260623,2026062327,10,0,6,012844,米澤大輔,,0.0,,落車,0,0
112720260623,2026062327,11,1,4,015529,塚本瑠羽,捲,11.8,,,0,0
112720260623,2026062327,11,2,3,014466,二藤元太,マ,11.8,1/2車身,,0,0
112720260623,2026062327,11,3,2,014730,中田健太,,11.8,1/2車身,,0,0
112720260623,2026062327,11,4,7,015747,長松空吾,,12.5,1/2車身,,0,1
112720260623,2026062327,11,5,1,014888,佐藤健太,,12.3,タイヤ,,1,0
112720260623,2026062327,11,6,6,012380,近藤修康,,12.2,1車輪,,0,0
112720260623,2026062327,11,7,5,015423,上川直紀,,12.2,2車身,,0,0
013720260623,2026062337,1,1,7,015504,西島叶子,差,10.1,,,1,0
013720260623,2026062337,1,2,1,015854,伊澤茉那,マ,10.0,1車輪,,0,0
013720260623,2026062337,1,3,3,015486,岡本二菜,,10.4,1/4車輪,,0,1
013720260623,2026062337,1,4,6,015017,青木美優,,10.1,1車身1/2,,0,0
013720260623,2026062337,1,5,5,015957,成海綾香,,10.0,3/4車身,,0,0
013720260623,2026062337,1,6,4,015135,荒川ひかり,,10.3,3/4車身,,0,0
013720260623,2026062337,1,7,2,015146,齊藤由紀,,10.4,5車身,,0,0
023720260623,2026062337,2,1,5,015406,吉岡詩織,捲,10.4,,,0,0
023720260623,2026062337,2,2,6,015487,永塚祐子,逃,10.6,1車身,,0,1
023720260623,2026062337,2,3,2,015576,菅原ななこ,,10.6,1/2車身,,0,0
023720260623,2026062337,2,4,1,015777,谷元音羽,,10.3,1/2車身,,0,0
023720260623,2026062337,2,5,4,015856,野寺梓,,10.5,1/2車身,,1,0
023720260623,2026062337,2,6,3,015864,田野口佳奈,,10.6,3/4車身,,0,0
023720260623,2026062337,2,7,7,015945,橋本のこ,,10.6,1車身,,0,0
033720260623,2026062337,3,1,1,014502,相笠翔太,差,10.0,,,0,0
033720260623,2026062337,3,2,4,015780,小田恭介,逃,10.3,3/4車身,,0,1
033720260623,2026062337,3,3,2,015107,田頭寛之,,10.0,1/8車輪,,1,0
033720260623,2026062337,3,4,3,013952,東鉄也,,10.0,3/4車輪,,0,0
033720260623,2026062337,3,5,5,014525,三ッ井武,,9.9,1/4車輪,,0,0
033720260623,2026062337,3,6,6,014392,北村篤,,10.0,3/4車身,,0,0
033720260623,2026062337,3,7,7,013039,松山正和,,10.1,7車身,,0,0
043720260623,2026062337,4,1,1,015099,吉竹尚城,捲,10.0,,,1,0
043720260623,2026062337,4,2,5,014387,佐野恭太,マ,10.0,2車身,,0,0
043720260623,2026062337,4,3,3,014737,河上陽一,,10.0,1/2車身,,0,0
043720260623,2026062337,4,4,7,014476,乾庄平,,10.3,3/4車輪,,0,0
043720260623,2026062337,4,5,4,014091,伊原弘幸,,10.2,1/8車輪,,0,0
043720260623,2026062337,4,6,2,015275,伊藤歩登,,10.5,1車身1/2,,0,1
043720260623,2026062337,4,7,6,014589,西巻秀太,,10.3,1車身,,0,0
053720260623,2026062337,5,1,1,014579,齋藤一茂,逃,10.2,,,0,1
053720260623,2026062337,5,2,2,014600,山田祥明,差,9.9,3/4車身,,0,0
053720260623,2026062337,5,3,4,012164,堀政美,,10.1,微差,,0,0
053720260623,2026062337,5,4,7,014126,高谷敏史,,10.1,1/4車輪,,0,0
053720260623,2026062337,5,5,6,014840,石貞有基,,9.8,1/4車輪,,0,0
053720260623,2026062337,5,6,5,015359,山口聖矢,,10.3,3車身,,1,0
053720260623,2026062337,5,7,3,015157,高橋大輝,,10.5,1車身,,0,0
063720260623,2026062337,6,1,3,013610,土屋仁,差,10.1,,,1,0
063720260623,2026062337,6,2,5,014223,瀧野勝太,マ,10.0,1/2車輪,,0,0
063720260623,2026062337,6,3,4,015796,川田真也,,10.3,1車輪,,0,1
063720260623,2026062337,6,4,6,014519,湯浅大輔,,9.9,1車輪,,0,0
063720260623,2026062337,6,5,2,012963,荻野哲,,10.0,1車身1/2,,0,0
063720260623,2026062337,6,6,1,015102,奥出良,,9.9,2車身,,0,0
063720260623,2026062337,6,7,7,012598,大庭正紀,,9.8,1/4車輪,,0,0
073720260623,2026062337,7,1,4,015685,小笠原一真,捲,9.4,,,0,0
073720260623,2026062337,7,2,2,014461,山中秀将,捲,9.8,3車身,,0,1
073720260623,2026062337,7,3,1,015114,谷口友真,,9.8,1車身1/2,,0,0
073720260623,2026062337,7,4,5,015625,真鍋顕汰,,9.9,1/8車輪,,0,0
073720260623,2026062337,7,5,6,015350,山本修平,,9.7,3/4車身,,0,0
073720260623,2026062337,7,6,7,013695,岡本英之,,9.6,1/2車身,,0,0
073720260623,2026062337,7,7,3,014163,内田英介,,9.7,1/2車輪,,1,0
015520260623,2026062355,1,1,5,013660,徳吉広紀,差,11.9,,,1,0
015520260623,2026062355,1,2,3,015658,長松大祐,逃,12.1,1車輪,,0,1
015520260623,2026062355,1,3,4,014171,深見仁哉,,11.8,1/2車輪,,0,0
015520260623,2026062355,1,4,1,014676,柳原司,,11.8,1/2車輪,,0,0
015520260623,2026062355,1,5,2,013942,大西健士,,11.9,1/2車輪,,0,0
015520260623,2026062355,1,6,6,015155,三浦大輝,,11.7,3/4車身,,0,0
015520260623,2026062355,1,7,7,015827,藤原夏志,,12.0,1車輪,,0,0
025520260623,2026062355,2,1,3,014634,寺崎祐樹,差,11.5,,,1,0
025520260623,2026062355,2,2,7,015652,橋本陸,逃,11.7,1車輪,,0,1
025520260623,2026062355,2,3,5,015531,深瀬泰我,,11.5,1車身1/2,,0,0
025520260623,2026062355,2,4,1,012823,遠藤勝行,,11.4,1/2車輪,,0,0
025520260623,2026062355,2,5,2,013645,川木敬大,,11.4,3/4車輪,,0,0
025520260623,2026062355,2,6,6,014102,篠塚光一,,11.6,1/8車輪,,0,0
025520260623,2026062355,2,7,4,013056,山本貴章,,11.8,3車身,,0,0
035520260623,2026062355,3,1,7,013641,竹内一暢,差,12.3,,,1,0
035520260623,2026062355,3,2,5,015809,高野信元,逃,12.5,1/8車輪,,0,1
035520260623,2026062355,3,3,1,014340,古川貴之,,12.3,1車身,,0,0
035520260623,2026062355,3,4,4,013556,山信田学,,12.2,2車身,,0,0
035520260623,2026062355,3,5,3,013209,奥谷広巳,,12.5,1/4車輪,,0,0
035520260623,2026062355,3,6,2,013621,國廣哲治,,12.7,3車身,,0,0
035520260623,2026062355,3,7,6,015482,松本一志,,13.2,大差,,0,0
045520260623,2026062355,4,1,4,015926,諸隈健太郎,逃,12.0,,,0,1
045520260623,2026062355,4,2,5,013845,加賀美智史,マ,12.0,1車身1/2,,0,0
045520260623,2026062355,4,3,3,013654,滝山実,,12.1,1/2車身,,0,0
045520260623,2026062355,4,4,1,013308,木村貴宏,,12.0,1/4車輪,,1,0
045520260623,2026062355,4,5,7,011417,小川巧,,12.1,3/4車身,,0,0
045520260623,2026062355,4,6,6,013857,浅沼聖士,,12.0,1/8車輪,,0,0
045520260623,2026062355,4,7,2,012763,内村泰三,,12.2,3車身,,0,0
055520260623,2026062355,5,1,1,014248,吉川起也,捲,11.7,,,1,0
055520260623,2026062355,5,2,6,013716,佐藤亙,マ,11.6,3/4車身,,0,0
055520260623,2026062355,5,3,7,013058,富弥昭,,11.7,3/4車身,,0,0
055520260623,2026062355,5,4,2,015728,保田浩輔,,11.9,1/2車輪,,0,0
055520260623,2026062355,5,5,4,014422,前田義和,,11.5,1/2車身,,0,0
055520260623,2026062355,5,6,5,013985,高橋陽介,,11.7,1/2車身,,0,0
055520260623,2026062355,5,7,3,015366,張野幸聖,,12.3,2車身,,0,1
065520260623,2026062355,6,1,1,014977,川口聖二,捲,11.5,,,0,0
065520260623,2026062355,6,2,3,015092,小林令,差,11.7,2車身,,1,0
065520260623,2026062355,6,3,7,014523,東龍之介,,11.6,1/2車輪,,0,0
065520260623,2026062355,6,4,5,014754,横関裕樹,,11.7,1車身,,0,0
065520260623,2026062355,6,5,6,013593,大野悟郎,,11.7,3/4車身,,0,0
065520260623,2026062355,6,6,4,015041,伊藤慶太郎,,12.0,1/2車輪,,0,1
065520260623,2026062355,6,0,2,014995,渡邉雄太,,0.0,,落車,0,0
075520260623,2026062355,7,1,4,015186,南潤,逃,11.3,,,0,1
075520260623,2026062355,7,2,7,013961,松村友和,マ,11.2,1/4車輪,,0,0
075520260623,2026062355,7,3,1,014944,栗山俊介,,11.1,3/4車身,,1,0
075520260623,2026062355,7,4,3,014499,佐藤博紀,,10.9,1/4車輪,,0,0
075520260623,2026062355,7,5,2,014881,山崎泰己,,11.1,3/4車身,,0,0
075520260623,2026062355,7,6,5,014645,三浦翔大,,10.9,1/8車輪,,0,0
075520260623,2026062355,7,7,6,014187,大西祐,,10.9,1車身1/2,,0,0
085520260623,2026062355,8,1,1,015129,林大悟,逃,11.8,,,1,1
085520260623,2026062355,8,2,4,015291,山口敦也,マ,11.6,1/4車輪,,0,0
085520260623,2026062355,8,3,5,013118,山内卓也,,11.4,1/2車身,,0,0
085520260623,2026062355,8,4,7,015342,福田滉,,11.6,1/2車輪,,0,0
085520260623,2026062355,8,5,6,014716,猪狩祐樹,,11.5,タイヤ,,0,0
085520260623,2026062355,8,6,2,015450,長谷部龍一,,11.6,2車身,,0,0
085520260623,2026062355,8,7,3,015703,牧田悠生,,11.8,3/4車身,,0,0
095520260623,2026062355,9,1,3,015122,島川将貴,捲,11.3,,,0,0
095520260623,2026062355,9,2,7,015692,松崎広太,逃,11.8,1/8車輪,,0,1
095520260623,2026062355,9,3,1,015520,桑名僚也,,11.7,1/4車輪,,0,0
095520260623,2026062355,9,4,4,013495,友定祐己,,11.2,3/4車輪,,1,0
095520260623,2026062355,9,5,6,015627,南儀拓海,,11.6,1車身1/2,,0,0
095520260623,2026062355,9,6,5,014370,阿部大樹,,11.6,3車身,,0,0
095520260623,2026062355,9,7,2,014839,山本巨樹,,12.4,9車身,,0,0
105520260623,2026062355,10,1,6,014767,藤井栄二,差,11.7,,,0,0
105520260623,2026062355,10,2,1,014337,佐々木翔一,差,11.5,1/2車身,,1,0
105520260623,2026062355,10,3,2,014942,清水剛志,,11.8,1/8車輪,,0,1
105520260623,2026062355,10,4,4,014045,吉本卓仁,,11.6,3/4車輪,,0,0
105520260623,2026062355,10,5,7,015655,一丸尚伍,,11.7,1/4車輪,,0,0
105520260623,2026062355,10,6,5,015706,山田駿斗,,11.7,1車身,,0,0
105520260623,2026062355,10,7,3,014082,高橋雅之,,11.5,1/2車輪,,0,0
115520260623,2026062355,11,1,5,012887,新田康仁,差,11.4,,,0,0
115520260623,2026062355,11,2,2,015326,照井拓成,差,11.1,1/2車身,,0,0
115520260623,2026062355,11,3,1,015527,北井佑季,,11.5,1/4車輪,,1,1
115520260623,2026062355,11,4,4,014582,平原啓多,,11.3,1/8車輪,,0,0
115520260623,2026062355,11,5,6,015648,森本桂太郎,,11.1,1車身,,0,0
115520260623,2026062355,11,5,7,014130,竹山陵太,,11.1,1車身,,0,0
115520260623,2026062355,11,7,3,014769,坂本修一,,11.1,1車身,,0,0
125520260623,2026062355,12,1,5,015006,石塚輪太郎,捲,11.5,,,0,0
125520260623,2026062355,12,2,4,014588,柿澤大貴,捲,11.5,1車身,,0,0
125520260623,2026062355,12,3,3,013821,中村圭志,,11.5,1車身1/2,,0,0
125520260623,2026062355,12,4,2,014804,横山尚則,,11.6,1/4車輪,,0,0
125520260623,2026062355,12,4,6,014886,山本伸一,,11.6,1/4車輪,,0,0
125520260623,2026062355,12,6,1,015274,福永大智,,12.7,大差,,1,1
125520260623,2026062355,12,7,7,014020,松坂洋平,,13.7,大差,,0,0
012120260624,2026062421,1,1,1,014595,瀧本匡平,逃,12.0,,,0,1
012120260624,2026062421,1,2,5,013705,佐藤有輝,マ,11.9,1/4車輪,,0,0
012120260624,2026062421,1,3,3,012509,岡嵜浩一,,11.8,1車身,,0,0
012120260624,2026062421,1,4,4,014644,高橋明久,,11.9,1/2車身,,1,0
012120260624,2026062421,1,5,2,011454,杉浦康一,,11.8,3/4車輪,,0,0
022120260624,2026062421,2,1,5,014064,吉松賢二,逃,12.4,,,0,1
022120260624,2026062421,2,2,3,014662,櫻井宏樹,マ,12.4,3/4車輪,,0,0
022120260624,2026062421,2,3,4,014425,前川裕希,,11.9,タイヤ,,0,0
022120260624,2026062421,2,4,2,012966,石川英昭,,12.2,3/4車輪,,0,0
022120260624,2026062421,2,5,1,014713,鈴木裕斗,,12.0,1車輪,,1,0
032120260624,2026062421,3,1,3,013235,榊枝輝文,差,11.8,,,0,0
032120260624,2026062421,3,2,4,013266,伊藤嘉浩,捲,12.0,3/4車輪,,1,0
032120260624,2026062421,3,3,5,013082,小泉俊也,,11.6,1/4車輪,,0,0
032120260624,2026062421,3,4,6,012795,黒田充,,11.9,3/4車身,,0,0
032120260624,2026062421,3,5,2,013027,戸ノ下太郎,,11.6,1/4車輪,,0,0
032120260624,2026062421,3,6,1,014062,齋藤昌弘,,12.2,3/4車身,,0,0
032120260624,2026062421,3,7,7,014075,松根真,,14.6,大差,,0,1
042120260624,2026062421,4,1,6,015147,佐々木恵理,差,12.8,,,0,0
042120260624,2026062421,4,2,4,014962,石井貴子,逃,13.0,1/2車身,,0,1
042120260624,2026062421,4,3,1,015684,安東莉奈,,12.6,1/8車輪,,0,0
042120260624,2026062421,4,4,3,015849,佐藤乃愛,,12.7,3/4車輪,,0,0
042120260624,2026062421,4,5,2,015407,出口倫子,,12.7,1/2車身,,0,0
042120260624,2026062421,4,6,5,015071,佐藤亜貴子,,12.5,1車身1/2,,0,0
052120260624,2026062421,5,1,5,014732,和田禎嗣,差,12.4,,,0,0
052120260624,2026062421,5,2,1,013482,松崎貴久,差,12.1,1車輪,,0,0
052120260624,2026062421,5,2,2,015606,近藤圭佑,逃,12.5,1車輪,,0,1
052120260624,2026062421,5,4,3,013345,中村美千隆,,12.3,1車身,,0,0
052120260624,2026062421,5,5,7,015623,野崎翼,,12.4,3/4車身,,1,0
052120260624,2026062421,5,6,6,011341,黒崎直行,,12.2,3/4車輪,,0,0
052120260624,2026062421,5,7,4,013838,山田武,,12.5,1車身1/2,,0,0
062120260624,2026062421,6,1,1,014032,藤田真,差,11.8,,,0,0
062120260624,2026062421,6,2,4,013690,伊藤大理,差,12.2,1車身,,0,0
062120260624,2026062421,6,3,3,015806,山本天平,,12.1,3/4車身,,0,0
062120260624,2026062421,6,4,6,012953,矢内良和,,12.3,3/4車輪,,0,0
062120260624,2026062421,6,5,2,013908,菅田和宏,,12.5,3/4車身,,1,1
062120260624,2026062421,6,6,7,014302,武田憲祐,,12.1,1/2車身,,0,0
062120260624,2026062421,6,7,5,015109,大利航平,,12.4,1車輪,,0,0
072120260624,2026062421,7,1,1,015601,五十嵐綾,捲,11.8,,,0,0
072120260624,2026062421,7,2,7,014575,鈴木達也,マ,11.7,3/4車身,,0,0
072120260624,2026062421,7,3,6,014166,倉野隆太郎,,11.9,1/2車身,,0,0
072120260624,2026062421,7,4,4,015693,松田昂己,,12.1,3/4車輪,,0,1
072120260624,2026062421,7,5,5,014390,愛敬博之,,12.1,3/4車輪,,0,0
072120260624,2026062421,7,6,2,012742,山田雅之,,11.9,3/4車身,,0,0
072120260624,2026062421,7,7,3,013233,小松剛之,,12.5,大差,,1,0
082120260624,2026062421,8,1,3,013426,本村隆文,差,12.0,,,0,0
082120260624,2026062421,8,2,2,014065,鰐淵圭佑,捲,12.2,3/4車輪,,0,0
082120260624,2026062421,8,3,5,013192,平田徹,,13.0,9車身,,0,0
082120260624,2026062421,8,4,4,013729,堺文人,,13.0,3/4車身,,0,0
082120260624,2026062421,8,5,6,014470,板橋慎治,,13.0,3/4車身,,0,0
082120260624,2026062421,8,6,7,014858,小原唯志,,13.1,1車身1/2,,0,0
082120260624,2026062421,8,7,1,015526,梅田加津也,,13.5,3/4車身,,1,1
092120260624,2026062421,9,1,1,015523,邊見祐太,捲,12.3,,,0,1
092120260624,2026062421,9,2,3,014254,武田和也,差,12.2,1車身,,1,0
092120260624,2026062421,9,3,5,013581,薮謙治,,12.1,1/2車輪,,0,0
092120260624,2026062421,9,4,6,013049,南大輔,,12.1,1車身1/2,,0,0
092120260624,2026062421,9,5,2,012532,西郷剛,,12.1,3/4車身,,0,0
092120260624,2026062421,9,6,7,015910,土生智徳,,12.7,1/2車身,,0,0
092120260624,2026062421,9,7,4,015885,五輪拓巳,,13.4,7車身,,0,0
102120260624,2026062421,10,1,3,015760,五味田奈穂,捲,12.5,,,1,0
102120260624,2026062421,10,2,1,015018,高橋梨香,マ,12.4,微差,,0,0
102120260624,2026062421,10,3,7,015498,國村美留莉,,12.3,1車身,,0,0
102120260624,2026062421,10,4,5,015586,太田瑛美,,12.6,1/2車身,,0,0
102120260624,2026062421,10,5,4,015321,比嘉真梨代,,12.6,2車身,,0,0
102120260624,2026062421,10,6,2,015397,新井美菜,,12.5,1車身,,0,0
102120260624,2026062421,10,7,6,015492,永禮美瑠,,13.1,3/4車身,,0,1
112120260624,2026062421,11,1,2,013335,坂上樹大,差,11.8,,,0,0
112120260624,2026062421,11,2,6,015903,谷澤優貴,逃,12.0,1/2車身,,0,1
112120260624,2026062421,11,3,7,015543,福元啓太,,11.8,1/2車輪,,0,0
112120260624,2026062421,11,4,3,015635,藤岡徹也,,11.9,1車身1/2,,0,0
112120260624,2026062421,11,5,1,014235,鈴木庸之,,11.8,1車身,,1,0
112120260624,2026062421,11,6,5,014153,伊藤太一,,11.8,1/4車輪,,0,0
112120260624,2026062421,11,7,4,014591,本多哲也,,12.2,1/2車身,,0,0
013620260624,2026062436,1,1,1,014934,渋谷錬,差,10.6,,,1,0
013620260624,2026062436,1,2,2,013863,吉田健市,差,10.5,1/2車輪,,0,0
013620260624,2026062436,1,3,5,013979,竹内優也,,10.8,3/4車身,,0,1
013620260624,2026062436,1,4,6,014385,山本淳,,10.6,微差,,0,0
013620260624,2026062436,1,5,7,012992,吉良勝信,,10.6,1車身,,0,0
013620260624,2026062436,1,6,3,014049,廣田樹里,,10.9,3/4車身,,0,0
013620260624,2026062436,1,7,4,014418,安部龍文,,11.1,4車身,,0,0
023620260624,2026062436,2,1,1,014614,高橋清太郎,差,9.8,,,1,0
023620260624,2026062436,2,2,5,014704,阿部充宏,差,10.0,1車輪,,0,0
023620260624,2026062436,2,3,7,013742,葛西雄太郎,,10.1,1/4車輪,,0,1
023620260624,2026062436,2,4,3,012529,木本賢二,,10.0,1車身1/2,,0,0
023620260624,2026062436,2,5,2,013405,宮下貴之,,10.0,3/4車身,,0,0
023620260624,2026062436,2,6,6,013749,及川裕奨,,9.9,3/4車輪,,0,0
023620260624,2026062436,2,7,4,013925,黒田篤,,10.5,5車身,,0,0
033620260624,2026062436,3,1,5,014808,村上貴彦,捲,9.7,,,0,0
033620260624,2026062436,3,2,3,015800,川越宏臣,捲,10.2,1車身1/2,,0,1
033620260624,2026062436,3,3,2,013005,小笠原昭太,,9.9,1/4車輪,,0,0
033620260624,2026062436,3,4,4,014444,星野辰也,,10.0,1/2車輪,,1,0
033620260624,2026062436,3,5,7,014980,田原宥明,,10.1,1車身1/2,,0,0
033620260624,2026062436,3,6,6,014474,山崎晃,,10.2,1/8車輪,,0,0
033620260624,2026062436,3,7,1,014950,市村昌樹,,10.2,3/4車輪,,0,0
043620260624,2026062436,4,1,1,014459,根藤浩二,差,10.1,,,0,0
043620260624,2026062436,4,2,5,015734,岡崎陸登,捲,10.2,1/8車輪,,0,0
043620260624,2026062436,4,3,7,013188,山田幸司,,10.0,3/4車輪,,0,0
043620260624,2026062436,4,4,4,013584,坂田学,,10.0,1車身1/2,,0,0
043620260624,2026062436,4,5,2,013311,根本雄紀,,9.7,1車輪,,0,0
043620260624,2026062436,4,6,3,015810,瀧川幸広,,10.7,3/4車輪,,1,1
043620260624,2026062436,4,7,6,014988,伊早坂駿一,,10.0,1車身1/2,,0,0
053620260624,2026062436,5,1,1,014515,城幸弘,差,9.8,,,1,0
053620260624,2026062436,5,2,6,015430,岡田亮太,逃,10.0,3/4車輪,,0,1
053620260624,2026062436,5,3,4,014819,太刀川一成,,9.8,3/4車身,,0,0
053620260624,2026062436,5,4,3,013783,上田裕和,,9.6,1/8車輪,,0,0
053620260624,2026062436,5,5,2,014194,桑原亮,,9.8,1/2車輪,,0,0
053620260624,2026062436,5,6,5,015446,林敬宏,,9.9,2車身,,0,0
063620260624,2026062436,6,1,5,013945,福田知也,差,9.9,,,0,0
063620260624,2026062436,6,2,1,013115,望月永悟,マ,9.9,1/2車身,,0,0
063620260624,2026062436,6,3,7,015170,川越勇星,,10.2,3/4車輪,,1,1
063620260624,2026062436,6,4,3,015416,小笠原光,,9.6,1/2車身,,0,0
063620260624,2026062436,6,5,4,014264,松尾信太郎,,9.9,微差,,0,0
063620260624,2026062436,6,6,2,015204,吉田智哉,,10.0,1/2車身,,0,0
063620260624,2026062436,6,7,6,012785,小橋明紀,,9.7,2車身,,0,0
073620260624,2026062436,7,1,5,015276,佐伯亮輔,逃,9.9,,,0,1
073620260624,2026062436,7,2,1,013436,中村昌弘,マ,9.8,3/4車身,,1,0
073620260624,2026062436,7,3,6,015536,疋田力也,,10.0,5車身,,0,0
073620260624,2026062436,7,4,2,013790,稲垣裕之,,9.9,1/4車輪,,0,0
073620260624,2026062436,7,5,4,013368,牧剛央,,9.8,1車身1/2,,0,0
073620260624,2026062436,7,6,7,013443,大坪功一,,9.8,1車身1/2,,0,0
073620260624,2026062436,7,7,3,015569,谷口力也,,11.0,8車身,,0,0
083620260624,2026062436,8,1,2,014199,松岡孔明,差,9.8,,,0,0
083620260624,2026062436,8,2,5,015656,甲斐俊祐,逃,10.0,1車輪,,0,1
083620260624,2026062436,8,3,4,014184,池田良,,9.8,1/2車身,,0,0
083620260624,2026062436,8,4,6,014228,片折亮太,,9.5,1/4車輪,,0,0
083620260624,2026062436,8,5,3,015121,太田竜馬,,10.0,1/2車輪,,1,0
083620260624,2026062436,8,6,1,013230,開坂秀明,,9.7,3/4車身,,0,0
083620260624,2026062436,8,7,7,014800,伊東翔貴,,9.8,3/4車輪,,0,0
093620260624,2026062436,9,1,5,014465,村上直久,捲,9.5,,,0,0
093620260624,2026062436,9,2,3,014718,小松崎大地,差,10.1,5車身,,0,0
093620260624,2026062436,9,3,7,014143,天田裕輝,,9.9,1/2車輪,,0,0
093620260624,2026062436,9,4,1,015246,黒沢征治,,10.1,1車輪,,1,0
093620260624,2026062436,9,5,4,014791,木村弘,,10.4,1/2車輪,,0,1
093620260624,2026062436,9,6,6,014711,相澤政宏,,10.1,1/2車身,,0,0
093620260624,2026062436,9,7,2,015195,久保田泰弘,,10.1,1車身1/2,,0,0
103620260624,2026062436,10,1,7,013724,渡辺十夢,差,10.0,,,0,0
103620260624,2026062436,10,2,4,015629,岸田剛,逃,10.2,1/2車身,,0,1
103620260624,2026062436,10,3,3,014177,小堺浩二,,10.0,1/2車輪,,1,0
103620260624,2026062436,10,4,6,015697,熊崎麻人,,10.0,タイヤ,,0,0
103620260624,2026062436,10,5,1,012826,渡邉晴智,,10.0,3/4車身,,0,0
103620260624,2026062436,10,6,2,014723,石川裕二,,9.9,3/4車輪,,0,0
103620260624,2026062436,10,7,5,015807,塩島嵩一朗,,10.3,3車身,,0,0
113620260624,2026062436,11,1,4,015208,金ヶ江勇気,差,9.7,,,0,0
113620260624,2026062436,11,2,2,015632,常次勇人,逃,9.9,3/4車輪,,0,1
113620260624,2026062436,11,3,1,014510,菅谷隆司,,9.6,3/4車身,,1,0
113620260624,2026062436,11,4,5,015556,上野恭哉,,9.6,3/4車身,,0,0
113620260624,2026062436,11,5,7,015182,吉川希望,,9.9,2車身,,0,0
113620260624,2026062436,11,6,6,015557,梶原大地,,9.8,2車身,,0,0
113620260624,2026062436,11,7,3,015704,坪内恒,,10.4,2車身,,0,0
123620260624,2026062436,12,1,4,015197,川口雄太,捲,9.6,,,0,0
123620260624,2026062436,12,2,3,015784,高橋舜,捲,9.9,5車身,,0,0
123620260624,2026062436,12,3,5,015663,松本秀之慎,,10.2,3/4車身,,0,1
123620260624,2026062436,12,4,6,013618,櫻井学,,9.9,3/4車身,,0,0
123620260624,2026062436,12,5,7,015168,染谷幸喜,,10.0,2車身,,0,0
123620260624,2026062436,12,6,1,014458,近藤保,,0.0,,,1,0
123620260624,2026062436,12,7,2,014472,坂口晃輔,,0.0,,,0,0
014320260624,2026062443,1,1,5,014828,川口聖翔,差,11.8,,,0,0
014320260624,2026062443,1,2,3,015533,岩城佑典,逃,11.9,3/4車輪,,1,1
014320260624,2026062443,1,3,1,014296,佐藤清之,,11.6,1/2車輪,,0,0
014320260624,2026062443,1,4,2,014011,細沼健治,,11.4,3車身,,0,0
014320260624,2026062443,1,5,4,012878,安藤宜明,,11.7,3/4車輪,,0,0
024320260624,2026062443,2,1,4,014193,玉手翔,差,11.7,,,0,0
024320260624,2026062443,2,2,5,014026,高橋成英,逃,12.1,1/4車輪,,0,1
024320260624,2026062443,2,3,3,013271,鮒田博文,,12.0,1車輪,,0,0
024320260624,2026062443,2,4,2,014094,有馬雄二,,11.8,2車身,,1,0
024320260624,2026062443,2,5,1,013232,柳充,,12.1,4車身,,0,0
034320260624,2026062443,3,1,5,013859,荒木伸哉,差,11.9,,,0,0
034320260624,2026062443,3,2,2,013423,増田利明,捲,12.0,1/2車輪,,0,0
034320260624,2026062443,3,3,4,011619,疋田敏,,12.0,1/2車輪,,0,0
034320260624,2026062443,3,4,1,015538,村瀬大和,,12.1,1/4車輪,,1,1
034320260624,2026062443,3,5,3,013452,齊藤紳一朗,,12.9,大差,,0,0
044320260624,2026062443,4,1,4,014206,金野俊秋,差,11.9,,,0,0
044320260624,2026062443,4,2,2,013899,山田和巧,マ,11.8,1/4車輪,,0,0
044320260624,2026062443,4,3,1,015803,西村剛,,12.1,3/4車身,,0,0
044320260624,2026062443,4,4,7,013616,渡邉高志,,11.8,1/4車輪,,0,0
044320260624,2026062443,4,5,3,015159,坂本拓也,,12.3,1車身1/2,,1,0
044320260624,2026062443,4,6,5,014058,佐藤謙,,12.1,微差,,0,0
044320260624,2026062443,4,7,6,015506,佐藤啓斗,,12.7,2車身,,0,1
054320260624,2026062443,5,1,3,014859,小林申太,差,12.0,,,0,0
054320260624,2026062443,5,2,4,015042,高橋泰裕,差,11.8,1車身1/2,,0,0
054320260624,2026062443,5,3,2,013916,白石大輔,,11.9,1/8車輪,,0,0
054320260624,2026062443,5,4,7,015785,福田健太,,12.2,微差,,1,1
054320260624,2026062443,5,5,6,015101,松岡晋乃介,,11.9,2車身,,0,0
054320260624,2026062443,5,6,5,013575,渡会啓介,,11.9,1車身,,0,0
054320260624,2026062443,5,7,1,012891,朝日勇,,11.8,3/4車身,,0,0
064320260624,2026062443,6,1,1,015250,今井聡,差,11.6,,,1,0
064320260624,2026062443,6,2,5,015339,土田武志,逃,11.8,1/2車輪,,0,1
064320260624,2026062443,6,3,4,015819,弓矢輪太郎,,11.4,3/4車輪,,0,0
064320260624,2026062443,6,4,7,013259,望月紀男,,11.6,3/4車輪,,0,0
064320260624,2026062443,6,5,3,012960,水書義弘,,11.6,1車身,,0,0
064320260624,2026062443,6,6,6,014695,山口茂,,11.5,1車輪,,0,0
064320260624,2026062443,6,7,2,013117,鳥越靖弘,,11.4,1/2車輪,,0,0
074320260624,2026062443,7,1,2,015634,末廣快理,捲,11.2,,,0,0
074320260624,2026062443,7,2,4,015524,栗本武典,マ,11.2,3/4車身,,0,0
074320260624,2026062443,7,3,7,014978,谷口明正,,11.6,1/2車輪,,0,0
074320260624,2026062443,7,4,3,014132,三澤康人,,11.4,1/4車輪,,1,0
074320260624,2026062443,7,5,1,015902,安達光伸,,11.7,1/2車輪,,0,1
074320260624,2026062443,7,6,5,014869,泉谷元樹,,11.2,3/4車身,,0,0
074320260624,2026062443,7,7,6,013477,宮司周郎,,11.3,2車身,,0,0
018320260624,2026062483,1,1,4,015379,下野義城,捲,11.7,,,0,0
018320260624,2026062483,1,2,5,014056,橋本紀彰,マ,11.7,1車身1/2,,0,0
018320260624,2026062483,1,3,2,015812,森崎英登,,12.4,4車身,,1,1
018320260624,2026062483,1,4,7,014758,中野智公,,12.2,3/4車輪,,0,0
018320260624,2026062483,1,5,1,015087,本馬鎌,,12.2,3/4車身,,0,0
018320260624,2026062483,1,6,3,012882,鈴木愼二,,12.2,2車身,,0,0
018320260624,2026062483,1,7,6,014303,小川達也,,13.8,大差,,0,0
028320260624,2026062483,2,1,1,015723,稲毛知也,逃,11.8,,,1,1
028320260624,2026062483,2,2,4,013659,高比良豪,マ,11.7,1/2車身,,0,0
028320260624,2026062483,2,3,2,014862,坂本将太郎,,11.3,3/4車身,,0,0
028320260624,2026062483,2,4,5,015044,平川雅晃,,11.4,1/2車輪,,0,0
028320260624,2026062483,2,5,3,014205,日当泰之,,11.3,2車身,,0,0
028320260624,2026062483,2,6,7,014282,石川恭規,,11.2,1/2車身,,0,0
028320260624,2026062483,2,7,6,014853,中山敬太郎,,13.9,大差,,0,0
038320260624,2026062483,3,1,1,014690,好永晃,差,12.1,,,0,0
038320260624,2026062483,3,2,5,015558,川野深,逃,12.2,1/4車輪,,1,1
038320260624,2026062483,3,3,4,014473,重倉高史,,12.1,1車身,,0,0
038320260624,2026062483,3,4,7,015513,菊池翔,,11.8,1/4車輪,,0,0
038320260624,2026062483,3,5,6,015467,倉松涼,,12.0,1/2車身,,0,0
038320260624,2026062483,3,6,2,013267,鷲見逸喜,,12.1,3/4車輪,,0,0
038320260624,2026062483,3,7,3,014230,山田義彦,,11.9,1車身,,0,0
048320260624,2026062483,4,1,2,015893,岩辺陸,捲,11.7,,,1,0
048320260624,2026062483,4,2,4,013915,坂口卓士,マ,11.7,3/4車身,,0,0
048320260624,2026062483,4,3,7,015056,田村風起,,12.1,3車身,,0,0
048320260624,2026062483,4,4,1,014320,在本直樹,,12.0,3/4車輪,,0,0
048320260624,2026062483,4,5,3,015455,枠元一葵,,12.3,1車身,,0,1
048320260624,2026062483,4,6,6,015844,小山峻汰,,13.4,大差,,0,0
048320260624,2026062483,4,7,5,015127,野村典嗣,,14.0,4車身,,0,0
058320260624,2026062483,5,1,4,015211,平尾一晃,捲,11.1,,,0,0
058320260624,2026062483,5,2,3,013240,小林大介,差,11.3,2車身,,0,0
058320260624,2026062483,5,3,1,014043,中園和剛,,11.2,3/4車身,,1,0
058320260624,2026062483,5,4,5,015696,荒川達郎,,11.6,1/4車輪,,0,1
058320260624,2026062483,5,5,6,012786,佐藤康紀,,11.3,3/4車身,,0,0
058320260624,2026062483,5,6,2,014136,金澤竜二,,11.5,3/4車身,,0,0
068320260624,2026062483,6,1,3,015005,野口正則,差,11.9,,,0,0
068320260624,2026062483,6,2,5,015539,上杉嘉槻,逃,12.1,1/2車輪,,0,1
068320260624,2026062483,6,3,7,014188,原誠宏,,11.8,1/2車輪,,0,0
068320260624,2026062483,6,4,4,012889,丸山啓一,,11.7,1/2車身,,0,0
068320260624,2026062483,6,5,1,015333,高橋晋也,,12.0,3車身,,1,0
068320260624,2026062483,6,6,2,015643,小川将二郎,,12.4,2車身,,0,0
068320260624,2026062483,6,7,6,014410,桶谷明誉,,13.6,大差,,0,0
078320260624,2026062483,7,1,6,015288,薦田将伍,差,11.5,,,0,0
078320260624,2026062483,7,2,2,014286,関貴之,差,11.6,1/4車輪,,1,0
078320260624,2026062483,7,3,4,015713,望月湧世,,11.8,3/4車輪,,0,1
078320260624,2026062483,7,4,5,013883,高津晃治,,11.4,3/4車身,,0,0
078320260624,2026062483,7,5,3,015375,村上竜馬,,11.6,1/8車輪,,0,0
078320260624,2026062483,7,6,7,015389,宮崎大空,,11.7,1車身1/2,,0,0
078320260624,2026062483,7,7,1,015814,岩井芯,,11.9,3/4車身,,0,0
088320260624,2026062483,8,1,7,013765,海老根恵太,差,11.7,,,0,0
088320260624,2026062483,8,2,4,015521,中島詩音,逃,11.9,1/2車身,,0,1
088320260624,2026062483,8,3,1,013291,三宅達也,,11.2,1/4車輪,,0,0
088320260624,2026062483,8,4,2,015438,佐々木和紀,,11.6,1/8車輪,,0,0
088320260624,2026062483,8,5,6,014889,津村洸次郎,,11.4,1車身,,1,0
088320260624,2026062483,8,6,5,015373,晝田宗一郎,,12.0,6車身,,0,0
088320260624,2026062483,8,7,3,015067,瀬戸晋作,,12.8,8車身,,0,0
098320260624,2026062483,9,1,1,015383,原井博斗,差,11.9,,,1,0
098320260624,2026062483,9,2,4,014939,長尾拳太,差,11.7,1/4車輪,,0,0
098320260624,2026062483,9,3,6,015744,橋本宇宙,,12.1,3/4車身,,0,0
098320260624,2026062483,9,4,2,012669,伊藤正樹,,11.7,1/4車輪,,0,0
098320260624,2026062483,9,5,3,013772,岡村潤,,12.1,1車身,,0,0
098320260624,2026062483,9,6,7,014239,鈴木裕,,12.6,4車身,,0,1
098320260624,2026062483,9,7,5,015363,田中大我,,13.7,大差,,0,0
108320260624,2026062483,10,1,2,014700,川口公太朗,差,11.6,,,0,0
108320260624,2026062483,10,2,5,015715,平野想真,逃,11.7,1/4車輪,,1,1
108320260624,2026062483,10,3,6,014176,笹倉慎也,,11.6,1車身,,0,0
108320260624,2026062483,10,4,1,013855,近藤俊明,,11.5,3/4車身,,0,0
108320260624,2026062483,10,5,4,014018,内藤秀久,,11.6,1/2車身,,0,0
108320260624,2026062483,10,6,3,014409,山本奨,,11.8,1車身,,0,0
108320260624,2026062483,10,7,7,015695,篠田幸希,,12.3,4車身,,0,0
118320260624,2026062483,11,1,5,014999,水谷将司,差,12.1,,,0,0
118320260624,2026062483,11,2,4,014330,坂田章,差,12.2,3/4車身,,0,0
118320260624,2026062483,11,3,3,012757,市本隆司,,12.2,1車身1/2,,0,0
118320260624,2026062483,11,4,7,015727,中原航大,,13.0,2車身,,0,1
118320260624,2026062483,11,5,6,014487,才迫勇馬,,0.0,大差,,0,0
118320260624,2026062483,11,6,1,015740,櫻木雄太,,0.0,,,1,0
118320260624,2026062483,11,7,2,015463,畝木聖,,0.0,,,0,0
128320260624,2026062483,12,1,4,015440,長田龍拳,捲,11.6,,,0,0
128320260624,2026062483,12,2,2,013982,五日市誠,差,11.7,1車身,,0,0
128320260624,2026062483,12,3,1,013745,中川誠一郎,,11.4,3/4車輪,,1,0
128320260624,2026062483,12,4,5,015473,青柳靖起,,11.6,1/2車身,,0,0
128320260624,2026062483,12,5,6,015614,治田知也,,11.6,1/2車輪,,0,0
128320260624,2026062483,12,6,3,014506,磯田旭,,11.6,2車身,,0,0
128320260624,2026062483,12,7,7,015598,大川剛,,12.2,1/2車身,,0,1
012720260624,2026062427,1,1,5,012348,飯田威文,差,12.6,,,0,0
012720260624,2026062427,1,2,4,014490,永田隼一,捲,12.5,3/4車輪,,0,0
012720260624,2026062427,1,3,1,014373,鈴木雄一朗,,12.7,タイヤ,,1,1
012720260624,2026062427,1,4,3,011803,植田誠,,12.6,1車身,,0,0
012720260624,2026062427,1,5,2,012319,高尾剛文,,12.6,1車身1/2,,0,0
022720260624,2026062427,2,1,5,014739,里見恒平,差,11.5,,,0,0
022720260624,2026062427,2,2,1,014555,水木裕聡,差,11.8,1/4車輪,,1,0
022720260624,2026062427,2,3,3,015295,篠田樹,,11.9,3/4車輪,,0,1
022720260624,2026062427,2,4,2,013378,小田桐義継,,11.5,1車輪,,0,0
022720260624,2026062427,2,5,4,013605,白木正彦,,12.4,大差,,0,0
022720260624,2026062427,2,6,6,013397,鈴木龍之介,,15.5,大差,,0,0
032720260624,2026062427,3,1,5,014513,樋口絢土,差,11.8,,,0,0
032720260624,2026062427,3,2,6,013676,塚本諭,マ,11.9,1車身1/2,,0,0
032720260624,2026062427,3,3,3,015918,土井慎二,,12.4,3/4車身,,0,1
032720260624,2026062427,3,4,2,015801,織茂雄一郎,,12.2,1/2車輪,,1,0
032720260624,2026062427,3,5,7,014743,鈴木広人,,12.2,1/2車身,,0,0
032720260624,2026062427,3,6,4,013069,白川有司,,12.1,1車身1/2,,0,0
032720260624,2026062427,3,7,1,013470,畠山裕行,,12.6,9車身,,0,0
042720260624,2026062427,4,1,3,015889,大本隆也,逃,12.1,,,0,1
042720260624,2026062427,4,2,7,013110,法月成祐,マ,12.1,1/2車身,,0,0
042720260624,2026062427,4,3,6,015887,星野京旺,,12.0,3/4車輪,,1,0
042720260624,2026062427,4,4,2,011990,茂木和臣,,12.0,3/4車身,,0,0
042720260624,2026062427,4,5,1,013767,松丸裕紀,,11.8,3車身,,0,0
042720260624,2026062427,4,6,5,012986,近藤直幹,,12.2,3車身,,0,0
042720260624,2026062427,4,7,4,012299,増成富夫,,12.8,3車身,,0,0
052720260624,2026062427,5,1,1,015140,鈴木彩夏,差,12.9,,,0,0
052720260624,2026062427,5,2,2,015153,林真奈美,逃,13.0,3/4車輪,,1,1
052720260624,2026062427,5,3,7,014909,浦部郁里,,12.7,1車輪,,0,0
052720260624,2026062427,5,4,6,015766,宮西令奈,,12.9,1/4車輪,,0,0
052720260624,2026062427,5,5,4,015133,佐藤友香,,12.6,3/4車身,,0,0
052720260624,2026062427,5,6,5,015865,豊田美香,,12.8,1車輪,,0,0
052720260624,2026062427,5,7,3,015858,平子結菜,,12.8,1車身,,0,0
062720260624,2026062427,6,1,6,014905,加瀬加奈子,逃,12.8,,,0,1
062720260624,2026062427,6,2,4,015769,松井優佳,捲,12.6,1/2車身,,0,0
062720260624,2026062427,6,3,7,015669,河内桜雪,,12.5,1/4車輪,,1,0
062720260624,2026062427,6,4,2,014896,野口諭実可,,12.8,タイヤ,,0,0
062720260624,2026062427,6,5,5,015673,塩田日海,,12.5,3/4車身,,0,0
062720260624,2026062427,6,6,3,015860,濱田芽生,,12.5,5車身,,0,0
062720260624,2026062427,6,7,1,014922,田口梓乃,,13.1,3車身,,0,0
072720260624,2026062427,7,1,1,015255,樋口開土,差,12.4,,,0,0
072720260624,2026062427,7,2,4,015045,大関祐也,逃,12.7,1車身1/2,,1,1
072720260624,2026062427,7,3,5,014070,秋葉大輔,,12.4,1/4車輪,,0,0
072720260624,2026062427,7,4,3,011800,三住博昭,,12.3,1車身,,0,0
072720260624,2026062427,7,5,6,013147,米嶋賢二,,12.2,1車身,,0,0
072720260624,2026062427,7,6,2,013006,佐々木健司,,12.9,8車身,,0,0
082720260624,2026062427,8,1,4,013827,佐藤雅彦,差,12.3,,,0,0
082720260624,2026062427,8,2,7,012861,小坂敏之,マ,12.2,3/4車身,,0,0
082720260624,2026062427,8,3,1,015511,中込健太,,12.6,3/4車身,,1,1
082720260624,2026062427,8,4,2,014369,中川拓也,,12.2,1/4車輪,,0,0
082720260624,2026062427,8,5,5,013512,長野和弘,,12.0,1/2車身,,0,0
082720260624,2026062427,8,6,3,013893,片山直人,,12.4,4車身,,0,0
082720260624,2026062427,8,7,6,013663,中野功史,,15.2,大差,,0,0
092720260624,2026062427,9,1,2,015747,長松空吾,捲,11.6,,,0,0
092720260624,2026062427,9,2,7,012380,近藤修康,マ,11.6,1車身,,0,0
092720260624,2026062427,9,3,4,014233,西村行貴,,11.8,1車身1/2,,0,0
092720260624,2026062427,9,4,6,013112,佐藤明,,11.7,1/2車身,,0,0
092720260624,2026062427,9,5,3,012590,山崎敦雄,,11.8,1/2車輪,,0,0
092720260624,2026062427,9,6,1,015351,宮下一歩,,12.1,1/4車輪,,1,1
092720260624,2026062427,9,7,5,013352,吉永和生,,11.5,1車身,,0,0
102720260624,2026062427,10,1,3,014730,中田健太,差,11.4,,,0,0
102720260624,2026062427,10,2,7,015529,塚本瑠羽,捲,11.5,1車身,,0,0
102720260624,2026062427,10,3,2,014466,二藤元太,,11.4,1/4車輪,,1,0
102720260624,2026062427,10,4,1,015548,白井優太朗,,12.0,3/4車輪,,0,0
102720260624,2026062427,10,5,4,014556,小川祐司,,11.9,3/4車身,,0,0
102720260624,2026062427,10,6,5,015338,土田栄二,,12.2,1/8車輪,,0,1
102720260624,2026062427,10,7,6,012474,小川圭二,,12.3,7車身,,0,0
112720260624,2026062427,11,1,4,015423,上川直紀,捲,11.6,,,0,0
112720260624,2026062427,11,2,7,015372,野上竜太,捲,12.1,3/4車輪,,0,1
112720260624,2026062427,11,3,3,014888,佐藤健太,,11.6,2車身,,0,0
112720260624,2026062427,11,4,6,012649,山本恵太郎,,12.0,4車身,,0,0
112720260624,2026062427,11,5,5,014277,山口慎吾,,11.9,1車身1/2,,0,0
112720260624,2026062427,11,6,2,015792,貝原涼太,,12.5,3/4車身,,0,0
112720260624,2026062427,11,7,1,013980,森田康嗣,,12.4,3/4車輪,,1,0
013720260624,2026062437,1,1,4,015406,吉岡詩織,逃,10.6,,,0,1
013720260624,2026062437,1,2,6,015854,伊澤茉那,マ,10.5,1/2車輪,,1,0
013720260624,2026062437,1,3,2,015017,青木美優,,10.6,3車身,,0,0
013720260624,2026062437,1,4,5,015135,荒川ひかり,,10.5,3/4車身,,0,0
013720260624,2026062437,1,5,1,015856,野寺梓,,10.8,1/4車輪,,0,0
013720260624,2026062437,1,6,3,015945,橋本のこ,,10.5,2車身,,0,0
023720260624,2026062437,2,1,1,015504,西島叶子,差,10.6,,,0,0
023720260624,2026062437,2,2,5,015486,岡本二菜,逃,10.8,1/4車輪,,1,1
023720260624,2026062437,2,3,2,015864,田野口佳奈,,10.6,3/4車身,,0,0
023720260624,2026062437,2,4,4,015487,永塚祐子,,10.5,1/2車身,,0,0
023720260624,2026062437,2,5,3,015957,成海綾香,,10.5,2車身,,0,0
023720260624,2026062437,2,6,7,015777,谷元音羽,,10.9,1車身,,0,0
023720260624,2026062437,2,7,6,015146,齊藤由紀,,10.9,3/4車身,,0,0
033720260624,2026062437,3,1,4,015275,伊藤歩登,逃,10.1,,,0,1
033720260624,2026062437,3,2,3,012598,大庭正紀,差,9.9,1/4車輪,,0,0
033720260624,2026062437,3,3,1,014091,伊原弘幸,,10.0,1/8車輪,,0,0
033720260624,2026062437,3,4,6,013106,赤井学,,10.0,2車身,,0,0
033720260624,2026062437,3,5,7,012963,荻野哲,,9.8,3/4車身,,0,0
033720260624,2026062437,3,6,2,014525,三ッ井武,,10.0,1/2車輪,,1,0
033720260624,2026062437,3,7,5,015157,高橋大輝,,10.7,6車身,,0,0
043720260624,2026062437,4,1,7,015359,山口聖矢,差,10.0,,,0,0
043720260624,2026062437,4,2,3,015102,奥出良,捲,10.2,1車身,,0,0
043720260624,2026062437,4,3,4,013039,松山正和,,10.2,1車身,,0,0
043720260624,2026062437,4,4,1,014519,湯浅大輔,,10.4,3/4車身,,1,0
043720260624,2026062437,4,4,6,014840,石貞有基,,10.1,3/4車身,,0,0
043720260624,2026062437,4,6,2,014126,高谷敏史,,10.6,1/2車身,,0,1
043720260624,2026062437,4,7,5,014392,北村篤,,10.2,1車身1/2,,0,0
053720260624,2026062437,5,1,3,015796,川田真也,捲,10.1,,,0,1
053720260624,2026062437,5,2,1,013695,岡本英之,差,9.9,1/4車輪,,0,0
053720260624,2026062437,5,3,5,014163,内田英介,,10.0,1/8車輪,,1,0
053720260624,2026062437,5,4,2,014476,乾庄平,,9.8,1車身,,0,0
053720260624,2026062437,5,5,6,014737,河上陽一,,9.9,1車輪,,0,0
053720260624,2026062437,5,6,7,015114,谷口友真,,10.1,1車身1/2,,0,0
053720260624,2026062437,5,7,4,015099,吉竹尚城,,11.9,大差,,0,0
063720260624,2026062437,6,1,5,014461,山中秀将,捲,9.4,,,0,1
063720260624,2026062437,6,2,2,015107,田頭寛之,マ,9.4,1/2車身,,1,0
063720260624,2026062437,6,3,3,014502,相笠翔太,,9.8,5車身,,0,0
063720260624,2026062437,6,4,7,015685,小笠原一真,,9.9,1/4車輪,,0,0
063720260624,2026062437,6,5,4,013952,東鉄也,,9.6,1車身,,0,0
063720260624,2026062437,6,6,1,012164,堀政美,,10.3,7車身,,0,0
063720260624,2026062437,6,7,6,014579,齋藤一茂,,11.5,大差,,0,0
073720260624,2026062437,7,1,3,015350,山本修平,捲,9.9,,,0,0
073720260624,2026062437,7,2,5,013610,土屋仁,マ,9.8,1/4車輪,,0,0
073720260624,2026062437,7,3,2,015625,真鍋顕汰,,10.0,1車身1/2,,1,0
073720260624,2026062437,7,4,4,014223,瀧野勝太,,9.9,3/4車身,,0,0
073720260624,2026062437,7,5,7,014600,山田祥明,,9.9,1車身,,0,0
073720260624,2026062437,7,6,1,015780,小田恭介,,10.4,1車身,,0,1
073720260624,2026062437,7,7,6,014387,佐野恭太,,10.3,3/4車身,,0,0
015520260624,2026062455,1,1,2,014102,篠塚光一,差,11.9,,,1,0
015520260624,2026062455,1,2,4,015827,藤原夏志,逃,12.0,1/4車輪,,0,1
015520260624,2026062455,1,3,1,013942,大西健士,,11.8,1/2車輪,,0,0
015520260624,2026062455,1,4,3,013056,山本貴章,,11.8,1車身1/2,,0,0
015520260624,2026062455,1,5,6,013857,浅沼聖士,,11.9,1/2車輪,,0,0
015520260624,2026062455,1,6,5,013556,山信田学,,11.8,3/4車身,,0,0
015520260624,2026062455,1,7,7,012763,内村泰三,,11.7,3/4車身,,0,0
025520260624,2026062455,2,1,4,012823,遠藤勝行,差,12.0,,,0,0
025520260624,2026062455,2,2,6,015155,三浦大輝,逃,12.1,1/8車輪,,0,1
025520260624,2026062455,2,3,7,013645,川木敬大,,11.7,3/4車輪,,0,0
025520260624,2026062455,2,4,2,013209,奥谷広巳,,11.6,3/4車輪,,0,0
025520260624,2026062455,2,5,1,013621,國廣哲治,,11.9,3/4車輪,,0,0
025520260624,2026062455,2,6,5,011417,小川巧,,12.0,5車身,,0,0
025520260624,2026062455,2,7,3,015482,松本一志,,13.1,大差,,1,0
035520260624,2026062455,3,1,2,015809,高野信元,捲,11.4,,,0,0
035520260624,2026062455,3,2,6,013845,加賀美智史,捲,11.5,3/4車輪,,0,0
035520260624,2026062455,3,3,4,013716,佐藤亙,,11.3,3/4車輪,,0,0
035520260624,2026062455,3,4,3,015728,保田浩輔,,11.2,1車身,,0,0
035520260624,2026062455,3,5,1,013660,徳吉広紀,,11.7,3/4車身,,1,0
035520260624,2026062455,3,6,7,013654,滝山実,,11.2,3/4車身,,0,0
035520260624,2026062455,3,7,5,014422,前田義和,,12.1,2車身,,0,1
045520260624,2026062455,4,1,2,014248,吉川起也,捲,11.2,,,0,0
045520260624,2026062455,4,2,5,014676,柳原司,マ,11.2,1/2車身,,0,0
045520260624,2026062455,4,3,1,013058,富弥昭,,11.5,3車身,,0,0
045520260624,2026062455,4,4,7,015926,諸隈健太郎,,11.7,1車身,,0,1
045520260624,2026062455,4,5,6,015652,橋本陸,,11.4,1/2車輪,,0,0
045520260624,2026062455,4,6,4,013308,木村貴宏,,11.6,1/2車身,,1,0
045520260624,2026062455,4,7,3,014340,古川貴之,,11.2,1/4車輪,,0,0
055520260624,2026062455,5,1,5,015366,張野幸聖,逃,11.9,,,0,1
055520260624,2026062455,5,2,6,014171,深見仁哉,差,11.6,1/2車身,,0,0
055520260624,2026062455,5,3,1,013641,竹内一暢,,11.8,1/8車輪,,0,0
055520260624,2026062455,5,4,2,014634,寺崎祐樹,,11.4,3/4車身,,0,0
055520260624,2026062455,5,5,7,015658,長松大祐,,11.5,1/8車輪,,0,0
055520260624,2026062455,5,6,3,015531,深瀬泰我,,11.4,1/2車身,,0,0
055520260624,2026062455,5,7,4,013985,高橋陽介,,11.5,3車身,,0,0
065520260624,2026062455,6,1,2,015706,山田駿斗,捲,11.4,,,0,0
065520260624,2026062455,6,2,6,014082,高橋雅之,マ,11.3,1/2車身,,0,0
065520260624,2026062455,6,3,5,014839,山本巨樹,,11.4,1車輪,,0,0
065520260624,2026062455,6,4,4,014769,坂本修一,,11.5,2車身,,0,0
065520260624,2026062455,6,5,1,015450,長谷部龍一,,11.8,1/4車輪,,1,1
065520260624,2026062455,6,6,3,013593,大野悟郎,,11.4,1車身1/2,,0,0
075520260624,2026062455,7,1,2,015041,伊藤慶太郎,捲,11.4,,,0,0
075520260624,2026062455,7,2,5,015648,森本桂太郎,捲,11.6,1/2車輪,,0,0
075520260624,2026062455,7,3,7,014370,阿部大樹,,11.3,1/4車輪,,0,0
075520260624,2026062455,7,4,4,014645,三浦翔大,,11.5,2車身,,0,0
075520260624,2026062455,7,5,1,014187,大西祐,,11.9,2車身,,1,0
075520260624,2026062455,7,6,3,014995,渡邉雄太,,11.8,1/2車身,,0,0
075520260624,2026062455,7,7,6,015627,南儀拓海,,12.2,1車身1/2,,0,1
085520260624,2026062455,8,1,2,014944,栗山俊介,差,11.4,,,0,0
085520260624,2026062455,8,2,4,014523,東龍之介,差,11.1,1/2車輪,,0,0
085520260624,2026062455,8,3,7,014942,清水剛志,,11.6,3/4車身,,0,1
085520260624,2026062455,8,4,6,014582,平原啓多,,11.0,1/2車輪,,0,0
085520260624,2026062455,8,5,3,014881,山崎泰己,,11.3,1車輪,,0,0
085520260624,2026062455,8,6,5,013495,友定祐己,,11.6,1車身1/2,,0,0
085520260624,2026062455,8,7,1,014499,佐藤博紀,,11.6,1車身,,1,0
095520260624,2026062455,9,1,5,015655,一丸尚伍,逃,11.2,,,0,1
095520260624,2026062455,9,2,1,014045,吉本卓仁,マ,11.1,3/4車身,,0,0
095520260624,2026062455,9,3,4,015342,福田滉,,11.0,3/4車身,,0,0
095520260624,2026062455,9,4,7,013118,山内卓也,,11.2,1車身,,0,0
095520260624,2026062455,9,5,3,014754,横関裕樹,,11.3,1/4車輪,,1,0
095520260624,2026062455,9,6,2,014130,竹山陵太,,11.0,3/4車輪,,0,0
095520260624,2026062455,9,7,6,014716,猪狩祐樹,,11.3,4車身,,0,0
105520260624,2026062455,10,1,2,014886,山本伸一,差,11.1,,,0,0
105520260624,2026062455,10,2,5,015274,福永大智,捲,11.2,3/4車輪,,1,0
105520260624,2026062455,10,3,7,013821,中村圭志,,11.3,1車身1/2,,0,0
105520260624,2026062455,10,4,3,015129,林大悟,,11.5,1/2車身,,0,1
105520260624,2026062455,10,5,1,012887,新田康仁,,11.1,1/2車身,,0,0
105520260624,2026062455,10,6,6,015092,小林令,,11.3,1/2車身,,0,0
105520260624,2026062455,10,7,4,015326,照井拓成,,11.6,4車身,,0,0
115520260624,2026062455,11,1,7,015527,北井佑季,捲,11.6,,,0,0
115520260624,2026062455,11,2,3,014020,松坂洋平,マ,11.5,1/2車輪,,1,0
115520260624,2026062455,11,3,4,015520,桑名僚也,,11.7,1車身,,0,0
115520260624,2026062455,11,4,1,014804,横山尚則,,11.8,1/8車輪,,0,0
115520260624,2026062455,11,5,2,013961,松村友和,,11.9,1/4車輪,,0,0
115520260624,2026062455,11,6,5,014977,川口聖二,,12.2,3/4車身,,0,1
115520260624,2026062455,11,7,6,014337,佐々木翔一,,11.7,1車身1/2,,0,0
125520260624,2026062455,12,1,4,015006,石塚輪太郎,差,11.8,,,0,0
125520260624,2026062455,12,2,2,015692,松崎広太,差,11.8,1車輪,,0,0
125520260624,2026062455,12,3,6,014767,藤井栄二,,11.8,1/4車輪,,0,0
125520260624,2026062455,12,4,7,014588,柿澤大貴,,11.7,1/8車輪,,0,0
125520260624,2026062455,12,5,3,015291,山口敦也,,11.9,2車身,,0,0
125520260624,2026062455,12,6,1,015186,南潤,,12.4,2車身,,0,1
125520260624,2026062455,12,7,5,015122,島川将貴,,13.0,7車身,,1,0
012720260625,2026062527,1,1,2,015295,篠田樹,逃,12.4,,,0,1
012720260625,2026062527,1,2,5,012319,高尾剛文,マ,12.3,1/2車身,,0,0
012720260625,2026062527,1,3,1,013378,小田桐義継,,11.7,1/8車輪,,0,0
012720260625,2026062527,1,4,3,014373,鈴木雄一朗,,11.9,1/2車輪,,1,0
012720260625,2026062527,1,5,4,013470,畠山裕行,,11.9,2車身,,0,0
022720260625,2026062527,2,1,3,012299,増成富夫,捲,12.2,,,0,0
022720260625,2026062527,2,2,6,014555,水木裕聡,マ,12.2,3/4車身,,0,0
022720260625,2026062527,2,3,2,014490,永田隼一,,12.6,1/2車身,,0,1
022720260625,2026062527,2,4,4,011803,植田誠,,12.6,3/4車身,,0,0
022720260625,2026062527,2,5,5,013605,白木正彦,,12.8,7車身,,1,0
022720260625,2026062527,2,6,1,013397,鈴木龍之介,,0.0,大差,,0,0
032720260625,2026062527,3,1,5,015801,織茂雄一郎,逃,12.1,,,1,1
032720260625,2026062527,3,2,2,012348,飯田威文,マ,12.0,1/2車身,,0,0
032720260625,2026062527,3,3,3,014743,鈴木広人,,12.0,1/2車身,,0,0
032720260625,2026062527,3,4,6,013767,松丸裕紀,,11.8,微差,,0,0
032720260625,2026062527,3,5,1,013069,白川有司,,11.9,1/4車輪,,0,0
032720260625,2026062527,3,6,7,014739,里見恒平,,11.9,3/4車身,,0,0
032720260625,2026062527,3,7,4,012986,近藤直幹,,12.2,6車身,,0,0
042720260625,2026062527,4,1,4,015858,平子結菜,捲,12.4,,,0,0
042720260625,2026062527,4,2,5,014896,野口諭実可,逃,12.6,1車身1/2,,0,1
042720260625,2026062527,4,3,6,014922,田口梓乃,,12.5,3/4車身,,0,0
042720260625,2026062527,4,4,2,015673,塩田日海,,12.5,3/4車輪,,0,0
042720260625,2026062527,4,5,3,015865,豊田美香,,12.7,1/2車輪,,1,0
042720260625,2026062527,4,6,7,015133,佐藤友香,,12.7,2車身,,0,0
042720260625,2026062527,4,7,1,015860,濱田芽生,,12.9,1車身,,0,0
052720260625,2026062527,5,1,3,013980,森田康嗣,逃,12.2,,,0,1
052720260625,2026062527,5,2,4,011800,三住博昭,マ,12.1,1/4車輪,,0,0
052720260625,2026062527,5,3,2,013512,長野和弘,,12.0,1車身,,1,0
052720260625,2026062527,5,4,7,012474,小川圭二,,12.1,3/4車身,,0,0
052720260625,2026062527,5,5,1,013352,吉永和生,,12.2,3/4車身,,0,0
052720260625,2026062527,5,6,5,013013,武田靖夫,,13.1,大差,,0,0
052720260625,2026062527,5,7,6,013893,片山直人,,13.5,6車身,,0,0
062720260625,2026062527,6,1,5,013006,佐々木健司,差,12.0,,,0,0
062720260625,2026062527,6,2,2,015511,中込健太,逃,12.2,1/4車輪,,1,1
062720260625,2026062527,6,3,3,013147,米嶋賢二,,12.0,3/4車身,,0,0
062720260625,2026062527,6,4,4,014070,秋葉大輔,,11.8,1/2車身,,0,0
062720260625,2026062527,6,5,6,013663,中野功史,,12.1,2車身,,0,0
062720260625,2026062527,6,6,7,014369,中川拓也,,11.9,1/4車輪,,0,0
062720260625,2026062527,6,7,1,015045,大関祐也,,12.4,4車身,,0,0
072720260625,2026062527,7,1,7,015889,大本隆也,逃,12.3,,,0,1
072720260625,2026062527,7,2,3,013110,法月成祐,マ,12.2,1/2車身,,0,0
072720260625,2026062527,7,3,1,014513,樋口絢土,,11.9,3/4車輪,,0,0
072720260625,2026062527,7,4,4,015887,星野京旺,,12.1,3/4車輪,,1,0
072720260625,2026062527,7,5,5,011990,茂木和臣,,12.0,1車身1/2,,0,0
072720260625,2026062527,7,6,2,015918,土井慎二,,12.3,3車身,,0,0
072720260625,2026062527,7,7,6,013676,塚本諭,,12.4,3車身,,0,0
082720260625,2026062527,8,1,1,015769,松井優佳,逃,13.1,,,0,1
082720260625,2026062527,8,2,6,015669,河内桜雪,マ,13.0,3/4車輪,,0,0
082720260625,2026062527,8,3,2,014905,加瀬加奈子,,13.0,3/4車身,,0,0
082720260625,2026062527,8,4,7,015153,林真奈美,,13.1,1/2車輪,,0,0
082720260625,2026062527,8,5,3,014909,浦部郁里,,13.1,3/4車身,,1,0
082720260625,2026062527,8,6,5,015766,宮西令奈,,12.9,1/2車身,,0,0
082720260625,2026062527,8,7,4,015140,鈴木彩夏,,13.0,3/4車身,,0,0
092720260625,2026062527,9,1,1,014233,西村行貴,捲,11.9,,,0,0
092720260625,2026062527,9,2,3,015338,土田栄二,逃,12.5,3/4車輪,,1,1
092720260625,2026062527,9,3,2,013827,佐藤雅彦,,12.1,1車身1/2,,0,0
092720260625,2026062527,9,4,5,015255,樋口開土,,11.9,1車身,,0,0
092720260625,2026062527,9,5,4,015548,白井優太朗,,12.4,1車身,,0,0
092720260625,2026062527,9,6,6,012861,小坂敏之,,12.0,3/4車身,,0,0
092720260625,2026062527,9,7,7,014277,山口慎吾,,12.7,6車身,,0,0
102720260625,2026062527,10,1,1,014556,小川祐司,捲,11.7,,,0,0
102720260625,2026062527,10,2,4,014888,佐藤健太,マ,11.7,3/4車身,,0,0
102720260625,2026062527,10,3,7,012590,山崎敦雄,,12.1,5車身,,0,0
102720260625,2026062527,10,4,2,015351,宮下一歩,,12.4,3/4車身,,1,1
102720260625,2026062527,10,5,3,013112,佐藤明,,12.1,1/8車輪,,0,0
102720260625,2026062527,10,6,5,015792,貝原涼太,,12.1,1/2車輪,,0,0
102720260625,2026062527,10,7,6,012649,山本恵太郎,,12.7,9車身,,0,0
112720260625,2026062527,11,1,1,015529,塚本瑠羽,捲,11.4,,,0,0
112720260625,2026062527,11,2,5,014730,中田健太,差,11.5,1車身1/2,,1,0
112720260625,2026062527,11,3,7,014466,二藤元太,,11.4,タイヤ,,0,0
112720260625,2026062527,11,4,4,015747,長松空吾,,11.7,3/4車身,,0,1
112720260625,2026062527,11,5,3,012380,近藤修康,,12.1,5車身,,0,0
112720260625,2026062527,11,6,2,015423,上川直紀,,12.0,1車身1/2,,0,0
112720260625,2026062527,11,7,6,015372,野上竜太,,12.5,2車身,,0,0
013720260625,2026062537,1,1,3,015777,谷元音羽,差,10.7,,,0,0
013720260625,2026062537,1,2,2,015135,荒川ひかり,マ,10.6,1/4車輪,,0,0
013720260625,2026062537,1,3,4,015957,成海綾香,,10.9,3/4車身,,0,0
013720260625,2026062537,1,4,1,015945,橋本のこ,,11.3,4車身,,0,1
013720260625,2026062537,1,5,5,015856,野寺梓,,11.0,3/4車身,,1,0
023720260625,2026062537,2,1,7,014579,齋藤一茂,逃,10.4,,,0,1
023720260625,2026062537,2,2,3,014525,三ッ井武,マ,10.3,1/4車輪,,0,0
023720260625,2026062537,2,3,4,012963,荻野哲,,10.3,1車身1/2,,0,0
023720260625,2026062537,2,4,6,014519,湯浅大輔,,10.3,3車身,,0,0
023720260625,2026062537,2,5,2,013106,赤井学,,10.3,3/4車身,,1,0
023720260625,2026062537,2,6,1,014392,北村篤,,10.5,3車身,,0,0
023720260625,2026062537,2,7,5,012598,大庭正紀,,11.3,9車身,,0,0
033720260625,2026062537,3,1,7,015099,吉竹尚城,逃,10.1,,,0,1
033720260625,2026062537,3,2,1,014387,佐野恭太,マ,10.0,3/4車身,,0,0
033720260625,2026062537,3,3,5,013039,松山正和,,10.0,3/4車身,,1,0
033720260625,2026062537,3,4,6,014840,石貞有基,,10.0,3/4車身,,0,0
033720260625,2026062537,3,5,3,014126,高谷敏史,,9.9,1/2車身,,0,0
033720260625,2026062537,3,6,2,014091,伊原弘幸,,10.0,2車身,,0,0
033720260625,2026062537,3,7,4,015157,高橋大輝,,11.3,大差,,0,0
043720260625,2026062537,4,1,2,015114,谷口友真,差,10.0,,,0,0
043720260625,2026062537,4,2,7,015275,伊藤歩登,逃,10.3,1/2車輪,,0,1
043720260625,2026062537,4,3,4,014600,山田祥明,,10.0,3/4車身,,0,0
043720260625,2026062537,4,4,3,015359,山口聖矢,,10.0,1車身1/2,,0,0
043720260625,2026062537,4,5,5,015780,小田恭介,,10.2,3/4車身,,0,0
043720260625,2026062537,4,6,6,014223,瀧野勝太,,10.1,3/4車身,,0,0
043720260625,2026062537,4,7,1,014502,相笠翔太,,10.3,3車身,,0,0
053720260625,2026062537,5,1,5,015685,小笠原一真,逃,9.9,,,0,1
053720260625,2026062537,5,2,2,014163,内田英介,マ,9.8,3/4車身,,1,0
053720260625,2026062537,5,3,7,012164,堀政美,,9.9,2車身,,0,0
053720260625,2026062537,5,4,3,014476,乾庄平,,9.8,3/4車輪,,0,0
053720260625,2026062537,5,5,6,014737,河上陽一,,9.8,1車身1/2,,0,0
053720260625,2026062537,5,6,1,013952,東鉄也,,9.9,3車身,,0,0
053720260625,2026062537,5,7,4,015102,奥出良,,10.0,1車輪,,0,0
063720260625,2026062537,6,1,4,015486,岡本二菜,差,10.5,,,0,0
063720260625,2026062537,6,2,2,015406,吉岡詩織,逃,10.8,1/2車輪,,0,1
063720260625,2026062537,6,3,3,015017,青木美優,,10.7,3/4車身,,1,0
063720260625,2026062537,6,4,1,015487,永塚祐子,,10.6,3/4車輪,,0,0
063720260625,2026062537,6,5,6,015504,西島叶子,,10.5,3/4車身,,0,0
063720260625,2026062537,6,6,7,015864,田野口佳奈,,10.7,3車身,,0,0
063720260625,2026062537,6,7,5,015854,伊澤茉那,,11.2,4車身,,0,0
073720260625,2026062537,7,1,3,015625,真鍋顕汰,捲,9.4,,,0,1
073720260625,2026062537,7,2,1,014461,山中秀将,捲,9.9,6車身,,0,0
073720260625,2026062537,7,3,6,013610,土屋仁,,10.0,3車身,,1,0
073720260625,2026062537,7,4,2,015350,山本修平,,10.1,1/2車輪,,0,0
073720260625,2026062537,7,5,4,013695,岡本英之,,10.1,3車身,,0,0
073720260625,2026062537,7,6,5,015796,川田真也,,11.3,大差,,0,0
073720260625,2026062537,7,7,7,015107,田頭寛之,,10.9,3車身,,0,0
015520260625,2026062555,1,1,7,013209,奥谷広巳,差,12.1,,,0,0
015520260625,2026062555,1,2,2,015273,中武三四郎,逃,12.3,1/2車身,,1,1
015520260625,2026062555,1,3,4,013942,大西健士,,12.1,1/2車身,,0,0
015520260625,2026062555,1,4,1,013056,山本貴章,,12.0,3/4車輪,,0,0
015520260625,2026062555,1,5,5,012763,内村泰三,,12.3,3/4車身,,0,0
015520260625,2026062555,1,6,3,013621,國廣哲治,,12.3,4車身,,0,0
015520260625,2026062555,1,7,6,015482,松本一志,,13.8,大差,,0,0
025520260625,2026062555,2,1,2,014422,前田義和,捲,11.6,,,0,1
025520260625,2026062555,2,2,7,014340,古川貴之,マ,11.4,微差,,0,0
025520260625,2026062555,2,3,4,011417,小川巧,,11.4,2車身,,0,0
025520260625,2026062555,2,4,3,013645,川木敬大,,11.3,微差,,0,0
025520260625,2026062555,2,5,5,013857,浅沼聖士,,11.3,1車身1/2,,0,0
025520260625,2026062555,2,6,1,013556,山信田学,,11.3,1車身1/2,,0,0
025520260625,2026062555,2,7,6,014603,佐野洋継,,11.7,1車輪,,1,0
035520260625,2026062555,3,1,6,015652,橋本陸,捲,11.5,,,0,1
035520260625,2026062555,3,2,1,015531,深瀬泰我,逃,11.7,4車身,,1,0
035520260625,2026062555,3,3,7,015728,保田浩輔,,11.5,1/4車輪,,0,0
035520260625,2026062555,3,4,5,012823,遠藤勝行,,11.7,1車輪,,0,0
035520260625,2026062555,3,5,2,013654,滝山実,,11.4,1車輪,,0,0
035520260625,2026062555,3,6,3,013641,竹内一暢,,11.4,2車身,,0,0
035520260625,2026062555,3,7,4,014634,寺崎祐樹,,12.0,1車身1/2,,0,0
045520260625,2026062555,4,1,3,013058,富弥昭,差,11.6,,,0,0
045520260625,2026062555,4,2,5,015926,諸隈健太郎,逃,11.8,1/2車輪,,0,1
045520260625,2026062555,4,3,2,013308,木村貴宏,,11.5,3/4車輪,,1,0
045520260625,2026062555,4,4,1,015658,長松大祐,,11.4,3/4車身,,0,0
045520260625,2026062555,4,5,6,015155,三浦大輝,,11.5,3/4車身,,0,0
045520260625,2026062555,4,6,4,013660,徳吉広紀,,11.4,1/2車輪,,0,0
045520260625,2026062555,4,7,7,014102,篠塚光一,,11.5,2車身,,0,0
055520260625,2026062555,5,1,2,013495,友定祐己,差,11.2,,,0,0
055520260625,2026062555,5,2,3,015648,森本桂太郎,逃,11.4,1/2車身,,0,1
055520260625,2026062555,5,3,5,014881,山崎泰己,,11.2,1/2車身,,1,0
055520260625,2026062555,5,4,6,015342,福田滉,,11.1,1/2車身,,0,0
055520260625,2026062555,5,5,4,013593,大野悟郎,,11.1,2車身,,0,0
055520260625,2026062555,5,6,1,014370,阿部大樹,,11.5,5車身,,0,0
065520260625,2026062555,6,1,2,014769,坂本修一,差,11.4,,,0,0
065520260625,2026062555,6,2,1,015627,南儀拓海,マ,11.3,1車輪,,0,0
065520260625,2026062555,6,3,4,014130,竹山陵太,,11.0,3/4車輪,,1,0
065520260625,2026062555,6,4,5,014187,大西祐,,11.8,3/4車身,,0,1
065520260625,2026062555,6,5,3,014645,三浦翔大,,11.3,1/2車身,,0,0
065520260625,2026062555,6,6,6,013118,山内卓也,,11.5,3車身,,0,0
075520260625,2026062555,7,1,5,015450,長谷部龍一,差,11.3,,,0,0
075520260625,2026062555,7,2,1,014716,猪狩祐樹,捲,11.4,1車輪,,0,1
075520260625,2026062555,7,3,2,014754,横関裕樹,,11.3,1/2車輪,,1,0
075520260625,2026062555,7,4,3,014582,平原啓多,,11.3,1/2車身,,0,0
075520260625,2026062555,7,5,6,014839,山本巨樹,,11.2,1車輪,,0,0
075520260625,2026062555,7,6,4,014082,高橋雅之,,11.1,1車輪,,0,0
085520260625,2026062555,8,1,3,015655,一丸尚伍,捲,11.2,,,0,1
085520260625,2026062555,8,2,7,015326,照井拓成,捲,11.0,1車身1/2,,0,0
085520260625,2026062555,8,3,6,015092,小林令,,11.0,1車身,,0,0
085520260625,2026062555,8,4,2,014523,東龍之介,,11.4,1車輪,,0,0
085520260625,2026062555,8,5,5,015291,山口敦也,,11.4,1/2車輪,,1,0
085520260625,2026062555,8,6,4,014337,佐々木翔一,,11.4,1車身1/2,,0,0
085520260625,2026062555,8,7,1,015122,島川将貴,,12.6,大差,,0,0
095520260625,2026062555,9,1,7,015129,林大悟,捲,11.2,,,0,0
095520260625,2026062555,9,2,3,014045,吉本卓仁,マ,11.1,1/8車輪,,0,0
095520260625,2026062555,9,3,4,014942,清水剛志,,11.5,3車身,,1,0
095520260625,2026062555,9,4,5,014944,栗山俊介,,11.3,1/8車輪,,0,0
095520260625,2026062555,9,5,2,014977,川口聖二,,11.6,3/4車輪,,0,1
095520260625,2026062555,9,6,1,014588,柿澤大貴,,11.3,3/4車身,,0,0
095520260625,2026062555,9,7,6,015041,伊藤慶太郎,,13.8,大差,,0,0
105520260625,2026062555,10,1,6,014767,藤井栄二,差,11.3,,,1,0
105520260625,2026062555,10,2,5,015186,南潤,逃,11.4,1/4車輪,,0,1
105520260625,2026062555,10,3,1,013961,松村友和,,11.3,1車身,,0,0
105520260625,2026062555,10,4,4,015706,山田駿斗,,11.2,3/4車身,,0,0
105520260625,2026062555,10,5,7,014804,横山尚則,,10.9,1/2車輪,,0,0
105520260625,2026062555,10,6,2,012887,新田康仁,,11.1,1/4車輪,,0,0
105520260625,2026062555,10,7,3,015520,桑名僚也,,11.0,2車身,,0,0
115520260625,2026062555,11,1,4,014248,吉川起也,捲,11.3,,,0,0
115520260625,2026062555,11,2,3,015809,高野信元,捲,11.5,1車身1/2,,0,1
115520260625,2026062555,11,3,5,013716,佐藤亙,,11.5,1車身,,0,0
115520260625,2026062555,11,4,7,014676,柳原司,,11.5,3/4車身,,0,0
115520260625,2026062555,11,5,2,013845,加賀美智史,,11.4,3/4車身,,0,0
115520260625,2026062555,11,6,6,014171,深見仁哉,,11.5,3/4車身,,0,0
115520260625,2026062555,11,7,1,015366,張野幸聖,,12.8,大差,,1,0
125520260625,2026062555,12,1,3,015692,松崎広太,捲,11.1,,,0,0
125520260625,2026062555,12,2,5,014886,山本伸一,捲,11.4,2車身,,0,0
125520260625,2026062555,12,3,4,013821,中村圭志,,11.7,5車身,,0,0
125520260625,2026062555,12,4,6,015527,北井佑季,,12.1,1車輪,,0,1
125520260625,2026062555,12,5,1,015006,石塚輪太郎,,11.5,1/4車輪,,0,0
125520260625,2026062555,12,6,7,015274,福永大智,,12.5,5車身,,1,0
125520260625,2026062555,12,0,2,014020,松坂洋平,,0.0,,失格,0,0
011220260625,2026062512,1,1,1,014218,邊見斎,差,12.4,,,1,0
011220260625,2026062512,1,2,4,014666,等々力久就,逃,12.6,1/2車輪,,0,1
011220260625,2026062512,1,3,2,014526,渡辺馨,,12.4,1車身,,0,0
011220260625,2026062512,1,4,3,014033,藤縄洋介,,12.1,3/4車身,,0,0
011220260625,2026062512,1,5,6,012783,平澤秀信,,12.4,1/2車輪,,0,0
011220260625,2026062512,1,6,7,012436,渡邊秀明,,12.4,4車身,,0,0
011220260625,2026062512,1,7,5,015112,日浦崇道,,13.0,5車身,,0,0
021220260625,2026062512,2,1,2,015047,加藤健一,逃,12.8,,,1,1
021220260625,2026062512,2,2,4,013399,塚本勝士,捲,12.6,3/4車輪,,0,0
021220260625,2026062512,2,3,1,012193,井手尚治,,12.8,1/2車輪,,0,0
021220260625,2026062512,2,4,5,011142,小林宏年,,12.7,1/4車輪,,0,0
021220260625,2026062512,2,5,3,013788,白崎芳典,,12.6,1車身1/2,,0,0
021220260625,2026062512,2,6,7,013905,藤原義晴,,12.6,1車身,,0,0
021220260625,2026062512,2,7,6,014251,関谷哲平,,16.2,大差,,0,0
031220260625,2026062512,3,1,1,014216,田村純一,捲,11.9,,,1,0
031220260625,2026062512,3,2,7,014678,樋口有樹郎,差,12.1,2車身,,0,0
031220260625,2026062512,3,3,2,013525,亀井道佳,,12.1,2車身,,0,0
031220260625,2026062512,3,4,5,013684,吉橋秀城,,12.5,3/4車輪,,0,0
031220260625,2026062512,3,5,4,012725,浦山一栄,,12.7,1/2車身,,0,1
031220260625,2026062512,3,6,6,012934,煤賀隆幸,,12.0,1/4車輪,,0,0
031220260625,2026062512,3,7,3,011715,黒木誠一,,12.7,4車身,,0,0
041220260625,2026062512,4,1,1,015899,加藤駿,捲,12.4,,,1,0
041220260625,2026062512,4,2,4,013264,山中貴雄,マ,12.5,2車身,,0,0
041220260625,2026062512,4,3,6,014932,浦野慈生,,12.7,4車身,,0,0
041220260625,2026062512,4,4,5,012005,藤田和彦,,12.9,2車身,,0,0
041220260625,2026062512,4,5,7,013692,佐野多喜男,,13.2,3/4車身,,0,0
041220260625,2026062512,4,6,2,014443,堀内昇,,13.5,3/4車身,,0,1
041220260625,2026062512,4,7,3,014006,青木亮太,,13.4,1/2車輪,,0,0
051220260625,2026062512,5,1,1,015874,角田吏,逃,12.4,,,1,1
051220260625,2026062512,5,2,3,012681,辻力,差,12.2,1車身,,0,0
051220260625,2026062512,5,3,2,013521,中野良,,12.3,1/2車身,,0,0
051220260625,2026062512,5,4,7,012277,井上典善,,12.2,2車身,,0,0
051220260625,2026062512,5,5,6,014661,駒井大輔,,12.4,1車身1/2,,0,0
051220260625,2026062512,5,6,5,013261,柴田昌樹,,13.2,4車身,,0,0
051220260625,2026062512,5,7,4,014533,加藤正法,,16.1,大差,,0,0
061220260625,2026062512,6,1,1,015871,三浦生誠,逃,11.9,,,1,1
061220260625,2026062512,6,2,3,014503,真船拓磨,差,11.8,1車身1/2,,0,0
061220260625,2026062512,6,3,2,012708,野木義規,,11.9,1/4車輪,,0,0
061220260625,2026062512,6,4,5,014697,相川巧,,11.7,1車身1/2,,0,0
061220260625,2026062512,6,5,4,011790,廣川貞治,,11.6,1車身,,0,0
061220260625,2026062512,6,6,7,011821,中川博文,,11.9,1車身1/2,,0,0
061220260625,2026062512,6,7,6,015105,大崎龍一郎,,11.9,1車身1/2,,0,0
071220260625,2026062512,7,1,1,015879,西本健三郎,逃,12.3,,,1,1
071220260625,2026062512,7,2,3,012496,中村淳,マ,12.3,3/4車輪,,0,0
071220260625,2026062512,7,3,6,012346,宮原貴之,,12.2,1車身,,0,0
071220260625,2026062512,7,4,4,013421,富澤洋祐,,12.1,3/4車輪,,0,0
071220260625,2026062512,7,5,7,013531,伊藤司,,12.0,1車身1/2,,0,0
071220260625,2026062512,7,6,5,014381,吉澤賢,,12.2,1車身,,0,0
071220260625,2026062512,7,7,2,014276,坂本敏也,,12.5,2車身,,0,0
013120260625,2026062531,1,1,3,014321,石坂永伍,差,9.8,,,0,0
013120260625,2026062531,1,2,7,015922,中田拓也,逃,10.0,1/4車輪,,0,1
013120260625,2026062531,1,3,6,014227,緒方剛,,9.8,1車身,,1,0
013120260625,2026062531,1,4,2,015414,大森光明,,9.9,3/4車身,,0,0
013120260625,2026062531,1,5,5,012431,會田正一,,9.7,3/4車輪,,0,0
013120260625,2026062531,1,6,4,014204,大崎和也,,9.7,1車身,,0,0
013120260625,2026062531,1,7,1,015705,鳥海創,,10.3,4車身,,0,0
023120260625,2026062531,2,1,5,015701,石田典大,逃,10.0,,,0,1
023120260625,2026062531,2,2,6,014012,関智晴,差,9.9,1/2車身,,0,0
023120260625,2026062531,2,3,7,015565,入江航太,,9.9,1車身,,1,0
023120260625,2026062531,2,4,1,012809,高峰賢治,,10.2,1車輪,,0,0
023120260625,2026062531,2,5,3,012379,小林健,,9.9,3/4車身,,0,0
023120260625,2026062531,2,6,2,015617,添田龍児,,10.3,3/4車身,,0,0
023120260625,2026062531,2,7,4,013036,深澤伸介,,10.1,2車身,,0,0
033120260625,2026062531,3,1,3,015611,長谷川飛向,捲,9.6,,,0,1
033120260625,2026062531,3,2,5,012336,高谷雅彦,マ,9.6,1車身,,1,0
033120260625,2026062531,3,3,4,015057,小林史也,,9.9,4車身,,0,0
033120260625,2026062531,3,4,7,013914,小谷田公則,,9.8,1/4車輪,,0,0
033120260625,2026062531,3,5,2,013479,田中秀治,,10.4,大差,,0,0
033120260625,2026062531,3,6,6,014492,飯塚隼人,,10.5,3/4車輪,,0,0
033120260625,2026062531,3,7,1,012389,岡崎昭次,,10.4,1/2車輪,,0,0
043120260625,2026062531,4,1,2,013976,明田春喜,差,10.4,,,0,0
043120260625,2026062531,4,2,7,015781,齊藤英伊須,逃,10.5,3/4車輪,,0,1
043120260625,2026062531,4,3,3,015722,竹澤雅也,,10.3,3/4車身,,0,0
043120260625,2026062531,4,4,4,012298,星島太,,10.4,タイヤ,,0,0
043120260625,2026062531,4,5,6,012206,白井一機,,10.3,3/4車身,,0,0
043120260625,2026062531,4,6,1,012924,太田黒大心,,10.7,2車身,,1,0
043120260625,2026062531,4,7,5,014267,一ノ瀬匠,,12.2,大差,,0,0
053120260625,2026062531,5,1,4,013497,藤田昌宏,逃,10.3,,,0,1
053120260625,2026062531,5,2,2,014822,関根健太郎,マ,10.2,1/4車輪,,0,0
053120260625,2026062531,5,3,7,015460,仲野結音,,10.0,1/2車輪,,0,0
053120260625,2026062531,5,4,1,013582,肥後尚己,,9.8,1/4車輪,,1,0
053120260625,2026062531,5,5,6,013571,小林信晴,,9.8,1車身1/2,,0,0
053120260625,2026062531,5,6,5,013936,小埜正義,,10.2,微差,,0,0
053120260625,2026062531,5,7,3,015299,曽我圭佑,,10.2,1車身,,0,0
063120260625,2026062531,6,1,1,015370,城戸俊潔,捲,9.4,,,1,0
063120260625,2026062531,6,2,4,015458,貴志修己,捲,9.7,1/2車輪,,0,0
063120260625,2026062531,6,3,2,014427,佐藤和也,,9.9,2車身,,0,0
063120260625,2026062531,6,4,5,015322,磯島成介,,10.1,3/4車身,,0,1
063120260625,2026062531,6,5,3,013959,鷲田佳史,,9.8,1/2車輪,,0,0
063120260625,2026062531,6,6,7,014307,谷田泰平,,9.7,1/4車輪,,0,0
063120260625,2026062531,6,7,6,014326,福島栄一,,9.6,2車身,,0,0
073120260625,2026062531,7,1,3,014786,本郷雄三,捲,9.9,,,0,0
073120260625,2026062531,7,2,4,013886,大屋健司,捲,10.0,1車身1/2,,0,0
073120260625,2026062531,7,3,1,015049,菅原大也,,9.9,1車輪,,0,0
073120260625,2026062531,7,4,7,014081,田中晴基,,10.0,3/4車輪,,1,0
073120260625,2026062531,7,5,5,014137,房州輝也,,9.9,1/8車輪,,0,0
073120260625,2026062531,7,6,6,015741,堀川敬太郎,,10.9,7車身,,0,1
073120260625,2026062531,7,7,2,015120,竹内翼,,11.7,大差,,0,0
083120260625,2026062531,8,1,4,013850,山賀雅仁,差,9.8,,,0,0
083120260625,2026062531,8,2,1,015352,原田亮太,逃,10.0,1/4車輪,,1,1
083120260625,2026062531,8,3,6,014740,須藤悟,,9.8,3/4車身,,0,0
083120260625,2026062531,8,4,7,014576,中田雄喜,,9.8,6車身,,0,0
083120260625,2026062531,8,5,5,015064,吉武信太朗,,10.1,2車身,,0,0
083120260625,2026062531,8,6,3,013741,高原仁志,,10.1,3/4車身,,0,0
083120260625,2026062531,8,0,2,015687,立花昌也,,0.0,,失格,0,0
093120260625,2026062531,9,1,3,015522,堀江省吾,逃,10.0,,,0,1
093120260625,2026062531,9,2,7,014004,松永将,マ,9.9,1/2車輪,,0,0
093120260625,2026062531,9,3,2,014384,佐藤龍二,,9.8,1車身,,0,0
093120260625,2026062531,9,4,4,015262,内山雅貴,,9.9,1/4車輪,,0,0
093120260625,2026062531,9,5,6,015552,上野雅彦,,9.5,1/4車輪,,0,0
093120260625,2026062531,9,6,5,013070,高木和仁,,9.8,1車身1/2,,0,0
093120260625,2026062531,9,7,1,015296,上田尭弥,,10.0,1車身1/2,,1,0
103120260625,2026062531,10,1,4,015043,大矢崇弘,差,10.2,,,0,0
103120260625,2026062531,10,2,5,013994,杉山悠也,マ,10.1,1/2車輪,,0,0
103120260625,2026062531,10,3,7,015572,田村大,,10.1,1/2車輪,,0,0
103120260625,2026062531,10,4,1,015604,安彦統賀,,10.4,1車輪,,0,1
103120260625,2026062531,10,5,3,015717,児玉虎之介,,10.3,1車身,,0,0
103120260625,2026062531,10,0,2,015386,阪本和也,,0.0,,落車,1,0
103120260625,2026062531,10,0,6,013330,舘泰守,,0.0,,落車,0,0
113120260625,2026062531,11,1,4,015749,佐藤壮志,捲,9.7,,,0,1
113120260625,2026062531,11,2,3,015442,仁藤秀,マ,9.9,3車身,,0,0
113120260625,2026062531,11,3,2,015420,梁島邦友,,9.9,3/4車身,,1,0
113120260625,2026062531,11,4,5,013808,坂本健太郎,,10.0,2車身,,0,0
113120260625,2026062531,11,5,6,015519,小池千啓,,9.9,3/4車輪,,0,0
113120260625,2026062531,11,6,1,012519,藤原誠,,10.0,1/2車身,,0,0
113120260625,2026062531,11,7,7,015176,望月一成,,11.2,9車身,,0,0
123120260625,2026062531,12,1,7,012939,伏見俊昭,差,9.5,,,0,0
123120260625,2026062531,12,2,1,014356,佐藤一伸,捲,9.6,1/4車輪,,1,1
123120260625,2026062531,12,3,6,015183,小森貴大,,9.5,3/4車身,,0,0
123120260625,2026062531,12,4,3,014940,谷口遼平,,9.8,2車身,,0,0
123120260625,2026062531,12,5,2,014322,片岡迪之,,10.5,6車身,,0,0
123120260625,2026062531,12,6,5,014846,久米康平,,10.6,1車身1/2,,0,0
123120260625,2026062531,12,7,4,015516,木村皆斗,,10.6,3/4車輪,,0,0
014420260625,2026062544,1,1,1,015578,飯田風音,捲,12.3,,,0,0
014420260625,2026062544,1,2,3,015764,宇野紅音,逃,12.6,2車身,,0,1
014420260625,2026062544,1,3,5,015319,橋本佳耶,,12.5,3/4車輪,,1,0
014420260625,2026062544,1,4,2,015584,西脇美唯奈,,12.4,1/8車輪,,0,0
014420260625,2026062544,1,5,4,015399,高木佑真,,12.6,1車身,,0,0
014420260625,2026062544,1,6,7,015681,三谷尚子,,12.4,1/2車輪,,0,0
014420260625,2026062544,1,7,6,014967,杉沢毛伊子,,12.8,5車身,,0,0
024420260625,2026062544,2,1,1,015765,竹野百香,逃,12.6,,,0,1
024420260625,2026062544,2,2,2,015023,石井貴子,捲,12.5,1/8車輪,,0,0
024420260625,2026062544,2,3,5,015573,蛯原杏奈,,12.5,1車身,,0,0
024420260625,2026062544,2,4,4,015773,枝光美奈,,12.7,3/4車身,,1,0
024420260625,2026062544,2,5,3,015220,鈴木美教,,12.6,3車身,,0,0
024420260625,2026062544,2,6,7,015223,中西叶美,,12.9,3/4車身,,0,0
024420260625,2026062544,2,7,6,015950,石田春海,,12.7,1/2車身,,0,0
034420260625,2026062544,3,1,1,015895,鈴木小次廊,逃,12.6,,,1,1
034420260625,2026062544,3,2,4,013109,志村正洋,マ,12.5,1/8車輪,,0,0
034420260625,2026062544,3,3,5,014010,長谷川辰徳,,12.4,1/4車輪,,0,0
034420260625,2026062544,3,4,7,014855,東隆之,,12.3,3/4車身,,0,0
034420260625,2026062544,3,5,3,014880,野見泰要,,12.2,1車身,,0,0
034420260625,2026062544,3,6,6,011741,澤亀浩司,,12.2,3/4車身,,0,0
034420260625,2026062544,3,0,2,013964,高田大輔,,0.0,,欠車,0,0
044420260625,2026062544,4,1,3,015542,中嶋樹,捲,12.0,,,0,0
044420260625,2026062544,4,2,6,014430,橋本祐司,差,12.0,1車身,,0,0
044420260625,2026062544,4,3,1,015054,谷本奨輝,,12.3,3/4車身,,0,1
044420260625,2026062544,4,4,4,012530,池上孝之,,12.0,3/4車輪,,0,0
044420260625,2026062544,4,5,2,013784,太田雅之,,12.2,1車輪,,0,0
044420260625,2026062544,4,6,5,013573,高野輝彰,,12.3,3車身,,0,0
044420260625,2026062544,4,7,7,014798,三浦平志郎,,13.8,大差,,0,0
054420260625,2026062544,5,1,1,015884,秋山太洋,捲,11.9,,,1,1
054420260625,2026062544,5,2,3,014257,岡崎克政,逃,12.3,6車身,,0,0
054420260625,2026062544,5,3,4,014550,龍門慎太郎,,12.2,1/8車輪,,0,0
054420260625,2026062544,5,4,5,013063,赤松秀展,,12.2,1車身,,0,0
054420260625,2026062544,5,5,2,014516,村松俊弥,,12.5,2車身,,0,0
054420260625,2026062544,5,6,6,012101,山城光央,,13.1,大差,,0,0
054420260625,2026062544,5,7,7,012824,梶原亜湖,,13.0,3/4車身,,0,0
064420260625,2026062544,6,1,2,014780,古川大輔,捲,11.9,,,0,0
064420260625,2026062544,6,2,1,015898,岩原健馬,逃,12.4,1/2車身,,1,1
064420260625,2026062544,6,3,3,013480,林洋二,,12.4,3/4車身,,0,0
064420260625,2026062544,6,4,4,013887,沖本尚織,,12.0,1/4車輪,,0,0
064420260625,2026062544,6,5,7,013781,服部正継,,12.3,1/4車輪,,0,0
064420260625,2026062544,6,6,6,013023,吉田英二,,12.1,1車身1/2,,0,0
064420260625,2026062544,6,7,5,014694,前島恭平,,14.0,大差,,0,0
074420260625,2026062544,7,1,1,015828,秋末蓮,逃,12.0,,,1,1
074420260625,2026062544,7,2,3,014099,坂本佳憲,マ,12.0,3/4車身,,0,0
074420260625,2026062544,7,3,2,014124,石田宏樹,,11.7,1/2車身,,0,0
074420260625,2026062544,7,4,5,012677,花村直人,,11.9,1車輪,,0,0
074420260625,2026062544,7,5,6,013375,五反田豊和,,12.3,7車身,,0,0
074420260625,2026062544,7,6,7,013513,南和夫,,12.3,2車身,,0,0
074420260625,2026062544,7,7,4,013030,梶山大輔,,13.6,大差,,0,0
014620260625,2026062546,1,1,5,015754,成海大聖,捲,10.1,,,0,0
014620260625,2026062546,1,2,1,014270,小原将通,マ,10.0,1/2車身,,0,0
014620260625,2026062546,1,3,4,013473,大塚英伸,,10.2,3/4車輪,,0,0
014620260625,2026062546,1,4,3,013760,矢口啓一郎,,10.4,3/4車身,,1,1
014620260625,2026062546,1,5,2,014520,伊藤彰規,,9.8,タイヤ,,0,0
014620260625,2026062546,1,6,7,012550,荒木真慈,,10.1,1車身,,0,0
014620260625,2026062546,1,7,6,014328,藤田洋平,,9.8,1/8車輪,,0,0
024620260625,2026062546,2,1,1,015818,佐藤大地,逃,9.6,,,1,1
024620260625,2026062546,2,2,4,014673,松田大,マ,9.5,1車身,,0,0
024620260625,2026062546,2,3,7,013580,河村章憲,,9.5,3/4車身,,0,0
024620260625,2026062546,2,4,5,012326,國武耕二,,9.4,3/4車輪,,0,0
024620260625,2026062546,2,5,2,013179,飯島淳,,9.5,3車身,,0,0
024620260625,2026062546,2,6,6,012416,櫻井紀幸,,9.5,1車身1/2,,0,0
024620260625,2026062546,2,7,3,015481,山川奨太,,10.1,4車身,,0,0
034620260625,2026062546,3,1,7,015001,堀兼壽,捲,9.6,,,0,0
034620260625,2026062546,3,2,1,015108,吉田篤史,マ,9.6,2車身,,0,0
034620260625,2026062546,3,3,2,013902,岩崎将士,,9.9,1車身1/2,,1,0
034620260625,2026062546,3,4,3,014561,高橋義秋,,9.4,3/4車身,,0,0
034620260625,2026062546,3,5,6,013469,野村純宏,,9.7,1車身,,0,0
034620260625,2026062546,3,6,5,014280,井上公利,,10.3,1/4車輪,,0,1
034620260625,2026062546,3,7,4,013594,高田真幸,,11.8,大差,,0,0
044620260625,2026062546,4,1,1,014984,會澤龍,捲,10.0,,,0,1
044620260625,2026062546,4,2,2,014674,丹波孝佑,逃,10.3,4車身,,1,0
044620260625,2026062546,4,3,5,014651,須永勝太,,10.7,6車身,,0,0
044620260625,2026062546,4,4,7,012684,四宮哲郎,,11.4,6車身,,0,0
044620260625,2026062546,4,5,6,014411,小谷文康,,11.3,8車身,,0,0
044620260625,2026062546,4,0,3,013354,國村洋,,0.0,,失格,0,0
044620260625,2026062546,4,0,4,015927,長野魅切,,0.0,,落車,0,0
054620260625,2026062546,5,1,3,013640,西村豊,差,9.8,,,0,0
054620260625,2026062546,5,2,5,015174,菊池竣太朗,捲,9.9,3/4車輪,,0,0
054620260625,2026062546,5,3,1,015194,船瀬惇平,,10.2,3/4車身,,0,1
054620260625,2026062546,5,4,6,014455,小野裕次,,9.7,1/4車輪,,1,0
054620260625,2026062546,5,5,2,014371,岡光良,,9.9,微差,,0,0
054620260625,2026062546,5,6,7,013650,吉本哲郎,,10.2,1車身1/2,,0,0
054620260625,2026062546,5,7,4,015626,近谷涼,,10.4,2車身,,0,0
064620260625,2026062546,6,1,2,015418,原大智,捲,9.7,,,0,1
064620260625,2026062546,6,2,4,015239,佐々木堅次,マ,9.6,1/4車輪,,0,0
064620260625,2026062546,6,3,1,014548,棚橋勉,,9.9,3車身,,1,0
064620260625,2026062546,6,4,6,015118,木村幸希,,9.8,1車身,,0,0
064620260625,2026062546,6,5,5,015546,山根将太,,10.4,3車身,,0,0
064620260625,2026062546,6,6,7,014309,水谷好宏,,10.1,3車身,,0,0
064620260625,2026062546,6,7,3,015361,高田修汰,,11.0,4車身,,0,0
074620260625,2026062546,7,1,5,015605,加藤将武,捲,9.9,,,0,1
074620260625,2026062546,7,2,2,014221,古川尚耶,マ,9.8,1車輪,,0,0
074620260625,2026062546,7,3,7,015378,今野有樹,,9.8,3/4車輪,,0,0
074620260625,2026062546,7,4,4,013045,岩本和也,,10.1,3車身,,0,0
074620260625,2026062546,7,5,3,015725,青木瑞樹,,10.2,2車身,,0,0
074620260625,2026062546,7,6,1,015624,小西晴己,,10.5,3/4車身,,1,0
074620260625,2026062546,7,7,6,014454,上原龍,,11.2,大差,,0,0
084620260625,2026062546,8,1,3,014677,角令央奈,差,9.8,,,0,0
084620260625,2026062546,8,2,7,015066,原口昌平,捲,9.9,1/4車輪,,0,1
084620260625,2026062546,8,3,4,013719,吉田敏洋,,9.9,2車身,,0,0
084620260625,2026062546,8,4,5,015428,藤田周磨,,10.0,1/2車身,,0,0
084620260625,2026062546,8,5,1,014017,大塚玲,,9.8,1/8車輪,,1,0
084620260625,2026062546,8,6,6,014135,金澤幸司,,9.7,1/2車輪,,0,0
084620260625,2026062546,8,7,2,014752,竹内雄作,,10.0,1車身1/2,,0,0
094620260625,2026062546,9,1,4,015825,南部翔大,捲,10.0,,,1,0
094620260625,2026062546,9,2,7,014565,中村健志,差,10.0,1/8車輪,,0,0
094620260625,2026062546,9,3,5,014955,市橋司優人,,10.1,1/8車輪,,0,0
094620260625,2026062546,9,4,3,014757,藤井昭吾,,9.8,タイヤ,,0,0
094620260625,2026062546,9,5,2,015653,坂田康季,,10.3,3/4車身,,0,1
094620260625,2026062546,9,6,1,013242,尾崎剛,,9.8,1/2車身,,0,0
094620260625,2026062546,9,7,6,015259,小林稜武,,10.1,1車身,,0,0
104620260625,2026062546,10,1,2,014590,近藤夏樹,差,10.0,,,0,0
104620260625,2026062546,10,2,7,015619,日高裕太,逃,10.2,1/8車輪,,0,1
104620260625,2026062546,10,3,1,015449,橋本優己,,9.9,3/4車輪,,0,0
104620260625,2026062546,10,4,5,014246,森川大輔,,9.9,1/2車身,,0,0
104620260625,2026062546,10,5,4,014451,武藤篤弘,,10.0,1車身1/2,,0,0
104620260625,2026062546,10,6,3,015694,浮島知稀,,10.2,3/4車輪,,0,0
104620260625,2026062546,10,7,6,013483,宮越孝治,,10.2,3車身,,0,0
114620260625,2026062546,11,1,7,015789,山崎歩夢,逃,9.4,,,0,1
114620260625,2026062546,11,2,3,014500,竹村勇祐,マ,9.3,1車輪,,0,0
114620260625,2026062546,11,3,1,015380,外田心斗,,9.1,1車身,,0,0
114620260625,2026062546,11,4,4,014796,保科千春,,9.4,1/2車身,,1,0
114620260625,2026062546,11,5,5,014327,北村信明,,9.3,3車身,,0,0
114620260625,2026062546,11,6,6,012533,澤田義和,,9.5,6車身,,0,0
114620260625,2026062546,11,7,2,014949,石口慶多,,0.0,大差,,0,0
124620260625,2026062546,12,1,7,013637,笠松信幸,差,10.1,,,0,0
124620260625,2026062546,12,2,5,014190,木村隆弘,差,10.1,1/2車身,,0,0
124620260625,2026062546,12,3,3,015628,村田祐樹,,10.3,3/4車輪,,1,1
124620260625,2026062546,12,4,1,013532,佐々木雄一,,10.2,1/2車身,,0,0
124620260625,2026062546,12,5,2,014852,徳永哲人,,10.0,1/4車輪,,0,0
124620260625,2026062546,12,6,6,014640,新山将史,,10.0,1/8車輪,,0,0
124620260625,2026062546,12,7,4,015362,脇本勇希,,10.6,4車身,,0,0
017320260625,2026062573,1,1,2,015939,半田水晶,逃,12.5,,,0,1
017320260625,2026062573,1,2,1,014900,小林莉子,マ,12.4,1/4車輪,,0,0
017320260625,2026062573,1,3,4,015770,東美月,,12.4,3/4車身,,0,0
017320260625,2026062573,1,4,3,015224,太田美穂,,12.6,3/4車身,,0,0
017320260625,2026062573,1,5,6,015585,山本さくら,,12.4,1/2車輪,,1,0
017320260625,2026062573,1,6,7,014925,大和久保美,,12.5,1/2車身,,0,0
017320260625,2026062573,1,7,5,015776,高本美穂,,12.5,3/4車身,,0,0
027320260625,2026062573,2,1,1,015587,吉川美穂,差,12.0,,,0,0
027320260625,2026062573,2,2,2,015495,下条未悠,逃,12.3,3/4車身,,0,1
027320260625,2026062573,2,3,4,015401,清水彩那,,12.0,1車身1/2,,0,0
027320260625,2026062573,2,4,3,015076,元砂七夕美,,12.0,3/4車身,,0,0
027320260625,2026062573,2,5,5,015393,佐々木綾,,12.3,4車身,,0,0
027320260625,2026062573,2,6,7,015775,羽田野愛花,,12.3,7車身,,0,0
027320260625,2026062573,2,7,6,015670,萩原瑞生,,14.0,大差,,0,0
037320260625,2026062573,3,1,3,015012,勝部貴博,逃,12.0,,,0,1
037320260625,2026062573,3,2,2,012042,山原利秀,差,11.7,1/2車身,,0,0
037320260625,2026062573,3,3,1,014842,川本琢也,,11.8,タイヤ,,0,0
037320260625,2026062573,3,4,5,014686,秋永昂人,,11.9,3/4車身,,1,0
037320260625,2026062573,3,5,6,013972,富永昌久,,11.9,1車身1/2,,0,0
037320260625,2026062573,3,6,7,014639,屋宜浩二,,0.0,大差,,0,0
037320260625,2026062573,3,0,4,012542,森下忠夫,,0.0,,欠車,0,0
047320260625,2026062573,4,1,3,012982,上原直樹,差,12.1,,,0,0
047320260625,2026062573,4,2,5,015915,柏野健吾,逃,12.2,1/4車輪,,0,1
047320260625,2026062573,4,3,1,012603,大川栄二,,11.7,3/4車身,,0,0
047320260625,2026062573,4,4,2,014948,斎藤敦,,11.9,1/4車輪,,0,0
047320260625,2026062573,4,5,4,011665,倉岡慎太郎,,12.0,1/2車輪,,0,0
047320260625,2026062573,4,6,6,012157,竹野行登,,11.7,3/4車身,,0,0
047320260625,2026062573,4,7,7,014416,矢田晋,,13.7,大差,,0,0
057320260625,2026062573,5,1,6,014844,三登誉哲,捲,11.7,,,0,0
057320260625,2026062573,5,2,1,015209,中野真吾,マ,11.5,1/2車身,,0,0
057320260625,2026062573,5,3,2,013897,加藤大輔,,11.6,1車身1/2,,0,0
057320260625,2026062573,5,4,7,013818,赤星俊光,,11.9,3車身,,0,0
057320260625,2026062573,5,5,3,015923,右近陸人,,12.3,3/4車身,,1,1
057320260625,2026062573,5,6,5,012547,横瀬聡,,11.7,1/2車輪,,0,0
057320260625,2026062573,5,7,4,014772,細田純平,,12.2,1車身1/2,,0,0
067320260625,2026062573,6,1,1,015933,山本康旗,逃,12.1,,,0,1
067320260625,2026062573,6,2,2,013822,米原大輔,マ,12.1,1/2車身,,0,0
067320260625,2026062573,6,3,5,013299,五十嵐博一,,12.0,1/8車輪,,0,0
067320260625,2026062573,6,4,4,014777,竹村達也,,11.9,1車身,,1,0
067320260625,2026062573,6,5,3,014483,竜門孝宗,,11.8,3車身,,0,0
067320260625,2026062573,6,6,7,014179,肥後公允,,13.5,大差,,0,0
067320260625,2026062573,6,7,6,015284,田村裕也,,15.2,大差,,0,0
077320260625,2026062573,7,1,2,014563,興呂木雄治,差,11.7,,,1,0
077320260625,2026062573,7,2,6,012307,尾崎勝弘,マ,11.6,3/4車輪,,0,0
077320260625,2026062573,7,3,1,015937,新垣慶晃,,11.9,1/4車輪,,0,1
077320260625,2026062573,7,4,3,013331,橋本大祐,,11.5,3/4車身,,0,0
077320260625,2026062573,7,5,5,014101,永橋武司,,11.5,1車身1/2,,0,0
077320260625,2026062573,7,6,7,012537,取鳥敬一,,14.7,大差,,0,0
077320260625,2026062573,7,7,4,015367,南蓮,,17.4,大差,,0,0
011220260626,2026062612,1,1,1,014276,坂本敏也,逃,12.3,,,0,1
011220260626,2026062612,1,2,5,012934,煤賀隆幸,マ,12.3,1/2車身,,0,0
011220260626,2026062612,1,3,4,014251,関谷哲平,,12.1,3/4車身,,0,0
011220260626,2026062612,1,4,2,014443,堀内昇,,12.2,2車身,,1,0
011220260626,2026062612,1,5,6,011821,中川博文,,12.2,3/4車身,,0,0
011220260626,2026062612,1,6,3,015105,大崎龍一郎,,12.3,1/4車輪,,0,0
021220260626,2026062612,2,1,5,014381,吉澤賢,差,12.3,,,0,0
021220260626,2026062612,2,2,6,012436,渡邊秀明,捲,12.7,1車身1/2,,0,0
021220260626,2026062612,2,3,3,015112,日浦崇道,,12.4,5車身,,0,0
021220260626,2026062612,2,4,1,011715,黒木誠一,,12.4,3/4車身,,1,0
021220260626,2026062612,2,5,4,013261,柴田昌樹,,12.2,1/2車身,,0,0
021220260626,2026062612,2,6,2,014533,加藤正法,,12.2,1/4車輪,,0,0
021220260626,2026062612,2,7,7,013905,藤原義晴,,13.7,5車身,,0,1
031220260626,2026062612,3,1,2,013788,白崎芳典,差,12.2,,,0,0
031220260626,2026062612,3,2,1,014033,藤縄洋介,差,12.4,1/4車輪,,0,0
031220260626,2026062612,3,3,6,014661,駒井大輔,,12.7,1/4車輪,,1,1
031220260626,2026062612,3,4,5,012005,藤田和彦,,12.2,1/4車輪,,0,0
031220260626,2026062612,3,5,7,012277,井上典善,,12.3,2車身,,0,0
031220260626,2026062612,3,6,4,014697,相川巧,,12.5,3/4車身,,0,0
031220260626,2026062612,3,7,3,013684,吉橋秀城,,12.5,1/2車身,,0,0
041220260626,2026062612,4,1,3,011790,廣川貞治,差,12.4,,,0,0
041220260626,2026062612,4,2,2,013421,富澤洋祐,差,12.0,微差,,0,0
041220260626,2026062612,4,3,1,012725,浦山一栄,,12.7,3/4車輪,,1,1
041220260626,2026062612,4,4,5,013692,佐野多喜男,,12.4,3/4車輪,,0,0
041220260626,2026062612,4,5,4,011142,小林宏年,,12.2,1車輪,,0,0
041220260626,2026062612,4,6,6,012783,平澤秀信,,12.5,2車身,,0,0
041220260626,2026062612,4,7,7,013531,伊藤司,,13.2,6車身,,0,0
051220260626,2026062612,5,1,1,015871,三浦生誠,逃,12.1,,,1,1
051220260626,2026062612,5,2,3,013521,中野良,マ,12.1,3/4車輪,,0,0
051220260626,2026062612,5,3,2,015047,加藤健一,,12.0,3/4車身,,0,0
051220260626,2026062612,5,4,5,014503,真船拓磨,,12.1,1/4車輪,,0,0
051220260626,2026062612,5,5,6,013399,塚本勝士,,12.0,7車身,,0,0
051220260626,2026062612,5,6,7,012346,宮原貴之,,12.4,3/4車輪,,0,0
051220260626,2026062612,5,0,4,014526,渡辺馨,,0.0,,失格,0,0
061220260626,2026062612,6,1,1,015874,角田吏,捲,12.1,,,1,0
061220260626,2026062612,6,2,3,012708,野木義規,マ,12.2,1車身1/2,,0,0
061220260626,2026062612,6,3,2,015899,加藤駿,,12.5,1/8車輪,,0,1
061220260626,2026062612,6,4,7,012681,辻力,,11.8,1/2車身,,0,0
061220260626,2026062612,6,5,6,014666,等々力久就,,11.7,1車身1/2,,0,0
061220260626,2026062612,6,6,4,013525,亀井道佳,,12.1,3/4車輪,,0,0
061220260626,2026062612,6,7,5,012496,中村淳,,13.0,大差,,0,0
071220260626,2026062612,7,1,1,015879,西本健三郎,逃,12.0,,,1,1
071220260626,2026062612,7,2,6,014932,浦野慈生,マ,12.0,1車身,,0,0
071220260626,2026062612,7,3,3,012193,井手尚治,,12.0,1/2車身,,0,0
071220260626,2026062612,7,4,7,014678,樋口有樹郎,,12.0,1車身,,0,0
071220260626,2026062612,7,5,2,014216,田村純一,,12.0,1/4車輪,,0,0
071220260626,2026062612,7,6,5,013264,山中貴雄,,11.9,3/4車身,,0,0
071220260626,2026062612,7,7,4,014218,邊見斎,,12.0,1/2車身,,0,0
013120260626,2026062631,1,1,2,014204,大崎和也,差,10.1,,,0,0
013120260626,2026062631,1,2,4,015414,大森光明,逃,10.3,3/4車輪,,0,1
013120260626,2026062631,1,3,7,012924,太田黒大心,,10.0,6車身,,0,0
013120260626,2026062631,1,4,5,012298,星島太,,10.0,1車身1/2,,0,0
013120260626,2026062631,1,5,1,014492,飯塚隼人,,10.2,1/8車輪,,1,0
013120260626,2026062631,1,6,6,012431,會田正一,,10.0,1車身,,0,0
013120260626,2026062631,1,7,3,015617,添田龍児,,10.1,タイヤ,,0,0
023120260626,2026062631,2,1,2,014267,一ノ瀬匠,逃,9.9,,,0,1
023120260626,2026062631,2,2,1,013036,深澤伸介,差,9.9,6車身,,1,0
023120260626,2026062631,2,3,4,015705,鳥海創,,10.1,1/2車身,,0,0
023120260626,2026062631,2,4,7,012379,小林健,,10.0,3/4車身,,0,0
023120260626,2026062631,2,5,5,012389,岡崎昭次,,9.9,1/2車身,,0,0
023120260626,2026062631,2,6,6,012206,白井一機,,9.9,1車身1/2,,0,0
023120260626,2026062631,2,7,3,013479,田中秀治,,12.3,大差,,0,0
033120260626,2026062631,3,1,7,013936,小埜正義,差,10.2,,,0,0
033120260626,2026062631,3,2,1,015701,石田典大,逃,10.3,1/4車輪,,0,1
033120260626,2026062631,3,3,5,013497,藤田昌宏,,10.2,1/2車身,,0,0
033120260626,2026062631,3,4,2,014321,石坂永伍,,10.2,3/4車身,,0,0
033120260626,2026062631,3,5,3,013914,小谷田公則,,10.2,1/2車身,,0,0
033120260626,2026062631,3,6,6,015722,竹澤雅也,,10.3,3車身,,0,0
033120260626,2026062631,3,7,4,012336,高谷雅彦,,11.3,7車身,,1,0
043120260626,2026062631,4,1,7,013976,明田春喜,差,10.2,,,0,0
043120260626,2026062631,4,2,4,013571,小林信晴,マ,10.1,3/4車輪,,0,0
043120260626,2026062631,4,3,2,015781,齊藤英伊須,,10.4,3/4車輪,,0,1
043120260626,2026062631,4,4,3,015565,入江航太,,9.9,1/2車身,,0,0
043120260626,2026062631,4,5,1,015057,小林史也,,10.2,1/2車身,,0,0
043120260626,2026062631,4,6,6,014227,緒方剛,,9.9,1車身,,0,0
043120260626,2026062631,4,7,5,015299,曽我圭佑,,10.4,1車身1/2,,0,0
053120260626,2026062631,5,1,3,015460,仲野結音,捲,9.3,,,0,0
053120260626,2026062631,5,2,7,013582,肥後尚己,マ,9.3,3/4車身,,0,0
053120260626,2026062631,5,3,4,015922,中田拓也,,9.8,4車身,,0,0
053120260626,2026062631,5,4,2,015611,長谷川飛向,,9.9,3/4車身,,0,1
053120260626,2026062631,5,5,1,014822,関根健太郎,,9.8,1車輪,,1,0
053120260626,2026062631,5,6,6,014012,関智晴,,9.8,5車身,,0,0
053120260626,2026062631,5,7,5,012809,高峰賢治,,12.9,大差,,0,0
063120260626,2026062631,6,1,4,013741,高原仁志,差,9.9,,,0,0
063120260626,2026062631,6,2,2,015552,上野雅彦,逃,10.0,1/2車輪,,0,1
063120260626,2026062631,6,3,1,014307,谷田泰平,,9.7,1/2車身,,0,0
063120260626,2026062631,6,4,3,015697,熊崎麻人,,9.9,1/2車身,,1,0
063120260626,2026062631,6,5,5,012519,藤原誠,,9.7,1/2車輪,,0,0
063120260626,2026062631,6,6,6,015741,堀川敬太郎,,9.9,1車身1/2,,0,0
073120260626,2026062631,7,1,2,013070,高木和仁,差,9.5,,,0,0
073120260626,2026062631,7,2,7,015120,竹内翼,逃,9.9,1/4車輪,,0,1
073120260626,2026062631,7,3,4,015176,望月一成,,9.5,1車身,,0,0
073120260626,2026062631,7,4,1,015244,植原琢也,,9.3,1車輪,,1,0
073120260626,2026062631,7,5,5,015296,上田尭弥,,9.5,3車身,,0,0
073120260626,2026062631,7,6,3,014326,福島栄一,,10.5,7車身,,0,0
073120260626,2026062631,7,7,6,015519,小池千啓,,10.4,3車身,,0,0
083120260626,2026062631,8,1,7,015322,磯島成介,逃,9.8,,,0,1
083120260626,2026062631,8,2,2,014576,中田雄喜,マ,9.7,1/2車輪,,0,0
083120260626,2026062631,8,3,4,015420,梁島邦友,,9.6,1車身,,0,0
083120260626,2026062631,8,4,3,014384,佐藤龍二,,9.3,1/2車身,,0,0
083120260626,2026062631,8,5,6,015262,内山雅貴,,9.5,1/2車身,,0,0
083120260626,2026062631,8,6,1,013808,坂本健太郎,,9.2,1/2車身,,1,0
083120260626,2026062631,8,7,5,015572,田村大,,9.3,1/2車輪,,0,0
093120260626,2026062631,9,1,1,014081,田中晴基,差,10.1,,,1,0
093120260626,2026062631,9,2,7,015604,安彦統賀,逃,10.3,3/4車身,,0,1
093120260626,2026062631,9,3,5,013959,鷲田佳史,,10.1,1/2車身,,0,0
093120260626,2026062631,9,4,4,014137,房州輝也,,10.1,2車身,,0,0
093120260626,2026062631,9,5,2,015717,児玉虎之介,,10.5,1車身,,0,0
093120260626,2026062631,9,6,6,014740,須藤悟,,10.5,1/2車輪,,0,0
093120260626,2026062631,9,0,3,015064,吉武信太朗,,0.0,,落車,0,0
103120260626,2026062631,10,1,7,015043,大矢崇弘,差,9.9,,,0,0
103120260626,2026062631,10,2,2,015522,堀江省吾,捲,10.1,3/4車身,,0,0
103120260626,2026062631,10,3,3,015049,菅原大也,,9.8,1/2車身,,0,0
103120260626,2026062631,10,4,1,014322,片岡迪之,,10.1,1/8車輪,,1,0
103120260626,2026062631,10,5,4,014940,谷口遼平,,10.0,1/4車輪,,0,0
103120260626,2026062631,10,6,5,015442,仁藤秀,,9.9,1車身1/2,,0,0
103120260626,2026062631,10,7,6,015370,城戸俊潔,,10.8,4車身,,0,1
113120260626,2026062631,11,1,3,014356,佐藤一伸,差,9.9,,,0,0
113120260626,2026062631,11,2,2,013886,大屋健司,差,9.8,3/4車身,,0,0
113120260626,2026062631,11,3,5,015352,原田亮太,,10.1,1/4車輪,,0,1
113120260626,2026062631,11,4,7,014427,佐藤和也,,9.9,1/8車輪,,0,0
113120260626,2026062631,11,5,4,014846,久米康平,,10.3,3車身,,1,0
113120260626,2026062631,11,6,1,013850,山賀雅仁,,0.0,大差,,0,0
113120260626,2026062631,11,0,6,014004,松永将,,0.0,,落車,0,0
123120260626,2026062631,12,1,5,015516,木村皆斗,捲,9.7,,,0,1
123120260626,2026062631,12,2,1,012939,伏見俊昭,マ,9.6,3/4車輪,,0,0
123120260626,2026062631,12,3,7,015458,貴志修己,,10.4,7車身,,0,0
123120260626,2026062631,12,4,6,013994,杉山悠也,,10.7,大差,,0,0
123120260626,2026062631,12,5,4,014786,本郷雄三,,0.0,,,1,0
123120260626,2026062631,12,0,2,015183,小森貴大,,0.0,,失格,0,0
123120260626,2026062631,12,0,3,015749,佐藤壮志,,0.0,,落車,0,0
014420260626,2026062644,1,1,2,015023,石井貴子,捲,12.8,,,0,1
014420260626,2026062644,1,2,1,015578,飯田風音,マ,12.7,3/4車輪,,0,0
014420260626,2026062644,1,3,5,015319,橋本佳耶,,12.6,1/2車輪,,1,0
014420260626,2026062644,1,4,4,015773,枝光美奈,,12.5,3/4車身,,0,0
014420260626,2026062644,1,5,3,015220,鈴木美教,,12.7,1/2車身,,0,0
014420260626,2026062644,1,6,6,014967,杉沢毛伊子,,13.0,2車身,,0,0
014420260626,2026062644,1,7,7,015223,中西叶美,,12.8,1車身,,0,0
024420260626,2026062644,2,1,1,015765,竹野百香,逃,13.0,,,0,1
024420260626,2026062644,2,2,3,015764,宇野紅音,マ,13.0,2車身,,0,0
024420260626,2026062644,2,3,5,015573,蛯原杏奈,,12.9,3/4車輪,,1,0
024420260626,2026062644,2,4,6,015950,石田春海,,13.1,1車身,,0,0
024420260626,2026062644,2,5,7,015681,三谷尚子,,13.0,3/4車輪,,0,0
024420260626,2026062644,2,0,2,015584,西脇美唯奈,,0.0,,落車,0,0
024420260626,2026062644,2,0,4,015399,高木佑真,,0.0,,失格,0,0
034420260626,2026062644,3,1,2,013266,伊藤嘉浩,差,13.1,,,0,0
034420260626,2026062644,3,2,5,013023,吉田英二,マ,13.1,1車身,,0,0
034420260626,2026062644,3,3,4,013513,南和夫,,13.1,3/4車身,,0,0
034420260626,2026062644,3,4,6,012824,梶原亜湖,,13.1,2車身,,0,0
034420260626,2026062644,3,5,1,013784,太田雅之,,13.9,2車身,,1,1
034420260626,2026062644,3,6,3,013573,高野輝彰,,13.9,5車身,,0,0
034420260626,2026062644,3,7,7,014798,三浦平志郎,,14.6,6車身,,0,0
044420260626,2026062644,4,1,6,011741,澤亀浩司,差,12.6,,,0,0
044420260626,2026062644,4,2,4,013375,五反田豊和,逃,12.7,1/2車身,,0,1
044420260626,2026062644,4,3,1,014516,村松俊弥,,12.2,1/8車輪,,1,0
044420260626,2026062644,4,3,2,013030,梶山大輔,,12.5,1/8車輪,,0,0
044420260626,2026062644,4,5,3,014694,前島恭平,,12.4,3/4車身,,0,0
044420260626,2026062644,4,6,5,012101,山城光央,,12.3,1車身1/2,,0,0
044420260626,2026062644,4,0,7,013781,服部正継,,0.0,,欠車,0,0
054420260626,2026062644,5,1,1,015828,秋末蓮,逃,12.6,,,0,1
054420260626,2026062644,5,2,2,015895,鈴木小次廊,マ,12.6,3/4車身,,1,0
054420260626,2026062644,5,3,6,014010,長谷川辰徳,,12.6,1車身,,0,0
054420260626,2026062644,5,4,3,013480,林洋二,,12.5,1/2車身,,0,0
054420260626,2026062644,5,5,7,014855,東隆之,,12.5,3/4車身,,0,0
054420260626,2026062644,5,6,4,013063,赤松秀展,,12.5,1/4車輪,,0,0
054420260626,2026062644,5,7,5,012677,花村直人,,13.7,大差,,0,0
064420260626,2026062644,6,1,1,015884,秋山太洋,捲,11.7,,,1,0
064420260626,2026062644,6,2,4,014880,野見泰要,捲,12.4,5車身,,0,1
064420260626,2026062644,6,3,2,014780,古川大輔,,12.3,3/4車身,,0,0
064420260626,2026062644,6,4,6,015542,中嶋樹,,12.8,5車身,,0,0
064420260626,2026062644,6,5,7,013887,沖本尚織,,12.6,微差,,0,0
064420260626,2026062644,6,6,5,013109,志村正洋,,12.5,1/2車身,,0,0
064420260626,2026062644,6,7,3,014099,坂本佳憲,,12.7,1/2車輪,,0,0
074420260626,2026062644,7,1,2,015898,岩原健馬,逃,12.5,,,0,1
074420260626,2026062644,7,2,1,015054,谷本奨輝,マ,12.3,3/4車輪,,1,0
074420260626,2026062644,7,3,6,012530,池上孝之,,12.3,1車身,,0,0
074420260626,2026062644,7,4,3,014124,石田宏樹,,12.3,1車身1/2,,0,0
074420260626,2026062644,7,5,7,014430,橋本祐司,,12.3,2車身,,0,0
074420260626,2026062644,7,6,4,014257,岡崎克政,,12.2,3/4車身,,0,0
074420260626,2026062644,7,7,5,014550,龍門慎太郎,,12.3,2車身,,0,0
014620260626,2026062646,1,1,2,013469,野村純宏,差,10.1,,,0,0
014620260626,2026062646,1,2,6,014520,伊藤彰規,逃,10.2,1/4車輪,,0,1
014620260626,2026062646,1,3,4,013760,矢口啓一郎,,10.2,3/4車身,,1,0
014620260626,2026062646,1,4,3,014411,小谷文康,,10.1,2車身,,0,0
014620260626,2026062646,1,5,1,013594,高田真幸,,10.2,1車輪,,0,0
014620260626,2026062646,1,6,5,012416,櫻井紀幸,,10.2,1車身1/2,,0,0
024620260626,2026062646,2,1,1,014280,井上公利,逃,10.5,,,0,1
024620260626,2026062646,2,2,7,013179,飯島淳,マ,10.4,1/4車輪,,0,0
024620260626,2026062646,2,3,4,015481,山川奨太,,10.3,1車輪,,0,0
024620260626,2026062646,2,4,5,012684,四宮哲郎,,10.2,1/4車輪,,0,0
024620260626,2026062646,2,5,6,014328,藤田洋平,,10.1,3/4車身,,0,0
024620260626,2026062646,2,6,3,012550,荒木真慈,,11.2,大差,,0,0
024620260626,2026062646,2,7,2,015720,山元大夢,,11.7,3車身,,1,0
034620260626,2026062646,3,1,5,015194,船瀬惇平,逃,10.4,,,0,1
034620260626,2026062646,3,2,2,013650,吉本哲郎,マ,10.2,3/4車輪,,1,0
034620260626,2026062646,3,3,7,014270,小原将通,,10.3,2車身,,0,0
034620260626,2026062646,3,4,1,014371,岡光良,,10.2,1/2車身,,0,0
034620260626,2026062646,3,5,3,015001,堀兼壽,,10.3,5車身,,0,0
034620260626,2026062646,3,6,4,015108,吉田篤史,,10.3,2車身,,0,0
034620260626,2026062646,3,7,6,014984,會澤龍,,11.0,4車身,,0,0
044620260626,2026062646,4,1,5,015626,近谷涼,逃,10.3,,,0,1
044620260626,2026062646,4,2,1,014673,松田大,マ,10.2,3/4車輪,,1,0
044620260626,2026062646,4,3,3,014455,小野裕次,,10.1,3/4車輪,,0,0
044620260626,2026062646,4,4,7,014561,高橋義秋,,9.9,1車身,,0,0
044620260626,2026062646,4,5,4,015754,成海大聖,,10.1,1車身,,0,0
044620260626,2026062646,4,6,2,012326,國武耕二,,9.9,3/4車身,,0,0
044620260626,2026062646,4,7,6,014651,須永勝太,,11.0,大差,,0,0
054620260626,2026062646,5,1,3,015818,佐藤大地,捲,10.3,,,0,1
054620260626,2026062646,5,2,5,013640,西村豊,マ,10.2,1/2車輪,,0,0
054620260626,2026062646,5,3,7,015174,菊池竣太朗,,10.1,1/2車輪,,0,0
054620260626,2026062646,5,4,2,013473,大塚英伸,,10.0,3/4車身,,1,0
054620260626,2026062646,5,5,4,013902,岩崎将士,,10.0,1車輪,,0,0
054620260626,2026062646,5,6,6,013580,河村章憲,,10.3,3車身,,0,0
054620260626,2026062646,5,7,1,014674,丹波孝佑,,10.4,1/8車輪,,0,0
064620260626,2026062646,6,1,5,015624,小西晴己,捲,10.1,,,0,0
064620260626,2026062646,6,2,2,014327,北村信明,マ,10.0,1/2車身,,0,0
064620260626,2026062646,6,3,4,015361,高田修汰,,10.3,1/2車輪,,0,1
064620260626,2026062646,6,4,7,013242,尾崎剛,,10.0,3/4車身,,0,0
064620260626,2026062646,6,5,1,015694,浮島知稀,,10.4,1車身,,1,0
064620260626,2026062646,6,6,3,014454,上原龍,,10.7,8車身,,0,0
064620260626,2026062646,6,7,6,012533,澤田義和,,11.6,6車身,,0,0
074620260626,2026062646,7,1,7,014752,竹内雄作,捲,10.5,,,0,1
074620260626,2026062646,7,2,5,014451,武藤篤弘,マ,10.6,2車身,,0,0
074620260626,2026062646,7,3,4,014135,金澤幸司,,10.6,3/4車身,,0,0
074620260626,2026062646,7,4,1,013483,宮越孝治,,10.8,3/4車身,,1,0
074620260626,2026062646,7,5,3,014309,水谷好宏,,10.5,1/2車身,,0,0
074620260626,2026062646,7,6,2,015259,小林稜武,,11.8,大差,,0,0
074620260626,2026062646,7,7,6,014949,石口慶多,,0.0,大差,,0,0
084620260626,2026062646,8,1,4,015653,坂田康季,捲,10.0,,,0,0
084620260626,2026062646,8,2,1,013719,吉田敏洋,マ,10.0,3/4車輪,,0,0
084620260626,2026062646,8,3,6,013045,岩本和也,,9.9,1/2車身,,0,0
084620260626,2026062646,8,4,3,014548,棚橋勉,,10.3,2車身,,0,0
084620260626,2026062646,8,5,7,015725,青木瑞樹,,10.4,1/4車輪,,1,1
084620260626,2026062646,8,6,5,014017,大塚玲,,9.9,3/4車身,,0,0
084620260626,2026062646,8,7,2,015428,藤田周磨,,10.7,8車身,,0,0
094620260626,2026062646,9,1,4,015380,外田心斗,捲,9.9,,,0,0
094620260626,2026062646,9,2,5,015378,今野有樹,マ,9.8,3/4車身,,1,0
094620260626,2026062646,9,3,3,014246,森川大輔,,10.1,1車身1/2,,0,0
094620260626,2026062646,9,4,1,015546,山根将太,,10.0,1/2車身,,0,0
094620260626,2026062646,9,5,6,015118,木村幸希,,9.9,3/4車輪,,0,0
094620260626,2026062646,9,6,7,014757,藤井昭吾,,10.4,1/2車身,,0,1
094620260626,2026062646,9,7,2,014796,保科千春,,10.5,3車身,,0,0
104620260626,2026062646,10,1,2,015449,橋本優己,逃,10.1,,,0,0
104620260626,2026062646,10,2,1,014852,徳永哲人,差,10.1,3/4車輪,,1,0
104620260626,2026062646,10,3,7,014190,木村隆弘,,10.1,1/2車身,,0,0
104620260626,2026062646,10,4,4,014500,竹村勇祐,,10.1,1車身1/2,,0,0
104620260626,2026062646,10,4,6,014565,中村健志,,10.2,1車身1/2,,0,0
104620260626,2026062646,10,6,5,015066,原口昌平,,10.4,1/4車輪,,0,1
104620260626,2026062646,10,7,3,015418,原大智,,10.3,1車身1/2,,0,0
114620260626,2026062646,11,1,1,013637,笠松信幸,差,10.0,,,1,0
114620260626,2026062646,11,2,5,015628,村田祐樹,逃,10.2,1/2車輪,,0,1
114620260626,2026062646,11,3,2,015605,加藤将武,,9.9,3/4車輪,,0,0
114620260626,2026062646,11,4,4,014640,新山将史,,10.0,1車身,,0,0
114620260626,2026062646,11,5,3,014590,近藤夏樹,,9.9,1/2車身,,0,0
114620260626,2026062646,11,6,7,015239,佐々木堅次,,11.9,大差,,0,0
114620260626,2026062646,11,7,6,015619,日高裕太,,11.7,大差,,0,0
124620260626,2026062646,12,1,1,015362,脇本勇希,捲,10.2,,,0,0
124620260626,2026062646,12,2,3,014955,市橋司優人,マ,10.1,1/2車身,,0,0
124620260626,2026062646,12,3,7,014677,角令央奈,,10.1,1車身,,0,0
124620260626,2026062646,12,4,4,013532,佐々木雄一,,10.3,1車身1/2,,0,0
124620260626,2026062646,12,5,2,015789,山崎歩夢,,10.5,タイヤ,,0,0
124620260626,2026062646,12,6,6,014221,古川尚耶,,10.2,1車身,,0,0
124620260626,2026062646,12,7,5,015825,南部翔大,,11.7,大差,,1,1
017320260626,2026062673,1,1,1,015939,半田水晶,逃,12.5,,,0,1
017320260626,2026062673,1,2,2,015495,下条未悠,マ,12.5,3/4車身,,0,0
017320260626,2026062673,1,3,3,015076,元砂七夕美,,12.4,3/4車輪,,0,0
017320260626,2026062673,1,4,4,015770,東美月,,12.4,1車身,,0,0
017320260626,2026062673,1,5,6,014925,大和久保美,,12.4,1車身1/2,,0,0
017320260626,2026062673,1,6,5,015393,佐々木綾,,12.7,1/8車輪,,0,0
027320260626,2026062673,2,1,2,014900,小林莉子,差,12.8,,,0,0
027320260626,2026062673,2,2,1,015587,吉川美穂,捲,12.6,1/2車身,,0,0
027320260626,2026062673,2,3,6,015585,山本さくら,,12.5,3/4車輪,,0,0
027320260626,2026062673,2,4,3,015224,太田美穂,,13.1,1車身,,0,1
027320260626,2026062673,2,5,4,015401,清水彩那,,12.8,1/4車輪,,0,0
027320260626,2026062673,2,6,5,015776,高本美穂,,12.7,3/4車身,,0,0
027320260626,2026062673,2,7,7,015775,羽田野愛花,,13.0,5車身,,0,0
037320260626,2026062673,3,1,2,011665,倉岡慎太郎,差,12.4,,,0,0
037320260626,2026062673,3,2,1,014772,細田純平,捲,12.5,1車輪,,1,0
037320260626,2026062673,3,3,4,013972,富永昌久,,12.4,1/2車身,,0,0
037320260626,2026062673,3,4,5,015284,田村裕也,,12.7,1/2車身,,0,1
037320260626,2026062673,3,5,3,015367,南蓮,,12.4,1/2車輪,,0,0
037320260626,2026062673,3,6,6,012537,取鳥敬一,,12.5,2車身,,0,0
047320260626,2026062673,4,1,1,015923,右近陸人,捲,11.7,,,1,0
047320260626,2026062673,4,2,5,012914,武市和人,マ,11.6,1車身1/2,,0,0
047320260626,2026062673,4,3,2,014101,永橋武司,,12.2,3/4車輪,,0,1
047320260626,2026062673,4,4,3,012547,横瀬聡,,11.7,4車身,,0,0
047320260626,2026062673,4,5,4,012157,竹野行登,,11.8,2車身,,0,0
047320260626,2026062673,4,6,6,014179,肥後公允,,12.3,2車身,,0,0
047320260626,2026062673,4,7,7,014639,屋宜浩二,,15.6,大差,,0,0
057320260626,2026062673,5,1,3,015209,中野真吾,捲,12.1,,,0,1
057320260626,2026062673,5,2,4,013897,加藤大輔,マ,12.0,1/2車身,,0,0
057320260626,2026062673,5,3,2,012042,山原利秀,,12.0,1車身,,0,0
057320260626,2026062673,5,4,1,014842,川本琢也,,12.3,1車輪,,0,0
057320260626,2026062673,5,5,7,013818,赤星俊光,,11.8,1車身,,0,0
057320260626,2026062673,5,6,6,012307,尾崎勝弘,,12.1,1/2車身,,0,0
057320260626,2026062673,5,7,5,015012,勝部貴博,,12.3,4車身,,0,0
067320260626,2026062673,6,1,2,014563,興呂木雄治,差,12.6,,,1,0
067320260626,2026062673,6,2,7,014844,三登誉哲,捲,12.2,1/4車輪,,0,0
067320260626,2026062673,6,3,1,015933,山本康旗,,12.7,3/4車身,,0,1
067320260626,2026062673,6,4,6,014777,竹村達也,,12.2,1/4車輪,,0,0
067320260626,2026062673,6,5,5,014686,秋永昂人,,12.4,3車身,,0,0
067320260626,2026062673,6,6,4,014483,竜門孝宗,,12.7,3/4車身,,0,0
067320260626,2026062673,6,7,3,014948,斎藤敦,,13.8,大差,,0,0
077320260626,2026062673,7,1,7,013299,五十嵐博一,差,12.8,,,0,0
077320260626,2026062673,7,2,2,013822,米原大輔,差,12.9,1/4車輪,,1,0
077320260626,2026062673,7,3,3,012603,大川栄二,,12.7,3/4車輪,,0,0
077320260626,2026062673,7,4,1,015937,新垣慶晃,,13.1,1/2車身,,0,1
077320260626,2026062673,7,5,4,013331,橋本大祐,,12.7,1/2車身,,0,0
077320260626,2026062673,7,6,5,012982,上原直樹,,13.4,9車身,,0,0
077320260626,2026062673,7,7,6,015915,柏野健吾,,15.1,大差,,0,0
016220260626,2026062662,1,1,3,015650,田代匠,逃,11.8,,,1,1
016220260626,2026062662,1,2,5,014048,川島勝,マ,11.7,1/4車輪,,0,0
016220260626,2026062662,1,3,4,014181,藤原悠斗,,11.7,1車身,,0,0
016220260626,2026062662,1,4,7,014851,横内裕人,,11.5,3/4車身,,0,0
016220260626,2026062662,1,5,1,014240,須藤誠,,11.6,1/2車輪,,0,0
016220260626,2026062662,1,6,2,013493,立花成泰,,12.6,大差,,0,0
016220260626,2026062662,1,7,6,014014,須藤雄太,,13.6,大差,,0,0
026220260626,2026062662,2,1,1,015281,増田仁,逃,12.1,,,1,1
026220260626,2026062662,2,2,2,014438,緑川修平,捲,11.8,1/8車輪,,0,0
026220260626,2026062662,2,3,5,013735,井上剛,,12.0,1/2車輪,,0,0
026220260626,2026062662,2,4,7,014783,魚屋周成,,11.6,1/2車身,,0,0
026220260626,2026062662,2,5,4,013834,平石浩之,,11.9,1/4車輪,,0,0
026220260626,2026062662,2,6,6,013061,小磯知也,,12.0,1/2車身,,0,0
026220260626,2026062662,2,7,3,013667,田中洋輔,,11.6,1/2車身,,0,0
036220260626,2026062662,3,1,5,015737,火島裕輝,逃,11.7,,,0,1
036220260626,2026062662,3,2,2,013054,石丸寛之,マ,11.6,1/2車輪,,0,0
036220260626,2026062662,3,3,1,015665,福田要,,11.6,3/4車身,,0,0
036220260626,2026062662,3,4,3,014449,片折勇輝,,11.5,1/2車身,,0,0
036220260626,2026062662,3,5,7,014567,仲松勝太,,11.5,3/4車身,,1,0
036220260626,2026062662,3,6,4,014336,八尋翔平,,11.3,1/2車輪,,0,0
036220260626,2026062662,3,7,6,013434,石黒健,,11.8,2車身,,0,0
046220260626,2026062662,4,1,7,015212,山口龍也,差,12.5,,,0,0
046220260626,2026062662,4,2,2,014412,宮崎康司,差,12.1,3/4車輪,,0,0
046220260626,2026062662,4,3,1,014024,櫻井丈,,12.3,1/2車身,,0,0
046220260626,2026062662,4,4,5,015560,林昴,,12.8,1/2車身,,0,1
046220260626,2026062662,4,5,3,012779,田川辰二,,12.5,1/2車輪,,0,0
046220260626,2026062662,4,6,6,015175,桜井大地,,12.5,3/4車輪,,1,0
046220260626,2026062662,4,7,4,013359,吉田彰久,,12.3,2車身,,0,0
056220260626,2026062662,5,1,4,014684,松本卓也,逃,12.1,,,0,1
056220260626,2026062662,5,2,1,013589,佐竹和也,マ,12.0,1/4車輪,,0,0
056220260626,2026062662,5,3,7,012910,塩川真一郎,,12.0,1車身1/2,,0,0
056220260626,2026062662,5,4,5,013451,松本大地,,12.0,1/2車身,,1,0
056220260626,2026062662,5,5,6,014652,原清孝,,12.0,3/4車輪,,0,0
056220260626,2026062662,5,6,3,015843,松本昂大,,12.3,1車身1/2,,0,0
056220260626,2026062662,5,7,2,014344,園田鉄兵,,14.6,大差,,0,0
066220260626,2026062662,6,1,5,015876,三神遼矢,逃,12.4,,,0,1
066220260626,2026062662,6,2,2,012718,大橋徹,マ,12.4,1車身,,0,0
066220260626,2026062662,6,3,7,012794,宇賀神浩幸,,12.5,1車身1/2,,0,0
066220260626,2026062662,6,4,1,013817,吉川裕二,,12.4,1車身,,1,0
066220260626,2026062662,6,5,6,014787,瀬口匠,,12.3,1/2車身,,0,0
066220260626,2026062662,6,6,4,015662,中山遼太郎,,12.8,2車身,,0,0
066220260626,2026062662,6,0,3,012838,三木健治,,0.0,,落車,0,0
076220260626,2026062662,7,1,2,014186,網谷竜次,差,12.2,,,1,0
076220260626,2026062662,7,2,3,015651,中川聖大,捲,12.1,1/2車身,,0,0
076220260626,2026062662,7,3,1,014440,渡辺正光,,12.0,3/4車輪,,0,0
076220260626,2026062662,7,4,6,014779,名川豊,,12.0,1/8車輪,,0,0
076220260626,2026062662,7,5,5,015059,畝木努,,12.5,1/2車身,,0,1
076220260626,2026062662,7,6,4,013382,成田直喜,,12.0,1/2車身,,0,0
076220260626,2026062662,7,7,7,014658,馬場和広,,12.2,1/8車輪,,0,0
018120260626,2026062681,1,1,4,015753,枝村弘樹,捲,11.8,,,0,0
018120260626,2026062681,1,2,1,015599,堀航輝,逃,12.0,3/4車身,,0,1
018120260626,2026062681,1,3,5,014057,松田優一,,11.8,1/4車輪,,0,0
018120260626,2026062681,1,4,7,013535,平沼由充,,11.9,1/8車輪,,0,0
018120260626,2026062681,1,5,2,014269,梶原恵介,,11.9,1車身1/2,,0,0
018120260626,2026062681,1,6,6,015534,牛田樹希斗,,11.8,3/4車身,,0,0
018120260626,2026062681,1,7,3,013951,永井清史,,11.8,1/2車身,,1,0
028120260626,2026062681,2,1,1,014850,岡田啓渡,差,11.7,,,1,0
028120260626,2026062681,2,2,5,015371,田上晃也,逃,11.8,1車輪,,0,1
028120260626,2026062681,2,3,4,012586,佐藤和典,,11.7,3/4車身,,0,0
028120260626,2026062681,2,4,3,015113,酒井拳蔵,,11.6,1車輪,,0,0
028120260626,2026062681,2,5,7,015456,安藤直希,,11.7,1/4車輪,,0,0
028120260626,2026062681,2,6,2,014374,屋良朝春,,11.8,3/4車身,,0,0
028120260626,2026062681,2,7,6,011198,大竹慎吾,,12.0,3車身,,0,0
038120260626,2026062681,3,1,1,015267,橋本英也,捲,11.7,,,0,0
038120260626,2026062681,3,2,3,015729,山根慶太,逃,12.1,1車輪,,1,1
038120260626,2026062681,3,3,5,014457,北野良栄,,12.0,1/4車輪,,0,0
038120260626,2026062681,3,4,7,013520,高木竜司,,11.7,1/8車輪,,0,0
038120260626,2026062681,3,5,2,013416,飯尾主税,,11.9,1/4車輪,,0,0
038120260626,2026062681,3,6,6,014386,伊藤拓人,,11.9,1車身,,0,0
038120260626,2026062681,3,7,4,013142,黒田大介,,13.1,大差,,0,0
048120260626,2026062681,4,1,1,015928,尾野翔一,逃,11.7,,,1,1
048120260626,2026062681,4,2,4,014414,是永幸寛,マ,11.7,1車身,,0,0
048120260626,2026062681,4,3,3,015515,平山優太,,11.7,3/4車身,,0,0
048120260626,2026062681,4,4,2,015271,大城慶之,,11.6,1/8車輪,,0,0
048120260626,2026062681,4,5,5,014347,外崎一成,,11.5,3/4車輪,,0,0
048120260626,2026062681,4,6,6,012473,清水邦章,,11.8,4車身,,0,0
048120260626,2026062681,4,7,7,014891,小岩哲也,,12.7,6車身,,0,0
058120260626,2026062681,5,1,7,015172,能代谷元,差,11.1,,,0,0
058120260626,2026062681,5,2,3,012829,西浦仙哉,差,11.3,1/2車身,,0,0
058120260626,2026062681,5,3,4,014512,長井妙樹,,11.1,1/2車輪,,0,0
058120260626,2026062681,5,4,1,013537,谷津田将吾,,11.0,1/2車身,,1,0
058120260626,2026062681,5,5,5,015562,山本浩成,,11.8,1車身,,0,1
058120260626,2026062681,5,6,2,013357,近藤誠二,,11.1,1/2車身,,0,0
058120260626,2026062681,5,7,6,014261,作田悦章,,11.3,4車身,,0,0
068120260626,2026062681,6,1,3,130134,アンドルーズ,捲,11.6,,,0,1
068120260626,2026062681,6,2,6,015032,小林優香,マ,11.6,1車身,,0,0
068120260626,2026062681,6,3,7,015763,山口優依,,12.4,9車身,,1,0
068120260626,2026062681,6,4,1,015216,加藤恵,,12.4,3/4車身,,0,0
068120260626,2026062681,6,5,2,015217,南彩乃,,12.4,1車身1/2,,0,0
068120260626,2026062681,6,6,5,014907,中川諒子,,12.7,1車身1/2,,0,0
068120260626,2026062681,6,7,4,015677,浜地晴帆,,12.6,3/4車身,,0,0
078120260626,2026062681,7,1,6,130135,ファンデルワウ,逃,11.8,,,0,1
078120260626,2026062681,7,2,4,014963,石井寛子,マ,11.9,1車身1/2,,0,0
078120260626,2026062681,7,3,3,015496,布居光,,12.1,3車身,,0,0
078120260626,2026062681,7,4,2,015315,渡口まりあ,,12.0,1/2車身,,0,0
078120260626,2026062681,7,5,1,015942,齊藤由莉,,12.2,3車身,,0,0
078120260626,2026062681,7,6,5,015310,梶原百香,,12.0,3/4車身,,0,0
078120260626,2026062681,7,7,7,015079,日野友葵,,13.1,大差,,0,0
088120260626,2026062681,8,1,5,015509,木村佑来,差,10.9,,,0,0
088120260626,2026062681,8,2,1,014604,菱田浩二,差,11.2,3/4車身,,1,0
088120260626,2026062681,8,3,4,015868,市田龍生都,,11.4,1/2車輪,,0,1
088120260626,2026062681,8,4,3,013921,渡邉一成,,10.9,1/4車輪,,0,0
088120260626,2026062681,8,5,7,015476,緒方将樹,,11.1,4車身,,0,0
088120260626,2026062681,8,6,6,013947,石橋慎太郎,,11.2,1車輪,,0,0
088120260626,2026062681,8,7,2,014043,中園和剛,,11.1,1/2車身,,0,0
098120260626,2026062681,9,1,4,015840,阿部英斗,捲,11.7,,,0,0
098120260626,2026062681,9,2,1,014263,樫山恭柄,マ,11.7,1/2車輪,,1,0
098120260626,2026062681,9,3,2,014641,箱田優樹,,11.5,3/4車輪,,0,0
098120260626,2026062681,9,4,7,014441,芦澤辰弘,,12.0,1車身1/2,,0,0
098120260626,2026062681,9,5,5,015325,後藤悠,,11.9,1車身1/2,,0,0
098120260626,2026062681,9,6,3,015169,野口裕史,,12.4,2車身,,0,1
098120260626,2026062681,9,7,6,012705,那須久幸,,12.2,1車身1/2,,0,0
108120260626,2026062681,10,1,4,130127,トゥルーマン,逃,11.2,,,1,1
108120260626,2026062681,10,2,5,015473,青柳靖起,マ,11.1,1車身,,0,0
108120260626,2026062681,10,3,1,015096,大石剣士,,11.0,1/8車輪,,0,0
108120260626,2026062681,10,4,7,014883,才迫開,,11.1,1車身1/2,,0,0
108120260626,2026062681,10,5,3,014680,増原正人,,11.1,2車身,,0,0
108120260626,2026062681,10,6,2,014262,稲吉悠大,,11.5,5車身,,0,0
108120260626,2026062681,10,7,6,012478,加倉正義,,0.0,大差,,0,0
118120260626,2026062681,11,1,5,130133,リチャードソン,捲,10.6,,,0,1
118120260626,2026062681,11,2,2,015252,河合佑弥,捲,11.0,4車身,,0,0
118120260626,2026062681,11,3,7,015445,内藤久文,,11.2,3車身,,0,0
118120260626,2026062681,11,4,3,014831,伊藤裕貴,,11.1,1車身,,0,0
118120260626,2026062681,11,5,1,014854,久島尚樹,,11.2,1/2車輪,,1,0
118120260626,2026062681,11,6,6,015010,吉川嘉斗,,11.5,4車身,,0,0
118120260626,2026062681,11,7,4,015251,柿本大貴,,12.0,3/4車身,,0,0
128120260626,2026062681,12,1,3,013900,大森慶一,差,11.3,,,1,0
128120260626,2026062681,12,2,4,015730,黒瀬浩太郎,捲,11.5,3/4車輪,,0,1
128120260626,2026062681,12,3,6,015207,林慶次郎,,11.4,1車輪,,0,0
128120260626,2026062681,12,4,7,014795,櫻井正孝,,11.4,1/2車輪,,0,0
128120260626,2026062681,12,5,5,014833,高久保雄介,,11.3,1車身1/2,,0,0
128120260626,2026062681,12,6,1,014537,西村光太,,11.3,1/2車身,,0,0
128120260626,2026062681,12,7,2,015390,伊藤颯馬,,12.3,6車身,,0,0
011220260627,2026062712,1,1,6,013905,藤原義晴,差,12.3,,,0,0
011220260627,2026062712,1,2,5,013531,伊藤司,逃,12.7,2車身,,0,1
011220260627,2026062712,1,3,3,014533,加藤正法,,12.4,3/4車身,,0,0
011220260627,2026062712,1,4,2,013684,吉橋秀城,,12.4,1/2車輪,,0,0
011220260627,2026062712,1,5,4,011821,中川博文,,12.4,1/2車輪,,0,0
011220260627,2026062712,1,6,1,014443,堀内昇,,12.5,3/4車輪,,1,0
021220260627,2026062712,2,1,3,015105,大崎龍一郎,差,12.0,,,0,0
021220260627,2026062712,2,2,4,015112,日浦崇道,逃,12.4,1/2車身,,0,1
021220260627,2026062712,2,3,1,011715,黒木誠一,,12.2,1/4車輪,,1,0
021220260627,2026062712,2,4,2,011142,小林宏年,,11.8,1/2車身,,0,0
021220260627,2026062712,2,5,6,013605,白木正彦,,12.2,1車身1/2,,0,0
021220260627,2026062712,2,6,5,013692,佐野多喜男,,11.9,4車身,,0,0
021220260627,2026062712,2,7,7,012277,井上典善,,13.5,大差,,0,0
031220260627,2026062712,3,1,2,012005,藤田和彦,差,11.7,,,0,0
031220260627,2026062712,3,2,3,013261,柴田昌樹,差,12.1,3/4車輪,,0,0
031220260627,2026062712,3,3,6,014251,関谷哲平,,12.3,1/8車輪,,0,1
031220260627,2026062712,3,4,7,012934,煤賀隆幸,,12.1,1/2車身,,0,0
031220260627,2026062712,3,5,5,012436,渡邊秀明,,12.0,1車身1/2,,0,0
031220260627,2026062712,3,6,4,012783,平澤秀信,,11.8,3/4車身,,1,0
031220260627,2026062712,3,7,1,014697,相川巧,,12.7,4車身,,0,0
041220260627,2026062712,4,1,4,014666,等々力久就,逃,12.1,,,0,1
041220260627,2026062712,4,2,2,014276,坂本敏也,マ,12.2,3/4車輪,,0,0
041220260627,2026062712,4,3,1,014218,邊見斎,,12.0,1/4車輪,,1,0
041220260627,2026062712,4,4,6,014381,吉澤賢,,11.9,1/2車輪,,0,0
041220260627,2026062712,4,5,7,014678,樋口有樹郎,,11.8,1車身,,0,0
041220260627,2026062712,4,6,3,014033,藤縄洋介,,12.1,3/4車輪,,0,0
041220260627,2026062712,4,7,5,011790,廣川貞治,,13.3,大差,,0,0
051220260627,2026062712,5,1,1,014216,田村純一,捲,11.7,,,1,0
051220260627,2026062712,5,2,3,014503,真船拓磨,マ,12.1,5車身,,0,0
051220260627,2026062712,5,3,5,012681,辻力,,12.2,3車身,,0,0
051220260627,2026062712,5,4,6,013264,山中貴雄,,12.5,2車身,,0,0
051220260627,2026062712,5,5,4,012725,浦山一栄,,13.0,1車身1/2,,0,1
051220260627,2026062712,5,0,2,012496,中村淳,,0.0,,失格,0,0
051220260627,2026062712,5,0,7,012346,宮原貴之,,0.0,,落車,0,0
061220260627,2026062712,6,1,1,012193,井手尚治,差,12.2,,,0,0
061220260627,2026062712,6,2,2,015047,加藤健一,捲,12.3,微差,,1,1
061220260627,2026062712,6,3,5,013421,富澤洋祐,,12.1,3/4車身,,0,0
061220260627,2026062712,6,4,3,013525,亀井道佳,,12.2,2車身,,0,0
061220260627,2026062712,6,5,4,013788,白崎芳典,,12.4,1車身1/2,,0,0
061220260627,2026062712,6,6,6,013399,塚本勝士,,12.2,3車身,,0,0
061220260627,2026062712,6,7,7,014661,駒井大輔,,12.9,3車身,,0,0
071220260627,2026062712,7,1,1,015879,西本健三郎,差,11.5,,,0,0
071220260627,2026062712,7,2,2,015874,角田吏,マ,11.5,3/4車輪,,0,0
071220260627,2026062712,7,3,6,012708,野木義規,,11.5,2車身,,0,0
071220260627,2026062712,7,4,5,013521,中野良,,11.6,3/4車身,,0,0
071220260627,2026062712,7,5,4,015871,三浦生誠,,12.0,1車輪,,1,0
071220260627,2026062712,7,6,3,015899,加藤駿,,12.4,2車身,,0,1
071220260627,2026062712,7,7,7,014932,浦野慈生,,12.1,8車身,,0,0
013120260627,2026062731,1,1,2,015705,鳥海創,逃,10.3,,,0,1
013120260627,2026062731,1,2,1,012379,小林健,差,10.0,3/4車輪,,0,0
013120260627,2026062731,1,3,5,013413,鶴岡與之,,10.2,3/4車身,,0,0
013120260627,2026062731,1,4,6,012298,星島太,,10.0,3/4車身,,0,0
013120260627,2026062731,1,5,4,014492,飯塚隼人,,10.4,2車身,,0,0
013120260627,2026062731,1,6,7,012809,高峰賢治,,10.4,2車身,,0,0
013120260627,2026062731,1,7,3,012336,高谷雅彦,,10.7,2車身,,1,0
023120260627,2026062731,2,1,7,015299,曽我圭佑,逃,10.4,,,0,1
023120260627,2026062731,2,2,5,013036,深澤伸介,差,10.2,3/4車輪,,0,0
023120260627,2026062731,2,3,2,013479,田中秀治,,10.0,1/2車輪,,0,0
023120260627,2026062731,2,4,3,012924,太田黒大心,,10.4,3/4車身,,1,0
023120260627,2026062731,2,5,4,012389,岡崎昭次,,10.3,1車輪,,0,0
023120260627,2026062731,2,6,6,012206,白井一機,,10.0,1/2車身,,0,0
023120260627,2026062731,2,7,1,014459,根藤浩二,,12.0,大差,,0,0
033120260627,2026062731,3,1,7,014321,石坂永伍,差,10.4,,,0,0
033120260627,2026062731,3,2,2,015922,中田拓也,逃,10.6,1/2車輪,,0,1
033120260627,2026062731,3,3,1,015414,大森光明,,10.3,3/4車輪,,0,0
033120260627,2026062731,3,4,6,014227,緒方剛,,10.5,1車身,,1,0
033120260627,2026062731,3,5,5,013914,小谷田公則,,10.4,3/4車身,,0,0
033120260627,2026062731,3,6,3,014822,関根健太郎,,11.0,3車身,,0,0
033120260627,2026062731,3,7,4,014267,一ノ瀬匠,,0.0,大差,,0,0
043120260627,2026062731,4,1,7,015611,長谷川飛向,捲,9.6,,,0,1
043120260627,2026062731,4,2,4,015565,入江航太,捲,9.5,3車身,,0,0
043120260627,2026062731,4,3,3,015781,齊藤英伊須,,9.7,3/4車輪,,0,0
043120260627,2026062731,4,4,5,014204,大崎和也,,9.8,2車身,,0,0
043120260627,2026062731,4,5,1,014012,関智晴,,9.8,1車身,,1,0
043120260627,2026062731,4,6,2,015057,小林史也,,10.1,1車身1/2,,0,0
043120260627,2026062731,4,7,6,015722,竹澤雅也,,10.7,大差,,0,0
053120260627,2026062731,5,1,5,014326,福島栄一,差,9.9,,,1,0
053120260627,2026062731,5,2,2,015296,上田尭弥,捲,9.7,1/8車輪,,0,0
053120260627,2026062731,5,3,3,015552,上野雅彦,,10.1,3/4車身,,0,1
053120260627,2026062731,5,4,4,014307,谷田泰平,,9.9,1/4車輪,,0,0
053120260627,2026062731,5,5,1,014378,加賀山淳,,10.0,1車輪,,0,0
053120260627,2026062731,5,6,6,014740,須藤悟,,9.9,3/4車輪,,0,0
063120260627,2026062731,6,1,4,015120,竹内翼,捲,9.4,,,0,1
063120260627,2026062731,6,2,1,015741,堀川敬太郎,捲,9.4,1/2車身,,0,0
063120260627,2026062731,6,3,6,015519,小池千啓,,9.5,2車身,,0,0
063120260627,2026062731,6,4,3,011477,川口満宏,,9.5,1車身1/2,,0,0
063120260627,2026062731,6,5,5,015262,内山雅貴,,9.7,2車身,,0,0
063120260627,2026062731,6,6,2,015176,望月一成,,9.9,1/2車身,,1,0
073120260627,2026062731,7,1,3,015572,田村大,逃,10.3,,,0,1
073120260627,2026062731,7,2,5,013808,坂本健太郎,マ,10.2,1/8車輪,,0,0
073120260627,2026062731,7,3,1,015717,児玉虎之介,,10.4,4車身,,1,0
073120260627,2026062731,7,4,4,012519,藤原誠,,10.3,1車身,,0,0
073120260627,2026062731,7,5,2,015697,熊崎麻人,,10.6,1車身1/2,,0,0
073120260627,2026062731,7,6,6,015244,植原琢也,,10.4,3/4車身,,0,0
083120260627,2026062731,8,1,5,014427,佐藤和也,差,9.9,,,0,0
083120260627,2026062731,8,2,4,015322,磯島成介,逃,10.1,1/4車輪,,0,1
083120260627,2026062731,8,3,7,014384,佐藤龍二,,9.7,3/4車輪,,0,0
083120260627,2026062731,8,4,6,013741,高原仁志,,9.7,1車身1/2,,0,0
083120260627,2026062731,8,5,2,015442,仁藤秀,,10.1,1車身,,0,0
083120260627,2026062731,8,6,3,014786,本郷雄三,,10.2,4車身,,0,0
083120260627,2026062731,8,7,1,014846,久米康平,,10.2,3/4車身,,1,0
093120260627,2026062731,9,1,1,015049,菅原大也,逃,10.2,,,0,1
093120260627,2026062731,9,2,7,013070,高木和仁,差,9.9,3/4車身,,0,0
093120260627,2026062731,9,3,5,013850,山賀雅仁,,10.1,微差,,0,0
093120260627,2026062731,9,4,3,014576,中田雄喜,,10.0,3/4車輪,,1,0
093120260627,2026062731,9,5,6,014137,房州輝也,,9.9,1/2車身,,0,0
093120260627,2026062731,9,6,4,014322,片岡迪之,,10.1,1/4車輪,,0,0
093120260627,2026062731,9,7,2,015370,城戸俊潔,,10.3,1車身,,0,0
103120260627,2026062731,10,1,7,015352,原田亮太,逃,10.0,,,0,1
103120260627,2026062731,10,2,2,014081,田中晴基,マ,9.9,1/4車輪,,1,0
103120260627,2026062731,10,3,1,014004,松永将,,9.7,1/4車輪,,0,0
103120260627,2026062731,10,4,4,013994,杉山悠也,,9.6,3/4車輪,,0,0
103120260627,2026062731,10,5,5,015420,梁島邦友,,9.9,1車身1/2,,0,0
103120260627,2026062731,10,6,3,014940,谷口遼平,,9.6,3/4車身,,0,0
103120260627,2026062731,10,7,6,013959,鷲田佳史,,9.9,4車身,,0,0
113120260627,2026062731,11,1,4,015460,仲野結音,捲,9.7,,,0,1
113120260627,2026062731,11,2,3,013497,藤田昌宏,逃,10.3,6車身,,0,0
113120260627,2026062731,11,3,1,013936,小埜正義,,10.0,3/4車身,,1,0
113120260627,2026062731,11,4,2,013582,肥後尚己,,10.2,3/4車身,,0,0
113120260627,2026062731,11,5,5,013976,明田春喜,,10.3,微差,,0,0
113120260627,2026062731,11,6,7,013571,小林信晴,,10.4,2車身,,0,0
113120260627,2026062731,11,7,6,015701,石田典大,,10.3,3車身,,0,0
123120260627,2026062731,12,1,7,015522,堀江省吾,捲,9.6,,,0,0
123120260627,2026062731,12,2,4,015043,大矢崇弘,マ,9.6,1車身,,0,0
123120260627,2026062731,12,3,5,014356,佐藤一伸,,9.7,2車身,,0,0
123120260627,2026062731,12,4,3,013886,大屋健司,,9.8,1車身1/2,,0,0
123120260627,2026062731,12,5,2,012939,伏見俊昭,,9.7,1/2車輪,,0,0
123120260627,2026062731,12,6,1,015516,木村皆斗,,10.5,4車身,,1,1
123120260627,2026062731,12,7,6,015458,貴志修己,,10.3,3/4車輪,,0,0
014420260627,2026062744,1,1,2,015220,鈴木美教,逃,12.8,,,0,1
014420260627,2026062744,1,2,1,015584,西脇美唯奈,マ,12.8,1車身,,0,0
014420260627,2026062744,1,3,4,015950,石田春海,,12.6,1車身1/2,,0,0
014420260627,2026062744,1,4,3,014967,杉沢毛伊子,,12.8,1/2車身,,0,0
014420260627,2026062744,1,5,7,015223,中西叶美,,13.0,1/2車身,,1,0
014420260627,2026062744,1,6,5,015681,三谷尚子,,12.6,1車輪,,0,0
014420260627,2026062744,1,7,6,015945,橋本のこ,,13.3,7車身,,0,0
024420260627,2026062744,2,1,3,014694,前島恭平,逃,12.7,,,0,1
024420260627,2026062744,2,2,1,014516,村松俊弥,マ,12.6,1/2車輪,,1,0
024420260627,2026062744,2,3,6,013023,吉田英二,,12.5,1車輪,,0,0
024420260627,2026062744,2,4,7,012824,梶原亜湖,,12.6,2車身,,0,0
024420260627,2026062744,2,5,4,012677,花村直人,,12.7,3/4車身,,0,0
024420260627,2026062744,2,6,5,013573,高野輝彰,,12.8,1車身1/2,,0,0
024420260627,2026062744,2,7,2,014550,龍門慎太郎,,13.2,2車身,,0,0
034420260627,2026062744,3,1,3,014595,瀧本匡平,捲,11.5,,,0,1
034420260627,2026062744,3,2,2,013784,太田雅之,マ,11.5,1車身,,0,0
034420260627,2026062744,3,3,1,014099,坂本佳憲,,11.4,1車輪,,1,0
034420260627,2026062744,3,4,5,013513,南和夫,,11.4,1車身1/2,,0,0
034420260627,2026062744,3,5,4,013030,梶山大輔,,11.9,6車身,,0,0
034420260627,2026062744,3,6,7,014798,三浦平志郎,,12.1,1車身,,0,0
034420260627,2026062744,3,7,6,012101,山城光央,,12.0,1車身1/2,,0,0
044420260627,2026062744,4,1,2,013109,志村正洋,差,11.8,,,0,0
044420260627,2026062744,4,2,1,014124,石田宏樹,逃,11.9,1/4車輪,,1,1
044420260627,2026062744,4,3,6,014010,長谷川辰徳,,11.7,1/2車輪,,0,0
044420260627,2026062744,4,4,4,012530,池上孝之,,11.7,1車身1/2,,0,0
044420260627,2026062744,4,5,5,013375,五反田豊和,,11.8,3/4車身,,0,0
044420260627,2026062744,4,6,7,014855,東隆之,,11.6,1/4車輪,,0,0
044420260627,2026062744,4,7,3,013063,赤松秀展,,12.9,大差,,0,0
054420260627,2026062744,5,1,2,014257,岡崎克政,逃,12.5,,,0,1
054420260627,2026062744,5,2,3,015542,中嶋樹,差,12.4,2車身,,0,0
054420260627,2026062744,5,3,6,014430,橋本祐司,,12.2,1車身1/2,,0,0
054420260627,2026062744,5,4,7,011741,澤亀浩司,,12.3,微差,,0,0
054420260627,2026062744,5,5,5,013887,沖本尚織,,12.8,1/2車身,,0,0
054420260627,2026062744,5,6,4,013266,伊藤嘉浩,,12.1,1車輪,,1,0
054420260627,2026062744,5,7,1,013480,林洋二,,12.4,4車身,,0,0
064420260627,2026062744,6,1,2,015578,飯田風音,捲,12.1,,,0,0
064420260627,2026062744,6,2,1,015765,竹野百香,差,12.3,2車身,,0,0
064420260627,2026062744,6,3,3,015023,石井貴子,,12.5,1車身,,0,0
064420260627,2026062744,6,4,6,015319,橋本佳耶,,12.6,1/2車身,,1,1
064420260627,2026062744,6,5,7,015573,蛯原杏奈,,12.4,3/4車輪,,0,0
064420260627,2026062744,6,6,5,015773,枝光美奈,,12.2,1/8車輪,,0,0
064420260627,2026062744,6,0,4,015764,宇野紅音,,0.0,,失格,0,0
074420260627,2026062744,7,1,4,015898,岩原健馬,逃,12.1,,,0,1
074420260627,2026062744,7,2,1,015054,谷本奨輝,マ,12.0,3/4車輪,,1,0
074420260627,2026062744,7,3,2,015884,秋山太洋,,12.1,3/4車身,,0,0
074420260627,2026062744,7,4,3,015828,秋末蓮,,12.0,1/4車輪,,0,0
074420260627,2026062744,7,5,6,014780,古川大輔,,11.8,1車輪,,0,0
074420260627,2026062744,7,6,5,015895,鈴木小次廊,,11.9,3/4車輪,,0,0
074420260627,2026062744,7,7,7,014880,野見泰要,,13.1,大差,,0,0
014620260627,2026062746,1,1,1,015481,山川奨太,差,10.3,,,1,0
014620260627,2026062746,1,2,4,014674,丹波孝佑,逃,10.3,1/4車輪,,0,1
014620260627,2026062746,1,3,2,013760,矢口啓一郎,,10.0,1/2車輪,,0,0
014620260627,2026062746,1,4,5,013179,飯島淳,,9.9,1車身,,0,0
014620260627,2026062746,1,5,6,014411,小谷文康,,10.3,3/4車輪,,0,0
014620260627,2026062746,1,6,3,014328,藤田洋平,,10.2,1/2車身,,0,0
024620260627,2026062746,2,1,7,014984,會澤龍,捲,10.1,,,1,0
024620260627,2026062746,2,2,2,014651,須永勝太,マ,9.9,1/4車輪,,0,0
024620260627,2026062746,2,3,5,015720,山元大夢,,10.4,3/4車身,,0,1
024620260627,2026062746,2,4,1,012684,四宮哲郎,,10.4,3/4車身,,0,0
024620260627,2026062746,2,5,6,012416,櫻井紀幸,,10.1,1車身,,0,0
024620260627,2026062746,2,6,4,012550,荒木真慈,,10.4,1/2車輪,,0,0
024620260627,2026062746,2,7,3,013594,高田真幸,,11.0,8車身,,0,0
034620260627,2026062746,3,1,1,014455,小野裕次,差,10.1,,,1,0
034620260627,2026062746,3,2,7,013473,大塚英伸,マ,10.0,3/4車輪,,0,0
034620260627,2026062746,3,3,4,014280,井上公利,,10.3,1/2車輪,,0,1
034620260627,2026062746,3,4,5,014561,高橋義秋,,10.1,1車身,,0,0
034620260627,2026062746,3,5,2,015108,吉田篤史,,10.2,3/4車輪,,0,0
034620260627,2026062746,3,6,3,012326,國武耕二,,10.0,1/2車身,,0,0
034620260627,2026062746,3,7,6,013580,河村章憲,,10.5,6車身,,0,0
044620260627,2026062746,4,1,4,015001,堀兼壽,捲,10.2,,,0,1
044620260627,2026062746,4,2,7,014371,岡光良,差,10.6,9車身,,0,0
044620260627,2026062746,4,3,2,015754,成海大聖,,10.8,3/4車身,,0,0
044620260627,2026062746,4,4,1,013902,岩崎将士,,10.7,3/4車輪,,1,0
044620260627,2026062746,4,5,5,014270,小原将通,,10.6,タイヤ,,0,0
044620260627,2026062746,4,6,6,014520,伊藤彰規,,10.6,3車身,,0,0
044620260627,2026062746,4,7,3,013469,野村純宏,,10.9,5車身,,0,0
054620260627,2026062746,5,1,1,015361,高田修汰,逃,10.1,,,1,1
054620260627,2026062746,5,2,7,013045,岩本和也,マ,10.0,1/2車輪,,0,0
054620260627,2026062746,5,3,5,013242,尾崎剛,,10.0,1車身,,0,0
054620260627,2026062746,5,4,4,013483,宮越孝治,,10.0,1/2車身,,0,0
054620260627,2026062746,5,5,6,015118,木村幸希,,9.7,1/2車輪,,0,0
054620260627,2026062746,5,6,2,014135,金澤幸司,,10.2,3車身,,0,0
054620260627,2026062746,5,7,3,015428,藤田周磨,,10.6,1車身1/2,,0,0
064620260627,2026062746,6,1,1,014327,北村信明,差,10.0,,,0,0
064620260627,2026062746,6,2,7,015546,山根将太,逃,10.2,1車輪,,0,1
064620260627,2026062746,6,3,2,014451,武藤篤弘,,9.8,1/2車身,,0,0
064620260627,2026062746,6,4,6,012533,澤田義和,,9.9,1/4車輪,,0,0
064620260627,2026062746,6,5,4,014017,大塚玲,,9.8,1車身1/2,,0,0
064620260627,2026062746,6,6,5,015694,浮島知稀,,10.1,3/4車輪,,0,0
064620260627,2026062746,6,7,3,014949,石口慶多,,10.7,5車身,,0,0
074620260627,2026062746,7,1,2,014757,藤井昭吾,捲,9.8,,,0,0
074620260627,2026062746,7,2,4,014309,水谷好宏,マ,9.7,3/4車輪,,0,0
074620260627,2026062746,7,3,7,014548,棚橋勉,,10.4,4車身,,0,0
074620260627,2026062746,7,4,5,015725,青木瑞樹,,10.6,1/2車輪,,1,1
074620260627,2026062746,7,5,1,014454,上原龍,,10.3,1/2車輪,,0,0
074620260627,2026062746,7,6,3,014796,保科千春,,10.5,3車身,,0,0
074620260627,2026062746,7,7,6,015259,小林稜武,,11.3,6車身,,0,0
084620260627,2026062746,8,1,6,015619,日高裕太,捲,9.2,,,0,0
084620260627,2026062746,8,2,7,015653,坂田康季,捲,9.8,2車身,,0,1
084620260627,2026062746,8,3,2,014246,森川大輔,,9.9,4車身,,1,0
084620260627,2026062746,8,4,4,014752,竹内雄作,,10.1,1車身,,0,0
084620260627,2026062746,8,5,5,014221,古川尚耶,,9.9,1/2車輪,,0,0
084620260627,2026062746,8,6,3,014565,中村健志,,10.0,3/4車輪,,0,0
084620260627,2026062746,8,7,1,015605,加藤将武,,10.1,3/4車身,,0,0
094620260627,2026062746,9,1,7,013719,吉田敏洋,差,9.9,,,0,0
094620260627,2026062746,9,2,5,014500,竹村勇祐,差,9.9,3/4車身,,0,0
094620260627,2026062746,9,3,6,015380,外田心斗,,10.0,1/8車輪,,0,0
094620260627,2026062746,9,4,2,015825,南部翔大,,10.1,3/4車輪,,1,1
094620260627,2026062746,9,5,1,015378,今野有樹,,9.9,1/2車身,,0,0
094620260627,2026062746,9,6,3,014640,新山将史,,9.8,1車輪,,0,0
094620260627,2026062746,9,7,4,015418,原大智,,10.8,6車身,,0,0
104620260627,2026062746,10,1,6,015624,小西晴己,捲,9.8,,,0,0
104620260627,2026062746,10,2,4,014590,近藤夏樹,マ,9.7,1/2車輪,,0,0
104620260627,2026062746,10,3,7,013532,佐々木雄一,,9.6,1/2車輪,,0,0
104620260627,2026062746,10,4,5,014677,角令央奈,,9.8,1/2車輪,,0,0
104620260627,2026062746,10,5,1,015066,原口昌平,,10.1,1車身1/2,,0,1
104620260627,2026062746,10,6,2,015239,佐々木堅次,,9.9,3/4車身,,1,0
104620260627,2026062746,10,0,3,015789,山崎歩夢,,0.0,,故障,0,0
114620260627,2026062746,11,1,3,013640,西村豊,差,10.0,,,0,0
114620260627,2026062746,11,2,1,015626,近谷涼,逃,10.3,3/4車輪,,0,1
114620260627,2026062746,11,3,6,014673,松田大,,10.2,1/4車輪,,0,0
114620260627,2026062746,11,4,7,015194,船瀬惇平,,9.9,3/4車輪,,0,0
114620260627,2026062746,11,5,2,015174,菊池竣太朗,,9.8,1/8車輪,,0,0
114620260627,2026062746,11,6,5,015818,佐藤大地,,10.2,1/4車輪,,0,0
114620260627,2026062746,11,7,4,013650,吉本哲郎,,10.0,1車身,,0,0
124620260627,2026062746,12,1,1,015628,村田祐樹,捲,9.9,,,1,1
124620260627,2026062746,12,2,2,014190,木村隆弘,差,9.4,1/2車身,,0,0
124620260627,2026062746,12,3,4,013637,笠松信幸,,9.8,1/2車身,,0,0
124620260627,2026062746,12,4,6,014955,市橋司優人,,9.7,3/4車輪,,0,0
124620260627,2026062746,12,5,3,015362,脇本勇希,,9.6,3/4車輪,,0,0
124620260627,2026062746,12,6,5,014852,徳永哲人,,10.2,3車身,,0,0
124620260627,2026062746,12,7,7,015449,橋本優己,,11.1,8車身,,0,0
017320260627,2026062773,1,1,2,015401,清水彩那,捲,12.8,,,0,1
017320260627,2026062773,1,2,1,015224,太田美穂,マ,12.7,3/4車身,,0,0
017320260627,2026062773,1,3,3,015393,佐々木綾,,12.7,3/4車身,,0,0
017320260627,2026062773,1,4,4,015776,高本美穂,,13.0,3/4車身,,0,0
017320260627,2026062773,1,5,5,015775,羽田野愛花,,12.9,1/2車身,,0,0
017320260627,2026062773,1,6,6,014925,大和久保美,,12.7,1/2車輪,,0,0
027320260627,2026062773,2,1,1,015012,勝部貴博,捲,12.6,,,0,1
027320260627,2026062773,2,2,3,012914,武市和人,差,12.3,3/4車身,,0,0
027320260627,2026062773,2,3,2,013972,富永昌久,,12.8,2車身,,0,0
027320260627,2026062773,2,4,5,012537,取鳥敬一,,12.4,1車身1/2,,0,0
027320260627,2026062773,2,5,4,015284,田村裕也,,13.2,7車身,,0,0
027320260627,2026062773,2,6,6,014639,屋宜浩二,,15.2,大差,,0,0
037320260627,2026062773,3,1,3,015915,柏野健吾,逃,12.5,,,0,1
037320260627,2026062773,3,2,5,012547,横瀬聡,差,12.3,1/2車輪,,0,0
037320260627,2026062773,3,3,1,014948,斎藤敦,,12.1,3/4車身,,1,0
037320260627,2026062773,3,4,2,012986,近藤直幹,,12.5,微差,,0,0
037320260627,2026062773,3,5,4,014101,永橋武司,,12.0,タイヤ,,0,0
037320260627,2026062773,3,6,6,014179,肥後公允,,12.7,5車身,,0,0
047320260627,2026062773,4,1,4,015923,右近陸人,逃,12.1,,,1,1
047320260627,2026062773,4,2,2,012042,山原利秀,マ,12.0,1/8車輪,,0,0
047320260627,2026062773,4,3,6,014777,竹村達也,,11.8,1/2車輪,,0,0
047320260627,2026062773,4,4,5,014686,秋永昂人,,11.7,1車身1/2,,0,0
047320260627,2026062773,4,5,1,012603,大川栄二,,11.7,1車身1/2,,0,0
047320260627,2026062773,4,6,7,013818,赤星俊光,,11.9,4車身,,0,0
047320260627,2026062773,4,7,3,014483,竜門孝宗,,12.2,1車身1/2,,0,0
057320260627,2026062773,5,1,1,015937,新垣慶晃,捲,12.1,,,0,0
057320260627,2026062773,5,2,6,011665,倉岡慎太郎,マ,12.1,2車身,,0,0
057320260627,2026062773,5,3,5,012982,上原直樹,,12.5,1車身1/2,,0,0
057320260627,2026062773,5,4,4,014772,細田純平,,12.5,1/2車身,,0,0
057320260627,2026062773,5,5,2,014842,川本琢也,,12.7,1/8車輪,,1,1
057320260627,2026062773,5,6,3,013331,橋本大祐,,12.5,2車身,,0,0
057320260627,2026062773,5,7,7,012307,尾崎勝弘,,16.2,大差,,0,0
067320260627,2026062773,6,1,4,015495,下条未悠,捲,12.3,,,0,0
067320260627,2026062773,6,2,2,014900,小林莉子,マ,12.3,3/4車輪,,0,0
067320260627,2026062773,6,3,6,015770,東美月,,12.3,1車身,,0,0
067320260627,2026062773,6,4,1,015587,吉川美穂,,12.7,3/4車身,,0,0
067320260627,2026062773,6,5,5,015076,元砂七夕美,,12.6,1/2車身,,0,0
067320260627,2026062773,6,6,3,015939,半田水晶,,13.0,1/2車身,,0,1
067320260627,2026062773,6,7,7,015585,山本さくら,,14.3,大差,,1,0
077320260627,2026062773,7,1,6,013299,五十嵐博一,差,12.3,,,0,0
077320260627,2026062773,7,2,5,013897,加藤大輔,差,12.6,1/2車身,,0,0
077320260627,2026062773,7,3,1,015933,山本康旗,,12.7,1/2車身,,0,1
077320260627,2026062773,7,4,3,013822,米原大輔,,12.4,1/4車輪,,0,0
077320260627,2026062773,7,5,4,015209,中野真吾,,12.5,1車身1/2,,0,0
077320260627,2026062773,7,6,2,014563,興呂木雄治,,12.3,3/4車身,,0,0
077320260627,2026062773,7,7,7,014844,三登誉哲,,13.7,大差,,0,0
016220260627,2026062762,1,1,5,015843,松本昂大,逃,12.0,,,0,1
016220260627,2026062762,1,2,7,013667,田中洋輔,マ,11.9,1車身,,0,0
016220260627,2026062762,1,3,2,013359,吉田彰久,,11.9,2車身,,0,0
016220260627,2026062762,1,4,3,014344,園田鉄兵,,11.9,1/2車身,,0,0
016220260627,2026062762,1,5,4,013061,小磯知也,,11.8,3/4車身,,0,0
016220260627,2026062762,1,6,1,015175,桜井大地,,12.0,3車身,,1,0
016220260627,2026062762,1,7,6,014014,須藤雄太,,13.9,大差,,0,0
026220260627,2026062762,2,1,1,013434,石黒健,差,11.8,,,0,0
026220260627,2026062762,2,2,5,014487,才迫勇馬,逃,11.9,1/8車輪,,1,1
026220260627,2026062762,2,3,3,014336,八尋翔平,,11.5,1車輪,,0,0
026220260627,2026062762,2,4,6,014652,原清孝,,11.8,1車身,,0,0
026220260627,2026062762,2,5,4,014787,瀬口匠,,11.4,3/4車輪,,0,0
026220260627,2026062762,2,6,2,012838,三木健治,,11.5,1/2車輪,,0,0
026220260627,2026062762,2,7,7,015662,中山遼太郎,,11.9,1/2車身,,0,0
036220260627,2026062762,3,1,2,014851,横内裕人,捲,11.6,,,1,0
036220260627,2026062762,3,2,4,012910,塩川真一郎,マ,11.5,3/4車身,,0,0
036220260627,2026062762,3,3,7,013834,平石浩之,,11.5,1/2車身,,0,0
036220260627,2026062762,3,4,3,014567,仲松勝太,,12.3,5車身,,0,0
036220260627,2026062762,3,5,1,012794,宇賀神浩幸,,11.8,1/2車輪,,0,0
036220260627,2026062762,3,6,6,012779,田川辰二,,12.2,3/4車身,,0,0
036220260627,2026062762,3,7,5,014449,片折勇輝,,12.7,3車身,,0,1
046220260627,2026062762,4,1,7,013451,松本大地,差,12.1,,,1,0
046220260627,2026062762,4,2,3,015560,林昴,逃,12.2,1/2車輪,,0,1
046220260627,2026062762,4,3,4,014240,須藤誠,,12.0,1/2車身,,0,0
046220260627,2026062762,4,4,5,013817,吉川裕二,,12.1,1/2車身,,0,0
046220260627,2026062762,4,5,6,014181,藤原悠斗,,11.9,1/2車輪,,0,0
046220260627,2026062762,4,6,2,013735,井上剛,,12.0,1車身1/2,,0,0
046220260627,2026062762,4,7,1,014783,魚屋周成,,12.9,6車身,,0,0
056220260627,2026062762,5,1,3,015876,三神遼矢,逃,11.3,,,0,1
056220260627,2026062762,5,2,7,014440,渡辺正光,マ,11.2,3/4車身,,0,0
056220260627,2026062762,5,3,1,015651,中川聖大,,11.2,1/2車身,,1,0
056220260627,2026062762,5,4,4,012718,大橋徹,,11.2,1車輪,,0,0
056220260627,2026062762,5,5,5,013054,石丸寛之,,11.3,3/4車身,,0,0
056220260627,2026062762,5,6,6,015212,山口龍也,,11.3,1/2車身,,0,0
056220260627,2026062762,5,7,2,014684,松本卓也,,12.7,大差,,0,0
066220260627,2026062762,6,1,5,014186,網谷竜次,差,11.3,,,0,0
066220260627,2026062762,6,2,2,015737,火島裕輝,捲,11.4,1/2車輪,,0,0
066220260627,2026062762,6,3,4,015665,福田要,,11.1,1/2車輪,,0,0
066220260627,2026062762,6,4,3,014048,川島勝,,11.1,3/4車身,,0,0
066220260627,2026062762,6,5,7,013382,成田直喜,,11.5,1/2車身,,0,0
066220260627,2026062762,6,6,1,014658,馬場和広,,11.6,1/2車輪,,1,1
066220260627,2026062762,6,7,6,015281,増田仁,,13.2,大差,,0,0
076220260627,2026062762,7,1,6,014438,緑川修平,捲,11.7,,,0,0
076220260627,2026062762,7,2,5,013589,佐竹和也,差,12.0,1/2車身,,0,0
076220260627,2026062762,7,3,1,015059,畝木努,,12.1,1車輪,,1,0
076220260627,2026062762,7,4,4,014779,名川豊,,12.0,1/8車輪,,0,0
076220260627,2026062762,7,5,3,014024,櫻井丈,,11.9,1/2車身,,0,0
076220260627,2026062762,7,6,2,015650,田代匠,,12.2,1/4車輪,,0,1
076220260627,2026062762,7,7,7,014412,宮崎康司,,12.0,1/2車輪,,0,0
018120260627,2026062781,1,1,4,015271,大城慶之,逃,12.4,,,0,1
018120260627,2026062781,1,2,3,013416,飯尾主税,差,12.1,2車身,,0,0
018120260627,2026062781,1,3,2,013951,永井清史,,12.4,1/2車身,,0,0
018120260627,2026062781,1,4,1,014374,屋良朝春,,12.6,1車身,,1,0
018120260627,2026062781,1,5,5,014891,小岩哲也,,12.7,1車身,,0,0
018120260627,2026062781,1,6,6,011198,大竹慎吾,,12.6,1/2車身,,0,0
018120260627,2026062781,1,7,7,015534,牛田樹希斗,,12.4,2車身,,0,0
028120260627,2026062781,2,1,2,015456,安藤直希,逃,11.6,,,0,1
028120260627,2026062781,2,2,7,014269,梶原恵介,マ,11.5,1車身,,0,0
028120260627,2026062781,2,3,3,014347,外崎一成,,11.5,1車身,,1,0
028120260627,2026062781,2,4,5,014386,伊藤拓人,,11.5,3/4車身,,0,0
028120260627,2026062781,2,5,4,013520,高木竜司,,11.7,1車身,,0,0
028120260627,2026062781,2,6,6,012473,清水邦章,,11.6,3/4車輪,,0,0
028120260627,2026062781,2,7,1,013142,黒田大介,,11.8,1車身,,0,0
038120260627,2026062781,3,1,2,015753,枝村弘樹,捲,11.8,,,0,0
038120260627,2026062781,3,2,7,013537,谷津田将吾,差,12.2,4車身,,0,0
038120260627,2026062781,3,3,6,014414,是永幸寛,,12.1,1車輪,,0,0
038120260627,2026062781,3,4,4,014850,岡田啓渡,,12.3,3/4車輪,,0,0
038120260627,2026062781,3,0,1,015172,能代谷元,,0.0,,失格,0,0
038120260627,2026062781,3,0,3,014057,松田優一,,0.0,,落車,1,0
038120260627,2026062781,3,0,5,014457,北野良栄,,0.0,,落車,0,1
048120260627,2026062781,4,1,7,015371,田上晃也,逃,11.8,,,0,1
048120260627,2026062781,4,2,1,013357,近藤誠二,マ,11.7,1/4車輪,,0,0
048120260627,2026062781,4,3,4,012829,西浦仙哉,,11.5,3/4車輪,,0,0
048120260627,2026062781,4,4,3,015267,橋本英也,,11.8,1車身1/2,,0,0
048120260627,2026062781,4,5,2,014512,長井妙樹,,11.5,1/4車輪,,0,0
048120260627,2026062781,4,6,6,012586,佐藤和典,,11.7,3車身,,0,0
048120260627,2026062781,4,7,5,015599,堀航輝,,12.2,2車身,,1,0
058120260627,2026062781,5,1,7,015928,尾野翔一,捲,11.3,,,0,1
058120260627,2026062781,5,2,1,015562,山本浩成,マ,11.3,1車身1/2,,1,0
058120260627,2026062781,5,3,5,015729,山根慶太,,11.4,2車身,,0,0
058120260627,2026062781,5,4,3,013535,平沼由充,,11.4,1車身,,0,0
058120260627,2026062781,5,5,4,015113,酒井拳蔵,,11.4,3/4車輪,,0,0
058120260627,2026062781,5,0,2,014261,作田悦章,,0.0,,落車,0,0
058120260627,2026062781,5,0,6,015515,平山優太,,0.0,,落車,0,0
068120260627,2026062781,6,1,4,130134,アンドルーズ,捲,11.6,,,0,0
068120260627,2026062781,6,2,5,014963,石井寛子,マ,11.7,1車身1/2,,0,0
068120260627,2026062781,6,3,1,015763,山口優依,,12.6,7車身,,0,1
068120260627,2026062781,6,4,2,015310,梶原百香,,12.4,1/2車輪,,0,0
068120260627,2026062781,6,5,3,015315,渡口まりあ,,12.7,1/2車身,,1,0
068120260627,2026062781,6,6,7,015217,南彩乃,,12.5,1車身,,0,0
068120260627,2026062781,6,7,6,015677,浜地晴帆,,12.5,1/2車身,,0,0
078120260627,2026062781,7,1,5,130135,ファンデルワウ,捲,11.6,,,0,1
078120260627,2026062781,7,2,4,015032,小林優香,捲,12.0,4車身,,0,0
078120260627,2026062781,7,3,1,014907,中川諒子,,12.2,3車身,,0,0
078120260627,2026062781,7,4,7,015942,齊藤由莉,,12.7,5車身,,0,0
078120260627,2026062781,7,5,2,015079,日野友葵,,12.5,1車身,,0,0
078120260627,2026062781,7,6,6,015496,布居光,,12.7,2車身,,0,0
078120260627,2026062781,7,7,3,015216,加藤恵,,13.0,1車輪,,1,0
088120260627,2026062781,8,1,1,015325,後藤悠,捲,11.1,,,0,0
088120260627,2026062781,8,2,3,015476,緒方将樹,捲,11.3,3/4車輪,,0,1
088120260627,2026062781,8,3,2,014883,才迫開,,11.6,4車身,,0,0
088120260627,2026062781,8,4,5,014043,中園和剛,,11.6,1/2車輪,,1,0
088120260627,2026062781,8,5,7,015251,柿本大貴,,11.5,1/8車輪,,0,0
088120260627,2026062781,8,6,4,014680,増原正人,,11.6,3/4車身,,0,0
088120260627,2026062781,8,7,6,012478,加倉正義,,11.7,4車身,,0,0
098120260627,2026062781,9,1,7,014854,久島尚樹,捲,11.3,,,0,0
098120260627,2026062781,9,2,1,014262,稲吉悠大,マ,11.2,3/4車身,,0,0
098120260627,2026062781,9,3,2,014831,伊藤裕貴,,11.6,2車身,,0,0
098120260627,2026062781,9,4,4,015169,野口裕史,,11.8,1/2車身,,0,1
098120260627,2026062781,9,5,3,013947,石橋慎太郎,,11.6,1/4車輪,,1,0
098120260627,2026062781,9,6,5,012705,那須久幸,,11.5,1車身1/2,,0,0
098120260627,2026062781,9,7,6,015010,吉川嘉斗,,12.3,7車身,,0,0
108120260627,2026062781,10,1,1,015840,阿部英斗,捲,11.0,,,0,0
108120260627,2026062781,10,2,7,013921,渡邉一成,捲,10.9,1/2車身,,0,0
108120260627,2026062781,10,3,5,015207,林慶次郎,,11.0,1車身,,0,0
108120260627,2026062781,10,4,4,015096,大石剣士,,10.9,1車身,,0,0
108120260627,2026062781,10,5,2,014537,西村光太,,11.2,1/4車輪,,0,0
108120260627,2026062781,10,6,3,015509,木村佑来,,11.4,5車身,,1,0
108120260627,2026062781,10,7,6,015445,内藤久文,,12.1,2車身,,0,1
118120260627,2026062781,11,1,5,130127,トゥルーマン,逃,11.3,,,1,1
118120260627,2026062781,11,2,6,014604,菱田浩二,差,11.2,1/2車身,,0,0
118120260627,2026062781,11,3,2,014795,櫻井正孝,,11.3,1/4車輪,,0,0
118120260627,2026062781,11,4,7,014263,樫山恭柄,,11.1,3/4車身,,0,0
118120260627,2026062781,11,5,4,014441,芦澤辰弘,,11.1,1車身,,0,0
118120260627,2026062781,11,6,3,015252,河合佑弥,,11.3,1車身,,0,0
118120260627,2026062781,11,0,1,015730,黒瀬浩太郎,,0.0,,失格,0,0
128120260627,2026062781,12,1,5,015868,市田龍生都,逃,11.1,,,0,1
128120260627,2026062781,12,2,3,015390,伊藤颯馬,差,10.8,1車身,,0,0
128120260627,2026062781,12,3,2,014833,高久保雄介,,11.1,1/4車輪,,0,0
128120260627,2026062781,12,4,7,015473,青柳靖起,,10.9,3/4車輪,,0,0
128120260627,2026062781,12,5,1,013900,大森慶一,,10.9,2車身,,1,0
128120260627,2026062781,12,6,6,014641,箱田優樹,,10.8,1車身,,0,0
128120260627,2026062781,12,7,4,130133,リチャードソン,,11.4,3/4車身,,0,0
012320260627,2026062723,1,1,5,015480,松本秀之介,捲,11.1,,,0,0
012320260627,2026062723,1,2,2,015297,上野優太,マ,11.1,1/2車身,,0,0
012320260627,2026062723,1,3,1,015896,丸山留依,,11.6,3車身,,0,1
012320260627,2026062723,1,4,7,014837,神田紘輔,,10.8,1車輪,,0,0
012320260627,2026062723,1,5,9,012819,齊藤竜也,,11.4,タイヤ,,0,0
012320260627,2026062723,1,6,8,014558,松尾透,,11.3,1/2車身,,0,0
012320260627,2026062723,1,7,4,013642,西岡正一,,10.8,1/2車身,,0,0
012320260627,2026062723,1,8,3,014599,松岡篤哉,,11.0,1/8車輪,,0,0
012320260627,2026062723,1,9,6,015171,出澤拓也,,11.4,3/4車輪,,0,0
022320260627,2026062723,2,1,2,014127,永澤剛,差,11.5,,,0,0
022320260627,2026062723,2,2,9,015417,櫻井祐太郎,捲,11.6,1/2車輪,,0,1
022320260627,2026062723,2,3,1,015551,渡口勝成,,11.4,1/2車身,,0,0
022320260627,2026062723,2,4,7,014182,大川龍二,,11.4,3/4車身,,0,0
022320260627,2026062723,2,5,5,015433,山本勝利,,11.3,3車身,,0,0
022320260627,2026062723,2,6,3,013685,岡田征陽,,11.2,1/2車輪,,0,0
022320260627,2026062723,2,7,6,012759,金山栄治,,11.3,3車身,,0,0
022320260627,2026062723,2,8,4,012987,堤洋,,11.6,2車身,,0,0
022320260627,2026062723,2,9,8,015535,佐藤竜太,,13.1,8車身,,1,0
032320260627,2026062723,3,1,7,014051,早坂秀悟,捲,11.9,,,0,0
032320260627,2026062723,3,2,5,015268,山田諒,捲,11.7,4車身,,0,0
032320260627,2026062723,3,3,3,013387,野田源一,,12.2,1/2車身,,0,0
032320260627,2026062723,3,4,1,014996,岡本総,,11.7,タイヤ,,1,0
032320260627,2026062723,3,5,9,013744,菅原晃,,12.0,3/4車輪,,0,0
032320260627,2026062723,3,6,4,014617,西岡拓朗,,11.9,1/2車身,,0,0
032320260627,2026062723,3,7,2,014053,鈴木謙太郎,,11.9,3/4車身,,0,0
032320260627,2026062723,3,8,6,013448,合志正臣,,12.1,3/4車身,,0,0
032320260627,2026062723,3,9,8,015424,中村隆生,,12.5,3/4車輪,,0,1
042320260627,2026062723,4,1,1,015125,佐々木豪,捲,11.3,,,1,0
042320260627,2026062723,4,2,7,013880,岩津裕介,マ,11.3,1車輪,,0,0
042320260627,2026062723,4,3,4,014298,蒔田英彦,,11.6,1車輪,,0,0
042320260627,2026062723,4,4,2,014052,飯野祐太,,11.4,1/2車輪,,0,0
042320260627,2026062723,4,5,5,014196,小林弘和,,11.3,3/4車輪,,0,0
042320260627,2026062723,4,6,9,014714,橋本智昭,,11.6,1/4車輪,,0,0
042320260627,2026062723,4,7,8,014811,笠松将太,,11.1,1/2車身,,0,0
042320260627,2026062723,4,8,3,014863,一戸康宏,,11.1,3/4車輪,,0,0
042320260627,2026062723,4,9,6,014080,近藤隆司,,13.4,大差,,0,1
052320260627,2026062723,5,1,1,014152,宿口陽一,差,11.5,,,1,0
052320260627,2026062723,5,2,5,015517,橋本壮史,逃,11.8,3/4車輪,,0,1
052320260627,2026062723,5,3,7,014232,柴田洋輔,,11.5,3/4車輪,,0,0
052320260627,2026062723,5,4,2,015354,齋木翔多,,11.3,1/4車輪,,0,0
052320260627,2026062723,5,5,9,012339,内藤宣彦,,11.3,1車身,,0,0
052320260627,2026062723,5,6,8,015536,疋田力也,,11.4,3/4車身,,0,0
052320260627,2026062723,5,7,3,014830,大洞翔平,,11.3,3/4車身,,0,0
052320260627,2026062723,5,8,4,014098,菊谷信一,,11.4,3車身,,0,0
052320260627,2026062723,5,9,6,015382,竹元健竜,,12.3,大差,,0,0
062320260627,2026062723,6,1,3,013730,東口善朋,差,11.6,,,0,0
062320260627,2026062723,6,2,2,015038,山岸佳太,差,11.3,1/4車輪,,0,0
062320260627,2026062723,6,3,5,015123,清水一幸,,11.6,1/4車輪,,0,0
062320260627,2026062723,6,4,9,015179,皿屋豊,,11.7,1/2車輪,,0,0
062320260627,2026062723,6,5,1,015328,星野洋輝,,11.7,1/2車輪,,0,0
062320260627,2026062723,6,6,4,014511,内藤高裕,,11.2,1車輪,,0,0
062320260627,2026062723,6,7,8,014134,小野大介,,11.7,3/4車身,,0,0
062320260627,2026062723,6,8,7,015336,小畑勝広,,11.7,1車身1/2,,1,0
062320260627,2026062723,6,9,6,015415,坂本紘規,,13.3,大差,,0,1
072320260627,2026062723,7,1,1,014744,和田真久留,差,11.3,,,1,0
072320260627,2026062723,7,2,7,015443,道場晃規,捲,11.4,1/8車輪,,0,0
072320260627,2026062723,7,3,5,014138,山下渡,,11.5,3/4車輪,,0,0
072320260627,2026062723,7,4,2,015334,朝倉智仁,,11.7,1/4車輪,,0,1
072320260627,2026062723,7,5,3,013815,井上昌己,,11.6,1/4車輪,,0,0
072320260627,2026062723,7,6,4,014683,藤岡隆治,,11.5,3/4車身,,0,0
072320260627,2026062723,7,7,8,014066,池田勇人,,11.6,1/2車輪,,0,0
072320260627,2026062723,7,8,9,015479,松岡辰泰,,11.9,1車身,,0,0
072320260627,2026062723,7,9,6,013306,齋藤登志信,,11.4,1/2車輪,,0,0
082320260627,2026062723,8,1,1,013894,園田匠,差,11.5,,,0,0
082320260627,2026062723,8,2,7,015474,阿部将大,捲,11.6,1/4車輪,,1,1
082320260627,2026062723,8,3,5,013514,山口貴嗣,,11.5,1車身,,0,0
082320260627,2026062723,8,4,2,013059,香川雄介,,11.6,1車身,,0,0
082320260627,2026062723,8,5,3,015528,新村穣,,11.6,3/4車身,,0,0
082320260627,2026062723,8,6,6,013653,森安崇之,,11.7,3/4車身,,0,0
082320260627,2026062723,8,7,4,015046,山本紳貴,,11.6,1/4車輪,,0,0
082320260627,2026062723,8,8,8,015097,長谷部翔,,11.5,1車身,,0,0
082320260627,2026062723,8,9,9,015832,角宗哉,,12.1,3/4車身,,0,0
092320260627,2026062723,9,1,1,015337,佐藤礼文,差,11.7,,,0,0
092320260627,2026062723,9,2,5,015518,吉田有希,逃,11.8,3/4車輪,,0,1
092320260627,2026062723,9,3,7,014148,岸澤賢太,,11.7,1/2車身,,0,0
092320260627,2026062723,9,4,3,014038,橋本強,,11.5,1車輪,,1,0
092320260627,2026062723,9,5,9,015468,和泉尚吾,,11.7,1車身1/2,,0,0
092320260627,2026062723,9,6,8,015654,梅崎隆介,,11.8,1/8車輪,,0,0
092320260627,2026062723,9,7,6,013884,守谷陽介,,11.6,3/4車輪,,0,0
092320260627,2026062723,9,8,2,014890,大西貴晃,,11.9,1車身,,0,0
092320260627,2026062723,9,9,4,014635,中本匠栄,,11.8,1車輪,,0,0
102320260627,2026062723,10,1,7,014252,三谷将太,差,11.9,,,0,0
102320260627,2026062723,10,2,3,015826,久田朔,逃,12.1,1/4車輪,,0,1
102320260627,2026062723,10,3,2,015052,渡邉豪大,,11.6,3/4車輪,,1,0
102320260627,2026062723,10,4,1,015004,畑段嵐士,,11.9,3/4車身,,0,0
102320260627,2026062723,10,5,5,014211,佐藤幸治,,11.8,1/2車身,,0,0
102320260627,2026062723,10,6,9,014633,田中陽平,,11.6,1車輪,,0,0
102320260627,2026062723,10,7,4,013604,庄子信弘,,11.5,1/2車身,,0,0
102320260627,2026062723,10,8,8,013996,丸山貴秀,,11.8,5車身,,0,0
102320260627,2026062723,10,9,6,015507,上遠野拓馬,,12.8,8車身,,0,0
112320260627,2026062723,11,1,1,014860,吉澤純平,差,11.9,,,1,0
112320260627,2026062723,11,2,5,015356,杉浦侑吾,逃,12.0,1/4車輪,,0,1
112320260627,2026062723,11,3,9,014168,高橋和也,,11.7,1/2車輪,,0,0
112320260627,2026062723,11,4,7,013923,武田豊樹,,11.8,1/2車身,,0,0
112320260627,2026062723,11,5,4,015554,近藤翔馬,,11.7,1車身1/2,,0,0
112320260627,2026062723,11,6,3,014394,不破将登,,11.8,1車身1/2,,0,0
112320260627,2026062723,11,7,6,013274,八日市屋浩之,,11.7,3/4車輪,,0,0
112320260627,2026062723,11,8,8,015202,今野大輔,,11.6,2車身,,0,0
112320260627,2026062723,11,9,2,014259,戸田洋平,,11.9,3/4車身,,0,0
122320260627,2026062723,12,1,2,013962,南修二,差,11.8,,,0,0
122320260627,2026062723,12,2,1,015039,吉田拓矢,差,11.9,1/4車輪,,0,0
122320260627,2026062723,12,3,7,013917,成田和也,,11.5,1/2車身,,0,0
122320260627,2026062723,12,4,4,014462,小原太樹,,11.3,3/4車身,,1,0
122320260627,2026062723,12,5,8,015051,簗田一輝,,11.4,1/4車輪,,0,0
122320260627,2026062723,12,6,3,014054,新田祐大,,11.8,1車身1/2,,0,0
122320260627,2026062723,12,7,9,015242,眞杉匠,,12.4,1/2車輪,,0,1
122320260627,2026062723,12,8,5,014417,山田庸平,,11.9,3/4車身,,0,0
122320260627,2026062723,12,9,6,014377,岩本俊介,,11.9,1/2車身,,0,0
014320260627,2026062743,1,1,1,014974,山原さくら,捲,12.1,,,0,0
014320260627,2026062743,1,2,4,015408,高尾貴美歌,マ,12.2,3車身,,0,0
014320260627,2026062743,1,3,6,015221,吉村早耶香,,12.9,4車身,,0,1
014320260627,2026062743,1,4,7,015591,松本ちひろ,,12.8,1車輪,,0,0
014320260627,2026062743,1,5,2,015313,豊岡英子,,12.7,3/4車身,,0,0
014320260627,2026062743,1,6,3,015674,野寺楓,,12.8,1/4車輪,,0,0
014320260627,2026062743,1,7,5,015494,近澤諒香,,12.7,1車身1/2,,0,0
024320260627,2026062743,2,1,2,015219,梅川風子,捲,11.8,,,0,1
024320260627,2026062743,2,2,5,015311,柳原真緒,逃,12.3,8車身,,1,0
024320260627,2026062743,2,3,3,015141,黒河内由実,,12.2,3/4車身,,0,0
024320260627,2026062743,2,4,1,015490,杉浦菜留,,12.2,3/4車身,,0,0
024320260627,2026062743,2,5,4,015671,小泉夢菜,,12.1,1/2車輪,,0,0
024320260627,2026062743,2,6,6,015946,伊藤木々音,,12.4,3車身,,0,0
024320260627,2026062743,2,7,7,015682,渡部遥,,14.0,大差,,0,0
034320260627,2026062743,3,1,2,012981,片山弘城,差,11.4,,,0,0
034320260627,2026062743,3,2,1,014164,田中孝彦,捲,11.8,1/2車身,,0,0
034320260627,2026062743,3,3,4,015187,鮫島康治,,11.6,1車輪,,0,0
034320260627,2026062743,3,4,7,014532,柴田竜史,,11.7,1/4車輪,,0,0
034320260627,2026062743,3,5,6,014092,山出裕幸,,11.6,4車身,,0,0
034320260627,2026062743,3,6,3,012946,亀井雅斗,,12.1,1/4車輪,,0,0
034320260627,2026062743,3,7,5,015698,佐藤譲士郎,,12.4,3/4車身,,0,1
044320260627,2026062743,4,1,7,013273,西徹,差,12.0,,,0,0
044320260627,2026062743,4,2,1,015820,岩元叶馬,逃,12.1,3/4車輪,,1,1
044320260627,2026062743,4,3,4,012112,冨岡健一,,11.9,3/4車輪,,0,0
044320260627,2026062743,4,4,5,015007,岸川哲也,,11.8,3/4車輪,,0,0
044320260627,2026062743,4,5,2,014402,泉谷直哉,,11.7,1/4車輪,,0,0
044320260627,2026062743,4,6,6,015156,門脇翼,,11.3,1車輪,,0,0
044320260627,2026062743,4,7,3,014021,森川剛,,14.0,大差,,0,0
054320260627,2026062743,5,1,1,013485,善利裕生,捲,11.7,,,0,0
054320260627,2026062743,5,2,5,015798,橋谷成海,逃,12.2,1車身1/2,,1,1
054320260627,2026062743,5,3,4,013047,田中俊充,,11.8,1/2車輪,,0,0
054320260627,2026062743,5,4,2,012640,北村貴幸,,12.1,1/2車輪,,0,0
054320260627,2026062743,5,5,6,012602,吉村文隆,,11.7,1車輪,,0,0
054320260627,2026062743,5,6,7,013903,川崎健次,,12.2,3車身,,0,0
054320260627,2026062743,5,7,3,014797,佐々木吉徳,,12.6,3車身,,0,0
064320260627,2026062743,6,1,5,015787,中村龍吉,逃,11.7,,,0,1
064320260627,2026062743,6,2,1,015330,伊藤奎,マ,11.6,3/4車身,,0,0
064320260627,2026062743,6,3,3,014305,大谷靖茂,,11.8,4車身,,0,0
064320260627,2026062743,6,4,4,013121,山田晃久,,11.8,1車身,,0,0
064320260627,2026062743,6,5,7,013723,高谷進太郎,,11.7,3/4車輪,,0,0
064320260627,2026062743,6,6,2,014093,窪田陽介,,12.1,1車身,,1,0
064320260627,2026062743,6,7,6,013131,藤野一良,,11.7,微差,,0,0
074320260627,2026062743,7,1,7,014712,泉慶輔,差,12.0,,,0,0
074320260627,2026062743,7,2,4,015616,齋藤雄行,逃,12.1,3/4車輪,,0,1
074320260627,2026062743,7,3,2,014750,今藤康裕,,11.9,3/4車身,,0,0
074320260627,2026062743,7,4,5,015453,下井竜,,12.1,1/2車輪,,0,0
074320260627,2026062743,7,5,1,013400,稲村好将,,12.0,タイヤ,,0,0
074320260627,2026062743,7,6,3,015724,村上翔馬,,11.8,3/4車輪,,1,0
074320260627,2026062743,7,7,6,013283,小林卓人,,11.9,1/2車身,,0,0
016220260628,2026062862,1,1,6,014652,原清孝,逃,12.2,,,0,1
016220260628,2026062862,1,2,3,015662,中山遼太郎,マ,11.6,2車身,,0,0
016220260628,2026062862,1,3,5,014181,藤原悠斗,,11.5,1/8車輪,,0,0
016220260628,2026062862,1,4,2,012794,宇賀神浩幸,,11.3,1/2車身,,0,0
016220260628,2026062862,1,5,1,013359,吉田彰久,,11.5,3/4車身,,1,0
016220260628,2026062862,1,6,7,014787,瀬口匠,,11.4,2車身,,0,0
016220260628,2026062862,1,7,4,013667,田中洋輔,,12.1,4車身,,0,0
026220260628,2026062862,2,1,1,014487,才迫勇馬,逃,11.7,,,1,1
026220260628,2026062862,2,2,4,014567,仲松勝太,差,11.4,1車輪,,0,0
026220260628,2026062862,2,3,7,012838,三木健治,,11.4,1/2車身,,0,0
026220260628,2026062862,2,4,2,014449,片折勇輝,,11.7,1/2車輪,,0,0
026220260628,2026062862,2,5,6,013061,小磯知也,,11.4,2車身,,0,0
026220260628,2026062862,2,6,5,014344,園田鉄兵,,11.9,7車身,,0,0
026220260628,2026062862,2,7,3,013735,井上剛,,14.4,大差,,0,0
036220260628,2026062862,3,1,3,014783,魚屋周成,逃,12.0,,,0,1
036220260628,2026062862,3,2,4,013817,吉川裕二,マ,11.8,1/2車輪,,0,0
036220260628,2026062862,3,3,2,015175,桜井大地,,11.7,1車輪,,1,0
036220260628,2026062862,3,4,5,014240,須藤誠,,11.7,3/4車身,,0,0
036220260628,2026062862,3,5,1,014336,八尋翔平,,11.7,1車身1/2,,0,0
036220260628,2026062862,3,6,7,012779,田川辰二,,11.8,3車身,,0,0
036220260628,2026062862,3,7,6,014014,須藤雄太,,13.3,大差,,0,0
046220260628,2026062862,4,1,5,015665,福田要,捲,11.9,,,0,0
046220260628,2026062862,4,2,2,014779,名川豊,差,12.0,3/4車輪,,0,0
046220260628,2026062862,4,3,4,013054,石丸寛之,,11.6,1/4車輪,,0,0
046220260628,2026062862,4,4,1,014851,横内裕人,,11.7,3/4車輪,,1,0
046220260628,2026062862,4,5,6,013434,石黒健,,11.7,2車身,,0,0
046220260628,2026062862,4,6,3,012718,大橋徹,,12.2,1車身,,0,0
046220260628,2026062862,4,7,7,015560,林昴,,12.5,1/4車輪,,0,1
056220260628,2026062862,5,1,5,013382,成田直喜,差,11.7,,,0,0
056220260628,2026062862,5,2,7,014684,松本卓也,差,11.5,1/8車輪,,0,0
056220260628,2026062862,5,3,2,014658,馬場和広,,11.8,1/4車輪,,1,0
056220260628,2026062862,5,4,6,015843,松本昂大,,11.9,1/2車輪,,0,1
056220260628,2026062862,5,5,4,014024,櫻井丈,,11.7,1/4車輪,,0,0
056220260628,2026062862,5,6,3,014412,宮崎康司,,11.5,1車身,,0,0
056220260628,2026062862,5,7,1,014048,川島勝,,11.9,1/8車輪,,0,0
066220260628,2026062862,6,1,5,015212,山口龍也,差,12.1,,,0,0
066220260628,2026062862,6,2,2,015059,畝木努,差,12.3,3/4車身,,0,0
066220260628,2026062862,6,3,1,013834,平石浩之,,12.0,3/4車身,,0,0
066220260628,2026062862,6,4,3,013451,松本大地,,12.3,2車身,,1,0
066220260628,2026062862,6,5,6,012910,塩川真一郎,,12.4,1車身,,0,0
066220260628,2026062862,6,6,7,015650,田代匠,,13.1,1車身1/2,,0,1
066220260628,2026062862,6,7,4,015281,増田仁,,12.9,6車身,,0,0
076220260628,2026062862,7,1,1,015876,三神遼矢,捲,11.3,,,1,1
076220260628,2026062862,7,2,5,014440,渡辺正光,マ,11.3,3/4車身,,0,0
076220260628,2026062862,7,3,4,013589,佐竹和也,,11.2,3/4車身,,0,0
076220260628,2026062862,7,4,2,015651,中川聖大,,11.5,1/2車身,,0,0
076220260628,2026062862,7,5,6,014438,緑川修平,,11.2,2車身,,0,0
076220260628,2026062862,7,6,3,014186,網谷竜次,,11.8,6車身,,0,0
076220260628,2026062862,7,7,7,015737,火島裕輝,,13.0,9車身,,0,0
018120260628,2026062881,1,1,1,013951,永井清史,差,12.3,,,0,0
018120260628,2026062881,1,2,2,014891,小岩哲也,差,12.6,3/4車身,,0,0
018120260628,2026062881,1,3,5,012473,清水邦章,,12.1,1車身1/2,,0,0
018120260628,2026062881,1,4,3,013142,黒田大介,,12.2,1/8車輪,,0,0
018120260628,2026062881,1,5,4,014374,屋良朝春,,13.0,1車身,,1,1
018120260628,2026062881,1,6,6,014853,中山敬太郎,,15.4,大差,,0,0
028120260628,2026062881,2,1,1,013520,高木竜司,差,11.7,,,1,0
028120260628,2026062881,2,2,5,015534,牛田樹希斗,逃,12.1,1/2車身,,0,1
028120260628,2026062881,2,3,6,011198,大竹慎吾,,11.8,3/4車身,,0,0
028120260628,2026062881,2,4,2,014347,外崎一成,,12.0,3/4車輪,,0,0
028120260628,2026062881,2,5,3,013809,杉山剛,,12.0,1/8車輪,,0,0
028120260628,2026062881,2,6,4,014386,伊藤拓人,,0.0,大差,,0,0
038120260628,2026062881,3,1,2,015113,酒井拳蔵,差,11.4,,,1,0
038120260628,2026062881,3,2,7,015267,橋本英也,マ,11.4,3/4車身,,0,0
038120260628,2026062881,3,3,5,015456,安藤直希,,11.7,1/2車身,,0,1
038120260628,2026062881,3,4,4,013535,平沼由充,,11.8,1車身,,0,0
038120260628,2026062881,3,5,3,012586,佐藤和典,,11.8,1車身,,0,0
038120260628,2026062881,3,6,1,014269,梶原恵介,,11.7,2車身,,0,0
038120260628,2026062881,3,7,6,015515,平山優太,,14.3,大差,,0,0
048120260628,2026062881,4,1,3,014850,岡田啓渡,差,12.1,,,0,0
048120260628,2026062881,4,2,5,013416,飯尾主税,差,11.7,1/8車輪,,0,0
048120260628,2026062881,4,3,7,015729,山根慶太,,12.4,1車身,,0,1
048120260628,2026062881,4,4,1,014512,長井妙樹,,12.0,1/2車身,,0,0
048120260628,2026062881,4,5,4,015599,堀航輝,,12.2,3/4車輪,,0,0
048120260628,2026062881,4,6,2,014414,是永幸寛,,11.7,1/2車輪,,0,0
048120260628,2026062881,4,7,6,015271,大城慶之,,11.8,1/2車輪,,0,0
058120260628,2026062881,5,1,5,015315,渡口まりあ,逃,12.9,,,1,1
058120260628,2026062881,5,2,7,015216,加藤恵,マ,12.9,1/2車輪,,0,0
058120260628,2026062881,5,3,2,015942,齊藤由莉,,12.9,3/4車身,,0,0
058120260628,2026062881,5,4,6,015310,梶原百香,,12.9,1車身,,0,0
058120260628,2026062881,5,5,4,015217,南彩乃,,13.1,3/4車輪,,0,0
058120260628,2026062881,5,6,1,015677,浜地晴帆,,12.9,1/2車輪,,0,0
058120260628,2026062881,5,7,3,015079,日野友葵,,12.9,1/4車輪,,0,0
068120260628,2026062881,6,1,4,013947,石橋慎太郎,差,11.6,,,1,0
068120260628,2026062881,6,2,3,015251,柿本大貴,逃,11.8,1/2車身,,0,1
068120260628,2026062881,6,3,5,012705,那須久幸,,11.7,3/4車輪,,0,0
068120260628,2026062881,6,4,2,014043,中園和剛,,11.6,1車身,,0,0
068120260628,2026062881,6,5,1,014883,才迫開,,11.8,1/2車身,,0,0
068120260628,2026062881,6,6,6,015010,吉川嘉斗,,11.8,3/4車身,,0,0
078120260628,2026062881,7,1,5,015169,野口裕史,逃,11.4,,,0,1
078120260628,2026062881,7,2,3,014262,稲吉悠大,マ,11.3,1/2車身,,1,0
078120260628,2026062881,7,3,2,014680,増原正人,,11.2,1/8車輪,,0,0
078120260628,2026062881,7,4,4,014831,伊藤裕貴,,10.9,2車身,,0,0
078120260628,2026062881,7,5,1,015445,内藤久文,,11.1,3/4車輪,,0,0
078120260628,2026062881,7,6,6,012478,加倉正義,,12.6,大差,,0,0
088120260628,2026062881,8,1,4,015473,青柳靖起,逃,11.8,,,0,1
088120260628,2026062881,8,2,2,014854,久島尚樹,マ,11.7,1/4車輪,,0,0
088120260628,2026062881,8,3,6,015252,河合佑弥,,11.4,1/4車輪,,0,0
088120260628,2026062881,8,4,3,014641,箱田優樹,,11.6,3/4車身,,0,0
088120260628,2026062881,8,5,5,014537,西村光太,,11.3,3/4車輪,,0,0
088120260628,2026062881,8,6,1,014833,高久保雄介,,11.5,1車輪,,0,0
088120260628,2026062881,8,7,7,015325,後藤悠,,11.9,3/4車身,,1,0
098120260628,2026062881,9,1,7,014441,芦澤辰弘,差,11.3,,,0,0
098120260628,2026062881,9,2,1,013900,大森慶一,差,11.4,1/2車輪,,1,0
098120260628,2026062881,9,3,6,014263,樫山恭柄,,11.2,3/4車身,,0,0
098120260628,2026062881,9,4,4,015509,木村佑来,,11.7,1車輪,,0,1
098120260628,2026062881,9,5,5,015096,大石剣士,,11.2,1/2車輪,,0,0
098120260628,2026062881,9,6,2,015476,緒方将樹,,11.6,2車身,,0,0
098120260628,2026062881,9,7,3,130133,リチャードソン,,11.9,3車身,,0,0
108120260628,2026062881,10,1,2,130135,ファンデルワウ,捲,11.5,,,0,0
108120260628,2026062881,10,2,6,130134,アンドルーズ,捲,11.7,3/4車身,,0,1
108120260628,2026062881,10,3,1,015032,小林優香,,11.9,2車身,,0,0
108120260628,2026062881,10,4,5,015763,山口優依,,12.3,5車身,,1,0
108120260628,2026062881,10,5,4,015496,布居光,,12.2,1/4車輪,,0,0
108120260628,2026062881,10,6,3,014963,石井寛子,,12.4,2車身,,0,0
108120260628,2026062881,10,7,7,014907,中川諒子,,12.4,3/4車身,,0,0
118120260628,2026062881,11,1,2,012829,西浦仙哉,捲,11.4,,,0,0
118120260628,2026062881,11,2,1,015928,尾野翔一,捲,11.5,3/4車身,,1,0
118120260628,2026062881,11,3,4,013357,近藤誠二,,11.4,1車身,,0,0
118120260628,2026062881,11,4,3,013537,谷津田将吾,,11.6,1/8車輪,,0,0
118120260628,2026062881,11,5,7,015371,田上晃也,,11.6,1/2車身,,0,0
118120260628,2026062881,11,6,6,015753,枝村弘樹,,11.8,1/2車身,,0,1
118120260628,2026062881,11,7,5,015562,山本浩成,,11.8,1車身1/2,,0,0
128120260628,2026062881,12,1,7,015840,阿部英斗,差,11.4,,,0,0
128120260628,2026062881,12,2,5,015390,伊藤颯馬,マ,11.4,1/2車輪,,0,0
128120260628,2026062881,12,3,2,130127,トゥルーマン,,11.6,1/4車輪,,1,0
128120260628,2026062881,12,4,1,015207,林慶次郎,,11.3,3/4車身,,0,0
128120260628,2026062881,12,5,4,013921,渡邉一成,,11.3,1車輪,,0,0
128120260628,2026062881,12,6,3,015868,市田龍生都,,12.2,3車身,,0,1
128120260628,2026062881,12,7,6,014604,菱田浩二,,12.6,9車身,,0,0
012320260628,2026062823,1,1,1,015202,今野大輔,差,11.7,,,0,0
012320260628,2026062823,1,2,7,013884,守谷陽介,差,11.8,1車輪,,0,0
012320260628,2026062823,1,3,4,015832,角宗哉,,12.0,1車輪,,0,1
012320260628,2026062823,1,4,5,014511,内藤高裕,,11.8,1/8車輪,,0,0
012320260628,2026062823,1,5,8,013448,合志正臣,,11.7,3/4車輪,,0,0
012320260628,2026062823,1,6,3,013642,西岡正一,,11.6,1/2車身,,0,0
012320260628,2026062823,1,7,2,014863,一戸康宏,,12.1,1車輪,,0,0
012320260628,2026062823,1,8,6,015535,佐藤竜太,,12.1,8車身,,1,0
022320260628,2026062823,2,1,7,014890,大西貴晃,差,11.6,,,0,0
022320260628,2026062823,2,2,3,014811,笠松将太,捲,11.6,1/2車身,,0,0
022320260628,2026062823,2,3,4,014558,松尾透,,11.6,1/4車輪,,0,0
022320260628,2026062823,2,4,5,014066,池田勇人,,11.4,3/4車輪,,0,0
022320260628,2026062823,2,5,1,015479,松岡辰泰,,11.9,1/4車輪,,1,1
022320260628,2026062823,2,6,2,013996,丸山貴秀,,11.7,4車身,,0,0
022320260628,2026062823,2,7,8,015171,出澤拓也,,11.7,2車身,,0,0
022320260628,2026062823,2,8,6,015507,上遠野拓馬,,12.1,3/4車身,,0,0
032320260628,2026062823,3,1,9,013604,庄子信弘,差,11.7,,,0,0
032320260628,2026062823,3,2,1,014714,橋本智昭,差,11.8,1/4車輪,,1,0
032320260628,2026062823,3,3,2,014633,田中陽平,,12.0,1車身1/2,,0,0
032320260628,2026062823,3,4,6,015627,南儀拓海,,11.5,1/4車輪,,0,0
032320260628,2026062823,3,5,8,013274,八日市屋浩之,,11.5,3/4車身,,0,0
032320260628,2026062823,3,6,3,015424,中村隆生,,13.1,7車身,,0,1
032320260628,2026062823,3,0,4,015097,長谷部翔,,0.0,,落車,0,0
032320260628,2026062823,3,0,5,014635,中本匠栄,,0.0,,落車,0,0
032320260628,2026062823,3,0,7,015654,梅崎隆介,,0.0,,落車,0,0
042320260628,2026062823,4,1,7,014394,不破将登,差,11.5,,,0,0
042320260628,2026062823,4,2,2,014599,松岡篤哉,逃,11.7,1/8車輪,,0,1
042320260628,2026062823,4,3,8,014098,菊谷信一,,11.5,1車身,,0,0
042320260628,2026062823,4,4,6,013306,齋藤登志信,,11.3,3/4車身,,0,0
042320260628,2026062823,4,5,3,014134,小野大介,,11.5,3/4車身,,0,0
042320260628,2026062823,4,6,4,015415,坂本紘規,,11.7,3/4車身,,1,0
042320260628,2026062823,4,7,9,012987,堤洋,,11.5,1/4車輪,,0,0
042320260628,2026062823,4,8,1,014683,藤岡隆治,,11.3,3/4車輪,,0,0
042320260628,2026062823,4,9,5,015554,近藤翔馬,,11.7,1/2車身,,0,0
052320260628,2026062823,5,1,5,015336,小畑勝広,差,11.6,,,0,0
052320260628,2026062823,5,2,1,013685,岡田征陽,マ,11.6,1車身,,0,0
052320260628,2026062823,5,3,2,014080,近藤隆司,,12.4,1車身,,0,1
052320260628,2026062823,5,4,7,015046,山本紳貴,,12.0,1/4車輪,,0,0
052320260628,2026062823,5,5,3,014617,西岡拓朗,,11.6,1/4車輪,,0,0
052320260628,2026062823,5,6,4,012759,金山栄治,,11.5,1/4車輪,,0,0
052320260628,2026062823,5,7,8,015536,疋田力也,,11.6,3/4車身,,1,0
052320260628,2026062823,5,8,9,013653,森安崇之,,12.0,4車身,,0,0
052320260628,2026062823,5,9,6,015382,竹元健竜,,12.9,大差,,0,0
062320260628,2026062823,6,1,2,015443,道場晃規,捲,11.3,,,0,0
062320260628,2026062823,6,2,7,014417,山田庸平,差,12.0,6車身,,0,0
062320260628,2026062823,6,3,9,013917,成田和也,,11.9,1/2車輪,,0,0
062320260628,2026062823,6,4,5,014996,岡本総,,11.6,1/2車身,,0,0
062320260628,2026062823,6,5,1,015474,阿部将大,,12.3,3/4車身,,1,1
062320260628,2026062823,6,6,6,012819,齊藤竜也,,12.0,3/4車身,,0,0
062320260628,2026062823,6,7,8,014168,高橋和也,,12.1,2車身,,0,0
062320260628,2026062823,6,8,3,015417,櫻井祐太郎,,12.5,3/4車身,,0,0
062320260628,2026062823,6,9,4,013815,井上昌己,,12.8,5車身,,0,0
072320260628,2026062823,7,1,7,014377,岩本俊介,差,11.3,,,0,0
072320260628,2026062823,7,2,5,014252,三谷将太,差,11.6,1/2車輪,,0,0
072320260628,2026062823,7,3,9,014837,神田紘輔,,11.6,1/2車身,,0,0
072320260628,2026062823,7,4,2,014462,小原太樹,,11.3,1/4車輪,,0,0
072320260628,2026062823,7,5,1,015179,皿屋豊,,11.7,1/8車輪,,0,1
072320260628,2026062823,7,6,3,015297,上野優太,,11.2,1/8車輪,,0,0
072320260628,2026062823,7,7,8,014148,岸澤賢太,,11.7,1車身,,0,0
072320260628,2026062823,7,8,4,014211,佐藤幸治,,11.5,3/4車身,,0,0
072320260628,2026062823,7,9,6,015433,山本勝利,,13.0,大差,,1,0
082320260628,2026062823,8,1,7,014038,橋本強,差,11.6,,,0,0
082320260628,2026062823,8,2,5,015125,佐々木豪,逃,11.8,1/2車輪,,0,1
082320260628,2026062823,8,3,9,014054,新田祐大,,11.5,1/4車輪,,0,0
082320260628,2026062823,8,4,3,015038,山岸佳太,,11.2,1車輪,,0,0
082320260628,2026062823,8,5,1,014127,永澤剛,,11.5,3/4車輪,,1,0
082320260628,2026062823,8,6,4,015334,朝倉智仁,,11.5,1/2車身,,0,0
082320260628,2026062823,8,7,6,013514,山口貴嗣,,11.3,1/2車身,,0,0
082320260628,2026062823,8,8,8,014196,小林弘和,,11.2,1/2車身,,0,0
082320260628,2026062823,8,9,2,013387,野田源一,,11.2,3/4車輪,,0,0
092320260628,2026062823,9,1,8,015480,松本秀之介,捲,11.1,,,0,0
092320260628,2026062823,9,2,7,015051,簗田一輝,差,11.1,1/2車身,,0,0
092320260628,2026062823,9,3,2,013894,園田匠,,10.8,微差,,0,0
092320260628,2026062823,9,4,1,015356,杉浦侑吾,,11.1,3/4車輪,,0,0
092320260628,2026062823,9,5,3,015354,齋木翔多,,11.5,3/4車身,,0,1
092320260628,2026062823,9,6,4,015328,星野洋輝,,11.1,1車輪,,0,0
092320260628,2026062823,9,7,5,015052,渡邉豪大,,11.0,1/4車輪,,1,0
092320260628,2026062823,9,8,9,015337,佐藤礼文,,11.1,1/4車輪,,0,0
092320260628,2026062823,9,9,6,014051,早坂秀悟,,11.1,4車身,,0,0
102320260628,2026062823,10,1,3,012339,内藤宣彦,差,11.4,,,1,0
102320260628,2026062823,10,2,1,013962,南修二,差,11.7,微差,,0,0
102320260628,2026062823,10,3,7,014052,飯野祐太,,11.6,1/2車輪,,0,0
102320260628,2026062823,10,4,2,014152,宿口陽一,,11.2,3/4車輪,,0,0
102320260628,2026062823,10,5,5,015826,久田朔,,11.9,3/4車身,,0,1
102320260628,2026062823,10,6,9,015518,吉田有希,,11.5,1/2車身,,0,0
102320260628,2026062823,10,7,6,014232,柴田洋輔,,11.3,1車身,,0,0
102320260628,2026062823,10,8,8,015004,畑段嵐士,,11.6,1/2車身,,0,0
102320260628,2026062823,10,9,4,015528,新村穣,,12.0,3車身,,0,0
112320260628,2026062823,11,1,5,014860,吉澤純平,差,11.3,,,0,0
112320260628,2026062823,11,2,1,015242,眞杉匠,逃,11.4,3/4車輪,,0,1
112320260628,2026062823,11,3,8,014138,山下渡,,11.3,3/4車身,,0,0
112320260628,2026062823,11,4,2,014744,和田真久留,,11.2,1車身1/2,,1,0
112320260628,2026062823,11,5,3,014182,大川龍二,,11.3,1/4車輪,,0,0
112320260628,2026062823,11,6,9,015896,丸山留依,,11.5,1車身,,0,0
112320260628,2026062823,11,7,6,014298,蒔田英彦,,11.3,3/4車身,,0,0
112320260628,2026062823,11,8,4,013744,菅原晃,,11.4,タイヤ,,0,0
112320260628,2026062823,11,9,7,015468,和泉尚吾,,12.3,大差,,0,0
122320260628,2026062823,12,1,7,015039,吉田拓矢,差,12.0,,,0,0
122320260628,2026062823,12,2,8,013923,武田豊樹,マ,11.8,3/4車身,,0,0
122320260628,2026062823,12,3,1,015517,橋本壮史,,12.1,1/4車輪,,0,1
122320260628,2026062823,12,4,2,013880,岩津裕介,,11.7,1/4車輪,,0,0
122320260628,2026062823,12,5,9,013059,香川雄介,,11.7,3/4車身,,0,0
122320260628,2026062823,12,6,5,013730,東口善朋,,11.9,1/8車輪,,0,0
122320260628,2026062823,12,7,6,015123,清水一幸,,11.9,1車身1/2,,0,0
122320260628,2026062823,12,8,4,015551,渡口勝成,,12.0,1車輪,,0,0
122320260628,2026062823,12,9,3,015268,山田諒,,12.3,1車身1/2,,1,0
014320260628,2026062843,1,1,5,015219,梅川風子,捲,12.1,,,0,1
014320260628,2026062843,1,2,2,015221,吉村早耶香,逃,12.7,大差,,0,0
014320260628,2026062843,1,3,6,015408,高尾貴美歌,,12.3,1/8車輪,,0,0
014320260628,2026062843,1,4,4,015494,近澤諒香,,12.6,1/2車身,,0,0
014320260628,2026062843,1,5,7,015671,小泉夢菜,,12.6,6車身,,0,0
014320260628,2026062843,1,6,3,015591,松本ちひろ,,12.5,3/4車身,,0,0
014320260628,2026062843,1,7,1,015946,伊藤木々音,,12.5,1車身,,0,0
024320260628,2026062843,2,1,4,015311,柳原真緒,捲,11.9,,,0,0
024320260628,2026062843,2,2,3,014974,山原さくら,逃,12.3,1車身,,0,1
024320260628,2026062843,2,3,2,015141,黒河内由実,,12.4,4車身,,0,0
024320260628,2026062843,2,4,6,015674,野寺楓,,12.3,1/2車輪,,0,0
024320260628,2026062843,2,5,7,015490,杉浦菜留,,12.4,1車身,,0,0
024320260628,2026062843,2,6,5,015313,豊岡英子,,12.4,3/4車身,,0,0
024320260628,2026062843,2,7,1,015682,渡部遥,,12.7,6車身,,0,0
034320260628,2026062843,3,1,5,013131,藤野一良,差,11.8,,,0,0
034320260628,2026062843,3,2,1,013903,川崎健次,差,12.0,1車輪,,1,0
034320260628,2026062843,3,3,7,014021,森川剛,,12.0,1/2車輪,,0,0
034320260628,2026062843,3,4,3,015698,佐藤譲士郎,,12.2,1/4車輪,,0,1
034320260628,2026062843,3,5,6,015156,門脇翼,,11.9,1車身,,0,0
034320260628,2026062843,3,6,2,014092,山出裕幸,,12.0,1車身1/2,,0,0
034320260628,2026062843,3,7,4,014402,泉谷直哉,,12.6,4車身,,0,0
044320260628,2026062843,4,1,5,014797,佐々木吉徳,逃,12.3,,,0,1
044320260628,2026062843,4,2,1,013121,山田晃久,差,11.8,タイヤ,,0,0
044320260628,2026062843,4,3,3,014093,窪田陽介,,12.2,1車身,,1,0
044320260628,2026062843,4,4,6,012602,吉村文隆,,12.1,タイヤ,,0,0
044320260628,2026062843,4,5,4,013723,高谷進太郎,,11.9,1車身,,0,0
044320260628,2026062843,4,6,7,012946,亀井雅斗,,0.0,7車身,,0,0
044320260628,2026062843,4,0,2,014532,柴田竜史,,0.0,,失格,0,0
054320260628,2026062843,5,1,1,015187,鮫島康治,捲,11.5,,,0,0
054320260628,2026062843,5,2,5,015820,岩元叶馬,マ,11.5,3/4車身,,0,0
054320260628,2026062843,5,3,6,013485,善利裕生,,11.4,1車輪,,0,0
054320260628,2026062843,5,4,3,013400,稲村好将,,11.7,3/4車輪,,0,0
054320260628,2026062843,5,5,4,015330,伊藤奎,,11.7,1車身,,1,0
054320260628,2026062843,5,6,2,014305,大谷靖茂,,11.4,1/2車輪,,0,0
054320260628,2026062843,5,7,7,015616,齋藤雄行,,11.9,3/4車輪,,0,1
064320260628,2026062843,6,1,4,015724,村上翔馬,捲,11.4,,,0,0
064320260628,2026062843,6,2,1,015787,中村龍吉,逃,11.7,2車身,,1,1
064320260628,2026062843,6,3,3,014712,泉慶輔,,11.7,1/2車身,,0,0
064320260628,2026062843,6,4,2,013283,小林卓人,,11.7,2車身,,0,0
064320260628,2026062843,6,5,5,012640,北村貴幸,,11.7,1/2車輪,,0,0
064320260628,2026062843,6,6,6,013273,西徹,,11.7,3/4車身,,0,0
064320260628,2026062843,6,7,7,012981,片山弘城,,11.8,2車身,,0,0
074320260628,2026062843,7,1,4,014750,今藤康裕,差,11.6,,,0,0
074320260628,2026062843,7,2,1,015453,下井竜,捲,11.7,1/2車輪,,1,1
074320260628,2026062843,7,3,3,014164,田中孝彦,,11.4,1車身,,0,0
074320260628,2026062843,7,4,6,012112,冨岡健一,,11.6,1車身,,0,0
074320260628,2026062843,7,5,2,015007,岸川哲也,,11.5,3車身,,0,0
074320260628,2026062843,7,6,5,013047,田中俊充,,11.5,1車身,,0,0
074320260628,2026062843,7,7,7,015798,橋谷成海,,12.2,2車身,,0,0
013720260628,2026062837,1,1,3,015020,奥井迪,逃,10.5,,,0,1
013720260628,2026062837,1,2,1,015320,那須萌美,捲,10.2,1/2車身,,0,0
013720260628,2026062837,1,3,4,015149,中野咲,,10.4,1/2車輪,,1,0
013720260628,2026062837,1,4,2,015949,岡田優歩,,10.1,3/4車輪,,0,0
013720260628,2026062837,1,5,5,015150,宮地寧々,,10.1,3/4車身,,0,0
013720260628,2026062837,1,6,6,014910,篠崎新純,,10.5,2車身,,0,0
023720260628,2026062837,2,1,1,015400,久米詩,捲,10.3,,,0,0
023720260628,2026062837,2,2,2,015308,當銘直美,捲,10.6,1車身1/2,,1,1
023720260628,2026062837,2,3,3,015755,神戸暖稀羽,,10.3,1/4車輪,,0,0
023720260628,2026062837,2,4,4,015667,戸田瑞姫,,10.5,3/4車輪,,0,0
023720260628,2026062837,2,5,7,015071,佐藤亜貴子,,10.4,1車身1/2,,0,0
023720260628,2026062837,2,6,6,015678,小林真矢香,,10.5,1車輪,,0,0
023720260628,2026062837,2,7,5,015148,中嶋里美,,10.9,1車身,,0,0
033720260628,2026062837,3,1,3,014064,吉松賢二,逃,10.5,,,0,1
033720260628,2026062837,3,2,5,012827,光岡義洋,差,10.3,1/4車輪,,0,0
033720260628,2026062837,3,3,1,012717,伊藤一貴,,10.4,1/2車身,,0,0
033720260628,2026062837,3,4,2,014287,齋藤昌太,,10.4,3/4車身,,1,0
033720260628,2026062837,3,5,4,015900,花田雄飛,,10.6,1/2車身,,0,0
033720260628,2026062837,3,6,6,014429,千澤大輔,,10.4,1車身1/2,,0,0
033720260628,2026062837,3,7,7,011382,清水広幸,,0.0,大差,,0,0
043720260628,2026062837,4,1,4,015085,奈良基,捲,10.4,,,0,0
043720260628,2026062837,4,2,3,014360,関根崇人,差,11.0,7車身,,0,0
043720260628,2026062837,4,3,1,015111,布居翼,,11.2,1/8車輪,,0,1
043720260628,2026062837,4,4,6,013796,陶器一馬,,11.2,3/4車身,,0,0
043720260628,2026062837,4,5,5,014079,江本博明,,11.0,1/2車身,,0,0
043720260628,2026062837,4,6,2,014743,鈴木広人,,11.2,1/2車輪,,0,0
043720260628,2026062837,4,7,7,015710,鈴木康平,,12.4,大差,,0,0
053720260628,2026062837,5,1,1,011817,有賀高士,差,10.4,,,0,0
053720260628,2026062837,5,2,2,015190,大中拓磨,逃,10.6,1/2車身,,1,1
053720260628,2026062837,5,3,6,014154,長岡豪,,10.4,1/4車輪,,0,0
053720260628,2026062837,5,4,4,014365,薮田貴幸,,10.3,1/2車輪,,0,0
053720260628,2026062837,5,5,3,014242,亀谷隆一,,10.3,1/2車身,,0,0
053720260628,2026062837,5,6,7,012970,山内大作,,10.4,3車身,,0,0
053720260628,2026062837,5,7,5,014382,伊藤翼,,0.0,大差,,0,0
063720260628,2026062837,6,1,1,015906,林佳宗依,逃,10.0,,,1,1
063720260628,2026062837,6,2,3,012216,武田哲二,マ,10.0,3/4車身,,0,0
063720260628,2026062837,6,3,5,012938,鈴木規純,,10.0,3/4車身,,0,0
063720260628,2026062837,6,4,4,014643,菅原洋輔,,10.0,1車身1/2,,0,0
063720260628,2026062837,6,5,2,014067,工藤考生,,9.9,3/4車身,,0,0
063720260628,2026062837,6,6,7,013454,関戸努,,9.9,1車身1/2,,0,0
063720260628,2026062837,6,7,6,014447,三木翔太,,10.7,6車身,,0,0
073720260628,2026062837,7,1,2,012879,石井毅,差,10.8,,,0,0
073720260628,2026062837,7,2,1,015897,森飛龍,逃,10.9,1/8車輪,,1,1
073720260628,2026062837,7,3,4,012092,高木隆弘,,10.9,2車身,,0,0
073720260628,2026062837,7,4,7,012753,柳澤達也,,10.8,1/2車身,,0,0
073720260628,2026062837,7,5,6,013207,葉狩伸泰,,10.7,1車身,,0,0
073720260628,2026062837,7,6,3,014072,伊藤之人,,11.0,5車身,,0,0
073720260628,2026062837,7,7,5,014931,横田政直,,11.8,8車身,,0,0
016120260628,2026062861,1,1,1,015225,坂口楓華,捲,12.0,,,0,0
016120260628,2026062861,1,2,2,015672,松本詩乃,マ,11.9,1/2車輪,,0,0
016120260628,2026062861,1,3,3,015756,熊谷芽緯,,12.3,3車身,,0,1
016120260628,2026062861,1,4,5,015953,土井柚姫,,12.2,3/4車輪,,1,0
016120260628,2026062861,1,5,6,015147,佐々木恵理,,12.1,3/4車身,,0,0
016120260628,2026062861,1,6,4,015394,三森彩桜,,12.1,1/2車身,,0,0
026120260628,2026062861,2,1,3,015392,加藤舞,逃,12.6,,,0,1
026120260628,2026062861,2,2,1,015144,鈴木奈央,捲,12.5,1/2車輪,,0,0
026120260628,2026062861,2,3,5,015027,長澤彩,,12.6,1/2車身,,0,0
026120260628,2026062861,2,4,2,015586,太田瑛美,,12.5,3/4車輪,,0,0
026120260628,2026062861,2,5,7,015314,向井円,,12.4,1/2車身,,1,0
026120260628,2026062861,2,6,4,014962,石井貴子,,12.4,1/8車輪,,0,0
026120260628,2026062861,2,7,6,015391,伊藤のぞみ,,12.5,2車身,,0,0
036120260628,2026062861,3,1,3,015233,渋谷海,捲,11.8,,,0,0
036120260628,2026062861,3,2,2,015659,池田伍功羽,逃,12.0,2車身,,0,1
036120260628,2026062861,3,3,4,014625,藤野貴章,,11.7,1/2車身,,0,0
036120260628,2026062861,3,4,1,014333,阿部兼士,,12.0,1/2車身,,1,0
036120260628,2026062861,3,5,6,013970,三好陽一,,11.9,1車輪,,0,0
036120260628,2026062861,3,6,7,013127,北浦弘幹,,11.8,1車身1/2,,0,0
036120260628,2026062861,3,7,5,013201,北川紋部,,12.7,大差,,0,0
046120260628,2026062861,4,1,1,014477,白上翔,捲,11.8,,,0,0
046120260628,2026062861,4,2,2,014690,好永晃,差,12.0,1車身1/2,,0,0
046120260628,2026062861,4,3,5,015847,寺師幸成,,12.2,3/4車身,,0,1
046120260628,2026062861,4,4,7,014133,高橋紀史,,12.0,1/2車輪,,0,0
046120260628,2026062861,4,5,6,015834,原田峻治,,11.9,1/8車輪,,1,0
046120260628,2026062861,4,6,3,015642,眞砂英作,,11.8,1/2車輪,,0,0
046120260628,2026062861,4,7,4,013206,岡崎和久,,12.0,1車身,,0,0
056120260628,2026062861,5,1,3,013782,原真司,差,11.5,,,0,0
056120260628,2026062861,5,2,4,015185,布居大地,捲,11.7,1車身1/2,,1,0
056120260628,2026062861,5,3,1,015550,山崎航,,11.9,3/4車輪,,0,1
056120260628,2026062861,5,4,5,014359,関根彰人,,11.5,1/8車輪,,0,0
056120260628,2026062861,5,5,2,014403,櫻井太士,,11.8,1/2車身,,0,0
056120260628,2026062861,5,6,6,013969,武田良太,,11.8,1車身,,0,0
056120260628,2026062861,5,7,7,015215,照屋将貴,,12.0,4車身,,0,0
066120260628,2026062861,6,1,2,013890,藤原浩,差,11.6,,,0,0
066120260628,2026062861,6,2,1,015278,田中和磨,捲,11.7,1/4車輪,,0,0
066120260628,2026062861,6,3,3,014748,山口智弘,,11.7,3/4車身,,0,0
066120260628,2026062861,6,4,4,012742,山田雅之,,11.7,1車身,,0,0
066120260628,2026062861,6,5,7,014120,永田修一,,11.6,1/8車輪,,0,0
066120260628,2026062861,6,6,6,015813,山本和虎,,12.1,2車身,,1,1
066120260628,2026062861,6,7,5,014115,原田礼,,11.7,1/2車身,,0,0
076120260628,2026062861,7,1,3,015448,長屋秀明,捲,11.5,,,0,0
076120260628,2026062861,7,2,4,015205,島村匠,差,11.7,1/2車輪,,0,0
076120260628,2026062861,7,3,6,015208,金ヶ江勇気,,11.9,1/2車身,,0,0
076120260628,2026062861,7,4,5,014475,高間悠平,,11.5,微差,,0,0
076120260628,2026062861,7,5,7,015377,蒋野翔太,,11.5,1/2車輪,,0,0
076120260628,2026062861,7,6,1,014775,小原周祐,,11.4,1/2車身,,1,0
076120260628,2026062861,7,7,2,015751,半田誠,,12.1,1/4車輪,,0,1
018520260628,2026062885,1,1,2,013366,加藤昌平,差,13.3,,,1,0
018520260628,2026062885,1,2,1,011935,高嶋一朗,マ,13.3,1/2車身,,0,0
018520260628,2026062885,1,3,5,015739,楠本政明,,13.5,1/2車輪,,0,1
018520260628,2026062885,1,4,7,011372,黒瀬浩一,,13.2,3/4車身,,0,0
018520260628,2026062885,1,5,3,013358,行成大祐,,13.0,タイヤ,,0,0
018520260628,2026062885,1,6,6,011328,川添輝彦,,13.1,1/2車輪,,0,0
018520260628,2026062885,1,7,4,015062,大室翔,,13.4,7車身,,0,0
028520260628,2026062885,2,1,2,013543,内海雅夫,差,12.8,,,0,0
028520260628,2026062885,2,2,1,015890,中秀平,逃,13.0,1/2車輪,,1,1
028520260628,2026062885,2,3,5,014289,羽石国臣,,12.7,1/2車身,,0,0
028520260628,2026062885,2,4,3,013738,眞鍋伸也,,12.7,1車身,,0,0
028520260628,2026062885,2,5,7,013588,齋藤仁,,12.7,3/4車身,,0,0
028520260628,2026062885,2,6,4,014266,宮本龍一,,12.6,3/4車身,,0,0
028520260628,2026062885,2,7,6,015571,吉田悟,,13.6,大差,,0,0
038520260628,2026062885,3,1,2,015743,丸林駿太,捲,11.8,,,0,1
038520260628,2026062885,3,2,3,012883,大沼孝行,マ,11.7,1/2車輪,,0,0
038520260628,2026062885,3,3,5,013255,安坂洋一,,11.5,1/2車身,,0,0
038520260628,2026062885,3,4,1,014566,安谷屋将志,,11.6,1車身,,1,0
038520260628,2026062885,3,5,6,014650,佐藤裕輝,,12.3,3車身,,0,0
038520260628,2026062885,3,6,4,014432,相澤恵一,,11.8,1/8車輪,,0,0
038520260628,2026062885,3,7,7,012329,松尾正人,,14.4,大差,,0,0
048520260628,2026062885,4,1,4,014274,吉成晃一,差,12.9,,,0,0
048520260628,2026062885,4,2,2,013549,堀勝政,差,13.2,1/4車輪,,0,0
048520260628,2026062885,4,3,3,014034,鳥丸晃順,,13.1,1/4車輪,,0,0
048520260628,2026062885,4,4,1,015883,吉田夢希斗,,13.4,1車輪,,1,1
048520260628,2026062885,4,5,5,012402,時松正,,12.9,微差,,0,0
048520260628,2026062885,4,6,7,013212,岡田浩太,,12.9,1車身,,0,0
048520260628,2026062885,4,7,6,015549,阿部龍也,,15.5,大差,,0,0
058520260628,2026062885,5,1,1,015210,白濱一平,逃,12.4,,,1,1
058520260628,2026062885,5,2,7,014989,鈴木豪,マ,12.2,1/2車輪,,0,0
058520260628,2026062885,5,3,3,014042,徳吉正治,,12.0,1/2車輪,,0,0
058520260628,2026062885,5,4,2,012997,後田康成,,12.1,1/4車輪,,0,0
058520260628,2026062885,5,5,5,013029,藤田晃英,,12.0,1車身1/2,,0,0
058520260628,2026062885,5,6,6,013847,小林大能,,11.8,1/4車輪,,0,0
058520260628,2026062885,5,7,4,013998,桂馬将人,,13.3,大差,,0,0
068520260628,2026062885,6,1,4,014407,森佑樹,逃,12.1,,,0,1
068520260628,2026062885,6,2,3,013802,大林亮介,マ,12.0,3/4車輪,,0,0
068520260628,2026062885,6,3,1,015881,関口朗斗,,11.9,3/4車輪,,1,0
068520260628,2026062885,6,4,2,012646,大澤裕之,,11.8,1車輪,,0,0
068520260628,2026062885,6,5,6,014388,水野悟志,,11.8,1車身,,0,0
068520260628,2026062885,6,6,5,012832,仙石淳,,11.9,2車身,,0,0
068520260628,2026062885,6,7,7,015300,ラモスレオ,,12.5,6車身,,0,0
078520260628,2026062885,7,1,2,013371,足達重満,差,12.9,,,0,0
078520260628,2026062885,7,2,3,014209,加美山隆行,差,13.1,3/4車身,,0,0
078520260628,2026062885,7,3,6,011451,重一徳,,13.0,1車輪,,0,0
078520260628,2026062885,7,4,4,014986,三浦綾,,13.4,3/4車身,,0,1
078520260628,2026062885,7,5,1,015935,佐藤魁皇,,13.2,2車身,,1,0
078520260628,2026062885,7,6,5,013927,高橋由記,,13.5,2車身,,0,0
078520260628,2026062885,7,7,7,011431,梶應弘樹,,16.6,大差,,0,0
012320260629,2026062923,1,1,3,012987,堤洋,差,11.9,,,0,0
012320260629,2026062923,1,2,5,014617,西岡拓朗,マ,11.7,1/4車輪,,0,0
012320260629,2026062923,1,3,7,015171,出澤拓也,,11.6,3/4車輪,,0,0
012320260629,2026062923,1,4,1,015627,南儀拓海,,12.1,1/2車身,,1,1
012320260629,2026062923,1,5,4,015507,上遠野拓馬,,11.7,1車身1/2,,0,0
012320260629,2026062923,1,6,2,014134,小野大介,,11.7,1車身,,0,0
012320260629,2026062923,1,7,6,015382,竹元健竜,,12.0,3車身,,0,0
022320260629,2026062923,2,1,2,015479,松岡辰泰,捲,11.4,,,1,0
022320260629,2026062923,2,2,5,013448,合志正臣,マ,11.4,1車身1/2,,0,0
022320260629,2026062923,2,3,4,015554,近藤翔馬,,11.4,3/4車身,,0,0
022320260629,2026062923,2,4,7,014683,藤岡隆治,,11.3,1/2車輪,,0,0
022320260629,2026062923,2,5,3,013959,鷲田佳史,,11.6,3/4車輪,,0,0
022320260629,2026062923,2,6,6,015536,疋田力也,,11.8,1/2車輪,,0,1
022320260629,2026062923,2,7,1,013653,森安崇之,,11.2,1/4車輪,,0,0
032320260629,2026062923,3,1,2,015415,坂本紘規,差,11.7,,,0,0
032320260629,2026062923,3,2,5,014863,一戸康宏,差,12.0,1/2車輪,,0,0
032320260629,2026062923,3,3,4,013996,丸山貴秀,,11.7,1車輪,,0,0
032320260629,2026062923,3,4,6,013306,齋藤登志信,,11.6,3/4車身,,0,0
032320260629,2026062923,3,5,1,015424,中村隆生,,12.4,3/4車輪,,1,1
032320260629,2026062923,3,6,7,014582,平原啓多,,12.0,1/4車輪,,0,0
032320260629,2026062923,3,7,8,012759,金山栄治,,11.7,3/4車輪,,0,0
032320260629,2026062923,3,8,3,015535,佐藤竜太,,12.2,3車身,,0,0
042320260629,2026062923,4,1,3,015468,和泉尚吾,差,11.4,,,1,0
042320260629,2026062923,4,2,8,014558,松尾透,差,11.2,3/4車身,,0,0
042320260629,2026062923,4,3,7,014633,田中陽平,,11.4,3/4車輪,,0,0
042320260629,2026062923,4,4,1,015433,山本勝利,,11.3,3/4車身,,0,0
042320260629,2026062923,4,5,2,015528,新村穣,,11.9,1/2車身,,0,1
042320260629,2026062923,4,6,4,014051,早坂秀悟,,11.4,1車身1/2,,0,0
042320260629,2026062923,4,7,9,015046,山本紳貴,,11.3,1/2車輪,,0,0
042320260629,2026062923,4,8,5,015832,角宗哉,,11.9,1車身1/2,,0,0
042320260629,2026062923,4,9,6,014080,近藤隆司,,11.4,3車身,,0,0
052320260629,2026062923,5,1,1,013815,井上昌己,差,11.8,,,0,0
052320260629,2026062923,5,2,8,014811,笠松将太,逃,12.0,1車輪,,0,1
052320260629,2026062923,5,3,2,013685,岡田征陽,,11.9,1/4車輪,,1,0
052320260629,2026062923,5,4,5,014714,橋本智昭,,11.8,1/2車身,,0,0
052320260629,2026062923,5,5,9,014211,佐藤幸治,,12.1,1/2車身,,0,0
052320260629,2026062923,5,6,4,014511,内藤高裕,,11.8,1車身,,0,0
052320260629,2026062923,5,7,6,014098,菊谷信一,,11.6,1/8車輪,,0,0
052320260629,2026062923,5,8,7,013744,菅原晃,,12.0,1/4車輪,,0,0
052320260629,2026062923,5,9,3,014599,松岡篤哉,,11.8,1車身1/2,,0,0
062320260629,2026062923,6,1,7,015337,佐藤礼文,差,11.4,,,0,0
062320260629,2026062923,6,2,3,013387,野田源一,捲,11.1,1/2車輪,,0,0
062320260629,2026062923,6,3,9,014196,小林弘和,,11.0,3/4車身,,0,0
062320260629,2026062923,6,4,8,013884,守谷陽介,,11.8,1/8車輪,,0,0
062320260629,2026062923,6,5,6,014066,池田勇人,,11.5,1/4車輪,,0,0
062320260629,2026062923,6,6,4,015004,畑段嵐士,,11.1,2車身,,0,0
062320260629,2026062923,6,7,1,015417,櫻井祐太郎,,11.8,タイヤ,,1,0
062320260629,2026062923,6,8,5,015551,渡口勝成,,12.0,1/2車身,,0,1
062320260629,2026062923,6,9,2,015268,山田諒,,12.3,大差,,0,0
072320260629,2026062923,7,1,2,013730,東口善朋,差,11.1,,,1,0
072320260629,2026062923,7,2,9,015826,久田朔,捲,11.2,1/2車身,,0,0
072320260629,2026062923,7,3,7,013059,香川雄介,,11.1,3/4車輪,,0,0
072320260629,2026062923,7,4,5,014890,大西貴晃,,11.2,5車身,,0,0
072320260629,2026062923,7,5,8,014232,柴田洋輔,,11.6,4車身,,0,0
072320260629,2026062923,7,6,3,015052,渡邉豪大,,0.0,,,0,0
072320260629,2026062923,7,7,1,015354,齋木翔多,,0.0,,,0,1
072320260629,2026062923,7,0,4,015336,小畑勝広,,0.0,,落車,0,0
072320260629,2026062923,7,0,6,014298,蒔田英彦,,0.0,,落車,0,0
082320260629,2026062923,8,1,3,015474,阿部将大,捲,11.5,,,0,0
082320260629,2026062923,8,2,7,015297,上野優太,マ,11.4,1車輪,,1,0
082320260629,2026062923,8,3,4,013514,山口貴嗣,,11.4,3/4車身,,0,0
082320260629,2026062923,8,4,5,015179,皿屋豊,,11.3,2車身,,0,0
082320260629,2026062923,8,5,9,014996,岡本総,,11.3,1/2車身,,0,0
082320260629,2026062923,8,6,6,013604,庄子信弘,,11.8,1/2車輪,,0,0
082320260629,2026062923,8,7,8,014148,岸澤賢太,,11.9,1/4車輪,,0,0
082320260629,2026062923,8,8,1,015123,清水一幸,,11.4,2車身,,0,0
082320260629,2026062923,8,9,2,015334,朝倉智仁,,12.4,1車身1/2,,0,1
092320260629,2026062923,9,1,2,014182,大川龍二,捲,11.3,,,0,1
092320260629,2026062923,9,2,6,015202,今野大輔,マ,11.2,1/2車身,,1,0
092320260629,2026062923,9,3,4,014168,高橋和也,,11.2,3/4車身,,0,0
092320260629,2026062923,9,4,5,014127,永澤剛,,11.5,5車身,,0,0
092320260629,2026062923,9,5,1,015518,吉田有希,,11.6,1/4車輪,,0,0
092320260629,2026062923,9,6,7,015328,星野洋輝,,11.6,1車身1/2,,0,0
092320260629,2026062923,9,7,9,014394,不破将登,,11.6,3/4車身,,0,0
092320260629,2026062923,9,8,8,012819,齊藤竜也,,11.8,5車身,,0,0
092320260629,2026062923,9,9,3,015896,丸山留依,,12.2,3/4車身,,0,0
102320260629,2026062923,10,1,2,014377,岩本俊介,逃,11.7,,,0,1
102320260629,2026062923,10,2,9,015051,簗田一輝,マ,11.6,3/4車輪,,1,0
102320260629,2026062923,10,3,1,014252,三谷将太,,11.3,1/2車輪,,0,0
102320260629,2026062923,10,4,5,013962,南修二,,11.6,2車身,,0,0
102320260629,2026062923,10,5,7,014052,飯野祐太,,11.2,1車輪,,0,0
102320260629,2026062923,10,6,3,014152,宿口陽一,,11.5,1車身1/2,,0,0
102320260629,2026062923,10,7,8,015038,山岸佳太,,12.3,4車身,,0,0
102320260629,2026062923,10,8,6,015517,橋本壮史,,13.2,大差,,0,0
102320260629,2026062923,10,0,4,012339,内藤宣彦,,0.0,,落車,0,0
112320260629,2026062923,11,1,3,014054,新田祐大,捲,11.1,,,1,0
112320260629,2026062923,11,2,7,013917,成田和也,マ,11.1,3/4車身,,0,0
112320260629,2026062923,11,3,5,015242,眞杉匠,,11.5,3/4車輪,,0,1
112320260629,2026062923,11,4,8,014837,神田紘輔,,10.9,1/2車輪,,0,0
112320260629,2026062923,11,5,4,014038,橋本強,,11.2,1車身,,0,0
112320260629,2026062923,11,6,6,013923,武田豊樹,,11.2,2車身,,0,0
112320260629,2026062923,11,7,9,015125,佐々木豪,,11.6,1/2車身,,0,0
112320260629,2026062923,11,8,1,013880,岩津裕介,,11.2,3/4車身,,0,0
112320260629,2026062923,11,9,2,014860,吉澤純平,,11.6,1車身,,0,0
122320260629,2026062923,12,1,1,015039,吉田拓矢,差,11.5,,,1,0
122320260629,2026062923,12,2,2,014417,山田庸平,差,11.4,1/2車輪,,0,0
122320260629,2026062923,12,3,6,014138,山下渡,,11.5,1/2車身,,0,0
122320260629,2026062923,12,4,9,014744,和田真久留,,11.0,3/4車輪,,0,0
122320260629,2026062923,12,5,7,013894,園田匠,,11.4,1/2車輪,,0,0
122320260629,2026062923,12,6,5,015356,杉浦侑吾,,11.9,1車輪,,0,1
122320260629,2026062923,12,7,3,014462,小原太樹,,11.0,タイヤ,,0,0
122320260629,2026062923,12,8,8,015480,松本秀之介,,11.7,1/2車輪,,0,0
122320260629,2026062923,12,9,4,015443,道場晃規,,11.5,6車身,,0,0
014320260629,2026062943,1,1,6,015682,渡部遥,逃,12.8,,,0,1
014320260629,2026062943,1,2,1,015671,小泉夢菜,差,12.4,3/4車身,,0,0
014320260629,2026062943,1,3,5,015674,野寺楓,,12.6,1車輪,,0,0
014320260629,2026062943,1,4,2,015591,松本ちひろ,,12.3,1/4車輪,,0,0
014320260629,2026062943,1,5,4,015494,近澤諒香,,12.3,1車身,,0,0
014320260629,2026062943,1,6,7,015313,豊岡英子,,12.6,4車身,,0,0
014320260629,2026062943,1,7,3,015946,伊藤木々音,,13.0,2車身,,0,0
024320260629,2026062943,2,1,3,013117,鳥越靖弘,差,12.5,,,0,0
024320260629,2026062943,2,2,7,014402,泉谷直哉,差,12.2,1/8車輪,,0,0
024320260629,2026062943,2,3,5,015720,山元大夢,,12.6,1/2車身,,0,0
024320260629,2026062943,2,4,1,012981,片山弘城,,12.4,1/2車輪,,1,0
024320260629,2026062943,2,5,2,015798,橋谷成海,,12.9,1/2車身,,0,1
024320260629,2026062943,2,6,6,015156,門脇翼,,16.5,大差,,0,0
024320260629,2026062943,2,7,4,014021,森川剛,,0.0,大差,,0,0
034320260629,2026062943,3,1,5,013903,川崎健次,差,12.0,,,0,0
034320260629,2026062943,3,2,2,013641,竹内一暢,マ,11.9,3/4車輪,,0,0
034320260629,2026062943,3,3,1,015616,齋藤雄行,,12.2,1/8車輪,,1,1
034320260629,2026062943,3,4,6,014092,山出裕幸,,11.9,3/4車身,,0,0
034320260629,2026062943,3,5,4,012602,吉村文隆,,11.8,1/4車輪,,0,0
034320260629,2026062943,3,6,7,015698,佐藤譲士郎,,12.0,1車身,,0,0
034320260629,2026062943,3,7,3,012946,亀井雅斗,,11.7,1/2車身,,0,0
044320260629,2026062943,4,1,3,013283,小林卓人,差,11.7,,,1,0
044320260629,2026062943,4,2,4,015007,岸川哲也,逃,11.9,3/4車輪,,0,1
044320260629,2026062943,4,3,6,013131,藤野一良,,11.7,1/2車身,,0,0
044320260629,2026062943,4,4,2,015330,伊藤奎,,11.6,3/4車身,,0,0
044320260629,2026062943,4,5,1,014305,大谷靖茂,,11.7,1/4車輪,,0,0
044320260629,2026062943,4,6,5,012112,冨岡健一,,11.6,3/4車身,,0,0
044320260629,2026062943,4,7,7,012640,北村貴幸,,11.7,2車身,,0,0
054320260629,2026062943,5,1,4,014164,田中孝彦,差,11.8,,,0,0
054320260629,2026062943,5,2,7,013400,稲村好将,差,12.0,1/8車輪,,0,0
054320260629,2026062943,5,3,1,014797,佐々木吉徳,,12.1,1/2車身,,1,1
054320260629,2026062943,5,4,3,013273,西徹,,11.8,3/4車輪,,0,0
054320260629,2026062943,5,5,2,013485,善利裕生,,11.8,1/4車輪,,0,0
054320260629,2026062943,5,6,5,013121,山田晃久,,11.7,1/8車輪,,0,0
054320260629,2026062943,5,7,6,013047,田中俊充,,11.8,3/4車身,,0,0
064320260629,2026062943,6,1,1,015311,柳原真緒,差,11.9,,,0,0
064320260629,2026062943,6,2,4,015219,梅川風子,逃,12.1,1/4車輪,,0,1
064320260629,2026062943,6,3,2,015408,高尾貴美歌,,11.9,1/2車身,,0,0
064320260629,2026062943,6,4,7,014974,山原さくら,,12.1,1/2車身,,0,0
064320260629,2026062943,6,5,3,015221,吉村早耶香,,12.0,3車身,,0,0
064320260629,2026062943,6,6,6,015141,黒河内由実,,12.2,3車身,,0,0
064320260629,2026062943,6,7,5,015490,杉浦菜留,,12.5,1車身1/2,,1,0
074320260629,2026062943,7,1,3,015787,中村龍吉,捲,11.7,,,0,0
074320260629,2026062943,7,2,5,014712,泉慶輔,マ,11.8,1車身1/2,,0,0
074320260629,2026062943,7,3,6,015187,鮫島康治,,12.3,1車身1/2,,0,0
074320260629,2026062943,7,4,7,015453,下井竜,,12.4,1車身1/2,,0,0
074320260629,2026062943,7,5,2,015724,村上翔馬,,12.6,1車輪,,1,1
074320260629,2026062943,7,6,4,015820,岩元叶馬,,12.5,2車身,,0,0
074320260629,2026062943,7,0,1,014750,今藤康裕,,0.0,,落車,0,0
013720260629,2026062937,1,1,1,015320,那須萌美,差,10.3,,,1,0
013720260629,2026062937,1,2,2,015020,奥井迪,逃,10.4,1/4車輪,,0,1
013720260629,2026062937,1,3,3,015755,神戸暖稀羽,,10.3,2車身,,0,0
013720260629,2026062937,1,4,4,015667,戸田瑞姫,,10.4,2車身,,0,0
013720260629,2026062937,1,5,5,015678,小林真矢香,,10.4,3/4車身,,0,0
013720260629,2026062937,1,6,6,015071,佐藤亜貴子,,10.7,2車身,,0,0
023720260629,2026062937,2,1,1,015400,久米詩,逃,10.4,,,0,1
023720260629,2026062937,2,2,2,015308,當銘直美,捲,10.4,1車身1/2,,0,0
023720260629,2026062937,2,3,6,014910,篠崎新純,,10.4,1/4車輪,,1,0
023720260629,2026062937,2,4,3,015149,中野咲,,10.4,3/4車身,,0,0
023720260629,2026062937,2,5,5,015148,中嶋里美,,10.4,3/4車身,,0,0
023720260629,2026062937,2,6,4,015150,宮地寧々,,10.6,微差,,0,0
033720260629,2026062937,3,1,6,014429,千澤大輔,差,9.9,,,0,0
033720260629,2026062937,3,2,1,014072,伊藤之人,差,10.0,微差,,1,0
033720260629,2026062937,3,3,2,015900,花田雄飛,,10.2,1/8車輪,,0,1
033720260629,2026062937,3,4,3,014079,江本博明,,9.6,1車身,,0,0
033720260629,2026062937,3,5,4,014382,伊藤翼,,9.9,1車身1/2,,0,0
033720260629,2026062937,3,6,5,013207,葉狩伸泰,,10.2,2車身,,0,0
033720260629,2026062937,3,7,7,012824,梶原亜湖,,10.4,8車身,,0,0
043720260629,2026062937,4,1,3,014447,三木翔太,差,10.3,,,0,0
043720260629,2026062937,4,2,4,014931,横田政直,逃,10.5,1/2車身,,0,1
043720260629,2026062937,4,3,5,013454,関戸努,,10.3,3/4車輪,,1,0
043720260629,2026062937,4,4,1,014743,鈴木広人,,10.1,1/2車輪,,0,0
043720260629,2026062937,4,5,2,015710,鈴木康平,,10.8,6車身,,0,0
043720260629,2026062937,4,6,6,012970,山内大作,,11.3,9車身,,0,0
043720260629,2026062937,4,7,7,011382,清水広幸,,0.0,大差,,0,0
053720260629,2026062937,5,1,6,013796,陶器一馬,差,10.5,,,0,0
053720260629,2026062937,5,2,2,014067,工藤考生,マ,10.4,1/4車輪,,0,0
053720260629,2026062937,5,3,1,012717,伊藤一貴,,10.3,1/2車身,,0,0
053720260629,2026062937,5,4,3,015190,大中拓磨,,10.7,微差,,1,1
053720260629,2026062937,5,5,7,014643,菅原洋輔,,10.7,1車身1/2,,0,0
053720260629,2026062937,5,6,5,012092,高木隆弘,,10.8,2車身,,0,0
053720260629,2026062937,5,7,4,014064,吉松賢二,,11.5,8車身,,0,0
063720260629,2026062937,6,1,1,015906,林佳宗依,逃,11.0,,,1,1
063720260629,2026062937,6,2,2,011817,有賀高士,マ,10.9,微差,,0,0
063720260629,2026062937,6,3,5,015085,奈良基,,10.7,3/4車輪,,0,0
063720260629,2026062937,6,4,6,012827,光岡義洋,,10.8,3/4車輪,,0,0
063720260629,2026062937,6,5,3,014360,関根崇人,,10.6,1/2車輪,,0,0
063720260629,2026062937,6,6,4,014365,薮田貴幸,,10.2,1/8車輪,,0,0
063720260629,2026062937,6,7,7,014154,長岡豪,,10.4,3/4車身,,0,0
073720260629,2026062937,7,1,1,015897,森飛龍,捲,9.8,,,1,1
073720260629,2026062937,7,2,3,015111,布居翼,逃,10.3,7車身,,0,0
073720260629,2026062937,7,3,4,012216,武田哲二,,10.3,3車身,,0,0
073720260629,2026062937,7,4,2,012879,石井毅,,10.2,1/2車身,,0,0
073720260629,2026062937,7,5,7,012753,柳澤達也,,10.3,3/4車身,,0,0
073720260629,2026062937,7,6,6,012938,鈴木規純,,10.2,3/4車輪,,0,0
073720260629,2026062937,7,7,5,014287,齋藤昌太,,10.1,1/2車身,,0,0
016120260629,2026062961,1,1,2,015756,熊谷芽緯,捲,12.1,,,0,1
016120260629,2026062961,1,2,3,015392,加藤舞,逃,12.4,3車身,,0,0
016120260629,2026062961,1,3,5,015953,土井柚姫,,12.4,1車身,,1,0
016120260629,2026062961,1,4,4,015394,三森彩桜,,12.2,1/4車輪,,0,0
016120260629,2026062961,1,5,6,015314,向井円,,12.3,1車身1/2,,0,0
016120260629,2026062961,1,6,1,015144,鈴木奈央,,12.5,1/4車輪,,0,0
026120260629,2026062961,2,1,1,015225,坂口楓華,捲,11.9,,,0,1
026120260629,2026062961,2,2,3,015586,太田瑛美,差,12.0,4車身,,0,0
026120260629,2026062961,2,3,2,015672,松本詩乃,,12.1,1/4車輪,,0,0
026120260629,2026062961,2,4,5,015027,長澤彩,,12.4,3車身,,0,0
026120260629,2026062961,2,5,7,015391,伊藤のぞみ,,12.4,1車身1/2,,0,0
026120260629,2026062961,2,6,4,014962,石井貴子,,12.7,3/4車輪,,1,0
026120260629,2026062961,2,7,6,015147,佐々木恵理,,12.3,1/2車身,,0,0
036120260629,2026062961,3,1,5,013970,三好陽一,差,12.3,,,0,0
036120260629,2026062961,3,2,6,015215,照屋将貴,マ,12.2,1/2車身,,0,0
036120260629,2026062961,3,3,1,015642,眞砂英作,,12.6,3/4車輪,,0,1
036120260629,2026062961,3,4,2,014115,原田礼,,12.2,3/4車身,,0,0
036120260629,2026062961,3,5,4,015813,山本和虎,,12.1,1車身,,1,0
036120260629,2026062961,3,6,3,013206,岡崎和久,,12.0,1/2車輪,,0,0
036120260629,2026062961,3,6,7,013127,北浦弘幹,,12.1,1/2車輪,,0,0
046120260629,2026062961,4,1,2,015834,原田峻治,逃,12.2,,,1,1
046120260629,2026062961,4,2,1,014403,櫻井太士,マ,12.1,1/8車輪,,0,0
046120260629,2026062961,4,3,3,014359,関根彰人,,12.1,1車身1/2,,0,0
046120260629,2026062961,4,4,6,014133,高橋紀史,,12.0,3/4車身,,0,0
046120260629,2026062961,4,5,4,013201,北川紋部,,12.3,1/4車輪,,0,0
046120260629,2026062961,4,6,7,014120,永田修一,,11.9,1/4車輪,,0,0
046120260629,2026062961,4,7,5,013969,武田良太,,12.2,1/2車輪,,0,0
056120260629,2026062961,5,1,1,015751,半田誠,捲,11.1,,,1,1
056120260629,2026062961,5,2,2,015205,島村匠,マ,11.1,3/4車身,,0,0
056120260629,2026062961,5,3,5,015550,山崎航,,11.9,8車身,,0,0
056120260629,2026062961,5,4,4,014477,白上翔,,11.7,1車身1/2,,0,0
056120260629,2026062961,5,5,7,014625,藤野貴章,,11.9,2車身,,0,0
056120260629,2026062961,5,6,6,012742,山田雅之,,0.0,,,0,0
056120260629,2026062961,5,0,3,013890,藤原浩,,0.0,,落車,0,0
066120260629,2026062961,6,1,2,015208,金ヶ江勇気,差,11.6,,,0,0
066120260629,2026062961,6,2,7,015847,寺師幸成,逃,11.8,1/8車輪,,0,1
066120260629,2026062961,6,3,5,014333,阿部兼士,,11.5,1/2車輪,,0,0
066120260629,2026062961,6,4,1,015448,長屋秀明,,11.4,3/4車輪,,1,0
066120260629,2026062961,6,5,3,015377,蒋野翔太,,11.4,3/4車身,,0,0
066120260629,2026062961,6,6,4,014748,山口智弘,,11.6,2車身,,0,0
066120260629,2026062961,6,7,6,015233,渋谷海,,12.3,6車身,,0,0
076120260629,2026062961,7,1,2,015278,田中和磨,差,11.8,,,0,0
076120260629,2026062961,7,2,1,014775,小原周祐,差,11.7,1/2車輪,,0,0
076120260629,2026062961,7,3,3,014475,高間悠平,,11.9,1/2車身,,0,0
076120260629,2026062961,7,4,5,014690,好永晃,,11.8,3/4車身,,0,0
076120260629,2026062961,7,5,4,013782,原真司,,11.9,1/4車輪,,0,0
076120260629,2026062961,7,6,6,015659,池田伍功羽,,11.9,1車身,,0,0
076120260629,2026062961,7,7,7,015185,布居大地,,12.3,3/4車輪,,0,1
018520260629,2026062985,1,1,2,013998,桂馬将人,捲,12.1,,,0,0
018520260629,2026062985,1,2,6,011328,川添輝彦,差,12.0,1/2車輪,,0,0
018520260629,2026062985,1,3,3,012832,仙石淳,,12.2,1車身,,0,0
018520260629,2026062985,1,4,4,015571,吉田悟,,12.3,微差,,1,1
018520260629,2026062985,1,5,1,014432,相澤恵一,,12.1,1/2車身,,0,0
018520260629,2026062985,1,6,5,015549,阿部龍也,,13.1,8車身,,0,0
018520260629,2026062985,1,7,7,011431,梶應弘樹,,0.0,大差,,0,0
028520260629,2026062985,2,1,2,014266,宮本龍一,差,12.1,,,0,0
028520260629,2026062985,2,2,5,013212,岡田浩太,差,11.4,1車身,,0,0
028520260629,2026062985,2,3,6,012329,松尾正人,,12.1,1/2車輪,,0,0
028520260629,2026062985,2,4,7,015300,ラモスレオ,,12.3,1/4車輪,,1,1
028520260629,2026062985,2,5,3,013927,高橋由記,,12.2,1車身1/2,,0,0
028520260629,2026062985,2,6,4,013847,小林大能,,12.2,3車身,,0,0
028520260629,2026062985,2,0,1,015062,大室翔,,0.0,,落車,0,0
038520260629,2026062985,3,1,3,012646,大澤裕之,差,12.2,,,0,0
038520260629,2026062985,3,2,1,015883,吉田夢希斗,逃,12.3,1/4車輪,,1,1
038520260629,2026062985,3,3,6,012402,時松正,,11.9,1/2車身,,0,0
038520260629,2026062985,3,4,2,014566,安谷屋将志,,12.0,1/2車輪,,0,0
038520260629,2026062985,3,5,5,014388,水野悟志,,12.2,1車輪,,0,0
038520260629,2026062985,3,6,4,013738,眞鍋伸也,,12.3,5車身,,0,0
038520260629,2026062985,3,7,7,013588,齋藤仁,,0.0,大差,,0,0
048520260629,2026062985,4,1,3,012997,後田康成,差,12.9,,,0,0
048520260629,2026062985,4,2,1,015935,佐藤魁皇,逃,13.0,1/2車輪,,1,1
048520260629,2026062985,4,3,2,013358,行成大祐,,12.7,1/4車輪,,0,0
048520260629,2026062985,4,4,7,011372,黒瀬浩一,,12.8,1車身,,0,0
048520260629,2026062985,4,5,6,014650,佐藤裕輝,,12.5,1車輪,,0,0
048520260629,2026062985,4,6,4,014986,三浦綾,,12.7,1/2車輪,,0,0
048520260629,2026062985,4,7,5,013029,藤田晃英,,12.5,1車輪,,0,0
058520260629,2026062985,5,1,3,015743,丸林駿太,逃,12.4,,,0,1
058520260629,2026062985,5,2,2,013366,加藤昌平,マ,12.2,タイヤ,,1,0
058520260629,2026062985,5,3,5,014034,鳥丸晃順,,12.1,3/4車身,,0,0
058520260629,2026062985,5,4,7,011451,重一徳,,12.2,1/2車身,,0,0
058520260629,2026062985,5,5,1,015890,中秀平,,12.3,3/4車身,,0,0
058520260629,2026062985,5,6,4,013802,大林亮介,,11.6,1/4車輪,,0,0
058520260629,2026062985,5,7,6,013255,安坂洋一,,14.0,大差,,0,0
068520260629,2026062985,6,1,1,015881,関口朗斗,捲,11.5,,,0,0
068520260629,2026062985,6,2,3,013549,堀勝政,マ,11.7,4車身,,1,0
068520260629,2026062985,6,3,2,011935,高嶋一朗,,12.4,3/4車身,,0,0
068520260629,2026062985,6,4,5,014407,森佑樹,,12.5,3/4車輪,,0,1
068520260629,2026062985,6,5,7,014289,羽石国臣,,11.8,1/4車輪,,0,0
068520260629,2026062985,6,6,6,015739,楠本政明,,12.2,1車身,,0,0
068520260629,2026062985,6,7,4,014042,徳吉正治,,12.1,3/4車輪,,0,0
078520260629,2026062985,7,1,2,013371,足達重満,差,11.7,,,0,0
078520260629,2026062985,7,2,1,015210,白濱一平,逃,11.8,1/4車輪,,1,1
078520260629,2026062985,7,3,6,014274,吉成晃一,,11.7,1/2車身,,0,0
078520260629,2026062985,7,4,3,013543,内海雅夫,,11.4,1/2車身,,0,0
078520260629,2026062985,7,5,7,014989,鈴木豪,,11.4,1/2車身,,0,0
078520260629,2026062985,7,6,4,012883,大沼孝行,,12.0,3車身,,0,0
078520260629,2026062985,7,0,5,014209,加美山隆行,,0.0,,欠車,0,0
017420260629,2026062974,1,1,7,012920,山崎岳志,差,14.7,,,1,0
017420260629,2026062974,1,2,3,015345,浅見隼,逃,14.8,1/2車輪,,0,1
017420260629,2026062974,1,3,5,013155,四元慎也,,14.7,3/4車身,,0,0
017420260629,2026062974,1,4,1,014172,山田隼司,,14.7,1車身,,0,0
017420260629,2026062974,1,5,2,014157,原田泰志,,14.5,1/2車身,,0,0
017420260629,2026062974,1,6,4,015795,今井希,,14.9,2車身,,0,0
017420260629,2026062974,1,7,6,014979,黒川渉,,15.2,7車身,,0,0
027420260629,2026062974,2,1,1,014572,赤塚悠人,差,15.3,,,0,0
027420260629,2026062974,2,2,4,014155,佐藤政利,マ,15.3,3/4車身,,0,0
027420260629,2026062974,2,3,5,014185,隅貴史,,15.7,1/2車輪,,0,0
027420260629,2026062974,2,4,6,014329,阿部功,,15.7,3/4車身,,0,0
027420260629,2026062974,2,5,7,014314,中川繁樹,,15.2,1/4車輪,,0,0
027420260629,2026062974,2,6,2,015833,野村賢,,15.9,1/2車身,,1,1
027420260629,2026062974,2,7,3,013333,小西誠也,,15.1,1/2車輪,,0,0
037420260629,2026062974,3,1,2,015293,中里福太郎,差,14.8,,,0,0
037420260629,2026062974,3,2,3,014715,高橋幸司,逃,15.0,3/4車輪,,0,1
037420260629,2026062974,3,3,5,012710,大内達也,,14.7,3/4車輪,,0,0
037420260629,2026062974,3,4,4,015200,谷口幸司,,14.4,1/4車輪,,0,0
037420260629,2026062974,3,5,7,013896,安東英博,,15.0,1/2車輪,,0,0
037420260629,2026062974,3,6,6,014385,山本淳,,14.4,3/4車身,,0,0
037420260629,2026062974,3,7,1,015192,藤原俊太郎,,14.7,タイヤ,,1,0
047420260629,2026062974,4,1,5,015907,上杉有弘,捲,14.2,,,0,0
047420260629,2026062974,4,2,3,014245,後藤彰仁,マ,14.2,3/4車身,,1,0
047420260629,2026062974,4,3,7,015095,遠藤勝弥,,14.3,1車身,,0,0
047420260629,2026062974,4,4,2,014418,安部龍文,,14.6,3車身,,0,0
047420260629,2026062974,4,5,1,013275,渡辺航平,,14.6,1車身1/2,,0,0
047420260629,2026062974,4,6,4,012957,宮澤晃,,14.5,1車身1/2,,0,0
047420260629,2026062974,4,7,6,014494,山崎翼,,15.5,4車身,,0,1
057420260629,2026062974,5,1,3,015747,長松空吾,差,14.4,,,0,0
057420260629,2026062974,5,2,2,014109,吉松直人,差,14.5,1/8車輪,,1,0
057420260629,2026062974,5,3,7,015555,林昌幸,,14.6,1/8車輪,,0,1
057420260629,2026062974,5,4,1,015721,内山慧大,,14.8,3車身,,0,0
057420260629,2026062974,5,5,5,013864,伊藤世哉,,14.7,1/2車輪,,0,0
057420260629,2026062974,5,6,6,013568,大木雅也,,14.7,1車身1/2,,0,0
057420260629,2026062974,5,7,4,014981,磯島康祐,,14.6,1車身,,0,0
067420260629,2026062974,6,1,4,014592,小島歩,差,15.3,,,0,0
067420260629,2026062974,6,2,2,014398,藤田勝也,差,15.1,1/4車輪,,0,0
067420260629,2026062974,6,3,3,013737,筒井敦史,,15.2,3/4車輪,,0,0
067420260629,2026062974,6,4,7,015116,池野健太,,15.3,1車輪,,0,0
067420260629,2026062974,6,5,1,015706,山田駿斗,,15.8,2車身,,1,1
067420260629,2026062974,6,6,6,014881,山崎泰己,,15.2,1/2車身,,0,0
067420260629,2026062974,6,7,5,015643,小川将二郎,,15.8,2車身,,0,0
077420260629,2026062974,7,1,7,014791,木村弘,捲,14.0,,,0,0
077420260629,2026062974,7,2,1,014318,椎木尾拓哉,差,14.3,3/4車身,,1,0
077420260629,2026062974,7,3,2,014199,松岡孔明,,13.9,1車身1/2,,0,0
077420260629,2026062974,7,4,3,013901,山田敦也,,14.0,1/8車輪,,0,0
077420260629,2026062974,7,5,4,014929,小酒大勇,,14.4,1車身1/2,,0,0
077420260629,2026062974,7,6,6,014187,大西祐,,14.4,1車身,,0,0
077420260629,2026062974,7,7,5,014606,稲毛健太,,14.9,1車身,,0,1
087420260629,2026062974,8,1,2,015363,田中大我,捲,14.0,,,1,0
087420260629,2026062974,8,2,7,014945,中井俊亮,マ,14.1,1車身,,0,0
087420260629,2026062974,8,3,6,015204,吉田智哉,,14.0,1車身1/2,,0,0
087420260629,2026062974,8,4,4,014552,福島武士,,14.0,1車身,,0,0
087420260629,2026062974,8,5,3,015349,寺沼拓摩,,14.7,1車身1/2,,0,1
087420260629,2026062974,8,6,5,014590,近藤夏樹,,14.7,1/2車輪,,0,0
087420260629,2026062974,8,7,1,014194,桑原亮,,15.9,大差,,0,0
097420260629,2026062974,9,1,2,013656,渡部哲男,差,14.4,,,0,0
097420260629,2026062974,9,2,7,015836,遠藤拓巳,逃,14.6,1/2車身,,0,1
097420260629,2026062974,9,3,3,014944,栗山俊介,,14.2,3/4車輪,,0,0
097420260629,2026062974,9,4,5,013295,佐々木則幸,,14.4,1/4車輪,,0,0
097420260629,2026062974,9,5,4,014767,藤井栄二,,14.3,1/4車輪,,1,0
097420260629,2026062974,9,6,6,015259,小林稜武,,14.0,3/4車輪,,0,0
097420260629,2026062974,9,7,1,014527,飯田憲司,,14.0,1車身1/2,,0,0
107420260629,2026062974,10,1,1,015261,松井宏佑,捲,13.8,,,1,1
107420260629,2026062974,10,2,3,014268,山口貴弘,差,13.9,5車身,,0,0
107420260629,2026062974,10,3,7,015547,米嶋恵介,,13.9,1/2車身,,0,0
107420260629,2026062974,10,4,5,014176,笹倉慎也,,14.5,3車身,,0,0
107420260629,2026062974,10,5,6,014889,津村洸次郎,,14.7,3車身,,0,0
107420260629,2026062974,10,6,2,012895,小嶋敬二,,16.0,大差,,0,0
107420260629,2026062974,10,0,4,014108,山中貴雄,,0.0,,失格,0,0
117420260629,2026062974,11,1,5,015822,谷内健太,逃,14.7,,,0,1
117420260629,2026062974,11,2,4,015508,菅野航基,マ,14.7,1車輪,,0,0
117420260629,2026062974,11,3,2,014082,高橋雅之,,14.7,1車身1/2,,0,0
117420260629,2026062974,11,4,3,013074,島田竜二,,14.5,1車輪,,0,0
117420260629,2026062974,11,5,1,015199,田尾駿介,,14.6,1車輪,,1,0
117420260629,2026062974,11,6,6,013014,江連和洋,,15.1,7車身,,0,0
117420260629,2026062974,11,7,7,015132,瓜生崇智,,15.6,2車身,,0,0
127420260629,2026062974,12,1,2,014484,河端朋之,差,13.9,,,1,0
127420260629,2026062974,12,2,7,015464,町田太我,逃,14.0,1車輪,,0,1
127420260629,2026062974,12,3,3,014524,松谷秀幸,,13.7,3/4車身,,0,0
127420260629,2026062974,12,4,6,014140,神山拓弥,,13.5,3/4車身,,0,0
127420260629,2026062974,12,5,1,014794,阿部力也,,13.6,1/8車輪,,0,0
127420260629,2026062974,12,6,5,015439,佐々木眞也,,13.9,1車輪,,0,0
127420260629,2026062974,12,7,4,012596,志智俊夫,,14.4,大差,,0,0
018420260629,2026062984,1,1,7,013615,山口貴弘,差,12.4,,,0,0
018420260629,2026062984,1,2,3,014226,大畑裕貴,逃,12.5,1車輪,,0,1
018420260629,2026062984,1,3,5,014755,奥出健士郎,,12.4,3/4車身,,0,0
018420260629,2026062984,1,4,4,013659,高比良豪,,12.2,1/2車輪,,0,0
018420260629,2026062984,1,5,2,013652,隅直幸,,12.1,1/4車輪,,0,0
018420260629,2026062984,1,6,1,012891,朝日勇,,12.5,1車身1/2,,1,0
018420260629,2026062984,1,7,6,014705,沢田勇治,,12.7,5車身,,0,0
028420260629,2026062984,2,1,5,014354,大島将人,差,12.5,,,1,0
028420260629,2026062984,2,2,4,013775,鈴木良太,マ,12.4,1車身,,0,0
028420260629,2026062984,2,3,1,014980,田原宥明,,12.8,3/4車輪,,0,1
028420260629,2026062984,2,4,6,014393,柴田祐也,,12.4,3/4車身,,0,0
028420260629,2026062984,2,5,2,014688,西田大志,,12.0,1/2車身,,0,0
028420260629,2026062984,2,6,3,013895,松尾大樹,,12.1,2車身,,0,0
028420260629,2026062984,2,7,7,015841,中西勇,,12.6,2車身,,0,0
038420260629,2026062984,3,1,7,012721,梅山英樹,差,11.6,,,0,0
038420260629,2026062984,3,2,2,015505,荻原寿嗣,逃,11.7,1/4車輪,,0,1
038420260629,2026062984,3,3,3,013736,榊原洋,,11.5,1車身,,1,0
038420260629,2026062984,3,4,5,014341,松尾玄太,,11.5,1車輪,,0,0
038420260629,2026062984,3,5,6,013587,船曳義之,,11.5,3/4車輪,,0,0
038420260629,2026062984,3,6,4,014788,上吹越俊一,,11.7,1/2車身,,0,0
038420260629,2026062984,3,7,1,014707,飯塚直人,,11.5,1/8車輪,,0,0
048420260629,2026062984,4,1,5,015469,犬塚貴之,捲,11.7,,,0,0
048420260629,2026062984,4,2,1,014116,安東宏高,差,12.1,4車身,,1,0
048420260629,2026062984,4,3,4,014037,橋本勝弘,,11.8,1/4車輪,,0,0
048420260629,2026062984,4,4,7,015846,入田龍馬,,12.3,1/2車身,,0,1
048420260629,2026062984,4,5,2,012679,坂上忠克,,11.9,3/4車輪,,0,0
048420260629,2026062984,4,6,3,013971,内山拓,,12.1,1車身,,0,0
048420260629,2026062984,4,7,6,013013,武田靖夫,,11.9,1/2車身,,0,0
058420260629,2026062984,5,1,7,014005,山本健也,差,11.6,,,0,0
058420260629,2026062984,5,2,3,015610,永井哉多,逃,11.8,3/4車輪,,0,1
058420260629,2026062984,5,3,4,013632,川口直人,,11.5,3/4車輪,,0,0
058420260629,2026062984,5,4,2,012678,舛井幹雄,,11.3,1/2車身,,1,0
058420260629,2026062984,5,5,5,015191,奥村諭志,,11.4,1車身,,0,0
058420260629,2026062984,5,6,6,014947,北川大五郎,,11.6,1/4車輪,,0,0
058420260629,2026062984,5,7,1,015637,近藤雄太,,12.2,7車身,,0,0
068420260629,2026062984,6,1,5,013862,鈴木伸之,差,11.5,,,0,0
068420260629,2026062984,6,2,1,014700,川口公太朗,差,11.6,1/4車輪,,1,0
068420260629,2026062984,6,3,7,014177,小堺浩二,,11.9,1/2車身,,0,1
068420260629,2026062984,6,4,6,014801,山本恵介,,11.6,2車身,,0,0
068420260629,2026062984,6,5,3,015040,隅田洋介,,11.5,1/4車輪,,0,0
068420260629,2026062984,6,6,4,015276,佐伯亮輔,,11.8,3車身,,0,0
068420260629,2026062984,6,0,2,014711,相澤政宏,,0.0,,欠車,0,0
078420260629,2026062984,7,1,5,013495,友定祐己,差,11.6,,,0,0
078420260629,2026062984,7,2,2,014409,山本奨,捲,11.9,1/4車輪,,0,0
078420260629,2026062984,7,3,7,015744,橋本宇宙,,12.0,3車身,,0,0
078420260629,2026062984,7,4,1,014339,成松春樹,,11.9,1車輪,,1,0
078420260629,2026062984,7,5,4,013443,大坪功一,,11.7,1/4車輪,,0,0
078420260629,2026062984,7,6,3,013855,近藤俊明,,12.3,2車身,,0,0
078420260629,2026062984,7,7,6,015332,鈴木涼介,,12.9,4車身,,0,1
088420260629,2026062984,8,1,7,015917,猿樂楓樹,逃,12.0,,,0,1
088420260629,2026062984,8,2,5,014485,田中勇二,差,11.9,3/4車輪,,0,0
088420260629,2026062984,8,3,3,013436,中村昌弘,,11.7,1/2車身,,0,0
088420260629,2026062984,8,4,2,014212,山崎将幸,,11.8,1/2車身,,0,0
088420260629,2026062984,8,5,1,014018,内藤秀久,,12.1,1車身1/2,,1,0
088420260629,2026062984,8,6,6,014136,金澤竜二,,12.2,1車身1/2,,0,0
088420260629,2026062984,8,7,4,015173,格清洋介,,14.0,大差,,0,0
098420260629,2026062984,9,1,2,014458,近藤保,差,11.7,,,0,0
098420260629,2026062984,9,2,1,015383,原井博斗,差,11.4,3/4車身,,1,0
098420260629,2026062984,9,3,7,012826,渡邉晴智,,11.7,1/8車輪,,0,0
098420260629,2026062984,9,4,3,014682,原田研太朗,,11.7,1車身,,0,0
098420260629,2026062984,9,5,4,015130,瀬戸栄作,,11.6,タイヤ,,0,0
098420260629,2026062984,9,6,6,015430,岡田亮太,,12.0,1/2車輪,,0,1
098420260629,2026062984,9,7,5,014551,山下一輝,,11.8,1車身,,0,0
108420260629,2026062984,10,1,2,014421,松川高大,差,11.6,,,0,0
108420260629,2026062984,10,2,5,013967,岡本大嗣,差,11.6,3/4車身,,0,0
108420260629,2026062984,10,3,4,014313,小谷実,,11.7,1/4車輪,,1,0
108420260629,2026062984,10,4,7,014497,川津悠揮,,12.0,1/2車輪,,0,0
108420260629,2026062984,10,5,3,015050,堀内俊介,,12.2,3/4車身,,0,1
108420260629,2026062984,10,6,1,014143,天田裕輝,,12.2,7車身,,0,0
108420260629,2026062984,10,7,6,015569,谷口力也,,13.9,大差,,0,0
118420260629,2026062984,11,1,3,014358,須永優太,差,11.9,,,0,0
118420260629,2026062984,11,2,5,015794,福田稔希,逃,12.2,3/4車輪,,0,1
118420260629,2026062984,11,3,2,014826,菅原裕太,,11.9,1/2車身,,0,0
118420260629,2026062984,11,4,1,014878,伊代野貴照,,11.8,1/2車輪,,1,0
118420260629,2026062984,11,5,4,012669,伊藤正樹,,11.8,1車身,,0,0
118420260629,2026062984,11,6,6,014104,池田憲昭,,12.2,6車身,,0,0
118420260629,2026062984,11,7,7,015461,土生敦弘,,15.8,大差,,0,0
128420260629,2026062984,12,1,4,015537,志田龍星,捲,11.5,,,0,0
128420260629,2026062984,12,2,6,014835,窓場千加頼,差,11.4,1/2車身,,0,0
128420260629,2026062984,12,3,7,015213,山崎賢人,,11.8,1/2車身,,0,1
128420260629,2026062984,12,4,2,014047,山田英明,,11.7,1/2車輪,,1,0
128420260629,2026062984,12,5,1,015203,松本貴治,,11.6,1/4車輪,,0,0
128420260629,2026062984,12,6,5,014055,芦澤大輔,,11.9,3車身,,0,0
128420260629,2026062984,12,7,3,015248,森田優弥,,12.1,3/4車身,,0,0
