race_id,schedule_id,race_number,car_number,bracket_number,absent,player_id,player_name,player_yomi,age,prefecture,term,class,group,gear_ratio,style,race_point,first_rate,second_rate,third_rate,standing_count,home_count,back_count,escape_count,makuri_count,sashi_count,mark_count,first_count,second_count,third_count,out_count,line,line_position,line_order,line_size,line_head,is_single,line_type,comment
016320261001,2026100163,1,1,1,0,015563,久保光司,クボコウジ,29,佐賀,119,2,2,3.92,逃,80.72,0,8,24,4,13,9,1,1,0,0,0,2,4,19,1,1,1-5,2,1,0,三分戦,自力。
016320261001,2026100163,1,2,2,0,014323,連佛康浩,レンブツヤスヒロ,41,岡山,93,2,1,3.92,追,79.6,0,13.3,20,0,0,0,0,1,0,1,0,2,1,12,2,1,2-4,2,2,0,三分戦,流れ見て。
016320261001,2026100163,1,3,3,0,012452,伊藤健詞,イトウケンジ,56,石川,68,2,2,3.92,追,86.6,19.2,26.9,46.1,1,0,0,0,6,0,1,5,2,5,14,3,2,6-3,2,6,0,三分戦,竹澤君。
016320261001,2026100163,1,4,4,0,014328,藤田洋平,フジタヨウヘイ,40,徳島,93,2,2,3.93,追,79.43,0,0,8.6,1,0,0,0,0,0,0,0,0,2,21,2,2,2-4,2,2,0,三分戦,連佛さん。
016320261001,2026100163,1,5,5,0,014789,茅野寛史,カヤノヒロフミ,47,鹿児島,99,2,1,3.85,追,80.66,0,0,26.6,1,1,0,0,0,0,0,0,0,4,11,1,2,1-5,2,1,0,三分戦,久保君。
016320261001,2026100163,1,6,6,0,015722,竹澤雅也,タケザワマサヤ,25,福井,123,2,2,3.92,逃,79.42,3.8,7.6,15.3,0,3,2,1,0,1,0,1,1,2,22,3,1,6-3,2,6,0,三分戦,自力自在。
026320261001,2026100163,2,1,1,0,012891,朝日勇,アサヒイサム,52,愛知,74,2,2,3.92,追,80.26,3.3,6.6,16.6,4,0,0,0,2,0,0,1,1,3,25,2,1,1,1,1,1,細切れ,単騎。
026320261001,2026100163,2,2,2,0,014332,芳野匠,ヨシノタクミ,41,愛媛,93,2,1,3.92,追,85.29,12.9,22.5,35.4,2,1,1,1,5,0,1,4,3,4,20,1,3,3-4-2,3,3,0,細切れ,九州勢へ。
026320261001,2026100163,2,3,3,0,015659,池田伍功羽,イケダゴクウ,23,熊本,121,2,2,3.92,逃,83.06,13.7,20.5,31,0,7,8,2,1,3,0,4,2,3,20,1,1,3-4-2,3,3,0,細切れ,自力。
026320261001,2026100163,2,4,4,0,014195,田中孝法,タナカタカノリ,44,福岡,91,2,2,3.92,追,79.26,0,5.2,15.7,1,0,0,0,0,0,1,0,1,2,16,1,2,3-4-2,3,3,0,細切れ,池田君。
026320261001,2026100163,2,5,5,0,014620,二條祐也,ニジヨウユウヤ,41,徳島,97,2,1,3.92,追,85.11,7.3,29.5,40.7,6,0,0,0,2,1,5,2,6,3,16,3,1,5,1,5,1,細切れ,単騎。
026320261001,2026100163,2,6,6,0,014828,川口聖翔,カワグチセイショウ,37,三重,100,2,2,3.92,追,79.11,3.8,11.5,11.5,3,0,0,0,1,0,2,1,2,0,23,4,1,6,1,6,1,細切れ,単騎。
036320261001,2026100163,3,1,1,0,015382,竹元健竜,タケモトケンリュウ,29,福岡,115,2,2,3.92,両,81.6,3.5,3.5,3.5,5,1,1,0,1,0,0,1,0,0,27,2,1,1,1,1,1,二分戦,単騎。
036320261001,2026100163,3,2,2,0,015266,福田真平,フクダシンペイ,38,愛知,113,2,1,3.92,追,84,0,0,33.3,0,0,0,0,0,0,0,0,0,2,4,3,2,4-2,2,4,0,二分戦,東さん。
036320261001,2026100163,3,3,3,0,014556,小川祐司,オガワユウジ,44,愛媛,96,2,2,3.92,両,86.36,20,44,52,2,10,9,6,1,4,0,5,6,2,12,1,1,3-5-6,3,3,0,二分戦,自力。
036320261001,2026100163,3,4,4,0,013952,東鉄也,アズマテツヤ,45,三重,88,2,2,3.92,両,81.85,7.1,25,28.5,2,3,3,1,2,3,1,2,5,1,20,3,1,4-2,2,4,0,二分戦,自力。
036320261001,2026100163,3,5,5,0,012544,上田学,ウエダマナブ,55,愛媛,69,2,1,3.86,追,85.43,13.3,33.3,53.3,7,0,0,0,5,0,5,4,6,6,14,1,2,3-5-6,3,3,0,二分戦,小川君。
036320261001,2026100163,3,6,6,0,013822,米原大輔,ヨネハラダイスケ,46,沖縄,86,2,2,3.86,追,79,3.3,16.6,26.6,2,0,0,0,2,0,3,1,4,3,22,1,3,3-5-6,3,3,0,二分戦,愛媛勢へ。
046320261001,2026100163,4,1,1,0,013491,近藤範昌,コンドウノリマサ,48,岡山,82,2,1,3.92,追,85.5,11.5,30.7,38.4,2,1,1,0,5,0,3,3,5,2,16,2,2,4-1,2,4,0,三分戦,久樹君。
046320261001,2026100163,4,2,2,0,015627,南儀拓海,ナンギタクミ,27,富山,121,2,1,3.92,逃,91.71,8.5,25.7,34.2,4,18,16,7,0,1,1,3,6,3,23,1,1,2-7,2,2,0,三分戦,自力。
046320261001,2026100163,4,3,3,0,014267,一ノ瀬匠,イチノセタクミ,38,佐賀,92,2,1,3.93,逃,86.51,34.4,44.8,51.7,0,12,11,7,0,6,0,10,3,2,14,3,1,3-5-6,3,3,0,三分戦,自力。
046320261001,2026100163,4,4,4,0,015285,久樹克門,ヒサキカツト,34,徳島,113,2,1,3.92,逃,92.96,29.5,48.1,59.2,2,0,1,0,9,3,1,8,5,3,11,2,1,4-1,2,4,0,三分戦,自力。
046320261001,2026100163,4,5,5,0,014341,松尾玄太,マツオゲンタ,41,佐賀,93,2,1,3.93,両,83.72,14.7,22.2,29.6,1,0,0,0,5,0,1,4,2,2,19,3,2,3-5-6,3,3,0,三分戦,一ノ瀬君。
046320261001,2026100163,4,6,6,0,013895,松尾大樹,マツオダイキ,45,長崎,87,2,2,3.92,追,81.77,7.3,11.1,33.3,4,0,0,0,2,0,1,2,1,6,18,3,3,3-5-6,3,3,0,三分戦,松尾玄君。
046320261001,2026100163,4,7,6,0,014747,猪俣康一,イノマタコウイチ,50,愛知,99,2,1,3.93,両,84,0,10.5,36.8,3,0,0,0,2,0,0,0,2,5,12,1,2,2-7,2,2,0,三分戦,南儀君。
056320261001,2026100163,5,1,1,0,015057,小林史也,コバヤシフミヤ,40,和歌山,107,2,2,3.92,逃,84.56,20,30,43.3,2,17,12,6,0,2,1,6,3,4,17,3,1,1-4,2,1,0,三分戦,自力。
056320261001,2026100163,5,2,2,0,014851,横内裕人,ヨコウチヒロト,34,愛媛,100,2,2,3.92,両,85.03,14.7,25.9,44.4,7,8,7,3,2,1,1,4,3,5,15,1,1,2-6,2,2,0,三分戦,自力。
056320261001,2026100163,5,3,3,0,014263,樫山恭柄,カシヤマキョウヘイ,40,福岡,92,2,1,3.92,追,96.06,15.1,39.3,72.7,9,0,0,0,7,0,6,5,8,11,9,2,2,5-3-7,3,5,0,三分戦,山口君。
056320261001,2026100163,5,4,4,0,014758,中野智公,ナカノトモキ,37,和歌山,99,2,2,3.93,追,82.5,0,16.6,37.5,2,0,0,0,3,0,1,0,4,5,15,3,2,1-4,2,1,0,三分戦,小林さん。
056320261001,2026100163,5,5,5,0,015931,山口留稀哉,ヤマグチルキヤ,23,長崎,127,2,2,3.92,逃,87.4,44,64,72,13,12,10,8,2,6,0,11,5,2,7,2,1,5-3-7,3,5,0,三分戦,自力。
056320261001,2026100163,5,6,6,0,014037,橋本勝弘,ハシモトカツヒロ,44,愛媛,89,2,2,3.92,追,82.48,12,16,36,3,0,0,0,4,0,0,3,1,5,16,1,2,2-6,2,2,0,三分戦,横内君。
056320261001,2026100163,5,7,6,0,013667,田中洋輔,タナカヨウスケ,46,宮崎,84,2,1,3.92,追,84.66,20.8,29,37.5,0,0,0,0,5,1,1,5,2,2,15,2,3,5-3-7,3,5,0,三分戦,樫山君。
066320261001,2026100163,6,1,1,0,012130,石田洋秀,イシダヒロヒデ,56,広島,64,2,1,3.92,追,82,5.5,5.5,16.6,2,0,0,0,1,0,0,1,0,2,15,1,3,4-7-1,3,4,0,二分戦,藏本君。
066320261001,2026100163,6,2,2,0,014092,山出裕幸,ヤマデヒロユキ,43,福井,90,2,2,3.92,追,79.39,0,7.1,21.4,1,0,0,0,0,1,1,0,2,4,22,2,1,2,1,2,1,二分戦,決めず。
066320261001,2026100163,6,3,3,0,014709,松岡孝高,マツオカヨシタカ,41,熊本,98,2,1,3.85,両,86.79,25,41.6,50,1,0,1,0,5,3,2,6,4,2,12,3,3,5-6-3,3,5,0,二分戦,高鍋君へ。
066320261001,2026100163,6,4,4,0,015830,細中翔太,ホソナカショウタ,27,岡山,125,2,1,3.92,逃,92.92,26.9,61.5,61.5,2,14,12,10,1,5,0,7,9,0,10,1,1,4-7-1,3,4,0,二分戦,自力。
066320261001,2026100163,6,5,5,0,015845,稲留敦貴,イナドメアツキ,25,鹿児島,125,2,2,3.92,逃,89.4,29.5,44.4,70.3,1,17,13,6,3,2,1,8,4,7,8,3,1,5-6-3,3,5,0,二分戦,自力。
066320261001,2026100163,6,6,6,0,014489,高鍋邦彰,タカナベクニアキ,39,福岡,95,2,2,3.92,両,77.62,14.7,22.2,25.9,0,4,7,2,0,4,0,4,2,1,20,3,2,5-6-3,3,5,0,二分戦,稲留君。
066320261001,2026100163,6,7,6,0,015193,藏本徹二,クラモトテツジ,32,広島,111,2,1,3.92,両,90.26,11.1,22.2,51.8,4,0,0,0,2,3,1,3,3,8,13,1,2,4-7-1,3,4,0,二分戦,細中君。
076320261001,2026100163,7,1,1,0,015365,古賀勝大,コガカツヒロ,35,和歌山,115,2,1,3.93,両,95.68,48,60,64,7,2,3,1,6,6,2,12,3,1,9,1,2,4-1,2,4,0,三分戦,梅澤君。
076320261001,2026100163,7,2,2,0,012924,太田黒大心,オオタグロダイシン,52,熊本,74,2,2,3.85,追,84.75,5,25,45,4,0,0,0,3,0,2,1,4,4,11,2,2,7-2,2,7,0,三分戦,薦田君。
076320261001,2026100163,7,3,3,0,014031,筒井裕哉,ツツイユウヤ,45,兵庫,89,2,1,3.92,追,90.03,22.2,29.5,62.9,5,0,0,0,8,0,0,6,2,9,10,3,2,5-3-6,3,5,0,三分戦,一守君。
076320261001,2026100163,7,4,4,0,015817,梅澤忠秀,ウメザワタダヒデ,25,三重,125,2,1,3.92,逃,93.87,25,50,70.8,10,8,7,4,0,7,1,6,6,5,7,1,1,4-1,2,4,0,三分戦,自力。
076320261001,2026100163,7,5,5,0,015913,一守大葵,イチモリタイキ,21,兵庫,127,2,2,3.92,逃,92.21,43.4,65.2,78.2,6,13,15,9,1,5,0,10,5,3,5,3,1,5-3-6,3,5,0,三分戦,自力。
076320261001,2026100163,7,6,6,0,014950,市村昌樹,イチムラマサキ,35,兵庫,103,2,1,3.92,両,82.92,18.5,18.5,29.6,1,0,0,0,1,4,0,5,0,3,19,3,3,5-3-6,3,5,0,三分戦,兵庫３番手。
076320261001,2026100163,7,7,6,0,015288,薦田将伍,コモダショウゴ,28,愛媛,113,2,1,3.92,逃,94.7,25.8,38.7,51.6,6,7,8,2,5,4,1,8,4,4,15,2,1,7-2,2,7,0,三分戦,自力。
011220261001,2026100112,1,1,1,0,015855,大浦彩瑛,オオウラサエ,30,神奈川,126,4,1,3.79,逃,56.95,58.3,79.1,83.3,1,5,9,7,1,9,2,14,5,1,4,4,1,1,1,1,1,細切れ,自力基本に。
011220261001,2026100112,1,2,2,0,015069,細田愛未,ホソダマナミ,31,埼玉,108,4,1,3.79,両,53.66,20.8,37.5,58.3,2,0,0,0,3,4,2,5,4,5,10,5,1,2,1,2,1,細切れ,自在。
011220261001,2026100112,1,3,3,0,016043,緒方詩央里,オガタシオリ,27,福岡,130,4,1,3.79,両,53.45,13.6,31.8,45.4,3,8,10,4,0,2,1,3,4,3,12,6,1,3,1,3,1,細切れ,自力自在。
011220261001,2026100112,1,4,4,0,015770,東美月,アズマミヅキ,24,兵庫,124,4,1,3.77,両,53,6.6,20,63.3,0,0,2,0,2,2,2,2,4,13,11,7,1,4,1,4,1,細切れ,自在。
011220261001,2026100112,1,5,5,0,015678,小林真矢香,コバヤシマヤカ,25,石川,122,4,1,3.77,両,51.44,8,24,44,3,6,5,1,1,2,2,2,4,5,14,2,1,5,1,5,1,細切れ,前々。
011220261001,2026100112,1,6,6,0,015943,高崎千賀,タカサキチカ,32,神奈川,128,4,1,3.71,両,47.23,0,4.7,9.5,1,0,0,0,0,0,1,0,1,1,19,3,1,6,1,6,1,細切れ,自在基本に。
011220261001,2026100112,1,7,6,0,016027,松下彩也香,マツシタサヤカ,24,青森,130,4,1,3.77,両,46.76,0,5.5,11.1,4,5,3,0,0,0,1,0,1,1,16,1,1,7,1,7,1,細切れ,自力自在。
021220261001,2026100112,2,1,1,0,015501,尾方真生,オガタマオ,27,福岡,118,4,1,3.79,逃,56.96,51.8,66.6,85.1,2,11,16,10,1,7,0,14,4,5,4,4,1,1,1,1,1,細切れ,自力基本に。
021220261001,2026100112,2,2,2,0,015587,吉川美穂,ヨシカワミホ,33,和歌山,120,4,1,3.79,両,56.95,54.1,75,79.1,2,3,5,2,5,10,1,13,5,1,5,5,1,2,1,2,1,細切れ,自力自在。
021220261001,2026100112,2,3,3,0,015760,五味田奈穂,イツミダナオ,28,千葉,124,4,1,3.71,逃,53.25,5.8,41,52.9,10,7,5,1,1,4,1,1,6,2,8,1,1,3,1,3,1,細切れ,自力。
021220261001,2026100112,2,4,4,0,015135,荒川ひかり,アラカワヒカリ,31,茨城,110,4,1,3.77,追,53.19,0,23.7,42.8,1,0,0,0,2,1,2,0,5,4,12,2,1,4,1,4,1,細切れ,取れた位置から。
021220261001,2026100112,2,5,5,0,015762,高橋美沙紀,タカハシミサキ,35,愛知,124,4,1,3.77,両,52.96,20,44,48,2,8,6,3,3,3,2,5,6,1,13,3,1,5,1,5,1,細切れ,自力自在。
021220261001,2026100112,2,6,6,0,015680,藤原春陽,フジワラハルヒ,24,徳島,122,4,1,3.77,両,49.64,11.7,17.5,29.4,1,1,1,0,2,1,0,2,1,2,12,6,1,6,1,6,1,細切れ,何でもやる。
021220261001,2026100112,2,7,6,0,015864,田野口佳奈,タノクチカナ,21,香川,126,4,1,3.77,両,49.55,11.1,11.1,33.3,1,1,1,0,2,0,0,2,0,4,12,7,1,7,1,7,1,細切れ,自在。
031220261001,2026100112,3,1,1,0,012960,水書義弘,ミズガキヨシヒロ,53,千葉,75,2,2,3.92,追,85,8.3,16.6,41.6,0,0,0,0,3,1,0,2,2,6,14,4,2,5-1-6,3,5,0,二分戦,山本君。
031220261001,2026100112,3,2,2,0,013601,工藤政志,クドウマサシ,46,青森,84,2,2,3.92,追,84.95,23.7,33.3,42.8,0,0,0,0,5,0,2,5,2,2,12,2,1,2,1,2,1,二分戦,補充出走
031220261001,2026100112,3,3,3,0,015351,宮下一歩,ミヤシタイッポ,33,長野,115,2,1,3.85,逃,82.14,4.5,18,31.8,8,16,14,4,0,0,0,1,3,3,15,1,1,3-7,2,3,0,二分戦,自力。
031220261001,2026100112,3,4,4,0,013385,鎌田聡,カマタサトシ,48,宮城,81,2,2,3.85,追,80.21,14.2,14.2,14.2,0,0,0,0,2,0,0,2,0,0,12,3,1,4,1,4,1,二分戦,工藤君次第。
031220261001,2026100112,3,5,5,0,015892,山本和瑳,ヤマモトカズサ,25,神奈川,127,2,2,3.92,逃,79.5,5.5,16.6,22.2,5,8,7,2,1,0,0,1,2,1,14,4,1,5-1-6,3,5,0,二分戦,自力。
031220261001,2026100112,3,6,6,0,013039,松山正和,マツヤママサカズ,55,静岡,76,2,2,3.92,追,78,4.5,4.5,4.5,2,1,1,0,1,0,0,1,0,0,21,4,3,5-1-6,3,5,0,二分戦,南関３番手。
031220261001,2026100112,3,7,6,0,013175,峠祐介,トウゲユウスケ,50,埼玉,78,2,2,3.92,追,76.95,0,0,0,0,0,0,0,0,0,0,0,0,0,22,1,2,3-7,2,3,0,二分戦,宮下君。
041220261001,2026100112,4,1,1,0,015526,梅田加津也,ウメダカズヤ,33,神奈川,119,2,1,3.93,逃,86.66,16.6,41.6,54.1,9,15,11,7,2,1,0,4,6,3,11,1,1,1-6-3-4,4,1,0,二分戦,自力。
041220261001,2026100112,4,2,2,0,013988,阿部英光,アベヒデミツ,44,宮城,89,2,2,3.85,追,83.28,4.7,28.4,38,1,0,0,0,3,0,3,1,5,2,13,2,2,7-2-5,3,7,0,二分戦,鈴木君。
041220261001,2026100112,4,3,3,0,013469,野村純宏,ノムラスミヒロ,50,神奈川,82,2,2,3.92,追,82.57,0,15,25,0,0,0,0,3,0,0,0,3,2,15,1,3,1-6-3-4,4,1,0,二分戦,南関３番手。
041220261001,2026100112,4,4,4,0,014532,柴田竜史,シバタリユウジ,38,静岡,96,2,2,3.92,追,81.85,4.7,19,23.8,5,0,0,0,2,0,2,1,3,1,16,1,4,1-6-3-4,4,1,0,二分戦,南関４番手。
041220261001,2026100112,4,5,5,0,013006,佐々木健司,ササキケンジ,52,青森,76,2,2,3.92,追,81.52,4.3,8.6,39.1,8,0,0,0,2,0,0,1,1,7,14,2,3,7-2-5,3,7,0,二分戦,補充出走
041220261001,2026100112,4,6,6,0,014303,小川達也,オガワタツヤ,39,静岡,93,2,1,3.93,逃,78.62,0,4.1,12.5,0,18,15,1,0,0,0,0,1,2,21,1,2,1-6-3-4,4,1,0,二分戦,梅田君。
041220261001,2026100112,4,7,6,0,014989,鈴木豪,スズキゴウ,40,福島,105,2,2,3.92,両,76.95,0,0,4.7,0,5,2,0,0,0,0,0,0,1,20,2,1,7-2-5,3,7,0,二分戦,前でやる。
051220261001,2026100112,5,1,1,0,014298,蒔田英彦,マキタヒデヒコ,43,千葉,93,2,1,3.92,両,95,42.8,47.5,66.6,5,3,3,1,4,5,0,9,1,4,7,2,1,1-6,2,1,0,三分戦,自力。
051220261001,2026100112,5,2,2,0,015790,藤田祐大,フジタユウタ,22,茨城,125,2,1,3.92,逃,94.89,40,65,75,8,9,13,5,0,8,0,8,5,2,5,1,1,2-3-7,3,2,0,三分戦,自力。
051220261001,2026100112,5,3,3,0,014805,吉田元輝,ヨシダモトキ,40,茨城,100,2,2,3.92,両,89.18,21.7,52.1,65.2,1,0,0,0,6,0,6,5,7,3,8,1,2,2-3-7,3,2,0,三分戦,藤田君。
051220261001,2026100112,5,4,4,0,014439,山崎司,ヤマザキツカサ,42,福島,95,2,1,3.92,追,86.61,14.2,28.4,47.6,2,0,0,0,3,0,3,3,3,4,11,3,2,5-4,2,5,0,三分戦,泉君。
051220261001,2026100112,5,5,5,0,014717,泉文人,イズミフミト,36,福島,99,2,2,3.92,両,86.31,36.8,42.1,52.6,1,2,5,2,0,6,0,7,1,2,9,3,1,5-4,2,5,0,三分戦,何でもやる。
051220261001,2026100112,5,6,6,0,014078,植草亮介,ウエクサリヨウスケ,42,千葉,90,2,1,3.92,追,85.73,20,40,53.3,1,0,0,0,5,0,1,3,3,2,7,2,2,1-6,2,1,0,三分戦,蒔田さん。
051220261001,2026100112,5,7,6,0,013932,井上雄三,イノウエユウゾウ,43,埼玉,88,2,1,3.92,追,81.71,14.2,14.2,33.3,0,0,0,0,3,0,0,3,0,4,14,1,3,2-3-7,3,2,0,三分戦,茨城勢へ。
061220261001,2026100112,6,1,1,0,015262,内山雅貴,ウチヤママサタカ,31,静岡,113,2,1,3.92,逃,97.48,65.3,80.7,96.1,12,2,8,1,5,15,0,17,4,4,1,1,1,1-3,2,1,0,三分戦,自力自在。
061220261001,2026100112,6,2,2,0,014059,高塩讓次,タカシオジヨウジ,43,栃木,90,2,1,3.92,追,92.69,8.3,37.5,58.3,7,0,0,0,7,0,2,2,7,5,10,2,2,4-2-5,3,4,0,三分戦,川越君。
061220261001,2026100112,6,3,3,0,013632,川口直人,カワグチナオト,49,神奈川,84,2,1,3.92,追,92,14.2,33.3,61.9,1,0,0,0,6,0,1,3,4,6,8,1,2,1-3,2,1,0,三分戦,内山君。
061220261001,2026100112,6,4,4,0,015800,川越宏臣,カワゴエヒロオミ,30,東京,125,2,2,3.92,逃,89.47,14.2,42.8,52.3,1,10,13,6,0,3,0,3,6,2,10,2,1,4-2-5,3,4,0,三分戦,自力。
061220261001,2026100112,6,5,5,0,014862,坂本将太郎,サカモトシヨウタロウ,33,栃木,101,2,1,3.92,追,87.28,9.5,23.7,47.6,6,0,0,0,2,0,3,2,3,5,11,2,3,4-2-5,3,4,0,三分戦,高塩さん。
061220261001,2026100112,6,6,6,0,014280,井上公利,イノウエキミトシ,45,宮城,93,2,2,3.92,逃,84.4,24,32,44,0,11,8,4,1,3,0,6,2,3,14,3,1,6-7,2,6,0,三分戦,自力。
061220261001,2026100112,6,7,6,0,014575,鈴木達也,スズキタツヤ,41,福島,97,2,2,3.92,追,83.41,12.5,16.6,33.3,9,0,0,0,3,0,1,3,1,4,16,3,2,6-7,2,6,0,三分戦,井上さん。
071220261001,2026100112,7,1,1,0,013996,丸山貴秀,マルヤマタカヒデ,46,秋田,89,2,1,3.92,追,94.52,16.6,44.4,72.2,3,0,0,0,4,0,4,3,5,5,5,1,2,2-1-5,3,2,0,二分戦,菊地君。
071220261001,2026100112,7,2,2,0,015689,菊地圭,キクチケイ,25,宮城,123,2,1,3.92,逃,94.27,38.8,61.1,66.6,9,10,11,6,1,4,0,7,4,1,6,1,1,2-1-5,3,2,0,二分戦,自力。
071220261001,2026100112,7,3,3,0,013555,台和紀,ダイカズノリ,49,埼玉,83,2,1,3.92,追,88.91,8.3,41.6,54.1,3,0,0,0,6,0,4,2,8,3,11,2,2,4-3-6-7,4,4,0,二分戦,戸邉君。
071220261001,2026100112,7,4,4,0,015427,戸邉捺希,トベナツキ,28,埼玉,117,2,1,3.92,逃,88.79,8.3,29,58.3,1,5,5,1,3,2,1,2,5,7,10,2,1,4-3-6-7,4,4,0,二分戦,自力。
071220261001,2026100112,7,5,5,0,014428,鹿内翔,シカナイカケル,40,青森,95,2,1,3.92,追,86.61,5.5,33.3,44.4,4,0,0,0,3,0,3,1,5,2,10,1,3,2-1-5,3,2,0,二分戦,北日本３番手。
071220261001,2026100112,7,6,6,0,013553,小島雅章,コジママサアキ,51,埼玉,83,2,2,3.92,追,81.7,8.3,16.6,25,0,0,0,0,3,0,1,2,2,2,18,2,3,4-3-6-7,4,4,0,二分戦,台君。
071220261001,2026100112,7,7,6,0,012957,宮澤晃,ミヤザワアキラ,51,山梨,75,2,2,3.92,追,81.42,0,9.5,23.8,2,0,0,0,0,0,2,0,2,3,16,2,4,4-3-6-7,4,4,0,二分戦,埼玉勢へ。
012220261001,2026100122,1,1,1,0,015482,松本一志,マツモトカズシ,30,宮崎,117,2,3,3.85,逃,73.78,39.2,53.5,60.7,6,8,10,8,2,4,1,11,4,2,11,1,1,1-2,2,1,0,三分戦,自力。
012220261001,2026100122,1,2,2,0,014120,永田修一,ナガタシユウイチ,45,熊本,90,2,3,3.92,追,73.55,5,35,55,1,0,0,0,1,0,6,1,6,4,9,1,2,1-2,2,1,0,三分戦,松本君。
012220261001,2026100122,1,3,3,0,014316,山崎光展,ヤマザキテルノブ,39,京都,93,2,3,3.92,両,73.03,10,30,43.3,14,2,2,1,6,1,1,3,6,4,17,2,1,3,1,3,1,三分戦,単騎。
012220261001,2026100122,1,4,4,0,015962,福田悠航,フクダユウコウ,20,福島,129,2,3,3.85,逃,71.5,18,18,54.5,11,4,5,1,0,1,0,2,0,4,5,3,1,4-6,2,4,0,三分戦,自力。
012220261001,2026100122,1,5,5,0,014810,小川辰徳,オガワタツノリ,38,埼玉,100,2,3,3.92,両,69.6,8,20,28,3,9,7,4,0,0,1,2,3,2,18,4,1,5-7,2,5,0,三分戦,自力。
012220261001,2026100122,1,6,6,0,011364,遠澤健二,トオサワケンジ,61,神奈川,57,2,3,3.93,追,66.8,4.7,9.5,14.2,1,0,0,0,2,0,0,1,1,1,18,3,2,4-6,2,4,0,三分戦,福田君。
012220261001,2026100122,1,7,6,0,012277,井上典善,イノウエテンゼン,58,千葉,66,2,3,3.86,追,64,0,4.1,4.1,0,0,0,0,1,0,0,0,1,0,23,4,2,5-7,2,5,0,三分戦,小川君。
022220261001,2026100122,2,1,1,0,013974,大竹野裕樹,オオタケノヒロキ,44,鹿児島,88,2,3,3.92,両,76.25,33.3,54.1,75,2,0,0,0,5,6,2,8,5,5,6,2,1,1-3,2,1,0,三分戦,自力。
022220261001,2026100122,2,2,2,0,015241,山田祐太,ヤマダユウタ,38,福島,113,2,3,3.92,逃,72.29,12.5,37.5,58.3,2,8,9,5,2,2,0,3,6,5,10,1,1,2-4-6,3,2,0,三分戦,自力。
022220261001,2026100122,2,3,3,0,013145,瓦田勝也,カワラダカツヤ,52,福岡,77,2,3,3.92,追,71.77,0,18.5,44.4,0,0,0,0,1,0,4,0,5,7,15,2,2,1-3,2,1,0,三分戦,大竹野君。
022220261001,2026100122,2,4,4,0,013082,小泉俊也,コイズミトシヤ,51,静岡,77,2,3,3.93,両,71.55,23.7,38,52.3,3,4,3,1,4,2,1,5,3,3,10,1,2,2-4-6,3,2,0,三分戦,山田君。
022220261001,2026100122,2,5,5,0,012299,増成富夫,マスナリトミオ,55,岡山,66,2,3,3.93,逃,68.3,21.7,30.4,39.1,0,7,4,2,2,3,0,5,2,2,14,3,1,5-7,2,5,0,三分戦,自力。
022220261001,2026100122,2,6,6,0,011142,小林宏年,コバヤシヒロトシ,60,静岡,55,2,3,3.92,追,67.56,0,8,28,0,0,0,0,0,0,2,0,2,5,18,1,3,2-4-6,3,2,0,三分戦,小泉君。
022220261001,2026100122,2,7,6,0,013591,山本宏明,ヤマモトヒロアキ,48,徳島,83,2,3,3.92,追,66.16,0,0,0,0,0,0,0,0,0,0,0,0,0,6,3,2,5-7,2,5,0,三分戦,増成さん。
032220261001,2026100122,3,1,1,0,013235,榊枝輝文,サカキエダテルフミ,50,福島,79,2,3,3.93,追,71.7,11.1,22.2,44.4,1,0,0,0,3,0,3,3,3,6,15,1,2,6-1-3,3,6,0,二分戦,猪野君。
032220261001,2026100122,3,2,2,0,012893,吉野猛,ヨシノタケシ,53,愛知,74,2,3,3.92,追,71.33,14.7,29.5,48.1,1,0,0,0,7,0,1,4,4,5,14,2,1,2,1,2,1,二分戦,単騎。
032220261001,2026100122,3,3,3,0,012930,浦崎貴史,ウラサキタカシ,55,北海道,75,2,3,3.93,追,69.88,0,15.7,31.5,1,0,0,0,1,0,2,0,3,3,13,1,3,6-1-3,3,6,0,二分戦,北３番手。
032220261001,2026100122,3,4,4,0,013061,小磯知也,コイソトモヤ,52,徳島,76,2,3,3.77,追,69.79,20.8,33.3,45.8,3,0,0,0,7,0,1,5,3,3,13,3,2,5-4-7,3,5,0,二分戦,土居君。
032220261001,2026100122,3,5,5,0,015286,土居佑次,ドイユウジ,28,高知,113,2,3,3.92,逃,69.38,19,23.7,38,1,2,3,0,2,2,1,4,1,3,13,3,1,5-4-7,3,5,0,二分戦,自力。
032220261001,2026100122,3,6,6,0,015158,猪野泰介,イノタイスケ,36,山形,111,2,3,3.92,逃,69.32,7.6,30.7,46.1,4,11,11,5,1,2,0,2,6,4,14,1,1,6-1-3,3,6,0,二分戦,自力基本に何でも
032220261001,2026100122,3,7,6,0,012997,後田康成,ウシロダヤスナリ,53,長崎,75,2,3,3.92,追,69.04,9.5,14.2,28.5,0,0,0,0,2,0,1,2,1,3,15,3,3,5-4-7,3,5,0,二分戦,四国勢。
042220261001,2026100122,4,1,1,0,013767,松丸裕紀,マツマルヒロノリ,45,福岡,86,2,3,3.92,追,72.79,16.6,20.8,50,4,0,0,0,4,0,1,4,1,7,12,2,2,5-1,2,5,0,二分戦,田山君。
042220261001,2026100122,4,2,2,0,013551,女屋文伸,オナヤフミノブ,48,埼玉,83,2,3,3.85,追,72.28,4.7,47.5,52.3,3,0,0,0,2,2,6,1,9,1,10,3,1,2,1,2,1,二分戦,単騎。
042220261001,2026100122,4,3,3,0,013735,井上剛,イノウエゴウ,46,岡山,85,2,3,3.93,追,71.4,6.6,6.6,40,0,0,0,0,1,0,0,1,0,5,9,1,2,6-3-7,3,6,0,二分戦,友永君。
042220261001,2026100122,4,4,4,0,013768,旭啓介,アサヒケイスケ,47,神奈川,86,2,3,3.92,追,71.33,20.8,33.3,45.8,1,0,0,0,6,0,2,5,3,3,13,4,1,4,1,4,1,二分戦,単騎。
042220261001,2026100122,4,5,5,0,014559,田山誠,タヤママコト,39,長崎,96,2,3,3.93,逃,68.09,9.5,28.4,33.3,0,7,6,5,1,0,0,2,4,1,14,2,1,5-1,2,5,0,二分戦,自力。
042220261001,2026100122,4,6,6,0,014884,友永龍介,トモナガリュウスケ,35,山口,101,2,3,3.92,逃,67.33,4.7,14.2,14.2,16,13,10,3,0,0,0,1,2,0,18,1,1,6-3-7,3,6,0,二分戦,自力。
042220261001,2026100122,4,7,6,0,013794,川西亮介,カワニシリヨウスケ,50,和歌山,86,2,3,3.86,追,67.09,4.5,4.5,22.7,0,0,0,0,1,0,0,1,0,4,17,1,3,6-3-7,3,6,0,二分戦,中国勢。
052220261001,2026100122,5,1,1,0,015991,坂井央雅,サカイオウガ,20,岐阜,129,2,3,3.92,逃,79.66,61.1,83.3,88.8,0,6,8,5,1,8,1,11,4,1,2,1,1,1-3,2,1,0,二分戦,自力。
052220261001,2026100122,5,2,2,0,015978,中西将太郎,ナカニシショウタロウ,28,東京,129,2,3,3.92,逃,78.47,38.8,66.6,66.6,6,12,10,7,2,3,0,7,5,0,6,4,1,2-6-7,3,2,0,二分戦,自力。
052220261001,2026100122,5,3,3,0,014610,山村慮太,ヤマムラリヨウタ,39,大阪,97,2,3,3.92,両,76.37,26.6,43.3,66.6,3,0,0,0,10,2,1,8,5,7,10,1,2,1-3,2,1,0,二分戦,坂井君。
052220261001,2026100122,5,4,4,0,013451,松本大地,マツモトダイチ,49,熊本,81,2,3,3.71,追,76.25,4.1,58.3,75,15,1,1,1,2,0,11,1,13,4,6,2,1,4,1,4,1,二分戦,自分で前々。
052220261001,2026100122,5,5,5,0,014705,沢田勇治,サワダユウジ,37,山口,98,2,3,3.92,両,71.89,10,30,43.3,8,1,1,1,2,1,5,3,6,4,17,3,1,5,1,5,1,二分戦,前々。
052220261001,2026100122,5,6,6,0,013402,沼川夢久,ヌマカワユメヒサ,51,群馬,81,2,3,3.92,追,70.35,0,11.1,27.7,0,0,0,0,0,0,2,0,2,3,13,4,2,2-6-7,3,2,0,二分戦,中西君。
052220261001,2026100122,5,7,6,0,011792,木下章,キノシタアキラ,58,長野,61,2,3,3.86,両,68.12,4.1,8.3,29.1,0,0,0,0,0,1,1,1,1,5,17,4,3,2-6-7,3,2,0,二分戦,沼川君。
062220261001,2026100122,6,1,1,0,015166,内田淳,ウチダアツシ,33,千葉,111,2,3,3.92,逃,76.28,14.2,38,71.4,2,0,2,0,4,3,1,3,5,7,6,2,1,1-7,2,1,0,三分戦,自力自在。
062220261001,2026100122,6,2,2,0,014392,北村篤,キタムラアツシ,39,岐阜,94,2,3,3.92,追,75.5,16.6,41.6,58.3,5,0,0,0,5,0,5,4,6,4,10,1,2,4-2,2,4,0,三分戦,北宅君。
062220261001,2026100122,6,3,3,0,015969,北村翔太,キタムラショウタ,25,群馬,129,2,3,3.85,逃,74.8,20,60,60,2,5,5,2,2,4,1,3,6,0,6,3,1,3-6-5,3,3,0,三分戦,自力。
062220261001,2026100122,6,4,4,0,016000,北宅柊麻,キタヤトウマ,24,大阪,129,2,3,3.85,逃,74.71,14.2,57,66.6,4,17,14,10,0,2,0,3,9,2,7,1,1,4-2,2,4,0,三分戦,自力。
062220261001,2026100122,6,5,5,0,014589,西巻秀太,ニシマキシユウタ,42,新潟,97,2,3,3.92,追,71.33,0,9.5,47.6,1,0,0,0,1,0,1,0,2,8,11,3,3,3-6-5,3,3,0,三分戦,地元勢へ。
062220261001,2026100122,6,6,6,0,013543,内海雅夫,ウチウミマサオ,47,群馬,83,2,3,3.92,追,71.31,26.3,42.1,57.8,2,0,0,0,6,0,2,5,3,3,8,3,2,3-6-5,3,3,0,三分戦,北村翔君。
062220261001,2026100122,6,7,6,0,013080,阿部利光,アベトシミツ,51,宮城,77,2,3,3.86,追,71.18,0,14.7,55.5,0,0,0,0,1,0,3,0,4,11,12,2,2,1-7,2,1,0,三分戦,内田君。
072220261001,2026100122,7,1,1,0,015983,大村涼兼,オオムラリョウケン,30,神奈川,129,2,3,3.92,逃,78.58,33.3,70.8,83.3,2,18,20,15,0,2,0,8,9,3,4,1,1,1-4-7,3,1,0,二分戦,自力。
072220261001,2026100122,7,2,2,0,012649,山本恵太郎,ヤマモトケイタロウ,52,東京,71,2,3,3.92,追,76.91,25,62.5,75,5,0,0,0,7,0,8,6,9,3,6,2,2,3-2,2,3,0,二分戦,舟山君。
072220261001,2026100122,7,3,3,0,015257,舟山佑京,フナヤマウキョウ,29,新潟,113,2,3,3.92,逃,76.28,19,33.3,66.6,1,6,7,3,2,1,1,4,3,7,7,2,1,3-2,2,3,0,二分戦,自力自在。
072220261001,2026100122,7,4,4,0,014385,山本淳,ヤマモトジユン,51,神奈川,94,2,3,3.92,追,75.55,3.6,33.3,62.9,2,0,0,0,4,0,5,1,8,8,10,1,2,1-4-7,3,1,0,二分戦,大村君。
072220261001,2026100122,7,5,5,0,014027,臼井昌巨,ウスイマサナオ,42,愛知,89,2,3,3.92,両,71.42,21.4,25,39.2,5,4,4,4,3,0,0,6,1,4,17,3,1,5,1,5,1,二分戦,単騎でやる。
072220261001,2026100122,7,6,6,0,014425,前川裕希,マエカワヒロキ,49,北海道,95,2,3,3.92,追,70.33,6.2,12.5,37.5,1,0,0,0,2,0,0,1,1,4,10,4,1,6,1,6,1,二分戦,決めずにやる。
072220261001,2026100122,7,7,6,0,013567,吉原友彦,ヨシハラトモヒコ,48,神奈川,83,2,3,3.92,両,66.4,0,20,20,0,0,0,0,0,0,1,0,1,0,4,1,3,1-4-7,3,1,0,二分戦,山本さん。
015320261001,2026100153,1,1,1,0,012795,黒田充,クロダミツル,52,栃木,73,2,3,3.79,追,72.05,5.8,17.5,47,0,0,0,0,1,0,2,1,2,5,9,1,2,2-1,2,2,0,二分戦,伊藤君。
015320261001,2026100153,1,2,2,0,014072,伊藤之人,イトウユキヒト,43,東京,90,2,3,3.93,両,71.03,14.7,40.6,59.2,7,1,1,1,7,0,3,4,7,5,11,1,1,2-1,2,2,0,二分戦,自力自在。
015320261001,2026100153,1,3,3,0,014274,吉成晃一,ヨシナリコウイチ,40,熊本,92,2,3,3.92,両,70.85,10.7,25,35.7,0,1,1,1,3,2,1,3,4,3,18,4,1,3-4-5,3,3,0,二分戦,前で。
015320261001,2026100153,1,4,4,0,013446,丸林一孝,マルバヤシカズタカ,49,福岡,81,2,3,3.85,追,69.52,4.1,8.3,33.3,0,0,0,0,1,0,1,1,1,6,16,4,2,3-4-5,3,3,0,二分戦,吉成君。
015320261001,2026100153,1,5,5,0,012157,竹野行登,タケノユキノブ,59,鹿児島,64,2,3,3.92,追,69,0,7.6,23,0,0,0,0,1,0,1,0,2,4,20,4,3,3-4-5,3,3,0,二分戦,九州３番手。
015320261001,2026100153,1,6,6,0,014213,岡田哲夫,オカダテツオ,44,福島,92,2,3,3.92,追,66.58,0,0,11.7,0,0,0,0,0,0,0,0,0,2,15,2,1,6,1,6,1,二分戦,決めずに。
015320261001,2026100153,1,7,6,0,011431,梶應弘樹,カジオコウキ,60,愛媛,57,2,3,3.85,追,62.53,0,0,0,0,1,0,0,0,0,0,0,0,0,26,3,1,7,1,7,1,二分戦,中団から。
025320261001,2026100153,2,1,1,0,015998,木曽田晃大,キソダコウタ,25,京都,129,2,3,3.92,逃,75.77,44.4,61.1,72.2,1,7,9,6,0,5,0,8,3,2,5,1,1,1-5-6,3,1,0,二分戦,自力。
025320261001,2026100153,2,2,2,0,014067,工藤考生,クドウタカオ,44,埼玉,90,2,3,3.92,追,71.68,0,17.2,39.1,0,0,0,0,1,0,3,0,4,5,14,3,2,7-2-4,3,7,0,二分戦,前島君。
025320261001,2026100153,2,3,3,0,011935,高嶋一朗,タカシマイチロウ,59,岡山,62,2,3,3.92,追,70.18,7.3,37,51.8,0,0,0,0,5,0,5,2,8,4,13,2,1,3,1,3,1,二分戦,中団から。
025320261001,2026100153,2,4,4,0,012348,飯田威文,イイダタケフミ,54,埼玉,67,2,3,3.92,追,69.52,7.6,19.2,38.4,2,0,0,0,3,0,2,2,3,5,16,3,3,7-2-4,3,7,0,二分戦,工藤君。
025320261001,2026100153,2,5,5,0,014101,永橋武司,ナガハシタケシ,43,大阪,90,2,3,3.93,両,68.77,11.1,27.7,38.8,0,2,3,1,3,1,0,2,3,2,11,1,2,1-5-6,3,1,0,二分戦,木曽田君。
025320261001,2026100153,2,6,6,0,014482,松本琢也,マツモトタクヤ,42,兵庫,95,2,3,3.92,両,67.8,5,20,30,0,1,0,0,1,2,1,1,3,2,14,1,3,1-5-6,3,1,0,二分戦,永橋さん。
025320261001,2026100153,2,7,6,0,014694,前島恭平,マエシマキョウヘイ,38,長野,98,2,3,3.92,逃,65.68,9,9,13.6,3,6,2,0,2,0,0,2,0,1,19,3,1,7-2-4,3,7,0,二分戦,自力。
035320261001,2026100153,3,1,1,0,015841,中西勇,ナカニシユウ,34,福岡,125,2,3,3.93,逃,76.57,38,52.3,61.9,15,11,9,7,1,3,0,8,3,2,8,1,1,1-2-7-5,4,1,0,二分戦,自力。
035320261001,2026100153,3,2,2,0,015472,吉田勇気,ヨシダユウキ,37,大阪,117,2,3,3.92,両,71.46,7.1,25,35.7,2,1,1,0,4,1,2,2,5,3,18,1,2,1-2-7-5,4,1,0,二分戦,中西君。
035320261001,2026100153,3,3,3,0,012938,鈴木規純,スズキノリヨシ,51,福島,75,2,3,3.92,追,69.71,0,4.7,33.3,0,0,0,0,0,0,1,0,1,6,14,2,3,4-6-3,3,4,0,二分戦,静岡勢へ。
035320261001,2026100153,3,4,4,0,014868,小林寛弥,コバヤシヒロヤ,38,静岡,101,2,3,3.85,逃,68.57,19,28.4,38,3,9,6,5,1,0,0,4,2,2,13,2,1,4-6-3,3,4,0,二分戦,自力。
035320261001,2026100153,3,5,5,0,013830,田崎良太郎,タサキリヨウタロウ,46,福島,87,2,3,3.92,追,68.5,8.3,8.3,16.6,1,0,0,0,1,0,0,1,0,1,10,1,4,1-2-7-5,4,1,0,二分戦,西ラインへ。
035320261001,2026100153,3,6,6,0,013713,丸山勝也,マルヤマカツヤ,47,静岡,85,2,3,3.92,追,68.33,0,9.5,28.5,0,0,0,0,1,0,1,0,2,4,15,2,2,4-6-3,3,4,0,二分戦,小林君。
035320261001,2026100153,3,7,6,0,015367,南蓮,ミナミレン,27,和歌山,115,2,3,3.93,追,68.19,14.2,14.2,19,0,0,0,0,3,0,0,3,0,1,17,1,3,1-2-7-5,4,1,0,二分戦,西の３番手。
045320261001,2026100153,4,1,1,0,015606,近藤圭佑,コンドウケイスケ,40,埼玉,121,2,3,3.85,逃,78.8,31.2,62.5,68.7,4,3,5,3,0,4,3,5,5,1,5,1,1,1-3-5,3,1,0,二分戦,自力。
045320261001,2026100153,4,2,2,0,013480,林洋二,ハヤシヨウジ,50,岐阜,82,2,3,3.92,追,71.58,16.6,25,45.8,0,0,0,0,4,0,2,4,2,5,13,3,2,4-2-7,3,4,0,二分戦,野見君。
045320261001,2026100153,4,3,3,0,013398,関敬,セキケイ,50,栃木,81,2,3,3.92,追,71.36,0,26.3,47.3,1,0,0,0,1,0,4,0,5,4,10,1,2,1-3-5,3,1,0,二分戦,近藤君。
045320261001,2026100153,4,4,4,0,014880,野見泰要,ノウミヒロモト,44,岡山,101,2,3,3.93,逃,70.36,21.2,39.3,48.4,2,17,14,10,2,0,1,7,6,3,17,3,1,4-2-7,3,4,0,二分戦,自力。
045320261001,2026100153,4,5,5,0,013029,藤田晃英,フジタアキヒデ,51,千葉,76,2,3,3.93,追,68.37,0,11.1,29.6,1,0,0,0,1,0,2,0,3,5,19,1,3,1-3-5,3,1,0,二分戦,関君。
045320261001,2026100153,4,6,6,0,014932,浦野慈生,ウラノヨシキ,40,神奈川,103,2,3,3.92,両,67.9,14.2,14.2,23.8,2,0,0,0,3,0,0,3,0,2,16,2,1,6,1,6,1,二分戦,単騎。
045320261001,2026100153,4,7,6,0,012290,小西芳樹,コニシヨシキ,55,大阪,66,2,3,3.92,追,65.46,0,6.6,20,0,0,0,0,0,0,1,0,1,2,12,3,3,4-2-7,3,4,0,二分戦,林君。
055320261001,2026100153,5,1,1,0,015190,大中拓磨,オオナカタクマ,37,兵庫,111,2,3,3.93,逃,74.86,16.1,45.1,64.5,17,9,8,3,7,1,3,5,9,6,11,1,1,1-4,2,1,0,三分戦,自力自在。
055320261001,2026100153,5,2,2,0,014126,高谷敏史,タカヤトシフミ,41,青森,91,2,3,3.92,両,74.62,20.8,41.6,58.3,1,5,6,6,2,1,1,5,5,4,10,2,1,2-5,2,2,0,三分戦,自力。
055320261001,2026100153,5,3,3,0,014787,瀬口匠,セグチタクミ,37,宮崎,99,2,3,3.92,両,73.91,16.6,50,54.1,0,0,0,0,4,2,6,4,8,1,11,3,2,6-3-7,3,6,0,三分戦,藤井君。
055320261001,2026100153,5,4,4,0,013210,川本恵二,カワモトケイジ,51,兵庫,78,2,3,3.92,追,71.45,16.6,25,41.6,3,0,0,0,5,0,1,4,2,4,14,1,2,1-4,2,1,0,三分戦,大中君。
055320261001,2026100153,5,5,5,0,013692,佐野多喜男,サノタキオ,47,新潟,85,2,3,3.92,追,69.5,9,13.6,36.3,0,0,0,0,2,0,1,2,1,5,14,2,2,2-5,2,2,0,三分戦,高谷君。
055320261001,2026100153,5,6,6,0,016012,藤井凜太郎,フジイリンタロウ,23,福岡,129,2,3,3.92,逃,68,8.3,25,25,0,4,5,3,0,0,0,1,2,0,9,3,1,6-3-7,3,6,0,三分戦,自力。
055320261001,2026100153,5,7,6,0,012329,松尾正人,マツオマサト,55,熊本,66,2,3,3.92,追,67.31,0,0,5.8,0,0,0,0,0,0,0,0,0,1,16,3,3,6-3-7,3,6,0,三分戦,九州３番手。
065320261001,2026100153,6,1,1,0,016006,高橋聖太,タカハシショウタ,25,愛媛,129,2,3,3.92,逃,76.88,38.8,61.1,66.6,0,9,7,5,0,6,0,7,4,1,6,1,1,1-3-5,3,1,0,三分戦,自力。
065320261001,2026100153,6,2,2,0,014519,湯浅大輔,ユアサダイスケ,41,千葉,96,2,3,3.92,逃,76.22,25.9,48.1,66.6,16,1,0,0,9,0,4,7,6,5,9,2,2,6-2,2,6,0,三分戦,伊藤君。
065320261001,2026100153,6,3,3,0,015110,小出慎也,コイデシンヤ,35,和歌山,109,2,3,3.92,逃,73.33,18.5,40.6,51.8,2,4,3,2,3,4,2,5,6,3,13,1,2,1-3-5,3,1,0,三分戦,高橋君。
065320261001,2026100153,6,4,4,0,015992,永田吏玖,ナガタリク,28,岐阜,129,2,3,3.92,逃,73.11,27.7,44.4,61.1,9,12,12,7,0,1,0,5,3,3,7,3,1,4-7,2,4,0,三分戦,自力。
065320261001,2026100153,6,5,5,0,014179,肥後公允,ヒゴコウスケ,41,奈良,91,2,3,3.92,両,69.18,9,18,27.2,2,1,1,0,1,1,0,1,1,1,8,1,3,1-3-5,3,1,0,三分戦,小出君。
065320261001,2026100153,6,6,6,0,014382,伊藤翼,イトウツバサ,40,神奈川,94,2,3,3.92,両,68.7,25.9,33.3,40.7,0,5,7,5,2,2,0,7,2,2,16,2,1,6-2,2,6,0,三分戦,出来ることを。
065320261001,2026100153,6,7,6,0,012206,白井一機,シライカズキ,57,愛知,65,2,3,3.92,追,67.72,5.5,11.1,38.8,0,0,0,0,2,0,0,1,1,5,11,3,2,4-7,2,4,0,三分戦,永田君。
075320261001,2026100153,7,1,1,0,015973,長川達哉,ナガカワタツヤ,23,埼玉,129,2,3,3.85,逃,79.2,60,85,85,1,18,17,16,0,1,0,12,5,0,3,1,1,1-2,2,1,0,三分戦,先行。
075320261001,2026100153,7,2,2,0,012586,佐藤和典,サトウカズノリ,55,神奈川,70,2,3,3.93,追,77.16,41.6,66.6,75,7,0,0,0,12,0,4,10,6,2,6,1,2,1-2,2,1,0,三分戦,長川君。
075320261001,2026100153,7,3,3,0,014829,桜井雄太,サクライユウタ,34,愛知,100,2,3,3.92,逃,75.33,29.5,59.1,66.6,0,2,4,3,2,8,3,8,8,2,9,2,1,3-5,2,3,0,三分戦,自力自在。
075320261001,2026100153,7,4,4,0,016021,財満伊織,ザイマイオリ,23,熊本,129,2,3,3.77,逃,72.61,27.7,55.5,55.5,6,10,9,8,0,2,0,5,5,0,8,3,1,4-6-7,3,4,0,三分戦,自力。
075320261001,2026100153,7,5,5,0,013264,山中貴雄,ヤマナカタカオ,50,愛知,79,2,3,3.92,追,71.33,7.3,18.5,40.7,3,0,0,0,3,0,2,2,3,6,16,2,2,3-5,2,3,0,三分戦,桜井君。
075320261001,2026100153,7,6,6,0,015062,大室翔,オオムロショウ,35,岡山,107,2,3,3.93,逃,70.19,9.5,19,47.6,2,4,4,2,1,1,0,2,2,6,11,3,2,4-6-7,3,4,0,三分戦,財満君。
075320261001,2026100153,7,7,6,0,013508,曽我部匡史,ソガベマサヒト,52,愛媛,82,2,3,3.92,追,68.75,7.6,7.6,38.4,2,0,0,0,1,0,0,1,0,4,8,3,3,4-6-7,3,4,0,三分戦,大室君。
018520261001,2026100185,1,1,1,0,015315,渡口まりあ,ワタリグチマリア,31,山口,114,4,1,3.77,両,53.1,16.6,33.3,63.3,10,18,17,4,2,3,1,5,5,9,11,2,1,1,1,1,1,細切れ,流れに乗って。
018520261001,2026100185,1,2,2,0,015074,島田優里,シマダユリ,31,長崎,108,4,1,3.77,追,49.28,4.7,19,28.5,0,1,0,0,1,0,3,1,3,2,15,3,1,2,1,2,1,細切れ,取れた位置から。
018520261001,2026100185,1,3,3,0,015222,高橋智香,タカハシチカ,29,愛知,112,4,1,3.77,両,49.09,4.7,14.2,33.3,4,2,0,0,1,0,2,1,2,4,14,5,1,3,1,3,1,細切れ,前々。
018520261001,2026100185,1,4,4,0,015150,宮地寧々,ミヤチネネ,31,岐阜,110,4,1,3.79,両,50.28,9.5,9.5,19,4,5,4,0,2,0,0,2,0,2,17,4,1,4,1,4,1,細切れ,自力自在。
018520261001,2026100185,1,5,5,0,016029,松崎光優,マツザキミユウ,20,新潟,130,4,1,3.77,両,46.85,4.7,4.7,14.2,3,3,0,0,1,0,0,1,0,2,18,7,1,5,1,5,1,細切れ,自力自在。
018520261001,2026100185,1,6,6,0,015410,村田奈穂,ムラタナホ,34,熊本,116,4,1,3.77,両,54.77,29.5,59.1,66.6,1,0,4,0,3,12,1,8,8,2,9,6,1,6,1,6,1,細切れ,自力自在。
018520261001,2026100185,1,7,6,0,015853,中島瞳,ナカジマヒトミ,22,埼玉,126,4,1,3.79,両,56.44,44.4,72.2,88.8,5,2,1,1,5,6,1,8,5,3,2,1,1,7,1,7,1,細切れ,自力自在。
028520261001,2026100185,2,1,1,0,015860,濱田芽生,ハマダメバエ,23,福井,126,4,1,3.77,両,47,0,4.1,12.5,2,2,0,0,0,0,1,0,1,2,21,2,1,1,1,1,1,細切れ,自在。
028520261001,2026100185,2,2,2,0,015942,齊藤由莉,サイトウユリ,29,神奈川,128,4,1,3.77,両,49.18,0,23.5,35.2,3,4,2,2,0,0,2,0,4,2,11,4,1,2,1,2,1,細切れ,自力自在。
028520261001,2026100185,2,3,3,0,016041,寺本愛花,テラモトマナカ,24,徳島,130,4,1,3.77,両,47.11,0,5.5,5.5,3,2,1,0,1,0,0,0,1,0,17,5,1,3,1,3,1,細切れ,自力自在。
028520261001,2026100185,2,4,4,0,015023,石井貴子,イシイタカコ,36,千葉,106,4,1,3.79,両,57.5,38.8,61.1,100,0,1,2,1,5,4,1,7,4,7,0,3,1,4,1,4,1,細切れ,自力基本。
028520261001,2026100185,2,5,5,0,015947,北岡マリア,キタオカマリア,20,石川,128,4,1,3.79,両,56,33.3,61.1,66.6,0,3,3,2,1,8,0,6,5,1,6,6,1,5,1,5,1,細切れ,自在。
028520261001,2026100185,2,6,6,0,014907,中川諒子,ナカガワリョウコ,42,熊本,102,4,1,3.77,両,49.08,0,8.3,25,2,0,2,0,0,0,1,0,1,2,9,7,1,6,1,6,1,細切れ,取れた位置から。
028520261001,2026100185,2,7,6,0,015858,平子結菜,ヒラコユウナ,22,三重,126,4,1,3.77,両,50.87,4.1,8.3,33.3,5,5,7,0,1,0,1,1,1,6,16,1,1,7,1,7,1,細切れ,自在。
038520261001,2026100185,3,1,1,0,014876,冨尾享平,トミオキョウヘイ,40,宮崎,101,2,1,3.92,追,80.73,6.6,20,33.3,5,3,3,2,1,0,0,1,2,2,10,2,1,1-7-4,3,1,0,三分戦,前でやる。
038520261001,2026100185,3,2,2,0,015909,馬越裕之,ウマコシヒロユキ,26,奈良,127,2,2,3.92,逃,83.27,8.3,25,41.6,2,8,5,1,0,2,0,1,2,2,7,3,1,2-6,2,2,0,三分戦,自力。
038520261001,2026100185,3,3,3,0,011907,島野浩司,シマノコウジ,57,愛知,62,2,1,3.92,追,85.16,5.5,27.7,38.8,5,0,0,0,2,0,3,1,4,2,11,1,2,5-3,2,5,0,三分戦,森崎君。
038520261001,2026100185,3,4,4,0,013147,米嶋賢二,ヨネシマケンジ,52,長崎,77,2,2,3.93,追,78.91,0,4.3,26,0,0,0,0,0,0,1,0,1,5,17,2,3,1-7-4,3,1,0,三分戦,九州３番手。
038520261001,2026100185,3,5,5,0,015812,森崎英登,モリサキヒデト,27,愛知,125,2,1,3.92,逃,85.83,25,50,54.1,7,16,14,10,1,1,0,6,6,1,11,1,1,5-3,2,5,0,三分戦,自力。
038520261001,2026100185,3,6,6,0,015115,堀僚介,ホリリョウスケ,31,大阪,109,2,2,3.92,逃,78.45,12.5,16.6,16.6,1,6,5,0,4,0,0,3,1,0,20,3,2,2-6,2,2,0,三分戦,馬越君。
038520261001,2026100185,3,7,6,0,014625,藤野貴章,フジノタカアキ,38,佐賀,97,2,2,3.92,追,82.2,0,6.6,33.3,0,0,0,0,0,0,1,0,1,4,10,2,2,1-7-4,3,1,0,三分戦,冨尾さん。
048520261001,2026100185,4,1,1,0,013479,田中秀治,タナカシユウジ,49,岐阜,82,2,2,3.93,追,84.88,22.2,22.2,33.3,1,0,0,0,4,0,0,4,0,2,12,1,2,6-1,2,6,0,三分戦,山田君。
048520261001,2026100185,4,2,2,0,015114,谷口友真,タニグチユウマ,37,大阪,109,2,1,3.92,逃,87.04,9,31.8,40.9,2,4,1,3,2,1,1,2,5,2,13,2,1,2-5,2,2,0,三分戦,自力。
048520261001,2026100185,4,3,3,0,013654,滝山実,タキヤマミノル,49,徳島,84,2,2,3.92,追,81.15,0,19.2,34.6,2,0,0,0,1,0,4,0,5,4,17,3,3,7-4-3,3,7,0,三分戦,小川さん。
048520261001,2026100185,4,4,4,0,012474,小川圭二,オガワケイジ,55,徳島,68,2,1,3.92,追,84.47,9.5,23.7,23.8,0,0,0,0,3,0,2,2,3,0,16,3,2,7-4-3,3,7,0,三分戦,眞砂君。
048520261001,2026100185,4,5,5,0,014400,志水祐彦,シミズマサヒコ,41,大阪,94,2,2,3.92,追,88.42,6.6,33.3,46.6,3,0,0,0,1,0,4,1,4,2,8,2,2,2-5,2,2,0,三分戦,谷口君。
048520261001,2026100185,4,6,6,0,014172,山田隼司,ヤマダジユンジ,39,岐阜,91,2,2,3.92,両,81,9.5,19,33.3,4,7,6,2,2,0,0,2,2,3,14,1,1,6-1,2,6,0,三分戦,自力自在。
048520261001,2026100185,4,7,6,0,015642,眞砂英作,マサゴエイサク,31,香川,121,2,2,3.93,逃,84.2,10,15,40,5,9,8,0,2,0,1,2,1,5,12,3,1,7-4-3,3,7,0,三分戦,自力自在。
058520261001,2026100185,5,1,1,0,015005,野口正則,ノグチマサノリ,36,奈良,105,2,1,3.92,両,91.61,28.4,33.3,47.6,7,0,0,0,5,1,1,6,1,3,11,1,2,5-1-4,3,5,0,三分戦,林君。
058520261001,2026100185,5,2,2,0,013892,梶山裕次郎,カジヤマユウジロウ,45,福岡,87,2,2,3.92,追,82.26,0,13,34.7,0,0,0,0,0,1,2,0,3,5,15,2,2,6-2,2,6,0,三分戦,高倉君。
058520261001,2026100185,5,3,3,0,013650,吉本哲郎,ヨシモトテツロウ,47,広島,84,2,1,3.92,両,91.83,44.4,50,50,5,0,0,0,8,0,1,8,1,0,9,3,2,7-3,2,7,0,三分戦,松下君。
058520261001,2026100185,5,4,4,0,015189,山本隼人,ヤマモトハヤト,28,大阪,111,2,2,3.92,追,89.94,40,50,75,14,0,0,0,9,0,1,8,2,5,5,1,3,5-1-4,3,5,0,三分戦,野口さん。
058520261001,2026100185,5,5,5,0,015446,林敬宏,ハヤシタカヒロ,35,愛知,117,2,1,3.92,逃,91.62,12.5,29,62.5,4,7,6,5,0,2,0,3,4,8,9,1,1,5-1-4,3,5,0,三分戦,自力。
058520261001,2026100185,5,6,6,0,014334,高倉俊宏,タカクラトシヒロ,39,福岡,93,2,2,3.92,両,82,4.1,12.5,20.8,2,1,1,1,1,0,1,1,2,2,19,2,1,6-2,2,6,0,三分戦,自力自在。
058520261001,2026100185,5,7,6,0,015639,松下綾馬,マツシタリョウマ,29,岡山,121,2,1,3.92,逃,88.58,4.1,41.6,62.5,8,17,19,6,1,3,0,1,9,5,9,3,1,7-3,2,7,0,三分戦,自力。
068520261001,2026100185,6,1,1,0,015212,山口龍也,ヤマグチリュウヤ,31,長崎,111,2,1,3.92,追,89.88,33.3,44.4,55.5,3,0,0,0,5,1,2,6,2,2,8,1,2,4-1,2,4,0,二分戦,金ヶ江君。
068520261001,2026100185,6,2,2,0,013863,吉田健市,ヨシダケンイチ,48,愛知,87,2,1,3.92,追,87.68,5.8,29.4,52.9,0,0,0,0,2,0,3,1,4,4,8,2,1,2,1,2,1,二分戦,決めずにやる。
068520261001,2026100185,6,3,3,0,015277,高井流星,タカイリュウセイ,31,岡山,113,2,2,3.92,逃,87.2,16.6,50,62.5,2,11,12,8,2,2,0,4,8,3,9,3,1,3-7-5,3,3,0,二分戦,自力。
068520261001,2026100185,6,4,4,0,015208,金ヶ江勇気,カネガエユウキ,30,佐賀,111,2,1,3.92,両,93.33,7.3,51.8,62.9,4,1,1,1,5,1,7,2,12,3,10,1,1,4-1,2,4,0,二分戦,自力自在。
068520261001,2026100185,6,5,5,0,014110,廣川泰昭,ヒロカワヤスアキ,43,愛媛,90,2,2,3.92,追,83.76,5,20,30,1,0,1,0,3,1,0,1,3,2,14,3,3,3-7-5,3,3,0,二分戦,中四国３番手。
068520261001,2026100185,6,6,6,0,015180,下岡将也,シモオカショウヤ,30,三重,111,2,2,3.92,逃,79.9,4.7,9.5,23.8,5,0,0,0,2,0,0,1,1,3,16,4,1,6,1,6,1,二分戦,自力。
068520261001,2026100185,6,7,6,0,014326,福島栄一,フクシマエイイチ,42,香川,93,2,1,3.93,追,89.09,14.2,19,33.3,10,1,0,0,4,0,0,3,1,3,14,3,2,3-7-5,3,3,0,二分戦,高井君。
078520261001,2026100185,7,1,1,0,013570,加藤寛治,カトウカンジ,48,愛知,83,2,1,3.92,両,88.47,38,38,52.3,12,0,1,0,8,0,0,8,0,3,10,1,1,1-6,2,1,0,三分戦,前でやる。
078520261001,2026100185,7,2,2,0,015556,上野恭哉,ウエノキョウヤ,28,福岡,119,2,2,3.92,両,89.85,31.8,45.4,63.6,4,5,3,2,7,0,1,7,3,4,8,2,1,2-4,2,2,0,三分戦,自力自在。
078520261001,2026100185,7,3,3,0,015927,長野魅切,ナガノミギリ,23,愛媛,127,2,1,3.92,逃,94.85,19,61.9,76.1,0,14,15,10,0,3,0,4,9,3,5,3,1,3-7-5,3,3,0,三分戦,自力。
078520261001,2026100185,7,4,4,0,013824,上吹越直樹,カミフキゴシナオキ,44,鹿児島,86,2,1,3.92,両,91.44,11.1,33.3,50,4,0,1,0,3,2,1,2,4,3,9,2,2,2-4,2,2,0,三分戦,上野君。
078520261001,2026100185,7,5,5,0,013435,中石昌芳,ナカイシマサヨシ,51,広島,81,2,1,3.92,追,89.33,19,38,71.4,0,0,0,0,4,0,4,4,4,7,6,3,3,3-7-5,3,3,0,三分戦,中四国３番手。
078520261001,2026100185,7,6,6,0,013953,坂元洋行,サカモトヒロユキ,47,三重,88,2,2,3.92,追,80.8,0,14.2,28.5,5,0,0,0,3,0,0,0,3,3,15,1,2,1-6,2,1,0,三分戦,加藤さん。
078520261001,2026100185,7,7,6,0,013054,石丸寛之,イシマルヒロユキ,52,岡山,76,2,1,3.92,追,89.8,23.7,33.3,61.9,0,0,0,0,6,0,1,5,2,6,8,3,2,3-7-5,3,3,0,三分戦,長野君。
012520261001,2026100125,1,1,1,0,014779,名川豊,ナガワユタカ,35,福岡,99,2,1,3.92,追,89.52,33.3,47.5,57.1,2,0,0,0,7,1,2,7,3,2,9,1,2,4-1-6,3,4,0,二分戦,田中君。
012520261001,2026100125,1,2,2,0,015157,高橋大輝,タカハシダイキ,32,秋田,111,2,2,3.92,両,81.85,14.2,19,28.5,0,0,0,0,3,1,0,3,1,2,15,2,1,2,1,2,1,二分戦,単騎。
012520261001,2026100125,1,3,3,0,014169,富安保充,トミヤスヤスミツ,44,愛知,91,2,2,3.83,追,82.73,8.6,13,39.1,2,0,1,0,3,0,0,2,1,6,14,4,2,7-3,2,7,0,二分戦,岩原君。
012520261001,2026100125,1,4,4,0,015748,田中会心,タナカカイシン,26,熊本,123,2,1,3.92,逃,88.29,20.8,33.3,54.1,0,14,16,6,0,2,0,5,3,5,11,1,1,4-1-6,3,4,0,二分戦,自力。
012520261001,2026100125,1,5,5,0,014464,中西司,ナカニシツカサ,45,神奈川,95,2,2,3.92,追,83.19,4.7,23.7,28.5,0,0,0,0,1,0,4,1,4,1,15,3,1,5,1,5,1,二分戦,決めずに。
012520261001,2026100125,1,6,6,0,013142,黒田大介,クロダダイスケ,52,愛媛,77,2,2,3.92,追,80.21,0,0,17.3,0,0,0,0,0,0,0,0,0,4,19,1,3,4-1-6,3,4,0,二分戦,九州勢へ。
012520261001,2026100125,1,7,6,0,015898,岩原健馬,イワハラケンマ,21,愛知,127,2,2,3.92,逃,83.27,16.6,22.2,44.4,1,8,7,2,0,2,0,3,1,4,10,4,1,7-3,2,7,0,二分戦,自力。
022520261001,2026100125,2,1,1,0,015245,尾崎悠生,オザキユウセイ,29,埼玉,113,2,1,3.85,逃,88.61,38,47.5,52.3,0,11,7,4,0,6,0,8,2,1,10,1,1,1-6-4,3,1,0,三分戦,自力。
022520261001,2026100125,2,2,2,0,014204,大崎和也,オオサキカズヤ,39,青森,92,2,1,3.92,追,86.28,19,28.4,28.5,5,0,0,0,4,0,2,4,2,0,15,2,2,7-2,2,7,0,三分戦,赤塚さん。
022520261001,2026100125,2,3,3,0,015387,緒方慎太朗,オガタシンタロウ,27,熊本,115,2,2,3.92,逃,84.23,14.2,33.3,42.8,0,7,5,4,0,3,0,3,4,2,12,3,1,3-5,2,3,0,三分戦,自力。
022520261001,2026100125,2,4,4,0,012861,小坂敏之,コサカトシユキ,53,栃木,74,2,2,3.93,追,81.16,0,4.1,20.8,0,0,0,0,1,0,0,0,1,4,19,1,3,1-6-4,3,1,0,三分戦,地元勢へ。
022520261001,2026100125,2,5,5,0,013660,徳吉広紀,トクヨシヒロキ,49,福岡,84,2,2,3.92,追,84.12,4.1,20.8,50,7,0,0,0,1,0,4,1,4,7,12,3,2,3-5,2,3,0,三分戦,緒方慎君。
022520261001,2026100125,2,6,6,0,014227,緒方剛,オガタツヨシ,43,埼玉,92,2,2,3.93,追,81,8.3,20.8,25,2,0,0,0,5,0,0,2,3,1,18,1,2,1-6-4,3,1,0,三分戦,尾崎君。
022520261001,2026100125,2,7,6,0,014572,赤塚悠人,アカツカユウト,40,山形,97,2,1,3.92,両,83.42,14.2,28.4,38,2,2,3,0,1,5,0,3,3,2,13,2,1,7-2,2,7,0,三分戦,自力自在。
032520261001,2026100125,3,1,1,0,013465,春日勇人,カスガハヤト,50,千葉,82,2,1,3.92,追,86.91,16.6,41.6,66.6,2,0,0,0,6,0,4,4,6,6,8,1,2,5-1,2,5,0,三分戦,初の森君。
032520261001,2026100125,3,2,2,0,013484,表大暁,オモテヒロアキ,51,富山,82,2,2,3.92,追,83.26,5.2,10.5,36.8,2,0,0,0,1,0,1,1,1,5,12,2,2,6-2,2,6,0,三分戦,日浦君。
032520261001,2026100125,3,3,3,0,013885,柳谷崇,ヤナギダニタカシ,48,岡山,87,2,1,3.92,追,91.6,15,35,50,5,0,0,0,4,0,3,3,4,3,10,3,2,4-3-7,3,4,0,三分戦,山崎君。
032520261001,2026100125,3,4,4,0,015550,山崎航,ヤマサキワタル,31,山口,119,2,1,3.92,逃,88.73,17.2,39.1,52.1,1,8,9,3,0,5,1,4,5,3,11,3,1,4-3-7,3,4,0,三分戦,自力。
032520261001,2026100125,3,5,5,0,015897,森飛龍,モリヒリュウ,23,静岡,127,2,2,3.92,逃,80.29,5.8,11.7,17.6,2,3,3,1,0,1,0,1,1,1,14,1,1,5-1,2,5,0,三分戦,自力自在。
032520261001,2026100125,3,6,6,0,015112,日浦崇道,ヒウラタカミチ,35,和歌山,109,2,2,3.92,逃,75.8,0,0,4.7,3,8,1,0,0,0,0,0,0,1,20,2,1,6-2,2,6,0,三分戦,自力。
032520261001,2026100125,3,7,6,0,014181,藤原悠斗,フジワラユウト,40,岡山,91,2,2,3.93,追,83.88,3.8,30.7,38.4,0,0,0,0,1,0,7,1,7,2,16,3,3,4-3-7,3,4,0,三分戦,中国３番手。
042520261001,2026100125,4,1,1,0,014178,伊原克彦,イハラカツヒコ,44,福井,91,2,1,3.92,両,90.66,27.7,55.5,72.2,2,1,2,1,2,6,1,5,5,3,5,1,1,1-4,2,1,0,三分戦,自力。
042520261001,2026100125,4,2,2,0,013690,伊藤大理,イトウヒロミチ,49,長野,85,2,2,3.92,追,82.63,9,27.2,45.4,6,0,0,0,5,0,1,2,4,4,12,2,2,7-2,2,7,0,三分戦,松田君。
042520261001,2026100125,4,3,3,0,015918,土井慎二,ドイシンジ,29,岡山,127,2,2,3.92,逃,83.61,14.2,23.7,42.8,3,7,7,3,2,0,0,3,2,4,12,3,1,3-5-6,3,3,0,三分戦,自力。
042520261001,2026100125,4,4,4,0,012747,布居寛幸,ヌノイヒロユキ,52,和歌山,72,2,1,3.92,追,85.88,16.6,27.7,44.4,0,0,0,0,3,0,2,3,2,3,10,1,2,1-4,2,1,0,三分戦,伊原君。
042520261001,2026100125,4,5,5,0,013507,吉岡篤志,ヨシオカアツシ,47,徳島,82,2,1,3.92,追,84.57,4.7,28.4,47.6,1,0,0,0,2,0,4,1,5,4,11,3,2,3-5-6,3,3,0,三分戦,土井君。
042520261001,2026100125,4,6,6,0,012473,清水邦章,シミズクニアキ,55,香川,68,2,2,3.92,追,79.52,0,4.7,14.2,0,0,0,0,0,0,1,0,1,2,18,3,3,3-5-6,3,3,0,三分戦,中四国３番手。
042520261001,2026100125,4,7,6,0,015693,松田昂己,マツダコウキ,25,茨城,123,2,2,3.92,逃,86.04,38,47.5,57.1,0,10,10,6,0,3,1,8,2,2,9,2,1,7-2,2,7,0,三分戦,自力。
052520261001,2026100125,5,1,1,0,015508,菅野航基,カンノコウキ,25,宮城,119,2,1,3.92,逃,95.28,47.5,71.3,76.1,7,10,11,9,4,2,0,10,5,1,5,1,1,1-5,2,1,0,三分戦,自力。
052520261001,2026100125,5,2,2,0,015346,鈴木薫,スズキカオル,27,東京,115,2,1,3.92,逃,95.94,50,72.2,77.7,6,4,5,4,4,5,0,9,4,1,4,2,1,2-7,2,2,0,三分戦,自力。
052520261001,2026100125,5,3,3,0,015182,吉川希望,ヨシカワキボウ,33,石川,111,2,1,3.92,逃,92.19,33.3,52.3,57.1,5,9,6,4,4,3,0,7,4,1,9,3,1,3-6,2,3,0,三分戦,自力。
052520261001,2026100125,5,4,4,0,015839,船山真生,フナヤママサキ,22,愛媛,125,2,1,3.92,逃,92.7,20,45,50,2,10,11,8,0,1,0,4,5,1,10,4,1,4,1,4,1,三分戦,単騎。
052520261001,2026100125,5,5,5,0,012785,小橋明紀,コバシアキノリ,53,青森,73,2,1,3.92,追,94.15,21.4,50,57.1,2,0,0,0,4,0,3,3,4,1,6,1,2,1-5,2,1,0,三分戦,菅野君。
052520261001,2026100125,5,6,6,0,013716,佐藤亙,サトウワタル,47,愛知,85,2,1,3.92,追,91.61,28.4,57,71.4,1,0,0,0,7,0,5,6,6,3,6,3,2,3-6,2,3,0,三分戦,吉川君。
052520261001,2026100125,5,7,6,0,014139,小田倉勇二,オダクラユウジ,42,埼玉,91,2,1,3.92,両,94.04,23.7,47.5,66.6,2,0,0,0,6,2,2,5,5,4,7,2,2,2-7,2,2,0,三分戦,鈴木君。
062520261001,2026100125,6,1,1,1,014055,芦澤大輔,アシザワダイスケ,44,茨城,90,1,1,3.92,追,105.21,4.3,17.2,26,5,0,0,0,3,0,1,1,3,2,17,1,2,4-1,2,4,0,三分戦,初の熊崎君。
062520261001,2026100125,6,2,2,0,013719,吉田敏洋,ヨシダトシヒロ,46,愛知,85,1,2,3.92,両,102,0,39.1,47.8,0,0,0,0,2,0,7,0,9,2,12,2,2,5-2,2,5,0,三分戦,竹内君。
062520261001,2026100125,6,3,3,0,014795,櫻井正孝,サクライマサタカ,39,宮城,100,1,1,3.92,追,103.6,0,17.2,43.4,3,0,0,0,1,0,3,0,4,6,13,3,2,7-3,2,7,0,三分戦,伊東君。
062520261001,2026100125,6,4,4,0,015697,熊崎麻人,クマザキアサト,26,埼玉,123,1,2,3.92,逃,97.82,0,15.7,42.1,5,8,3,1,0,2,0,0,3,5,11,1,1,4-1,2,4,0,三分戦,自力。
062520261001,2026100125,6,5,5,0,014752,竹内雄作,タケウチユウサク,39,岐阜,99,1,2,3.92,逃,99,4,16,40,2,9,7,2,2,0,0,1,3,6,15,2,1,5-2,2,5,0,三分戦,自力。
062520261001,2026100125,6,6,6,0,015524,栗本武典,クリモトタケノリ,30,千葉,119,1,2,3.92,両,92.71,0,0,9.5,0,1,0,0,0,0,0,0,0,2,19,4,1,6,1,6,1,三分戦,単騎。
062520261001,2026100125,6,7,6,0,014800,伊東翔貴,イトウヒロキ,36,福島,100,1,2,3.92,逃,101.77,16.6,38.8,44.4,3,5,7,2,2,3,0,3,4,1,10,3,1,7-3,2,7,0,三分戦,自力。
072520261001,2026100125,7,1,1,0,013118,山内卓也,ヤマウチタクヤ,49,愛知,77,1,2,3.92,追,101.6,20,36.6,46.6,1,0,0,0,8,0,3,6,5,3,16,2,2,6-1,2,6,0,三分戦,稲毛君。
072520261001,2026100125,7,2,2,0,015651,中川聖大,ナカガワセイダイ,28,福岡,121,1,2,3.92,逃,99.91,12,20,40,1,12,12,2,1,2,0,3,2,5,15,3,1,2-7,2,2,0,三分戦,自力。
072520261001,2026100125,7,3,3,0,015787,中村龍吉,ナカムラタツヨシ,26,福島,125,1,2,3.92,逃,102.66,25,41.6,54.1,7,9,9,6,0,4,0,6,4,3,11,1,1,3-5-4,3,3,0,三分戦,自力。
072520261001,2026100125,7,4,4,0,014792,坂本周輝,サカモトシュウキ,35,青森,100,1,2,3.92,両,99.88,5.5,27.7,38.8,3,1,1,0,3,0,2,1,4,2,11,1,3,3-5-4,3,3,0,三分戦,福島勢へ。
072520261001,2026100125,7,5,5,0,015328,星野洋輝,ホシノヒロキ,26,福島,115,1,1,3.92,追,105.68,22.7,31.8,54.5,6,0,0,0,3,2,2,5,2,5,10,1,2,3-5-4,3,3,0,三分戦,初の中村龍君。
072520261001,2026100125,7,6,6,0,015723,稲毛知也,イナケトモヤ,28,和歌山,123,1,2,3.92,逃,96.91,13,21.7,30.4,4,7,13,2,0,3,0,3,2,2,16,2,1,6-1,2,6,0,三分戦,自力。
072520261001,2026100125,7,7,6,0,013821,中村圭志,ナカムラキヨシ,45,熊本,86,1,1,3.93,追,105.42,13.6,31.8,31.8,2,0,0,0,6,0,1,3,4,0,15,3,2,2-7,2,2,0,三分戦,中川君。
082520261001,2026100125,8,1,1,0,014846,久米康平,クメコウヘイ,35,徳島,100,1,1,3.92,両,103.85,9,22.7,36.3,3,4,3,1,1,3,0,2,3,3,14,1,1,1-5,2,1,0,二分戦,自力。
082520261001,2026100125,8,2,2,0,014506,磯田旭,イソダアキラ,36,栃木,96,1,2,3.92,追,101.15,0,19,33.3,2,0,0,0,2,0,2,0,4,3,14,2,1,2,1,2,1,二分戦,単騎。
082520261001,2026100125,8,3,3,0,013944,桐山敬太郎,キリヤマケイタロウ,44,神奈川,88,1,2,3.92,追,99.37,3.4,17.2,31,3,0,0,0,0,2,3,1,4,4,20,4,3,4-7-3,3,4,0,二分戦,南関３番手。
082520261001,2026100125,8,4,4,0,015173,格清洋介,カクセイヨウスケ,32,静岡,111,1,2,3.93,逃,101.6,42.8,46.4,57.1,0,7,8,4,1,8,0,12,1,3,12,4,1,4-7-3,3,4,0,二分戦,自力。
082520261001,2026100125,8,5,5,0,013059,香川雄介,カガワユウスケ,52,香川,76,1,1,3.93,追,105.65,3.8,26.9,30.7,0,0,0,0,3,0,4,1,6,1,18,1,2,1-5,2,1,0,二分戦,久米君。
082520261001,2026100125,8,6,6,0,015420,梁島邦友,ヤナシマクニトモ,27,茨城,117,1,2,3.92,逃,96.25,5,10,15,4,10,8,1,0,0,1,1,1,1,17,3,1,6,1,6,1,二分戦,自力。
082520261001,2026100125,8,7,6,0,014239,鈴木裕,スズキヒロシ,41,千葉,92,1,2,3.92,両,97.95,16,24,36,9,1,0,0,3,2,1,4,2,3,16,4,2,4-7-3,3,4,0,二分戦,格清君。
092520261001,2026100125,9,1,1,0,013497,藤田昌宏,フジタマサヒロ,52,岡山,82,1,2,3.92,両,96.35,6.4,19.3,29,1,9,6,3,2,1,0,2,4,3,22,2,1,1-4,2,1,0,三分戦,自力。
092520261001,2026100125,9,2,2,0,015417,櫻井祐太郎,サクライユウタロウ,27,宮城,117,1,1,3.92,逃,102.29,16.6,29,33.3,2,12,10,6,0,1,0,4,3,1,16,1,1,2-7-6,3,2,0,三分戦,自力。
092520261001,2026100125,9,3,3,0,014886,山本伸一,ヤマモトシンイチ,43,奈良,101,1,2,3.92,両,105.61,20,35,50,3,0,0,0,4,1,2,4,3,3,10,3,2,5-3,2,5,0,三分戦,山田君。
092520261001,2026100125,9,4,4,0,013357,近藤誠二,コンドウセイジ,48,香川,80,1,2,3.92,追,96.03,3.4,3.4,27.5,0,0,0,0,1,0,0,1,0,7,21,2,2,1-4,2,1,0,三分戦,藤田さん。
092520261001,2026100125,9,5,5,0,015268,山田諒,ヤマダリョウ,27,岐阜,113,1,1,3.86,両,101.6,20,25,30,6,2,2,1,2,1,1,4,1,1,14,3,1,5-3,2,5,0,三分戦,自力。
092520261001,2026100125,9,6,6,0,012786,佐藤康紀,サトウヤスノリ,52,青森,73,1,2,3.92,追,93.43,0,4.3,13,0,0,0,0,0,0,1,0,1,2,20,1,3,2-7-6,3,2,0,三分戦,北の３番手。
092520261001,2026100125,9,7,6,0,014500,竹村勇祐,タケムラユウスケ,36,秋田,96,1,2,3.92,追,104.36,10,30,50,1,0,0,0,4,0,2,2,4,4,10,1,2,2-7-6,3,2,0,三分戦,櫻井君。
102520261001,2026100125,10,1,1,0,014020,松坂洋平,マツザカヨウヘイ,44,神奈川,89,1,1,3.92,両,106.85,21.4,39.2,50,5,0,0,0,7,2,2,6,5,3,14,1,2,5-1-4,3,5,0,三分戦,大石君。
102520261001,2026100125,10,2,2,0,014076,志村太賀,シムラタイガ,43,山梨,90,1,1,3.92,追,100,0,16,32,3,0,0,0,2,0,2,0,4,4,17,2,2,6-2,2,6,0,三分戦,柿本君へ。
102520261001,2026100125,10,3,3,0,013883,高津晃治,タカツコウジ,47,岡山,87,1,2,3.92,追,99.61,11.1,11.1,27.7,1,0,0,0,2,0,0,2,0,3,13,3,2,7-3,2,7,0,三分戦,初の遠藤君。
102520261001,2026100125,10,4,4,0,013855,近藤俊明,コンドウトシアキ,48,神奈川,87,1,2,3.92,追,99.96,3.3,20,26.6,3,0,0,0,4,0,2,1,5,2,22,1,3,5-1-4,3,5,0,三分戦,南関３番手。
102520261001,2026100125,10,5,5,0,015096,大石剣士,オオイシケンシ,30,静岡,109,1,2,3.92,逃,105.42,29.5,44.4,55.5,1,9,10,5,1,6,0,8,4,3,12,1,1,5-1-4,3,5,0,三分戦,自力。
102520261001,2026100125,10,6,6,0,015251,柿本大貴,カキモトダイキ,30,東京,113,1,2,3.92,逃,94.68,0,26.3,26.3,0,6,4,4,1,0,0,0,5,0,14,2,1,6-2,2,6,0,三分戦,自力。
102520261001,2026100125,10,7,6,0,015836,遠藤拓巳,エンドウタクミ,26,香川,125,1,2,3.92,逃,101.34,17.2,30.4,43.4,0,13,11,4,0,2,1,4,3,3,13,3,1,7-3,2,7,0,三分戦,自力。
112520261001,2026100125,11,1,1,0,014163,内田英介,ウチダエイスケ,45,東京,91,1,2,3.92,追,96.65,3.4,13.7,31,22,0,0,0,1,0,3,1,3,5,20,1,3,7-4-1,3,7,0,三分戦,地元勢へ。
112520261001,2026100125,11,2,2,0,015296,上田尭弥,ウエダタカヤ,28,熊本,113,1,2,3.92,逃,99.47,21.7,39.1,43.4,3,4,6,4,2,3,0,5,4,1,13,2,1,2-5,2,2,0,三分戦,自力。
112520261001,2026100125,11,3,3,0,013878,松岡健介,マツオカケンスケ,48,兵庫,87,1,2,3.92,両,94.45,4.1,12.5,16.6,1,0,0,0,3,0,0,1,2,1,20,3,2,6-3,2,6,0,三分戦,西岡君へ。
112520261001,2026100125,11,4,4,0,014720,高橋広大,タカハシコウダイ,39,埼玉,99,1,2,3.92,追,99.22,0,9,36.3,3,0,0,0,1,0,1,0,2,6,14,1,2,7-4-1,3,7,0,三分戦,森田君。
112520261001,2026100125,11,5,5,0,013514,山口貴嗣,ヤマグチヨシツグ,48,福岡,82,1,2,3.92,追,100.68,7.6,38.4,38.4,2,0,0,0,3,0,7,2,8,0,16,2,2,2-5,2,2,0,三分戦,上田君。
112520261001,2026100125,11,6,6,0,015823,西岡利起,ニシオカマサキ,25,奈良,125,1,2,3.93,逃,93.6,4,4,12,1,16,8,0,0,1,0,1,0,2,22,3,1,6-3,2,6,0,三分戦,自力。
112520261001,2026100125,11,7,6,0,015248,森田優弥,モリタユウヤ,28,埼玉,113,1,2,3.92,逃,113.73,42.3,53.8,65.3,2,6,11,4,0,10,0,11,3,3,9,1,1,7-4-1,3,7,0,三分戦,自力。
122520261001,2026100125,12,1,1,0,015475,伊藤旭,イトウアサヒ,26,熊本,117,1,1,3.92,両,110.39,21.4,32.1,53.5,2,1,2,1,5,3,0,6,3,6,13,2,1,1-7,2,1,0,三分戦,自力。
122520261001,2026100125,12,2,2,0,015341,坂井洋,サカイヨウ,31,栃木,115,1,1,3.92,両,114.37,29.5,44.4,59.2,6,3,4,1,5,4,2,8,4,4,11,1,1,2-6,2,2,0,三分戦,自力。
122520261001,2026100125,12,3,3,0,014380,根田空史,ネダタカシ,38,千葉,94,1,1,3.92,逃,111.8,19.2,46.1,61.5,0,3,11,3,1,7,1,5,7,4,10,4,1,3-4,2,3,0,三分戦,自力。
122520261001,2026100125,12,4,4,0,015051,簗田一輝,ヤナダカズキ,30,静岡,107,1,1,3.92,両,112.75,25,43.7,62.5,5,0,0,0,4,1,2,4,3,3,6,4,2,3-4,2,3,0,三分戦,根田君。
122520261001,2026100125,12,5,5,0,014484,河端朋之,カワバタトモユキ,41,岡山,95,1,1,3.93,逃,110.2,16.1,38.7,48.3,5,7,10,1,4,7,0,5,7,3,16,3,1,5,1,5,1,三分戦,単騎で自力。
122520261001,2026100125,12,6,6,0,014152,宿口陽一,ヤドグチヨウイチ,42,埼玉,91,1,1,3.92,両,107.1,19,28.4,33.3,3,1,0,0,5,0,1,4,2,1,14,1,2,2-6,2,2,0,三分戦,坂井君。
122520261001,2026100125,12,7,6,0,015381,岩谷拓磨,イワタニタクマ,29,福岡,115,1,1,3.92,逃,107.17,27.5,41.3,51.7,9,6,3,1,6,5,0,8,4,3,14,2,2,1-7,2,1,0,三分戦,伊藤君。
013420261001,2026100134,1,1,1,0,014634,寺崎祐樹,テラザキユウキ,39,熊本,97,2,1,3.92,追,87,25,41.6,54.1,5,1,1,0,8,0,2,6,4,3,11,1,2,4-1-3,3,4,0,二分戦,櫻木君。
013420261001,2026100134,1,2,2,0,013929,宮内善光,ミヤウチゼンコウ,45,群馬,88,2,2,3.92,追,89.19,9.5,52.3,61.9,3,0,0,0,6,0,5,2,9,2,8,2,2,5-2-7,3,5,0,二分戦,吉岡君。
013420261001,2026100134,1,3,3,0,013896,安東英博,アンドウヒデヒロ,46,大分,87,2,2,3.92,追,81.95,12.5,20.8,37.5,0,0,0,0,5,0,0,3,2,4,15,1,3,4-1-3,3,4,0,二分戦,九州勢へ。
013420261001,2026100134,1,4,4,0,015740,櫻木雄太,サクラギユウタ,25,福岡,123,2,1,3.92,逃,85.28,20,46.6,46.6,2,1,1,1,1,3,2,3,4,0,8,1,1,4-1-3,3,4,0,二分戦,自力。
013420261001,2026100134,1,5,5,0,015880,吉岡優太,ヨシオカユウタ,24,茨城,127,2,2,3.92,逃,88.88,16.6,50,61.1,9,11,10,6,1,1,1,3,6,2,7,2,1,5-2-7,3,5,0,二分戦,自力。
013420261001,2026100134,1,6,6,0,012914,武市和人,タケチカズヒト,52,高知,74,2,2,3.79,追,76.34,0,0,3.8,1,0,0,0,0,0,0,0,0,1,25,3,1,6,1,6,1,二分戦,切れ目から。
013420261001,2026100134,1,7,6,0,014012,関智晴,セキトモハル,42,新潟,89,2,2,3.92,追,83.66,4.7,14.2,28.5,5,0,0,0,3,0,0,1,2,3,15,2,3,5-2-7,3,5,0,二分戦,東３番手。
023420261001,2026100134,2,1,1,0,014822,関根健太郎,セキネケンタロウ,35,神奈川,100,2,1,3.92,両,89.15,15,35,55,6,4,5,2,4,1,0,3,4,4,9,1,2,7-1-4,3,7,0,三分戦,渡邉君。
023420261001,2026100134,2,2,2,0,012380,近藤修康,コンドウノブヤス,54,岡山,67,2,1,3.92,追,87.66,5.2,15.7,31.5,0,0,0,0,1,0,2,1,2,3,13,3,2,6-2,2,6,0,三分戦,増田君。
023420261001,2026100134,2,3,3,0,015820,岩元叶馬,イワモトキョウマ,23,富山,125,2,1,3.92,逃,86.28,4.7,33.3,42.8,10,9,9,2,0,4,1,1,6,2,12,2,1,3-5,2,3,0,三分戦,自力。
023420261001,2026100134,2,4,4,0,014520,伊藤彰規,イトウアキノリ,36,神奈川,96,2,2,3.92,両,82.14,9.5,19,38,0,2,2,1,2,1,0,2,2,4,13,1,3,7-1-4,3,7,0,三分戦,関根君。
023420261001,2026100134,2,5,5,0,013273,西徹,ニシトオル,49,石川,79,2,2,3.92,追,84,9.5,14.2,33.3,0,0,0,0,3,0,0,2,1,4,14,2,2,3-5,2,3,0,三分戦,岩元君。
023420261001,2026100134,2,6,6,0,015281,増田仁,マスダヒトシ,41,広島,113,2,2,3.92,逃,80,7.6,19.2,34.6,1,12,10,3,0,2,0,2,3,4,17,3,1,6-2,2,6,0,三分戦,自力。
023420261001,2026100134,2,7,6,0,015264,渡邉直弥,ワタナベナオヤ,30,静岡,113,2,2,3.92,両,83.6,5,15,35,6,3,0,0,1,1,1,1,2,4,13,1,1,7-1-4,3,7,0,三分戦,自力自在。
033420261001,2026100134,3,1,1,0,014077,古屋琢晶,フルヤタカアキ,40,山梨,90,2,1,3.92,両,87.87,35.1,35.1,47,6,4,3,0,2,4,0,6,0,2,9,1,1,1-7-2,3,1,0,二分戦,自力。
033420261001,2026100134,3,2,2,0,013384,金子兼久,カネコカネヒサ,48,宮城,81,2,2,3.92,追,81.58,0,12.5,25,2,0,0,0,1,0,2,0,3,3,18,1,3,1-7-2,3,1,0,二分戦,関東勢へ。
033420261001,2026100134,3,3,3,0,013047,田中俊充,タナカトシミツ,51,福井,76,2,1,3.92,追,86.61,0,33.3,55.5,1,0,0,0,1,0,5,0,6,4,8,2,2,4-3-5-6,4,4,0,二分戦,辻田君。
033420261001,2026100134,3,4,4,0,015904,辻田祥大,ツジタショウタ,23,三重,127,2,2,3.93,逃,89.66,33.3,44.4,66.6,1,10,11,5,0,3,0,6,2,4,6,2,1,4-3-5-6,4,4,0,二分戦,自力。
033420261001,2026100134,3,5,5,0,014269,梶原恵介,カジワラケイスケ,44,大分,92,2,1,3.92,追,85.19,4.7,33.3,52.3,0,0,0,0,2,0,5,1,6,4,10,2,3,4-3-5-6,4,4,0,二分戦,辻田君。
033420261001,2026100134,3,6,6,0,013494,土井勲,ドイイサオ,52,岡山,82,2,2,3.92,追,81.55,10.7,10.7,32.1,0,0,0,0,3,0,0,3,0,6,19,2,4,4-3-5-6,4,4,0,二分戦,中近勢へ。
033420261001,2026100134,3,7,6,0,013311,根本雄紀,ネモトユウキ,49,茨城,80,2,1,3.92,追,86.7,12,20,36,1,0,0,0,4,0,1,3,2,4,16,1,2,1-7-2,3,1,0,二分戦,古屋君。
043420261001,2026100134,4,1,1,0,013729,堺文人,サカイフミヒト,47,和歌山,85,2,2,3.92,追,81.45,8.3,12.5,33.3,2,0,0,0,1,1,1,2,1,5,16,2,2,7-1,2,7,0,三分戦,油谷君。
043420261001,2026100134,4,2,2,0,014302,武田憲祐,タケダケンスケ,43,神奈川,93,2,1,3.92,追,86.04,4.7,33.3,52.3,7,0,0,0,3,0,4,1,6,4,10,1,2,4-2-5,3,4,0,三分戦,池田君。
043420261001,2026100134,4,3,3,0,014336,八尋翔平,ヤヒロシヨウヘイ,39,福岡,93,2,2,3.92,追,85.58,15.7,31.5,36.8,0,0,0,0,2,0,4,3,3,1,12,3,2,6-3,2,6,0,三分戦,丸林君。
043420261001,2026100134,4,4,4,0,015872,池田充槻,イケダミツキ,20,秋田,127,2,2,3.92,逃,90.8,40,60,66.6,1,8,9,9,0,0,0,6,3,1,5,1,1,4-2-5,3,4,0,三分戦,自力。
043420261001,2026100134,4,5,5,0,013616,渡邉高志,ワタナベタカシ,49,栃木,84,2,1,3.93,追,85.4,18.5,18.5,48.1,3,0,0,0,3,2,0,5,0,8,14,1,3,4-2-5,3,4,0,三分戦,東３番手。
043420261001,2026100134,4,6,6,0,015743,丸林駿太,マルバヤシシュンタ,24,福岡,123,2,2,3.92,逃,78.93,6.6,6.6,13.3,0,11,7,0,1,0,0,1,0,1,13,3,1,6-3,2,6,0,三分戦,自力。
043420261001,2026100134,4,7,6,0,015829,油谷蒼,アブタニソウ,31,兵庫,125,2,2,3.92,逃,80.91,8.3,16.6,16.6,1,7,5,1,0,0,1,1,1,0,10,2,1,7-1,2,7,0,三分戦,自力。
053420261001,2026100134,5,1,1,0,015194,船瀬惇平,フナセジュンペイ,32,広島,111,2,1,3.93,逃,93,33.3,38.8,66.6,0,7,4,3,3,1,0,6,1,5,6,1,2,5-1,2,5,0,三分戦,近藤君。
053420261001,2026100134,5,2,2,0,014740,須藤悟,スドウサトル,37,千葉,99,2,1,3.92,追,92.08,8.3,33.3,50,8,0,0,0,5,0,3,2,6,4,12,3,2,7-2,2,7,0,三分戦,磯島君。
053420261001,2026100134,5,3,3,0,015116,池野健太,イケノケンタ,34,兵庫,109,2,1,3.92,逃,96.22,51.8,70.3,85.1,11,2,3,3,5,11,0,14,5,4,4,2,1,3,1,3,1,三分戦,自力自在。
053420261001,2026100134,5,4,4,0,014235,鈴木庸之,スズキノブユキ,40,新潟,92,2,1,3.93,両,93,16.6,38.8,61.1,4,0,0,0,4,2,1,3,4,4,7,4,1,4-6,2,4,0,三分戦,自力自在。
053420261001,2026100134,5,5,5,0,015554,近藤翔馬,コンドウショウマ,28,愛媛,119,2,1,3.92,逃,89.87,22.2,22.2,22.2,1,0,0,0,0,2,0,2,0,0,7,1,1,5-1,2,5,0,三分戦,自力自在。
053420261001,2026100134,5,6,6,0,014144,石川雅望,イシカワマサモチ,40,群馬,91,2,1,3.92,追,89.41,23.5,29.4,52.9,4,0,0,0,5,0,0,4,1,4,8,4,2,4-6,2,4,0,三分戦,鈴木君。
053420261001,2026100134,5,7,6,0,014981,磯島康祐,イソジマコウスケ,34,青森,105,2,1,3.92,逃,91.61,23.7,38,57.1,2,10,14,3,0,4,1,5,3,4,9,3,1,7-2,2,7,0,三分戦,自力。
063420261001,2026100134,6,1,1,0,014664,志村龍己,シムラリユウキ,40,山梨,98,1,2,3.92,追,100.8,8,16,36,5,0,0,0,3,0,1,2,2,5,16,2,2,4-1,2,4,0,三分戦,治田君。
063420261001,2026100134,6,2,2,0,013724,渡辺十夢,ワタナベトム,46,福井,85,1,2,3.93,追,101.22,8.6,26,39.1,2,0,0,0,3,0,3,2,4,3,14,1,2,5-2,2,5,0,三分戦,小森君。
063420261001,2026100134,6,3,3,0,015616,齋藤雄行,サイトウユウコウ,31,神奈川,121,1,2,3.92,逃,98.95,16.6,25,45.8,0,7,10,2,0,3,1,4,2,5,13,3,1,3-7-6,3,3,0,三分戦,自力。
063420261001,2026100134,6,4,4,0,015614,治田知也,ハッタトモヤ,28,新潟,121,1,2,3.93,逃,99.56,13,30.4,52.1,0,11,9,4,0,3,0,3,4,5,11,2,1,4-1,2,4,0,三分戦,自力。
063420261001,2026100134,6,5,5,0,015183,小森貴大,コモリタカヒロ,36,福井,111,1,1,3.92,両,105.64,31.2,43.7,50,4,3,2,1,2,4,0,5,2,1,8,1,1,5-2,2,5,0,三分戦,自力自在。
063420261001,2026100134,6,6,6,0,013070,高木和仁,タカキカズヒト,52,福岡,76,1,2,3.92,追,96.69,4.3,13,30.4,0,0,0,0,2,0,1,1,2,4,16,3,3,3-7-6,3,3,0,三分戦,地元勢へ。
063420261001,2026100134,6,7,6,0,014465,村上直久,ムラカミナオヒサ,45,神奈川,95,1,2,3.92,両,96.96,13.7,24,24.1,0,11,10,3,0,4,0,4,3,0,22,3,2,3-7-6,3,3,0,三分戦,齋藤君。
073420261001,2026100134,7,1,1,0,015661,東矢圭吾,トウヤケイゴ,27,熊本,121,1,1,3.92,逃,104.05,11.7,23.5,47,6,1,3,1,1,2,0,2,2,4,9,1,1,1-4,2,1,0,三分戦,自力。
073420261001,2026100134,7,2,2,0,015615,荒川仁,アラカワヒトシ,28,千葉,121,1,2,3.92,逃,95.54,0,12.5,33.3,0,4,3,1,0,0,2,0,3,5,16,3,1,2-6,2,2,0,三分戦,自力。
073420261001,2026100134,7,3,3,0,014553,久米良,クメリヨウ,38,徳島,96,1,1,3.92,追,106.3,15,25,40,3,0,0,0,4,0,1,3,2,3,12,2,2,5-3-7,3,5,0,三分戦,室井君。
073420261001,2026100134,7,4,4,0,013368,牧剛央,マキタケヒサ,52,大分,80,1,2,3.92,追,98.94,5.2,10.5,26.3,8,0,0,0,1,0,1,1,1,3,14,1,2,1-4,2,1,0,三分戦,東矢君。
073420261001,2026100134,7,5,5,0,015645,室井蓮太朗,ムロイレンタロウ,25,徳島,121,1,2,3.92,両,110,21.4,28.4,28.5,1,2,2,0,1,2,1,3,1,0,10,2,1,5-3-7,3,5,0,三分戦,自力。
073420261001,2026100134,7,6,6,0,013537,谷津田将吾,ヤツダシヨウゴ,46,福島,83,1,2,3.92,追,94.64,0,0,20,1,0,0,0,0,0,0,0,0,5,20,3,2,2-6,2,2,0,三分戦,荒川君。
073420261001,2026100134,7,7,6,0,013966,大崎飛雄馬,オオサキヒユウマ,48,愛媛,88,1,2,3.92,追,98.73,0,19.2,38.4,8,0,0,0,3,0,2,0,5,5,16,2,3,5-3-7,3,5,0,三分戦,徳島勢へ。
083420261001,2026100134,8,1,1,0,014081,田中晴基,タナカハルキ,40,千葉,90,1,2,3.92,追,102.96,3.4,24,44.8,10,0,0,0,4,0,3,1,6,6,16,1,2,7-1,2,7,0,三分戦,新村君。
083420261001,2026100134,8,2,2,0,015716,尾方祐仁,オガタユウジ,22,岐阜,123,1,2,3.92,逃,101.16,12,20,40,0,9,8,2,0,3,0,3,2,5,15,2,1,2-4,2,2,0,三分戦,自力。
083420261001,2026100134,8,3,3,0,015687,立花昌也,タチバナショウヤ,27,青森,123,1,2,3.92,逃,98.78,21.7,26,34.7,0,13,8,2,1,3,0,5,1,2,15,4,1,3-5,2,3,0,三分戦,自力。
083420261001,2026100134,8,4,4,0,014175,柴崎俊光,シバサキトシミツ,41,三重,91,1,2,3.92,追,101.07,15.2,23,34.6,3,0,0,0,5,0,1,4,2,3,17,2,2,2-4,2,2,0,三分戦,尾方君。
083420261001,2026100134,8,5,5,0,014645,三浦翔大,ミウラシヨウタ,36,宮城,98,1,2,3.92,追,96.76,3.8,7.6,19.2,1,0,0,0,1,1,0,1,1,3,21,4,2,3-5,2,3,0,三分戦,立花君。
083420261001,2026100134,8,6,6,0,013741,高原仁志,タカハラヒトシ,46,徳島,85,1,2,3.92,追,96.47,5.5,5.5,16.6,1,0,0,0,1,0,0,1,0,2,15,3,1,6,1,6,1,三分戦,決めず。
083420261001,2026100134,8,7,6,0,015528,新村穣,シンムラミノリ,32,神奈川,119,1,2,3.93,逃,103,26.3,31.5,47.3,1,4,3,1,3,2,0,5,1,3,10,1,1,7-1,2,7,0,三分戦,自力。
093420261001,2026100134,9,1,1,0,015647,真鍋智寛,マナベトモヒロ,27,愛媛,121,1,1,3.92,逃,103.63,16.6,25,41.6,1,1,1,0,0,3,0,2,1,2,7,1,1,1-5,2,1,0,三分戦,自力。
093420261001,2026100134,9,2,2,0,015430,岡田亮太,オカダリョウタ,25,東京,117,1,2,3.92,逃,95.68,15.7,15.7,31.5,1,11,10,1,1,1,0,3,0,3,13,2,1,2-6,2,2,0,三分戦,自力。
093420261001,2026100134,9,3,3,0,014043,中園和剛,ナカゾノカズヨシ,44,福岡,89,1,2,3.92,追,95.96,3.8,3.8,19.2,7,0,0,0,1,0,0,1,0,4,21,3,3,7-4-3,3,7,0,三分戦,福岡３番手。
093420261001,2026100134,9,4,4,0,014955,市橋司優人,イチハシシュウト,34,福岡,103,1,2,3.85,両,102.18,27.2,36.3,40.9,2,0,3,1,0,7,0,6,2,1,13,3,2,7-4-3,3,7,0,三分戦,林君。
093420261001,2026100134,9,5,5,0,014322,片岡迪之,カタオカユウシ,39,岡山,93,1,1,3.92,両,105.74,10.7,21.4,46.4,5,0,0,0,4,0,2,3,3,7,15,1,2,1-5,2,1,0,三分戦,真鍋君。
093420261001,2026100134,9,6,6,0,015612,小榑佑弥,コグレユウヤ,27,群馬,121,1,2,3.92,逃,93.9,0,4.3,8.6,2,4,0,0,0,0,1,0,1,1,21,2,2,2-6,2,2,0,三分戦,岡田君。
093420261001,2026100134,9,7,6,0,015129,林大悟,ハヤシダイゴ,31,福岡,109,1,1,3.92,逃,105,11.5,23,38.4,2,6,8,2,0,4,0,3,3,4,16,3,1,7-4-3,3,7,0,三分戦,自力。
103420261001,2026100134,10,1,1,0,015598,大川剛,オオカワタケシ,27,青森,121,1,1,3.92,逃,105.25,16.6,33.3,50,9,13,12,7,0,1,0,4,4,4,12,1,1,1-7,2,1,0,三分戦,自力。
103420261001,2026100134,10,2,2,0,013498,西田雅志,ニシダマサシ,48,広島,82,1,2,3.92,追,99.04,8.6,13,34.7,0,0,0,0,3,0,0,2,1,5,15,2,2,5-2,2,5,0,三分戦,黒瀬君。
103420261001,2026100134,10,3,3,0,014450,金子哲大,カネコテツヒロ,37,埼玉,95,1,2,3.92,両,98.13,8.6,21.7,34.7,5,6,3,1,4,0,0,2,3,3,15,4,2,6-3,2,6,0,三分戦,幸田君。
103420261001,2026100134,10,4,4,0,013726,川村晃司,カワムラコウジ,50,京都,85,1,2,3.92,両,99.33,16,20,32,4,1,3,1,1,3,0,4,1,3,17,3,1,4,1,4,1,三分戦,一人でやる。
103420261001,2026100134,10,5,5,0,015730,黒瀬浩太郎,クロセコウタロウ,26,広島,123,1,2,3.92,逃,100.61,11.1,38.8,38.8,6,7,8,2,0,5,0,2,5,0,11,2,1,5-2,2,5,0,三分戦,自力。
103420261001,2026100134,10,6,6,0,015340,幸田望夢,コウダノゾム,26,栃木,115,1,2,3.92,逃,96.52,8.6,17.2,26,5,8,5,2,1,1,0,2,2,2,17,4,1,6-3,2,6,0,三分戦,自力。
103420261001,2026100134,10,7,6,0,013628,石毛克幸,イシゲカツユキ,49,千葉,84,1,1,3.92,追,104.9,9.5,33.3,42.8,1,0,0,0,4,0,3,2,5,2,12,1,2,1-7,2,1,0,三分戦,大川君。
113420261001,2026100134,11,1,1,0,014606,稲毛健太,イナケケンタ,37,和歌山,97,1,2,3.92,逃,99.62,0,18.7,43.7,3,2,4,1,1,1,0,0,3,4,9,1,1,1-4-6,3,1,0,三分戦,自力。
113420261001,2026100134,11,2,2,0,013920,山崎芳仁,ヤマザキヨシヒト,47,福島,88,1,1,3.92,追,106,9,22.7,31.8,4,0,0,0,2,0,3,2,3,2,15,2,2,7-2,2,7,0,三分戦,小原君。
113420261001,2026100134,11,3,3,0,015276,佐伯亮輔,サエキリョウスケ,32,岡山,113,1,2,3.92,逃,98,63.6,68.1,77.2,2,6,9,5,1,9,0,14,1,2,5,3,1,3-5,2,3,0,三分戦,自力。
113420261001,2026100134,11,4,4,0,014833,高久保雄介,タカクボユウスケ,39,京都,100,1,2,3.92,両,103.6,26,30.4,47.8,5,2,3,0,6,1,0,6,1,4,12,1,2,1-4-6,3,1,0,三分戦,稲毛君。
113420261001,2026100134,11,5,5,0,014259,戸田洋平,トダヨウヘイ,43,岡山,92,1,2,3.92,追,100.82,16.6,22.2,33.3,2,0,0,0,3,0,1,3,1,2,12,3,2,3-5,2,3,0,三分戦,佐伯君。
113420261001,2026100134,11,6,6,0,014026,高橋成英,タカハシナルヒデ,44,愛知,89,1,2,3.92,両,91.6,0,0,0,0,0,0,0,0,0,0,0,0,0,25,1,3,1-4-6,3,1,0,三分戦,近畿勢へ。
113420261001,2026100134,11,7,6,0,015324,小原佑太,オバラユウタ,30,青森,115,1,1,3.92,逃,105.66,18,31.8,40.9,7,12,13,4,2,1,0,4,3,2,13,2,1,7-2,2,7,0,三分戦,自力。
123420261001,2026100134,12,1,1,0,012450,山口富生,ヤマグチトミオ,56,岐阜,68,1,1,3.93,追,107.27,18,31.8,36.3,1,0,0,0,6,0,1,4,3,1,14,2,1,1,1,1,1,二分戦,前々。
123420261001,2026100134,12,2,2,0,014462,小原太樹,オバラタイキ,38,神奈川,95,1,1,3.92,追,112.86,21.7,47.8,65.2,8,0,0,0,6,0,5,5,6,4,8,4,1,2,1,2,1,二分戦,単騎で。
123420261001,2026100134,12,3,3,0,015121,太田竜馬,オオタリュウマ,30,徳島,109,1,1,3.92,逃,107.61,15.2,38.4,38.4,6,3,5,1,2,2,0,2,3,0,8,1,1,3-7,2,3,0,二分戦,自力。
123420261001,2026100134,12,4,4,0,015243,小林泰正,コバヤシタイセイ,32,群馬,113,1,1,3.92,逃,112.72,0,45.4,54.5,0,0,0,0,1,2,2,0,5,1,5,5,1,4-5,2,4,0,二分戦,自力。
123420261001,2026100134,12,5,5,0,014505,雨谷一樹,アマガイカズキ,36,栃木,96,1,1,3.92,両,110,30.7,46.1,57.6,10,1,0,0,8,2,2,8,4,3,11,5,2,4-5,2,4,0,二分戦,小林君。
123420261001,2026100134,12,6,6,0,014029,上田国広,ウエダクニヒロ,43,三重,89,1,1,3.92,追,106.3,15,25,45,2,0,0,0,4,0,1,3,2,4,11,3,1,6,1,6,1,二分戦,自分で。
123420261001,2026100134,12,7,6,0,014117,小岩大介,コイワダイスケ,42,大分,90,1,1,3.92,追,109.4,13,26,43.4,0,0,0,0,4,0,2,3,3,4,13,1,2,3-7,2,3,0,二分戦,太田君。
014720261001,2026100147,1,1,1,0,015826,久田朔,ヒサダハジメ,23,大阪,125,1,2,3.92,逃,106,39.1,69.5,69.5,4,8,13,7,0,9,0,9,7,0,7,1,1,1-5-8,3,1,0,三分戦,自力。
014720261001,2026100147,1,2,2,0,015199,田尾駿介,タオシュンスケ,34,高知,111,1,1,3.92,追,106.63,15.7,26.3,31.5,2,0,0,0,5,0,0,3,2,1,13,2,2,7-2-4,3,7,0,三分戦,島川君。
014720261001,2026100147,1,3,3,0,014576,中田雄喜,ナカダユウキ,39,福島,97,1,2,3.92,追,99.3,4.3,13,26,5,0,0,0,1,0,2,1,2,3,17,3,2,9-3-6,3,9,0,三分戦,斉藤君。
014720261001,2026100147,1,4,4,0,015733,都築巧,ツヅキタクミ,26,高知,123,1,2,3.92,両,98.1,9.5,28.4,33.3,5,0,0,0,4,0,2,2,4,1,14,2,3,7-2-4,3,7,0,三分戦,四国３番手。
014720261001,2026100147,1,5,4,0,014398,藤田勝也,フジタマサヤ,38,和歌山,94,1,1,3.92,追,105.26,18.7,43.7,56.2,0,0,0,0,5,0,2,3,4,2,7,1,2,1-5-8,3,1,0,三分戦,久田君。
014720261001,2026100147,1,6,5,0,014137,房州輝也,ボウシユウテルヤ,40,福島,91,1,2,3.93,両,94.51,0,3.2,16.1,1,0,0,0,1,0,0,0,1,4,26,3,3,9-3-6,3,9,0,三分戦,北の３番手。
014720261001,2026100147,1,7,5,0,015122,島川将貴,シマカワマサキ,31,徳島,109,1,1,3.92,逃,104,22.7,27.2,40.9,8,2,6,0,4,1,1,5,1,3,13,2,1,7-2-4,3,7,0,三分戦,自力自在。
014720261001,2026100147,1,8,6,0,014249,鷲田幸司,ワシダコウジ,40,福井,92,1,2,3.92,追,96.46,3.5,10.7,28.5,1,0,0,0,1,0,2,1,2,5,20,1,3,1-5-8,3,1,0,三分戦,近畿３番手。
014720261001,2026100147,1,9,6,0,015690,斉藤樂,サイトウガク,24,宮城,123,1,2,3.92,逃,102.2,18.7,43.7,56.2,3,3,2,1,4,0,2,3,4,2,7,3,1,9-3-6,3,9,0,三分戦,総力戦で。
024720261001,2026100147,2,1,1,0,014809,恩田淳平,オンダジュンペイ,36,群馬,100,1,1,3.92,追,107.85,15,25,35,5,0,0,0,3,1,1,3,2,2,13,2,2,5-1-7,3,5,0,三分戦,安倍君。
024720261001,2026100147,2,2,2,0,015476,緒方将樹,オガタマサキ,27,熊本,117,1,1,3.92,逃,106.64,32.1,42.8,53.5,9,0,2,0,3,7,2,9,3,3,13,1,1,2-9-4,3,2,0,三分戦,自力。
024720261001,2026100147,2,3,3,0,014018,内藤秀久,ナイトウヒデヒサ,44,神奈川,89,1,1,3.92,追,104.46,3.8,30.7,42.3,2,0,0,0,4,0,4,1,7,3,15,3,2,8-3-6,3,8,0,三分戦,鈴木君。
024720261001,2026100147,2,4,4,0,015067,瀬戸晋作,セトシンサク,33,長崎,107,1,2,3.92,両,98.85,14.2,28.4,47.6,2,0,0,0,4,0,2,3,3,4,11,1,3,2-9-4,3,2,0,三分戦,九州３番手。
024720261001,2026100147,2,5,4,0,015609,安倍大成,アンバイタイセイ,27,埼玉,121,1,2,3.92,逃,102.5,14.2,42.8,57.1,8,13,14,5,0,5,2,4,8,4,12,2,1,5-1-7,3,5,0,三分戦,自力。
024720261001,2026100147,2,6,5,0,013230,開坂秀明,カイサカヒデアキ,51,青森,79,1,2,3.92,追,97.32,4,24,36,0,0,0,0,4,0,2,1,5,3,16,3,3,8-3-6,3,8,0,三分戦,南関勢へ。
024720261001,2026100147,2,7,5,0,015342,福田滉,フクダヒロシ,27,栃木,115,1,2,3.92,追,98.87,5.8,5.8,41.1,3,0,0,0,1,0,0,1,0,6,10,2,3,5-1-7,3,5,0,三分戦,関東３番手。
024720261001,2026100147,2,8,6,0,015525,鈴木浩太,スズキコウタ,29,千葉,119,1,2,3.92,逃,98.64,17.5,41,52.9,7,12,13,6,0,1,0,3,4,2,8,3,1,8-3-6,3,8,0,三分戦,自力。
024720261001,2026100147,2,9,6,0,014122,松岡貴久,マツオカタカヒサ,42,熊本,90,1,1,3.92,追,102.64,0,28,40,0,0,0,0,3,0,4,0,7,3,15,1,2,2-9-4,3,2,0,三分戦,緒方君。
034720261001,2026100147,3,1,1,0,012339,内藤宣彦,ナイトウノブヒコ,55,秋田,67,1,1,3.92,追,106,4.7,23.7,28.5,0,0,0,0,2,0,3,1,4,1,15,2,2,7-1-8,3,7,0,四分戦,板垣君。
034720261001,2026100147,3,2,2,0,015717,児玉虎之介,コダマトラノスケ,25,岐阜,123,1,2,3.92,逃,99.66,6.2,31.2,50,6,9,8,3,0,2,0,1,4,3,8,1,1,2-4,2,2,0,四分戦,自力。
034720261001,2026100147,3,3,3,0,015014,西田将士,ニシダマサシ,42,長崎,105,1,2,3.93,追,102.54,7.6,15.2,23,3,0,0,0,1,0,1,1,1,1,10,3,2,9-3,2,9,0,四分戦,原口君。
034720261001,2026100147,3,4,4,0,015002,神田龍,カンダリョウ,37,三重,105,1,2,3.92,逃,97.55,5.2,10.5,21,3,4,3,1,0,1,0,1,1,2,15,1,2,2-4,2,2,0,四分戦,児玉君。
034720261001,2026100147,3,5,4,0,014105,阿竹智史,アタケサトシ,44,徳島,90,1,1,3.92,両,102.33,0,0,28.5,2,0,0,0,0,0,0,0,0,2,5,4,2,6-5,2,6,0,四分戦,今村君。
034720261001,2026100147,3,6,5,0,015198,今村麟太郎,イマムラリンタロウ,30,高知,111,1,2,3.92,両,97.15,5,15,30,2,2,1,1,1,1,0,1,2,3,14,4,1,6-5,2,6,0,四分戦,自力。
034720261001,2026100147,3,7,5,0,015329,板垣昴,イタガキスバル,34,北海道,115,1,2,3.92,逃,100.35,19,28.4,38,0,5,4,1,2,3,0,4,2,2,13,2,1,7-1-8,3,7,0,四分戦,自力。
034720261001,2026100147,3,8,6,0,014712,泉慶輔,イズミケイスケ,36,宮城,99,1,2,3.92,追,97.5,3.8,23,30.7,9,0,0,0,3,0,3,1,5,2,18,2,3,7-1-8,3,7,0,四分戦,北の３番手。
034720261001,2026100147,3,9,6,0,015066,原口昌平,ハラグチショウヘイ,33,福岡,107,1,2,3.93,両,105,36.3,40.9,77.2,3,4,6,2,3,4,0,8,1,8,5,3,1,9-3,2,9,0,四分戦,自力。
044720261001,2026100147,4,1,1,0,015624,小西晴己,コニシハルキ,24,三重,121,1,2,3.92,両,103.38,14.2,42.8,66.6,6,4,5,2,2,2,3,3,6,5,7,1,1,1-9-6,3,1,0,三分戦,自力。
044720261001,2026100147,4,2,2,0,013978,菊地圭尚,キクチケイシヨウ,46,北海道,89,1,2,3.92,追,104.15,30,40,40,1,0,0,0,6,0,2,6,2,0,12,2,2,5-2-8,3,5,0,三分戦,小松崎君。
044720261001,2026100147,4,3,3,0,015638,昼田達哉,ヒルタタツヤ,27,岡山,121,1,2,3.92,逃,102.8,12,44,56,0,7,9,3,1,6,1,3,8,3,11,3,1,3-7-4,3,3,0,三分戦,自力。
044720261001,2026100147,4,4,4,0,015195,久保田泰弘,クボタヤスヒロ,31,山口,111,1,2,3.92,追,99.35,11.1,16.6,50,1,0,0,0,3,0,0,2,1,6,9,3,3,3-7-4,3,3,0,三分戦,大川さん。
044720261001,2026100147,4,5,4,0,014718,小松崎大地,コマツザキタイチ,44,福島,99,1,1,3.92,両,106.79,8,20,40,7,3,4,0,3,1,1,2,3,5,15,2,1,5-2-8,3,5,0,三分戦,自力自在。
044720261001,2026100147,4,6,5,0,013335,坂上樹大,サカガミタツヒロ,48,石川,80,1,2,3.92,追,95.66,8.3,16.6,33.3,0,0,0,0,2,0,2,2,2,4,16,1,3,1-9-6,3,1,0,三分戦,地元勢へ。
044720261001,2026100147,4,7,5,0,014182,大川龍二,オオカワリユウジ,42,広島,91,1,1,3.92,両,106.13,9,22.7,36.3,1,0,0,0,4,0,1,2,3,3,14,3,2,3-7-4,3,3,0,三分戦,昼田君。
044720261001,2026100147,4,8,6,0,014350,佐藤雅春,サトウマサハル,39,宮城,94,1,2,3.92,追,97.08,8,8,20,1,0,0,0,2,0,0,2,0,3,20,2,3,5-2-8,3,5,0,三分戦,北の３番手。
044720261001,2026100147,4,9,6,0,014537,西村光太,ニシムラコウタ,40,三重,96,1,1,3.92,追,103.77,22.7,27.2,54.5,2,0,0,0,4,1,1,5,1,6,10,1,2,1-9-6,3,1,0,三分戦,小西君。
054720261001,2026100147,5,1,1,0,015006,石塚輪太郎,イシヅカリンタロウ,32,和歌山,105,1,2,3.92,逃,106.95,27.2,45.4,59,2,7,8,3,5,2,0,6,4,3,9,1,1,1-5-3,3,1,0,三分戦,自力。
054720261001,2026100147,5,2,2,0,014995,渡邉雄太,ワタナベユウタ,31,静岡,105,1,2,3.93,両,105.21,31.5,42.1,63.1,0,0,1,0,6,1,1,6,2,4,7,3,2,9-2-7,3,9,0,三分戦,野口さん。
054720261001,2026100147,5,3,3,0,015269,佐山寛明,サヤマヒロアキ,39,奈良,113,1,2,3.92,逃,99.13,20.8,29,41.6,1,1,1,0,4,2,1,5,2,3,14,1,3,1-5-3,3,1,0,三分戦,近畿３番手。
054720261001,2026100147,5,4,4,0,014221,古川尚耶,フルカワナオヤ,41,栃木,92,1,2,3.92,追,96.64,7.1,17.8,39.2,2,0,0,0,3,0,2,2,3,6,17,2,2,6-4,2,6,0,三分戦,中島君。
054720261001,2026100147,5,5,4,0,014545,岡崎智哉,オカザキトモヤ,41,大阪,96,1,1,3.92,両,106.72,13,30.4,43.4,4,0,0,0,5,2,0,3,4,3,13,1,2,1-5-3,3,1,0,三分戦,石塚君。
054720261001,2026100147,5,6,5,0,015802,中島竜誠,ナカジマリュウセイ,26,山梨,125,1,2,3.92,逃,91.14,0,0,0,0,2,2,0,0,0,0,0,0,0,7,2,1,6-4,2,6,0,三分戦,自力。
054720261001,2026100147,5,7,5,0,014017,大塚玲,オオツカアキラ,45,神奈川,89,1,2,3.93,追,99,4,24,40,1,0,0,0,3,0,3,1,5,4,15,3,3,9-2-7,3,9,0,三分戦,南関３番手。
054720261001,2026100147,5,8,6,0,014208,安部貴之,アベタカユキ,43,宮城,92,1,2,3.92,追,94.3,0,8.6,17.3,1,0,0,0,2,0,0,0,2,2,19,4,1,8,1,8,1,三分戦,単騎でやる。
054720261001,2026100147,5,9,6,0,015169,野口裕史,ノグチヒロシ,43,千葉,111,1,2,3.93,逃,101.24,33.3,48.4,51.5,0,22,21,15,0,1,0,11,5,1,16,3,1,9-2-7,3,9,0,三分戦,自力。
064720261001,2026100147,6,1,1,0,015441,鈴木陸来,スズキリック,29,静岡,117,1,2,3.92,逃,102.15,10,25,45,12,6,4,0,0,3,2,2,3,4,11,1,1,1-7-4,3,1,0,三分戦,自力。
064720261001,2026100147,6,2,2,0,014599,松岡篤哉,マツオカアツヤ,44,岐阜,97,1,2,3.92,両,100.18,18,27.2,36.3,0,5,5,3,0,3,0,4,2,2,14,2,2,6-2,2,6,0,三分戦,伊東君。
064720261001,2026100147,6,3,3,0,015378,今野有樹,コンノユウキ,29,愛媛,115,1,2,3.92,追,100.72,0,31.5,42.1,6,0,0,0,5,0,1,0,6,2,11,3,3,5-9-3,3,5,0,三分戦,中四国３番手。
064720261001,2026100147,6,4,4,0,015046,山本紳貴,ヤマモトシンキ,41,千葉,107,1,2,3.92,追,97.6,8,16,28,1,0,0,0,2,0,2,2,2,3,18,1,3,1-7-4,3,1,0,三分戦,南関３番手。
064720261001,2026100147,6,5,4,0,015832,角宗哉,カドヒロヤ,26,山口,125,1,2,3.93,逃,105.76,35.1,52.9,58.8,3,15,14,8,0,1,0,6,3,1,7,3,1,5-9-3,3,5,0,三分戦,自力。
064720261001,2026100147,6,6,5,0,015816,伊東佑晟,イトウユウセイ,24,三重,125,1,2,3.92,逃,93,4.1,4.1,12.5,2,7,4,0,1,0,0,1,0,2,21,2,1,6-2,2,6,0,三分戦,自力。
064720261001,2026100147,6,7,5,0,014523,東龍之介,ヒガシリユウノスケ,36,神奈川,96,1,2,3.92,追,105.63,40.9,50,63.6,1,0,0,0,10,1,0,9,2,3,8,1,2,1-7-4,3,1,0,三分戦,鈴木君。
064720261001,2026100147,6,8,6,0,014096,伊藤成紀,イトウセイキ,44,大阪,90,1,2,3.93,両,97.25,18.7,31.2,43.7,1,1,1,0,2,2,1,3,2,2,9,4,1,8,1,8,1,三分戦,自分でやる。
064720261001,2026100147,6,9,6,0,013963,柏野智典,カシノトモノリ,48,岡山,88,1,1,3.92,追,108.58,19.2,30.7,46.1,1,0,0,0,6,0,2,5,3,4,14,3,2,5-9-3,3,5,0,三分戦,角君。
074720261001,2026100147,7,1,1,0,013737,筒井敦史,ツツイアツシ,50,岡山,85,1,2,3.92,追,104.92,26.9,42.3,57.6,4,0,0,0,8,0,3,7,4,4,11,1,2,4-1-9,3,4,0,三分戦,小川君。
074720261001,2026100147,7,2,2,0,015822,谷内健太,ヤチケンタ,26,京都,125,1,2,3.92,逃,107.05,10,40,65,4,16,15,5,0,3,0,2,6,5,7,2,1,2-5-6,3,2,0,三分戦,自力。
074720261001,2026100147,7,3,3,0,014441,芦澤辰弘,アシザワタツヒロ,38,茨城,95,1,1,3.92,追,104.85,9.5,28.4,52.3,7,0,0,0,4,0,2,2,4,5,10,3,2,7-3-8,3,7,0,三分戦,朝倉君。
074720261001,2026100147,7,4,4,0,015643,小川将二郎,オガワショウジロウ,24,徳島,121,1,2,3.92,逃,97.85,0,18,27.2,1,3,2,2,0,2,0,0,4,2,16,1,1,4-1-9,3,4,0,三分戦,自力自在。
074720261001,2026100147,7,5,4,0,015179,皿屋豊,サラヤユタカ,43,三重,111,1,1,3.92,両,104.13,13.6,31.8,36.3,1,5,3,0,3,3,1,3,4,1,14,2,2,2-5-6,3,2,0,三分戦,谷内君。
074720261001,2026100147,7,6,5,0,014978,谷口明正,タニグチアキマサ,42,三重,103,1,2,3.92,両,94.25,0,14.2,14.2,1,1,1,0,3,0,0,0,3,0,18,2,3,2-5-6,3,2,0,三分戦,皿屋さん。
074720261001,2026100147,7,7,5,0,015334,朝倉智仁,アサクラトモヒト,27,茨城,115,1,2,3.92,逃,102.54,27.2,31.8,59,5,7,5,2,2,3,0,6,1,6,9,3,1,7-3-8,3,7,0,三分戦,自力。
074720261001,2026100147,7,8,6,0,013622,白岩大助,シライワダイスケ,47,埼玉,84,1,2,3.92,追,94.83,0,4.1,25,10,0,0,0,1,0,0,0,1,5,18,3,3,7-3-8,3,7,0,三分戦,関東３番手。
074720261001,2026100147,7,9,6,0,014613,黒田淳,クロダジユン,41,岡山,97,1,2,3.92,追,98.72,4,20,44,1,0,0,0,2,1,2,1,4,6,14,1,3,4-1-9,3,4,0,三分戦,中四国３番手。
084720261001,2026100147,8,1,1,0,015383,原井博斗,ハライヒロト,30,福岡,115,1,1,3.92,追,108.58,11.1,38.8,50,5,0,0,0,3,0,4,2,5,2,9,1,2,9-1,2,9,0,四分戦,北津留さん。
084720261001,2026100147,8,2,2,0,014942,清水剛志,シミズツヨシ,35,福井,103,1,2,3.92,両,103.04,16,44,52,12,0,0,0,8,0,3,4,7,2,12,2,2,5-2,2,5,0,四分戦,窓場君。
084720261001,2026100147,8,3,3,0,013772,岡村潤,オカムラジユン,44,静岡,86,1,1,3.92,追,107.19,23,46.1,50,8,0,0,0,8,0,4,6,6,1,13,3,2,7-3-4,3,7,0,四分戦,丸山君。
084720261001,2026100147,8,4,4,0,013410,伊勢崎彰大,イセザキアキヒロ,47,千葉,81,1,2,3.92,追,99.9,9.5,28.4,42.8,0,0,0,0,3,0,3,2,4,3,12,3,3,7-3-4,3,7,0,四分戦,静岡勢。
084720261001,2026100147,8,5,4,0,014835,窓場千加頼,マドバチカヨリ,35,京都,100,1,2,3.92,両,101.53,26.6,33.3,33.3,2,1,1,0,3,1,1,4,1,0,10,2,1,5-2,2,5,0,四分戦,自力自在。
084720261001,2026100147,8,6,5,0,013762,吉田勇人,ヨシダハヤト,47,埼玉,86,1,2,3.92,追,95,0,0,32.1,10,0,0,0,0,0,0,0,0,9,19,4,2,8-6,2,8,0,四分戦,鈴木君。
084720261001,2026100147,8,7,5,0,015896,丸山留依,マルヤマルイ,20,静岡,127,1,2,3.92,逃,104.05,11.7,35.1,58.8,6,10,9,5,0,1,0,2,4,4,7,3,1,7-3-4,3,7,0,四分戦,自力。
084720261001,2026100147,8,8,6,0,014053,鈴木謙太郎,スズキケンタロウ,41,茨城,90,1,2,3.92,両,95.24,0,10.2,17.2,3,8,5,0,1,1,1,0,3,2,24,4,1,8-6,2,8,0,四分戦,自力。
084720261001,2026100147,8,9,6,0,014113,北津留翼,キタツルツバサ,41,福岡,90,1,1,3.93,逃,109,16.6,33.3,38.8,2,4,3,1,0,5,0,3,3,1,11,1,1,9-1,2,9,0,四分戦,自力。
094720261001,2026100147,9,1,1,0,014940,谷口遼平,タニグチリョウヘイ,32,三重,103,1,1,3.92,逃,109.17,17.2,34.6,43.4,3,1,3,0,1,6,1,4,4,2,13,1,2,7-1-5,3,7,0,三分戦,村田君。
094720261001,2026100147,9,2,2,0,013443,大坪功一,オオツボコウイチ,49,福岡,81,1,2,3.92,追,98.31,5,15,30,1,0,0,0,2,0,1,1,2,3,14,2,2,4-2-8,3,4,0,三分戦,小笠原君。
094720261001,2026100147,9,3,3,0,015347,武田亮,タケダリョウ,27,東京,115,1,2,3.92,逃,101.56,17.2,34.6,47.8,4,6,7,2,0,5,1,4,4,3,12,3,1,3-9-6,3,3,0,三分戦,自力。
094720261001,2026100147,9,4,4,0,015416,小笠原光,オガサワラヒカル,30,熊本,117,1,2,3.92,両,97.4,18,22.7,36.3,3,2,0,0,1,3,1,4,1,3,14,2,1,4-2-8,3,4,0,三分戦,自力自在。
094720261001,2026100147,9,5,4,0,012669,伊藤正樹,イトウマサキ,54,愛知,71,1,2,3.54,追,99.88,0,22.2,33.3,1,0,0,0,1,0,1,0,2,1,6,1,3,7-1-5,3,7,0,三分戦,中部３番手。
094720261001,2026100147,9,6,5,0,014286,関貴之,セキタカユキ,43,茨城,93,1,2,3.92,追,95.34,7.6,11.5,23,0,0,0,0,2,1,0,2,1,3,20,3,3,3-9-6,3,3,0,三分戦,関東３番手。
094720261001,2026100147,9,7,5,0,015628,村田祐樹,ムラタユウキ,28,富山,121,1,1,3.93,逃,100.52,0,16,16,3,9,9,2,0,2,0,0,4,0,21,1,1,7-1-5,3,7,0,三分戦,自力。
094720261001,2026100147,9,8,6,0,014264,松尾信太郎,マツオシンタロウ,43,福岡,92,1,2,3.85,追,95.62,0,18.7,34.3,0,0,0,0,1,1,4,0,6,5,21,2,3,4-2-8,3,4,0,三分戦,九州３番手。
094720261001,2026100147,9,9,6,0,014588,柿澤大貴,カキザワダイキ,37,長野,97,1,2,3.92,追,102.22,7.3,22.2,33.3,5,0,0,0,2,2,2,2,4,3,18,3,2,3-9-6,3,3,0,三分戦,武田君。
104720261001,2026100147,10,1,1,0,013637,笠松信幸,カサマツノブユキ,47,愛知,84,1,1,3.92,追,105.84,4,24,52,6,0,0,0,3,0,3,1,5,7,12,1,2,9-1-8,3,9,0,三分戦,纐纈君。
104720261001,2026100147,10,2,2,0,015261,松井宏佑,マツイコウユウ,34,神奈川,113,1,1,3.92,逃,107.84,15.2,26.9,46.1,2,11,13,2,0,4,1,4,3,5,14,2,1,2-7-5,3,2,0,三分戦,自力。
104720261001,2026100147,10,3,3,0,015608,山口多聞,ヤマグチタモン,24,埼玉,121,1,1,3.92,逃,99.87,12.5,16.6,16.6,1,15,14,2,0,2,0,3,1,0,20,3,1,3-4-6,3,3,0,三分戦,自力。
104720261001,2026100147,10,4,4,0,014370,阿部大樹,アベダイキ,37,埼玉,94,1,2,3.92,両,98.47,10,20,35,3,0,1,0,3,1,0,2,2,3,13,3,2,3-4-6,3,3,0,三分戦,山口君。
104720261001,2026100147,10,5,4,0,013328,萩原孝之,ハギワラタカユキ,49,静岡,80,1,2,3.92,追,101.42,10,20,30,1,0,0,0,3,0,1,2,2,2,14,2,3,2-7-5,3,2,0,三分戦,神奈川勢。
104720261001,2026100147,10,6,5,0,013245,佐藤真一,サトウシンイチ,52,東京,79,1,2,3.92,追,94.77,0,0,22.2,0,0,0,0,0,0,0,0,0,2,7,3,3,3-4-6,3,3,0,三分戦,埼玉勢。
104720261001,2026100147,10,7,5,0,015439,佐々木眞也,ササキシンヤ,32,神奈川,117,1,1,3.92,両,110.62,22.2,44.4,50,5,0,0,0,7,0,1,4,4,1,9,2,2,2-7-5,3,2,0,三分戦,松井さん。
104720261001,2026100147,10,8,6,0,014108,山中貴雄,ヤマナカタカオ,43,高知,90,1,2,3.92,追,98.07,0,17.8,25,2,0,0,0,0,1,4,0,5,2,21,1,3,9-1-8,3,9,0,三分戦,愛知勢。
104720261001,2026100147,10,9,6,0,015620,纐纈洸翔,コウケツヒロト,24,愛知,121,1,1,3.92,両,103.61,0,14.2,28.5,0,3,5,1,0,2,0,0,3,3,15,1,1,9-1-8,3,9,0,三分戦,自力自在。
114720261001,2026100147,11,1,1,0,013982,五日市誠,イツカイチマコト,42,青森,89,1,1,3.92,追,107.21,8.6,26,47.8,6,0,0,0,3,0,3,2,4,5,12,1,2,9-1-7,3,9,0,三分戦,山崎君。
114720261001,2026100147,11,2,2,0,014691,東矢昇太,トウヤシヨウタ,40,熊本,98,1,2,3.92,追,101.25,11.1,33.3,44.4,5,0,0,0,4,1,4,3,6,3,15,3,2,5-2-4,3,5,0,三分戦,松本君。
114720261001,2026100147,11,3,3,0,014944,栗山俊介,クリヤマシュンスケ,38,奈良,103,1,2,3.92,両,100.11,15.2,30.7,38.4,7,0,0,0,5,0,3,4,4,2,16,2,2,6-3-8,3,6,0,三分戦,張野君。
114720261001,2026100147,11,4,4,0,014617,西岡拓朗,ニシオカタクロウ,42,広島,97,1,2,3.92,追,98.68,0,8,40,2,0,0,0,0,0,2,0,2,8,15,3,3,5-2-4,3,5,0,三分戦,九州勢へ。
114720261001,2026100147,11,5,4,0,015842,松本定,マツモトジョウ,30,福岡,125,1,2,3.93,逃,98.95,47.5,57,61.9,3,11,12,5,1,6,0,10,2,1,8,3,1,5-2-4,3,5,0,三分戦,自力。
114720261001,2026100147,11,6,5,0,015366,張野幸聖,ハリノコウセイ,26,和歌山,115,1,2,3.92,逃,95.65,13,17.2,21.7,0,5,4,0,2,2,0,3,1,1,18,2,1,6-3-8,3,6,0,三分戦,自力。
114720261001,2026100147,11,7,5,0,013604,庄子信弘,シヨウジノブヒロ,47,宮城,84,1,2,3.92,追,99.27,9,22.7,36.3,2,0,0,0,2,1,2,2,3,3,14,1,3,9-1-7,3,9,0,三分戦,東北３番手。
114720261001,2026100147,11,8,6,0,014839,山本巨樹,ヤマモトナオキ,35,大阪,100,1,2,3.92,追,97.78,4.1,25,33.3,1,0,0,0,4,0,2,1,5,2,16,2,3,6-3-8,3,6,0,三分戦,栗山さん。
114720261001,2026100147,11,9,6,0,015789,山崎歩夢,ヤマザキアユム,21,福島,125,1,2,3.92,逃,109.91,26,39.1,56.5,5,13,16,6,0,3,0,6,3,4,10,1,1,9-1-7,3,9,0,三分戦,自力。
124720261001,2026100147,12,1,1,0,014741,郡司浩平,グンジコウヘイ,36,神奈川,99,1,0,3.92,両,117,33.3,66.6,71.4,7,7,7,5,4,5,0,7,7,1,6,1,1,1-3,2,1,0,三分戦,自力。
124720261001,2026100147,12,2,2,0,015035,阿部拓真,アベタクマ,35,宮城,107,1,0,3.92,両,113.95,9,40.9,45.4,9,0,0,0,7,1,1,2,7,1,12,2,2,9-2-7,3,9,0,三分戦,新山君。
124720261001,2026100147,12,3,3,0,014089,浅井康太,アサイコウタ,42,三重,90,1,1,3.92,両,113.88,25.9,29.5,44.4,8,0,1,0,4,4,0,7,1,4,15,1,2,1-3,2,1,0,三分戦,郡司君。
124720261001,2026100147,12,4,4,0,014860,吉澤純平,ヨシザワジユンペイ,41,茨城,101,1,1,3.92,両,111.06,23.5,41,47,4,0,0,0,5,0,2,4,3,1,9,4,2,6-4,2,6,0,三分戦,杉浦君。
124720261001,2026100147,12,5,4,0,015125,佐々木豪,ササキゴウ,30,愛媛,109,1,1,3.92,逃,113.95,31.8,40.9,50,1,3,5,0,3,5,1,7,2,2,11,5,1,5,1,5,1,三分戦,単騎。
124720261001,2026100147,12,6,5,0,015356,杉浦侑吾,スギウラユウゴ,31,栃木,115,1,1,3.92,逃,110.88,23,50,65.3,0,9,8,5,0,7,1,6,7,4,9,4,1,6-4,2,6,0,三分戦,自力。
124720261001,2026100147,12,7,5,0,014794,阿部力也,アベリキヤ,38,宮城,100,1,1,3.92,追,112.75,20,45,75,1,0,0,0,5,0,4,4,5,6,5,2,3,9-2-7,3,9,0,三分戦,東北３番手。
124720261001,2026100147,12,8,6,0,015037,鈴木竜士,スズキリュウジ,32,東京,107,1,1,3.92,両,111.05,0,30,35,5,1,1,0,1,1,4,0,6,1,13,3,1,8,1,8,1,三分戦,自力自在。
124720261001,2026100147,12,9,6,0,015034,新山響平,シンザンキョウヘイ,32,青森,107,1,1,3.92,逃,115.21,16.6,41.6,50,1,11,11,5,0,4,1,4,6,2,12,2,1,9-2-7,3,9,0,三分戦,自力。
018320261001,2026100183,1,1,1,0,013505,住村実,スミムラミノル,50,徳島,82,2,3,3.92,追,68.08,4.3,26,34.7,0,0,0,0,3,0,3,1,5,2,15,1,2,4-1,2,4,0,二分戦,古川君。
018320261001,2026100183,1,2,2,0,015300,ラモスレオ,ラモスレオ,29,沖縄,113,2,3,3.93,逃,68.92,7.1,7.1,14.2,5,0,0,0,1,0,0,1,0,1,12,2,1,2,1,2,1,二分戦,単騎。
018320261001,2026100183,1,3,3,0,012208,鰐渕正利,ワニブチマサトシ,56,愛知,65,2,3,3.92,追,73.29,5.5,22.2,44.4,1,0,0,0,1,0,3,1,3,4,10,3,2,5-3-7,3,5,0,二分戦,花田君。
018320261001,2026100183,1,4,4,0,014780,古川大輔,フルカワダイスケ,42,広島,99,2,3,3.92,両,72.41,8.3,29,50,7,10,10,3,1,1,2,2,5,5,12,1,1,4-1,2,4,0,二分戦,自力。
018320261001,2026100183,1,5,5,0,015900,花田雄飛,ハナダユウヒ,25,愛知,127,2,3,3.92,逃,71.7,25,41.6,58.3,3,12,11,8,0,1,1,6,4,4,10,3,1,5-3-7,3,5,0,二分戦,自力。
018320261001,2026100183,1,6,6,0,015571,吉田悟,ヨシダサトル,32,熊本,119,2,3,3.92,逃,66.53,6.6,20,40,1,5,5,2,1,0,0,1,2,3,9,4,1,6,1,6,1,二分戦,単騎。
018320261001,2026100183,1,7,6,0,011622,杉山正和,スギヤママサカズ,59,三重,59,2,3,3.85,追,70.88,5.5,33.3,38.8,6,0,0,0,2,0,4,1,5,1,11,3,3,5-3-7,3,5,0,二分戦,鰐渕君。
028320261001,2026100183,2,1,1,0,014093,窪田陽介,クボタヨウスケ,41,滋賀,90,2,3,3.85,追,74.22,5.5,38.8,55.5,12,0,0,0,2,0,5,1,6,3,8,1,2,7-1-5-3,4,7,0,二分戦,西澤君。
028320261001,2026100183,2,2,2,0,015295,篠田樹,シノダタツキ,30,大分,113,2,3,3.92,逃,69.77,0,25.9,48.1,2,5,9,1,2,4,0,0,7,6,14,2,1,2-4,2,2,0,二分戦,自力。
028320261001,2026100183,2,3,3,0,014555,水木裕聡,ミズキヒロアキ,43,高知,96,2,3,3.92,追,67.44,5.5,16.6,33.3,1,1,0,0,1,0,2,1,2,3,12,1,4,7-1-5-3,4,7,0,二分戦,中近勢。
028320261001,2026100183,2,4,4,0,014275,喜納隆志,キナリユウジ,42,沖縄,92,2,3,3.92,追,69,0,15,25,3,0,0,0,0,0,3,0,3,2,15,2,2,2-4,2,2,0,二分戦,篠田君。
028320261001,2026100183,2,5,5,0,013796,陶器一馬,トウキカズマ,47,大阪,86,2,3,3.85,追,70.71,4.7,19,52.3,5,0,0,0,2,0,2,1,3,7,10,1,3,7-1-5-3,4,7,0,二分戦,窪田君。
028320261001,2026100183,2,6,6,0,012618,武智尚之,タケチナオユキ,55,愛媛,70,2,3,3.83,追,67.05,0,0,22.2,0,0,0,0,0,0,0,0,0,4,14,3,1,6,1,6,1,二分戦,先手ライン。
028320261001,2026100183,2,7,6,0,015993,西澤優聖,ニシザワマサト,24,岐阜,129,2,3,3.92,逃,77.91,45.8,62.5,79.1,3,6,9,4,0,11,0,11,4,4,5,1,1,7-1-5-3,4,7,0,二分戦,自力。
038320261001,2026100183,3,1,1,0,016008,久保田智之,クボタトモユキ,21,福岡,129,2,3,3.92,逃,77.33,36.8,52.6,63.1,3,12,13,9,0,1,0,7,3,2,7,1,1,1-4,2,1,0,三分戦,自力。
038320261001,2026100183,3,2,2,0,014765,樫村伸平,カシムラシンペイ,39,兵庫,99,2,3,3.92,追,70.3,14.2,14.2,21.4,0,0,0,0,2,0,0,2,0,1,11,2,3,7-5-2,3,7,0,三分戦,岡崎さん。
038320261001,2026100183,3,3,3,0,014407,森佑樹,モリユウキ,40,岡山,94,2,3,3.92,逃,67.95,8.3,20.8,25,2,13,5,2,0,2,1,2,3,1,18,3,1,3-6,2,3,0,三分戦,自力。
038320261001,2026100183,3,4,4,0,014046,秋山貴宏,アキヤマタカヒロ,44,佐賀,89,2,3,3.92,追,74.45,16.6,45.8,58.3,0,0,1,0,5,1,5,4,7,3,10,1,2,1-4,2,1,0,三分戦,久保田君。
038320261001,2026100183,3,5,5,0,013206,岡崎和久,オカザキカズヒサ,50,奈良,78,2,3,3.92,追,73.04,4.5,18,40.9,6,0,0,0,2,0,2,1,3,5,13,2,2,7-5-2,3,7,0,三分戦,齋藤君。
038320261001,2026100183,3,6,6,0,012754,小野祐作,オノユウサク,53,岡山,72,2,3,3.93,追,67.76,5.8,5.8,23.5,0,0,0,0,1,0,0,1,0,3,13,3,2,3-6,2,3,0,三分戦,森君。
038320261001,2026100183,3,7,6,0,014948,斎藤敦,サイトウアツシ,39,大阪,103,2,3,3.92,逃,68.85,10,20,25,3,6,6,3,0,1,0,2,2,1,15,2,1,7-5-2,3,7,0,三分戦,自力自在。
048320261001,2026100183,4,1,1,0,015637,近藤雄太,コンドウユウタ,27,岡山,121,2,3,3.92,逃,79.83,62.5,87.5,91.6,13,1,4,1,4,16,0,15,6,1,2,1,1,1-5-3,3,1,0,二分戦,自力。
048320261001,2026100183,4,2,2,0,012832,仙石淳,センゴクアツシ,53,沖縄,73,2,3,3.85,追,71.77,5.5,11.1,44.4,0,0,0,0,1,0,1,1,1,6,10,2,2,4-2,2,4,0,二分戦,白濱君。
048320261001,2026100183,4,3,3,0,012976,中井修,ナカイオサム,56,滋賀,75,2,3,3.92,両,71.83,15.2,23,53.8,4,0,1,0,1,1,1,2,1,4,6,1,3,1-5-3,3,1,0,二分戦,大林君。
048320261001,2026100183,4,4,4,0,016017,白濱蓮,シラハマレン,27,長崎,129,2,3,3.92,逃,71.22,11.1,22.2,22.2,4,6,4,2,0,0,0,1,1,0,7,2,1,4-2,2,4,0,二分戦,自力。
048320261001,2026100183,4,5,5,0,013802,大林亮介,オオバヤシリヨウスケ,45,香川,86,2,3,3.92,追,73.5,8.3,25,54.1,1,0,0,0,3,0,3,2,4,7,11,1,2,1-5-3,3,1,0,二分戦,近藤君。
048320261001,2026100183,4,6,6,0,012671,滝川秀嗣,タキカワヒデツグ,53,愛知,71,2,3,3.92,追,68.27,0,17.2,34.7,0,0,0,0,0,0,4,0,4,4,15,3,1,6,1,6,1,二分戦,単騎。
048320261001,2026100183,4,7,6,0,015542,中嶋樹,ナカジマイツキ,25,大阪,119,2,3,3.92,逃,68.65,9.5,14.2,28.5,0,6,5,3,0,0,0,2,1,3,15,4,1,7,1,7,1,二分戦,単騎。
058320261001,2026100183,5,1,1,0,014896,野口諭実可,ノグチユミカ,34,大分,102,4,1,3.77,追,50.28,6.2,15.6,28.1,0,3,2,1,2,1,1,2,3,4,23,2,1,1,1,1,1,細切れ,流れに乗れるよう
058320261001,2026100183,5,2,2,0,015671,小泉夢菜,コイズミユメナ,27,埼玉,122,4,1,3.77,追,52.75,4.1,20.8,58.3,0,0,0,0,1,0,4,1,4,9,10,3,1,2,1,2,1,細切れ,自在。
058320261001,2026100183,5,3,3,0,015314,向井円,ムカイマドカ,33,大阪,114,4,1,3.79,追,48.19,0,4.7,14.2,8,0,0,0,0,0,1,0,1,2,18,1,1,3,1,3,1,細切れ,流れ見て。
058320261001,2026100183,5,4,4,0,015666,畠山ひすい,ハタケヤマヒスイ,24,神奈川,122,4,1,3.77,逃,56.19,42.8,57,85.7,5,9,12,6,2,3,1,9,3,6,3,4,1,4,1,4,1,細切れ,自力。
058320261001,2026100183,5,5,5,0,015220,鈴木美教,スズキミノリ,32,静岡,112,4,1,3.77,両,55.39,41.6,62.5,70.8,1,4,6,3,6,3,3,10,5,2,7,5,1,5,1,5,1,細切れ,自力自在。
058320261001,2026100183,5,6,6,0,016038,仲井リコ,ナカイリコ,21,岐阜,130,4,1,3.79,両,45.14,0,0,0,1,0,0,0,0,0,0,0,0,0,21,7,1,6,1,6,1,細切れ,自在。
058320261001,2026100183,5,7,6,0,015082,高橋朋恵,タカハシトモエ,32,東京,108,4,1,3.77,追,49.24,0,12,24,5,1,0,0,0,0,3,0,3,3,19,6,1,7,1,7,1,細切れ,自在。
068320261001,2026100183,6,1,1,0,015679,又多風緑,マタダフツカ,24,石川,122,4,1,3.77,両,53.42,3.4,27.5,48.2,1,5,3,2,2,1,3,1,7,6,15,1,1,1,1,1,1,細切れ,自力自在。
068320261001,2026100183,6,2,2,0,015139,板根茜弥,イタネアヤ,37,東京,110,4,1,3.77,追,51,9.5,23.7,33.3,0,0,0,0,1,1,3,2,3,2,14,2,1,2,1,2,1,細切れ,自力自在。
068320261001,2026100183,6,3,3,0,016032,栗山百花,クリヤマモモカ,23,神奈川,130,4,1,3.79,両,48.4,9,9,18.1,0,3,4,1,0,0,0,1,0,1,9,3,1,3,1,3,1,細切れ,自力。
068320261001,2026100183,6,4,4,0,015584,西脇美唯奈,ニシワキミイナ,25,愛知,120,4,1,3.79,両,53.55,11.1,33.3,55.5,0,4,2,1,3,2,0,2,4,4,8,4,1,4,1,4,1,細切れ,自力自在。
068320261001,2026100183,6,5,5,0,014925,大和久保美,ヤマトクボミ,35,青森,102,4,1,3.77,追,48.16,0,8.3,33.3,1,0,0,0,1,0,0,0,1,3,8,6,1,5,1,5,1,細切れ,前々。
068320261001,2026100183,6,6,6,0,015079,日野友葵,ヒノユウキ,31,愛媛,108,4,1,3.69,追,46.79,0,0,4.1,2,0,0,0,0,0,0,0,0,1,23,7,1,6,1,6,1,細切れ,前々。
068320261001,2026100183,6,7,6,0,015080,児玉碧衣,コダマアオイ,31,福岡,108,4,1,3.79,逃,59.33,88.8,88.8,94.4,0,6,12,8,0,8,0,16,0,1,1,5,1,7,1,7,1,細切れ,自力。
078320261001,2026100183,7,1,1,0,014193,玉手翔,タマテシヨウ,43,兵庫,91,2,1,3.92,追,88.7,8.3,33.3,45.8,2,0,0,0,5,0,3,2,6,3,13,1,2,7-1-6-3,4,7,0,二分戦,西森君。
078320261001,2026100183,7,2,2,0,015210,白濱一平,シラハマカズヒラ,33,長崎,111,2,2,3.92,両,84.86,20,33.3,33.3,1,4,5,2,0,3,0,3,2,0,10,2,1,2-5,2,2,0,二分戦,自力。
078320261001,2026100183,7,3,3,0,012742,山田雅之,ヤマダマサユキ,53,岐阜,72,2,2,3.93,追,84.11,5.5,22.2,44.4,1,0,0,0,3,0,1,1,3,4,10,1,4,7-1-6-3,4,7,0,二分戦,玉手君。
078320261001,2026100183,7,4,4,0,013587,船曳義之,フナビキヨシユキ,49,香川,83,2,2,3.92,追,79.72,4.5,9,18.1,0,0,0,0,2,0,0,1,1,2,18,3,1,4,1,4,1,二分戦,先手ライン。
078320261001,2026100183,7,5,5,0,013155,四元慎也,ヨツモトシンヤ,51,宮崎,77,2,2,3.92,追,83.95,19,28.4,33.3,0,0,0,0,4,1,1,4,2,1,14,2,2,2-5,2,2,0,二分戦,白濱君。
078320261001,2026100183,7,6,6,0,014449,片折勇輝,カタオリユウキ,42,福岡,95,2,2,3.92,両,79.25,0,4.7,14.2,1,0,0,0,0,0,1,0,1,2,18,1,3,7-1-6-3,4,7,0,二分戦,西森君ジカ。
078320261001,2026100183,7,7,6,0,015914,西森一稀,ニシモリイッキ,21,兵庫,127,2,2,3.92,逃,91.52,33.3,61.9,66.6,11,15,12,9,2,2,0,7,6,1,7,1,1,7-1-6-3,4,7,0,二分戦,自力。
088320261001,2026100183,8,1,1,0,015753,枝村弘樹,エダムラヒロキ,27,宮崎,123,2,1,3.92,逃,90.23,38.8,44.4,61.1,1,6,8,1,1,6,0,7,1,3,7,1,1,1-7,2,1,0,三分戦,自力。
088320261001,2026100183,8,2,2,0,014749,山田哲也,ヤマダテツヤ,44,愛知,99,2,2,3.92,追,83.66,25.9,40.6,48.1,5,0,0,0,8,2,1,7,4,2,14,2,1,2-5,2,2,0,三分戦,自力自在。
088320261001,2026100183,8,3,3,0,014614,高橋清太郎,タカハシセイタロウ,41,岡山,97,2,1,3.92,追,86.66,28.4,42.8,52.3,0,0,0,0,6,1,2,6,3,2,10,4,2,4-3,2,4,0,三分戦,蒋野君。
088320261001,2026100183,8,4,4,0,015377,蒋野翔太,コモノショウタ,31,徳島,115,2,1,3.92,逃,87.03,25.9,33.3,48.1,1,5,4,1,6,1,1,7,2,4,14,4,1,4-3,2,4,0,三分戦,自力自在。
088320261001,2026100183,8,5,5,0,013041,三浦稔希,ミウラトシキ,50,愛知,76,2,1,3.86,追,83.66,5.2,15.7,21,3,0,0,0,2,0,1,1,2,1,15,2,2,2-5,2,2,0,三分戦,山田君。
088320261001,2026100183,8,6,6,0,013201,北川紋部,キタガワモンブ,52,福井,78,2,2,3.92,追,78.66,0,0,22.7,0,0,0,0,0,0,0,0,0,5,17,3,1,6,1,6,1,三分戦,一人で。
088320261001,2026100183,8,7,6,0,014333,阿部兼士,アベケンジ,42,福岡,93,2,1,3.86,追,87.52,4.7,47.5,52.3,3,0,0,0,2,0,8,1,9,1,10,1,2,1-7,2,1,0,三分戦,枝村君。
098320261001,2026100183,9,1,1,0,015560,林昴,ハヤシスバル,25,福岡,119,2,1,3.92,逃,88.04,14.2,52.3,57.1,4,11,12,8,1,2,0,3,8,1,9,1,1,1-5-6,3,1,0,三分戦,自力。
098320261001,2026100183,9,2,2,0,013363,宇根秀俊,ウネヒデトシ,49,愛媛,80,2,2,3.92,追,84.09,0,22.7,40.9,1,0,0,0,2,0,3,0,5,4,13,2,2,4-2,2,4,0,三分戦,藤原君。
098320261001,2026100183,9,3,3,0,012598,大庭正紀,オオニワマサノリ,56,富山,70,2,1,3.92,追,84.7,10,20,35,1,0,0,0,2,0,2,2,2,3,13,3,2,7-3,2,7,0,三分戦,牛田君。
098320261001,2026100183,9,4,4,0,014615,藤原亮太,フジワラリヨウタ,38,岡山,97,2,2,3.92,両,80.28,4.7,19,23.8,2,1,2,1,1,2,0,1,3,1,16,2,1,4-2,2,4,0,三分戦,自力自在。
098320261001,2026100183,9,5,5,0,011854,紫原政文,シハラマサフミ,58,福岡,61,2,1,3.93,追,87.53,6.6,26.6,46.6,0,0,0,0,2,0,2,1,3,3,8,1,2,1-5-6,3,1,0,三分戦,林君。
098320261001,2026100183,9,6,6,0,012242,穴井利久,アナイトシヒサ,56,福岡,65,2,2,3.92,追,76.95,0,0,4.7,0,0,0,0,0,0,0,0,0,1,20,1,3,1-5-6,3,1,0,三分戦,紫原さん。
098320261001,2026100183,9,7,6,0,015534,牛田樹希斗,ウシダジュキト,28,愛知,119,2,2,3.92,逃,77.48,3.6,11.1,11.1,1,7,5,2,0,1,0,1,2,0,24,3,1,7-3,2,7,0,三分戦,自力。
108320261001,2026100183,10,1,1,0,012681,辻力,ツジマサル,52,石川,71,2,2,3.92,追,80.16,0,4.1,12.5,0,1,0,0,0,0,1,0,1,2,21,1,4,3-7-4-1,4,3,0,二分戦,中四国勢。
108320261001,2026100183,10,2,2,0,015214,境啓亨,サカイヒロアキ,34,熊本,111,2,2,3.92,逃,82.29,4.1,16.6,41.6,1,0,1,1,1,0,2,1,3,6,14,2,1,2-6-5,3,2,0,二分戦,前で。
108320261001,2026100183,10,3,3,0,015926,諸隈健太郎,モロクマケンタロウ,25,高知,127,2,2,3.92,逃,91.57,19,61.9,71.4,0,14,17,9,0,4,0,4,9,2,6,1,1,3-7-4-1,4,3,0,二分戦,自力。
108320261001,2026100183,10,4,4,0,013348,内藤敦,ナイトウアツシ,50,岡山,80,2,2,3.92,追,81.71,0,14.2,33.3,1,0,0,0,3,0,0,0,3,4,14,1,3,3-7-4-1,4,3,0,二分戦,和田君。
108320261001,2026100183,10,5,5,0,014094,有馬雄二,アリマユウジ,44,奈良,90,2,2,3.92,追,81.16,4.1,16.6,29.1,4,0,0,0,2,0,2,1,3,3,17,2,3,2-6-5,3,2,0,二分戦,熊本勢。
108320261001,2026100183,10,6,6,0,014563,興呂木雄治,コウロギユウジ,37,熊本,96,2,2,3.92,両,79.45,0,4.7,9.5,0,0,0,0,0,0,1,0,1,1,19,2,2,2-6-5,3,2,0,二分戦,境君。
108320261001,2026100183,10,7,6,0,014953,和田誠寿,ワダセイジュ,35,広島,103,2,1,3.92,追,90.04,14.2,23.7,33.3,11,0,0,0,4,0,1,3,2,2,14,1,2,3-7-4-1,4,3,0,二分戦,諸隈君。
118320261001,2026100183,11,1,1,0,015204,吉田智哉,ヨシダトモヤ,28,愛媛,111,2,1,3.92,逃,95.52,23.7,57,80.9,5,1,1,0,5,4,3,5,7,5,4,1,2,6-1,2,6,0,三分戦,橋本君。
118320261001,2026100183,11,2,2,0,014565,中村健志,ナカムラケンシ,40,熊本,96,2,1,3.92,追,94.28,19,42.8,76.1,14,0,0,0,6,0,3,4,5,7,5,2,2,5-2,2,5,0,三分戦,半田君。
118320261001,2026100183,11,3,3,0,015809,高野信元,タカノシンゲン,27,愛知,125,2,1,3.92,逃,93.05,33.3,50,55.5,3,6,6,5,1,3,0,6,3,1,8,3,1,3-7,2,3,0,三分戦,自力。
118320261001,2026100183,11,4,4,0,015632,常次勇人,ツネツグハヤト,24,大阪,121,2,1,3.92,逃,91.81,29.5,40.6,55.5,6,10,10,5,0,6,0,8,3,4,12,4,1,4,1,4,1,三分戦,自力。
118320261001,2026100183,11,5,5,0,015751,半田誠,ハンダマコト,22,熊本,123,2,1,3.92,逃,96.72,50,72.2,94.4,3,4,8,4,2,7,0,9,4,4,1,2,1,5-2,2,5,0,三分戦,自力。
118320261001,2026100183,11,6,6,0,015545,橋本凌汰,ハシモトリョウタ,25,岡山,119,2,1,3.92,逃,90.47,10.5,21,52.6,0,9,7,2,1,1,0,2,2,6,9,1,1,6-1,2,6,0,三分戦,自力。
118320261001,2026100183,11,7,6,0,012829,西浦仙哉,ニシウラヒサヤ,52,三重,73,2,1,3.92,両,92.22,22.2,33.3,50,0,1,0,1,3,2,0,4,2,3,9,3,2,3-7,2,3,0,三分戦,高野君。
011220261002,2026100212,1,1,1,0,015760,五味田奈穂,イツミダナオ,28,千葉,124,4,1,3.71,逃,53.25,5.8,41,52.9,10,7,5,1,1,4,1,1,6,2,8,1,1,1,1,1,1,細切れ,自力。
011220261002,2026100212,1,2,2,0,015135,荒川ひかり,アラカワヒカリ,31,茨城,110,4,1,3.77,追,53.19,0,23.7,42.8,1,0,0,0,2,1,2,0,5,4,12,2,1,2,1,2,1,細切れ,取れた位置から。
011220261002,2026100212,1,3,3,0,015678,小林真矢香,コバヤシマヤカ,25,石川,122,4,1,3.77,両,51.44,8,24,44,3,6,5,1,1,2,2,2,4,5,14,3,1,3,1,3,1,細切れ,力を出し切る。
011220261002,2026100212,1,4,4,0,015680,藤原春陽,フジワラハルヒ,24,徳島,122,4,1,3.77,両,49.64,11.7,17.5,29.4,1,1,1,0,2,1,0,2,1,2,12,4,1,4,1,4,1,細切れ,何でもやる。
011220261002,2026100212,1,5,5,0,015864,田野口佳奈,タノクチカナ,21,香川,126,4,1,3.77,両,49.55,11.1,11.1,33.3,1,1,1,0,2,0,0,2,0,4,12,6,1,5,1,5,1,細切れ,自在。
011220261002,2026100212,1,6,6,0,015943,高崎千賀,タカサキチカ,32,神奈川,128,4,1,3.71,両,47.23,0,4.7,9.5,1,0,0,0,0,0,1,0,1,1,19,7,1,6,1,6,1,細切れ,自在。
011220261002,2026100212,1,7,6,0,016027,松下彩也香,マツシタサヤカ,24,青森,130,4,1,3.77,両,46.76,0,5.5,11.1,4,5,3,0,0,0,1,0,1,1,16,5,1,7,1,7,1,細切れ,自力自在。
021220261002,2026100212,2,1,1,0,012960,水書義弘,ミズガキヨシヒロ,53,千葉,75,2,2,3.92,追,85,8.3,16.6,41.6,0,0,0,0,3,1,0,2,2,6,14,2,1,1,1,1,1,二分戦,決めずに臨機応変に
021220261002,2026100212,2,2,2,0,014280,井上公利,イノウエキミトシ,45,宮城,93,2,2,3.92,逃,84.4,24,32,44,0,11,8,4,1,3,0,6,2,3,14,1,1,2-7-6-3-5,5,2,0,二分戦,自力。
021220261002,2026100212,2,3,3,0,013988,阿部英光,アベヒデミツ,44,宮城,89,2,2,3.85,追,83.28,4.7,28.4,38,1,0,0,0,3,0,3,1,5,2,13,1,4,2-7-6-3-5,5,2,0,二分戦,北日本３番手。
021220261002,2026100212,2,4,4,0,014532,柴田竜史,シバタリユウジ,38,静岡,96,2,2,3.92,追,81.85,4.7,19,23.8,5,0,0,0,2,0,2,1,3,1,16,3,1,4,1,4,1,二分戦,決めずにやる。
021220261002,2026100212,2,5,5,0,013006,佐々木健司,ササキケンジ,52,青森,76,2,2,3.92,追,81.52,4.3,8.6,39.1,8,0,0,0,2,0,0,1,1,7,14,1,5,2-7-6-3-5,5,2,0,二分戦,北日本４番手。
021220261002,2026100212,2,6,6,0,013175,峠祐介,トウゲユウスケ,50,埼玉,78,2,2,3.92,追,76.95,0,0,0,0,0,0,0,0,0,0,0,0,0,22,1,3,2-7-6-3-5,5,2,0,二分戦,井上君ジカ。
021220261002,2026100212,2,7,6,0,014989,鈴木豪,スズキゴウ,40,福島,105,2,2,3.92,両,76.95,0,0,4.7,0,5,2,0,0,0,0,0,0,1,20,1,2,2-7-6-3-5,5,2,0,二分戦,井上さん。
031220261002,2026100212,3,1,1,0,014717,泉文人,イズミフミト,36,福島,99,2,2,3.92,両,86.31,36.8,42.1,52.6,1,2,5,2,0,6,0,7,1,2,9,1,1,1-2-5-4,4,1,0,二分戦,自力。
031220261002,2026100212,3,2,2,0,013601,工藤政志,クドウマサシ,46,青森,84,2,2,3.92,追,84.95,23.7,33.3,42.8,0,0,0,0,5,0,2,5,2,2,12,1,2,1-2-5-4,4,1,0,二分戦,泉君。
031220261002,2026100212,3,3,3,0,013469,野村純宏,ノムラスミヒロ,50,神奈川,82,2,2,3.92,追,82.57,0,15,25,0,0,0,0,3,0,0,0,3,2,15,2,2,6-3-7,3,6,0,二分戦,山本君。
031220261002,2026100212,3,4,4,0,012957,宮澤晃,ミヤザワアキラ,51,山梨,75,2,2,3.92,追,81.42,0,9.5,23.8,2,0,0,0,0,0,2,0,2,3,16,1,4,1-2-5-4,4,1,0,二分戦,北日本勢へ。
031220261002,2026100212,3,5,5,0,013385,鎌田聡,カマタサトシ,48,宮城,81,2,2,3.85,追,80.21,14.2,14.2,14.2,0,0,0,0,2,0,0,2,0,0,12,1,3,1-2-5-4,4,1,0,二分戦,北日本３番手。
031220261002,2026100212,3,6,6,0,015892,山本和瑳,ヤマモトカズサ,25,神奈川,127,2,2,3.92,逃,79.5,5.5,16.6,22.2,5,8,7,2,1,0,0,1,2,1,14,2,1,6-3-7,3,6,0,二分戦,自力。
031220261002,2026100212,3,7,6,0,013039,松山正和,マツヤママサカズ,55,静岡,76,2,2,3.92,追,78,4.5,4.5,4.5,2,1,1,0,1,0,0,1,0,0,21,2,3,6-3-7,3,6,0,二分戦,神奈川勢へ。
041220261002,2026100212,4,1,1,0,014805,吉田元輝,ヨシダモトキ,40,茨城,100,2,2,3.92,両,89.18,21.7,52.1,65.2,1,0,0,0,6,0,6,5,7,3,8,1,2,6-1-3,3,6,0,三分戦,宮下君。
041220261002,2026100212,4,2,2,0,015427,戸邉捺希,トベナツキ,28,埼玉,117,2,1,3.92,逃,88.79,8.3,29,58.3,1,5,5,1,3,2,1,2,5,7,10,2,1,2-7,2,2,0,三分戦,自力。
041220261002,2026100212,4,3,3,0,014862,坂本将太郎,サカモトシヨウタロウ,33,栃木,101,2,1,3.92,追,87.28,9.5,23.7,47.6,6,0,0,0,2,0,3,2,3,5,11,1,3,6-1-3,3,6,0,三分戦,吉田さん。
041220261002,2026100212,4,4,4,0,015526,梅田加津也,ウメダカズヤ,33,神奈川,119,2,1,3.93,逃,86.66,16.6,41.6,54.1,9,15,11,7,2,1,0,4,6,3,11,3,1,4-5,2,4,0,三分戦,自力。
041220261002,2026100212,4,5,5,0,014078,植草亮介,ウエクサリヨウスケ,42,千葉,90,2,1,3.92,追,85.73,20,40,53.3,1,0,0,0,5,0,1,3,3,2,7,3,2,4-5,2,4,0,三分戦,梅田君。
041220261002,2026100212,4,6,6,0,015351,宮下一歩,ミヤシタイッポ,33,長野,115,2,1,3.85,逃,82.14,4.5,18,31.8,8,16,14,4,0,0,0,1,3,3,15,1,1,6-1-3,3,6,0,三分戦,自力。
041220261002,2026100212,4,7,6,0,013932,井上雄三,イノウエユウゾウ,43,埼玉,88,2,1,3.92,追,81.71,14.2,14.2,33.3,0,0,0,0,3,0,0,3,0,4,14,2,2,2-7,2,2,0,三分戦,戸邉君。
051220261002,2026100212,5,1,1,0,015689,菊地圭,キクチケイ,25,宮城,123,2,1,3.92,逃,94.27,38.8,61.1,66.6,9,10,11,6,1,4,0,7,4,1,6,1,1,1-4-5,3,1,0,二分戦,自力。
051220261002,2026100212,5,2,2,0,015800,川越宏臣,カワゴエヒロオミ,30,東京,125,2,2,3.92,逃,89.47,14.2,42.8,52.3,1,10,13,6,0,3,0,3,6,2,10,2,1,2-3-6,3,2,0,二分戦,自力。
051220261002,2026100212,5,3,3,0,013555,台和紀,ダイカズノリ,49,埼玉,83,2,1,3.92,追,88.91,8.3,41.6,54.1,3,0,0,0,6,0,4,2,8,3,11,2,2,2-3-6,3,2,0,二分戦,川越君。
051220261002,2026100212,5,4,4,0,014439,山崎司,ヤマザキツカサ,42,福島,95,2,1,3.92,追,86.61,14.2,28.4,47.6,2,0,0,0,3,0,3,3,3,4,11,1,2,1-4-5,3,1,0,二分戦,菊地君。
051220261002,2026100212,5,5,5,0,014575,鈴木達也,スズキタツヤ,41,福島,97,2,2,3.92,追,83.41,12.5,16.6,33.3,9,0,0,0,3,0,1,3,1,4,16,1,3,1-4-5,3,1,0,二分戦,北日本３番手。
051220261002,2026100212,5,6,6,0,013553,小島雅章,コジママサアキ,51,埼玉,83,2,2,3.92,追,81.7,8.3,16.6,25,0,0,0,0,3,0,1,2,2,2,18,2,3,2-3-6,3,2,0,二分戦,埼京３番手。
051220261002,2026100212,5,7,6,0,014303,小川達也,オガワタツヤ,39,静岡,93,2,1,3.93,逃,78.62,0,4.1,12.5,0,18,15,1,0,0,0,0,1,2,21,3,1,7,1,7,1,二分戦,１人でやる。
061220261002,2026100212,6,1,1,0,015501,尾方真生,オガタマオ,27,福岡,118,4,1,3.79,逃,56.96,51.8,66.6,85.1,2,11,16,10,1,7,0,14,4,5,4,6,1,1,1,1,1,細切れ,自力基本に。
061220261002,2026100212,6,2,2,0,015855,大浦彩瑛,オオウラサエ,30,神奈川,126,4,1,3.79,逃,56.95,58.3,79.1,83.3,1,5,9,7,1,9,2,14,5,1,4,3,1,2,1,2,1,細切れ,自力基本に。
061220261002,2026100212,6,3,3,0,015587,吉川美穂,ヨシカワミホ,33,和歌山,120,4,1,3.79,両,56.95,54.1,75,79.1,2,3,5,2,5,10,1,13,5,1,5,1,1,3,1,3,1,細切れ,自力自在。
061220261002,2026100212,6,4,4,0,015069,細田愛未,ホソダマナミ,31,埼玉,108,4,1,3.79,両,53.66,20.8,37.5,58.3,2,0,0,0,3,4,2,5,4,5,10,4,1,4,1,4,1,細切れ,自在。
061220261002,2026100212,6,5,5,0,016043,緒方詩央里,オガタシオリ,27,福岡,130,4,1,3.79,両,53.45,13.6,31.8,45.4,3,8,10,4,0,2,1,3,4,3,12,2,1,5,1,5,1,細切れ,自力自在。
061220261002,2026100212,6,6,6,0,015770,東美月,アズマミヅキ,24,兵庫,124,4,1,3.77,両,53,6.6,20,63.3,0,0,2,0,2,2,2,2,4,13,11,5,1,6,1,6,1,細切れ,自在。
061220261002,2026100212,6,7,6,0,015762,高橋美沙紀,タカハシミサキ,35,愛知,124,4,1,3.77,両,52.96,20,44,48,2,8,6,3,3,3,2,5,6,1,13,7,1,7,1,7,1,細切れ,自力自在。
071220261002,2026100212,7,1,1,0,015262,内山雅貴,ウチヤママサタカ,31,静岡,113,2,1,3.92,逃,97.48,65.3,80.7,96.1,12,2,8,1,5,15,0,17,4,4,1,1,1,1-2-6,3,1,0,二分戦,自力自在。
071220261002,2026100212,7,2,2,0,014298,蒔田英彦,マキタヒデヒコ,43,千葉,93,2,1,3.92,両,95,42.8,47.5,66.6,5,3,3,1,4,5,0,9,1,4,7,1,2,1-2-6,3,1,0,二分戦,内山君。
071220261002,2026100212,7,3,3,0,015790,藤田祐大,フジタユウタ,22,茨城,125,2,1,3.92,逃,94.89,40,65,75,8,9,13,5,0,8,0,8,5,2,5,3,1,3-5-4,3,3,0,二分戦,自力。
071220261002,2026100212,7,4,4,0,013996,丸山貴秀,マルヤマタカヒデ,46,秋田,89,2,1,3.92,追,94.52,16.6,44.4,72.2,3,0,0,0,4,0,4,3,5,5,5,3,3,3-5-4,3,3,0,二分戦,茨栃勢へ。
071220261002,2026100212,7,5,5,0,014059,高塩讓次,タカシオジヨウジ,43,栃木,90,2,1,3.92,追,92.69,8.3,37.5,58.3,7,0,0,0,7,0,2,2,7,5,10,3,2,3-5-4,3,3,0,二分戦,藤田君。
071220261002,2026100212,7,6,6,0,013632,川口直人,カワグチナオト,49,神奈川,84,2,1,3.92,追,92,14.2,33.3,61.9,1,0,0,0,6,0,1,3,4,6,8,1,3,1-2-6,3,1,0,二分戦,南関３番手。
071220261002,2026100212,7,7,6,0,014428,鹿内翔,シカナイカケル,40,青森,95,2,1,3.92,追,86.61,5.5,33.3,44.4,4,0,0,0,3,0,3,1,5,2,10,2,1,7,1,7,1,二分戦,単騎でやる。
012220261002,2026100222,1,1,1,0,014316,山崎光展,ヤマザキテルノブ,39,京都,93,2,3,3.92,両,73.03,10,30,43.3,14,2,2,1,6,1,1,3,6,4,17,1,1,1-6,2,1,0,三分戦,自力。
012220261002,2026100222,1,2,2,0,015241,山田祐太,ヤマダユウタ,38,福島,113,2,3,3.92,逃,72.29,12.5,37.5,58.3,2,8,9,5,2,2,0,3,6,5,10,3,1,2-5,2,2,0,三分戦,自力。
012220261002,2026100222,1,3,3,0,014743,鈴木広人,スズキヒロト,42,神奈川,99,2,3,3.93,両,71.51,30.3,45.4,48.4,8,5,6,4,4,7,0,10,5,1,17,2,1,3-4-7,3,3,0,三分戦,補充出走
012220261002,2026100222,1,4,4,0,013768,旭啓介,アサヒケイスケ,47,神奈川,86,2,3,3.92,追,71.33,20.8,33.3,45.8,1,0,0,0,6,0,2,5,3,3,13,2,2,3-4-7,3,3,0,三分戦,鈴木君。
012220261002,2026100222,1,5,5,0,012930,浦崎貴史,ウラサキタカシ,55,北海道,75,2,3,3.93,追,69.88,0,15.7,31.5,1,0,0,0,1,0,2,0,3,3,13,3,2,2-5,2,2,0,三分戦,山田君。
012220261002,2026100222,1,6,6,0,013794,川西亮介,カワニシリヨウスケ,50,和歌山,86,2,3,3.86,追,67.09,4.5,4.5,22.7,0,0,0,0,1,0,0,1,0,4,17,1,2,1-6,2,1,0,三分戦,山崎君。
012220261002,2026100222,1,7,6,0,012277,井上典善,イノウエテンゼン,58,千葉,66,2,3,3.86,追,64,0,4.1,4.1,0,0,0,0,1,0,0,0,1,0,23,2,3,3-4-7,3,3,0,三分戦,神奈川勢。
022220261002,2026100222,2,1,1,0,013551,女屋文伸,オナヤフミノブ,48,埼玉,83,2,3,3.85,追,72.28,4.7,47.5,52.3,3,0,0,0,2,2,6,1,9,1,10,3,2,4-1-7,3,4,0,二分戦,小川君。
022220261002,2026100222,2,2,2,0,013145,瓦田勝也,カワラダカツヤ,52,福岡,77,2,3,3.92,追,71.77,0,18.5,44.4,0,0,0,0,1,0,4,0,5,7,15,1,2,6-2-5,3,6,0,二分戦,友永君。
022220261002,2026100222,2,3,3,0,012893,吉野猛,ヨシノタケシ,53,愛知,74,2,3,3.92,追,71.33,14.7,29.5,48.1,1,0,0,0,7,0,1,4,4,5,14,2,1,3,1,3,1,二分戦,単騎。
022220261002,2026100222,2,4,4,0,014810,小川辰徳,オガワタツノリ,38,埼玉,100,2,3,3.92,両,69.6,8,20,28,3,9,7,4,0,0,1,2,3,2,18,3,1,4-1-7,3,4,0,二分戦,自力。
022220261002,2026100222,2,5,5,0,012997,後田康成,ウシロダヤスナリ,53,長崎,75,2,3,3.92,追,69.04,9.5,14.2,28.5,0,0,0,0,2,0,1,2,1,3,15,1,3,6-2-5,3,6,0,二分戦,西３番手。
022220261002,2026100222,2,6,6,0,014884,友永龍介,トモナガリュウスケ,35,山口,101,2,3,3.92,逃,67.33,4.7,14.2,14.2,16,13,10,3,0,0,0,1,2,0,18,1,1,6-2-5,3,6,0,二分戦,自力。
022220261002,2026100222,2,7,6,0,011364,遠澤健二,トオサワケンジ,61,神奈川,57,2,3,3.93,追,66.8,4.7,9.5,14.2,1,0,0,0,2,0,0,1,1,1,18,3,3,4-1-7,3,4,0,二分戦,埼玉勢。
032220261002,2026100222,3,1,1,0,013974,大竹野裕樹,オオタケノヒロキ,44,鹿児島,88,2,3,3.92,両,76.25,33.3,54.1,75,2,0,0,0,5,6,2,8,5,5,6,3,1,1-2,2,1,0,三分戦,自力。
032220261002,2026100222,3,2,2,0,014120,永田修一,ナガタシユウイチ,45,熊本,90,2,3,3.92,追,73.55,5,35,55,1,0,0,0,1,0,6,1,6,4,9,3,2,1-2,2,1,0,三分戦,大竹野君。
032220261002,2026100222,3,3,3,0,013235,榊枝輝文,サカキエダテルフミ,50,福島,79,2,3,3.93,追,71.7,11.1,22.2,44.4,1,0,0,0,3,0,3,3,3,6,15,1,2,4-3,2,4,0,三分戦,福田君。
032220261002,2026100222,3,4,4,0,015962,福田悠航,フクダユウコウ,20,福島,129,2,3,3.85,逃,71.5,18,18,54.5,11,4,5,1,0,1,0,2,0,4,5,1,1,4-3,2,4,0,三分戦,自力。
032220261002,2026100222,3,5,5,0,012299,増成富夫,マスナリトミオ,55,岡山,66,2,3,3.93,逃,68.3,21.7,30.4,39.1,0,7,4,2,2,3,0,5,2,2,14,4,1,5-6,2,5,0,三分戦,自力。
032220261002,2026100222,3,6,6,0,013591,山本宏明,ヤマモトヒロアキ,48,徳島,83,2,3,3.92,追,66.16,0,0,0,0,0,0,0,0,0,0,0,0,0,6,4,2,5-6,2,5,0,三分戦,増成さん。
032220261002,2026100222,3,7,6,0,012970,山内大作,ヤマウチダイサク,51,静岡,75,2,3,3.86,追,64.32,0,0,5.8,0,2,0,0,0,0,0,0,0,2,32,2,1,7,1,7,1,三分戦,補充出走
042220261002,2026100222,4,1,1,0,014385,山本淳,ヤマモトジユン,51,神奈川,94,2,3,3.92,追,75.55,3.6,33.3,62.9,2,0,0,0,4,0,5,1,8,8,10,2,2,3-1,2,3,0,三分戦,小泉君。
042220261002,2026100222,4,2,2,0,015482,松本一志,マツモトカズシ,30,宮崎,117,2,3,3.85,逃,73.78,39.2,53.5,60.7,6,8,10,8,2,4,1,11,4,2,11,1,1,2-7,2,2,0,三分戦,自力。
042220261002,2026100222,4,3,3,0,013082,小泉俊也,コイズミトシヤ,51,静岡,77,2,3,3.93,両,71.55,23.7,38,52.3,3,4,3,1,4,2,1,5,3,3,10,2,1,3-1,2,3,0,三分戦,自力。
042220261002,2026100222,4,4,4,0,013061,小磯知也,コイソトモヤ,52,徳島,76,2,3,3.77,追,69.79,20.8,33.3,45.8,3,0,0,0,7,0,1,5,3,3,13,3,2,5-4,2,5,0,三分戦,土居君。
042220261002,2026100222,4,5,5,0,015286,土居佑次,ドイユウジ,28,高知,113,2,3,3.92,逃,69.38,19,23.7,38,1,2,3,0,2,2,1,4,1,3,13,3,1,5-4,2,5,0,三分戦,自力。
042220261002,2026100222,4,6,6,0,011792,木下章,キノシタアキラ,58,長野,61,2,3,3.86,両,68.12,4.1,8.3,29.1,0,0,0,0,0,1,1,1,1,5,17,4,1,6,1,6,1,三分戦,決めずに。
042220261002,2026100222,4,7,6,0,013567,吉原友彦,ヨシハラトモヒコ,48,神奈川,83,2,3,3.92,両,66.4,0,20,20,0,0,0,0,0,0,1,0,1,0,4,1,2,2-7,2,2,0,三分戦,松本君の番手主張
052220261002,2026100222,5,1,1,0,014392,北村篤,キタムラアツシ,39,岐阜,94,2,3,3.92,追,75.5,16.6,41.6,58.3,5,0,0,0,5,0,5,4,6,4,10,1,2,3-1,2,3,0,三分戦,臼井さん。
052220261002,2026100222,5,2,2,0,014705,沢田勇治,サワダユウジ,37,山口,98,2,3,3.92,両,71.89,10,30,43.3,8,1,1,1,2,1,5,3,6,4,17,2,1,2-4,2,2,0,三分戦,前々。
052220261002,2026100222,5,3,3,0,014027,臼井昌巨,ウスイマサナオ,42,愛知,89,2,3,3.92,両,71.42,21.4,25,39.2,5,4,4,4,3,0,0,6,1,4,17,1,1,3-1,2,3,0,三分戦,自力。
052220261002,2026100222,5,4,4,0,013735,井上剛,イノウエゴウ,46,岡山,85,2,3,3.93,追,71.4,6.6,6.6,40,0,0,0,0,1,0,0,1,0,5,9,2,2,2-4,2,2,0,三分戦,沢田君。
052220261002,2026100222,5,5,5,0,013543,内海雅夫,ウチウミマサオ,47,群馬,83,2,3,3.92,追,71.31,26.3,42.1,57.8,2,0,0,0,6,0,2,5,3,3,8,3,2,7-5-6,3,7,0,三分戦,猪野君。
052220261002,2026100222,5,6,6,0,013402,沼川夢久,ヌマカワユメヒサ,51,群馬,81,2,3,3.92,追,70.35,0,11.1,27.7,0,0,0,0,0,0,2,0,2,3,13,3,3,7-5-6,3,7,0,三分戦,内海君。
052220261002,2026100222,5,7,6,0,015158,猪野泰介,イノタイスケ,36,山形,111,2,3,3.92,逃,69.32,7.6,30.7,46.1,4,11,11,5,1,2,0,2,6,4,14,3,1,7-5-6,3,7,0,三分戦,自力。
062220261002,2026100222,6,1,1,0,012649,山本恵太郎,ヤマモトケイタロウ,52,東京,71,2,3,3.92,追,76.91,25,62.5,75,5,0,0,0,7,0,8,6,9,3,6,2,1,1-4,2,1,0,三分戦,前々。
062220261002,2026100222,6,2,2,0,014610,山村慮太,ヤマムラリヨウタ,39,大阪,97,2,3,3.92,両,76.37,26.6,43.3,66.6,3,0,0,0,10,2,1,8,5,7,10,1,2,3-2-5,3,3,0,三分戦,北宅君。
062220261002,2026100222,6,3,3,0,016000,北宅柊麻,キタヤトウマ,24,大阪,129,2,3,3.85,逃,74.71,14.2,57,66.6,4,17,14,10,0,2,0,3,9,2,7,1,1,3-2-5,3,3,0,三分戦,自力。
062220261002,2026100222,6,4,4,0,014589,西巻秀太,ニシマキシユウタ,42,新潟,97,2,3,3.92,追,71.33,0,9.5,47.6,1,0,0,0,1,0,1,0,2,8,11,2,2,1-4,2,1,0,三分戦,山本さん。
062220261002,2026100222,6,5,5,0,013080,阿部利光,アベトシミツ,51,宮城,77,2,3,3.86,追,71.18,0,14.7,55.5,0,0,0,0,1,0,3,0,4,11,12,1,3,3-2-5,3,3,0,三分戦,大阪勢へ。
062220261002,2026100222,6,6,6,0,014425,前川裕希,マエカワヒロキ,49,北海道,95,2,3,3.92,追,70.33,6.2,12.5,37.5,1,0,0,0,2,0,0,1,1,4,10,3,2,7-6,2,7,0,三分戦,田山君。
062220261002,2026100222,6,7,6,0,014559,田山誠,タヤママコト,39,長崎,96,2,3,3.93,逃,68.09,9.5,28.4,33.3,0,7,6,5,1,0,0,2,4,1,14,3,1,7-6,2,7,0,三分戦,自力。
072220261002,2026100222,7,1,1,0,015991,坂井央雅,サカイオウガ,20,岐阜,129,2,3,3.92,逃,79.66,61.1,83.3,88.8,0,6,8,5,1,8,1,11,4,1,2,3,1,1-6,2,1,0,三分戦,自力。
072220261002,2026100222,7,2,2,0,015983,大村涼兼,オオムラリョウケン,30,神奈川,129,2,3,3.92,逃,78.58,33.3,70.8,83.3,2,18,20,15,0,2,0,8,9,3,4,1,1,2-5,2,2,0,三分戦,自力。
072220261002,2026100222,7,3,3,0,015978,中西将太郎,ナカニシショウタロウ,28,東京,129,2,3,3.92,逃,78.47,38.8,66.6,66.6,6,12,10,7,2,3,0,7,5,0,6,2,1,3,1,3,1,三分戦,単騎でやる。
072220261002,2026100222,7,4,4,0,015257,舟山佑京,フナヤマウキョウ,29,新潟,113,2,3,3.92,逃,76.28,19,33.3,66.6,1,6,7,3,2,1,1,4,3,7,7,4,2,7-4,2,7,0,三分戦,北村君。
072220261002,2026100222,7,5,5,0,015166,内田淳,ウチダアツシ,33,千葉,111,2,3,3.92,逃,76.28,14.2,38,71.4,2,0,2,0,4,3,1,3,5,7,6,1,2,2-5,2,2,0,三分戦,大村君。
072220261002,2026100222,7,6,6,0,013451,松本大地,マツモトダイチ,49,熊本,81,2,3,3.71,追,76.25,4.1,58.3,75,15,1,1,1,2,0,11,1,13,4,6,3,2,1-6,2,1,0,三分戦,坂井君。
072220261002,2026100222,7,7,6,0,015969,北村翔太,キタムラショウタ,25,群馬,129,2,3,3.85,逃,74.8,20,60,60,2,5,5,2,2,4,1,3,6,0,6,4,1,7-4,2,7,0,三分戦,自力。
015320261002,2026100253,1,1,1,0,012795,黒田充,クロダミツル,52,栃木,73,2,3,3.79,追,72.05,5.8,17.5,47,0,0,0,0,1,0,2,1,2,5,9,1,3,3-4-1-2,4,3,0,二分戦,南関勢へ。
015320261002,2026100253,1,2,2,0,014067,工藤考生,クドウタカオ,44,埼玉,90,2,3,3.92,追,71.68,0,17.2,39.1,0,0,0,0,1,0,3,0,4,5,14,1,4,3-4-1-2,4,3,0,二分戦,東日本４番手。
015320261002,2026100253,1,3,3,0,014868,小林寛弥,コバヤシヒロヤ,38,静岡,101,2,3,3.85,逃,68.57,19,28.4,38,3,9,6,5,1,0,0,4,2,2,13,1,1,3-4-1-2,4,3,0,二分戦,自力。
015320261002,2026100253,1,4,4,0,014932,浦野慈生,ウラノヨシキ,40,神奈川,103,2,3,3.92,両,67.9,14.2,14.2,23.8,2,0,0,0,3,0,0,3,0,2,16,1,2,3-4-1-2,4,3,0,二分戦,小林君。
015320261002,2026100253,1,5,5,0,014482,松本琢也,マツモトタクヤ,42,兵庫,95,2,3,3.92,両,67.8,5,20,30,0,1,0,0,1,2,1,1,3,2,14,2,1,5-6,2,5,0,二分戦,何かする。
015320261002,2026100253,1,6,6,0,012290,小西芳樹,コニシヨシキ,55,大阪,66,2,3,3.92,追,65.46,0,6.6,20,0,0,0,0,0,0,1,0,1,2,12,2,2,5-6,2,5,0,二分戦,松本君。
015320261002,2026100253,1,7,6,0,011431,梶應弘樹,カジオコウキ,60,愛媛,57,2,3,3.92,追,62.53,0,0,0,0,1,0,0,0,0,0,0,0,0,26,3,1,7,1,7,1,二分戦,臨機応変に。
025320261002,2026100253,2,1,1,0,014880,野見泰要,ノウミヒロモト,44,岡山,101,2,3,3.93,逃,70.36,21.2,39.3,48.4,2,17,14,10,2,0,1,7,6,3,17,1,1,1-2-4,3,1,0,二分戦,自力。
025320261002,2026100253,2,2,2,0,011935,高嶋一朗,タカシマイチロウ,59,岡山,62,2,3,3.92,追,70.18,7.3,37,51.8,0,0,0,0,5,0,5,2,8,4,13,1,2,1-2-4,3,1,0,二分戦,野見君。
025320261002,2026100253,2,3,3,0,012938,鈴木規純,スズキノリヨシ,51,福島,75,2,3,3.92,追,69.71,0,4.7,33.3,0,0,0,0,0,0,1,0,1,6,14,2,2,7-3-6,3,7,0,二分戦,前島君。
025320261002,2026100253,2,4,4,0,013029,藤田晃英,フジタアキヒデ,51,千葉,76,2,3,3.93,追,68.37,0,11.1,29.6,1,0,0,0,1,0,2,0,3,5,19,1,3,1-2-4,3,1,0,二分戦,高嶋さん。
025320261002,2026100253,2,5,5,0,013713,丸山勝也,マルヤマカツヤ,47,静岡,85,2,3,3.92,追,68.33,0,9.5,28.5,0,0,0,0,1,0,1,0,2,4,15,3,1,5,1,5,1,二分戦,一人で。
025320261002,2026100253,2,6,6,0,014213,岡田哲夫,オカダテツオ,44,福島,92,2,3,3.92,追,66.58,0,0,11.7,0,0,0,0,0,0,0,0,0,2,15,2,3,7-3-6,3,7,0,二分戦,鈴木さん。
025320261002,2026100253,2,7,6,0,014694,前島恭平,マエシマキョウヘイ,38,長野,98,2,3,3.92,逃,65.68,9,9,13.6,3,6,2,0,2,0,0,2,0,1,19,2,1,7-3-6,3,7,0,二分戦,自力。
035320261002,2026100253,3,1,1,0,015998,木曽田晃大,キソダコウタ,25,京都,129,2,3,3.92,逃,75.77,44.4,61.1,72.2,1,7,9,6,0,5,0,8,3,2,5,2,1,1-2-5-6,4,1,0,二分戦,自力。
035320261002,2026100253,3,2,2,0,013480,林洋二,ハヤシヨウジ,50,岐阜,82,2,3,3.92,追,71.58,16.6,25,45.8,0,0,0,0,4,0,2,4,2,5,13,2,2,1-2-5-6,4,1,0,二分戦,木曽田君。
035320261002,2026100253,3,3,3,0,014072,伊藤之人,イトウユキヒト,43,東京,90,2,3,3.93,両,71.03,14.7,40.6,59.2,7,1,1,1,7,0,3,4,7,5,11,1,1,3-4,2,3,0,二分戦,自力自在。
035320261002,2026100253,3,4,4,0,012348,飯田威文,イイダタケフミ,54,埼玉,67,2,3,3.92,追,69.52,7.6,19.2,38.4,2,0,0,0,3,0,2,2,3,5,16,1,2,3-4,2,3,0,二分戦,伊藤君。
035320261002,2026100253,3,5,5,0,013446,丸林一孝,マルバヤシカズタカ,49,福岡,81,2,3,3.85,追,69.52,4.1,8.3,33.3,0,0,0,0,1,0,1,1,1,6,16,2,3,1-2-5-6,4,1,0,二分戦,中近勢。
035320261002,2026100253,3,6,6,0,012157,竹野行登,タケノユキノブ,59,鹿児島,64,2,3,3.92,追,69,0,7.6,23,0,0,0,0,1,0,1,0,2,4,20,2,4,1-2-5-6,4,1,0,二分戦,西日本４番手。
035320261002,2026100253,3,7,6,0,013830,田崎良太郎,タサキリヨウタロウ,46,福島,87,2,3,3.92,追,68.5,8.3,8.3,16.6,1,0,0,0,1,0,0,1,0,1,10,3,1,7,1,7,1,二分戦,決めず。
045320261002,2026100253,4,1,1,0,014519,湯浅大輔,ユアサダイスケ,41,千葉,96,2,3,3.92,逃,76.22,25.9,48.1,66.6,16,1,0,0,9,0,4,7,6,5,9,1,2,3-1,2,3,0,三分戦,高谷君。
045320261002,2026100253,4,2,2,0,015190,大中拓磨,オオナカタクマ,37,兵庫,111,2,3,3.93,逃,74.86,16.1,45.1,64.5,17,9,8,3,7,1,3,5,9,6,11,2,1,2-5-6,3,2,0,三分戦,自力自在。
045320261002,2026100253,4,3,3,0,014126,高谷敏史,タカヤトシフミ,41,青森,91,2,3,3.92,両,74.62,20.8,41.6,58.3,1,5,6,6,2,1,1,5,5,4,10,1,1,3-1,2,3,0,三分戦,自力。
045320261002,2026100253,4,4,4,0,016021,財満伊織,ザイマイオリ,23,熊本,129,2,3,3.77,逃,72.61,27.7,55.5,55.5,6,10,9,8,0,2,0,5,5,0,8,3,1,4-7,2,4,0,三分戦,自力。
045320261002,2026100253,4,5,5,0,015472,吉田勇気,ヨシダユウキ,37,大阪,117,2,3,3.92,両,71.46,7.1,25,35.7,2,1,1,0,4,1,2,2,5,3,18,2,2,2-5-6,3,2,0,三分戦,大中君。
045320261002,2026100253,4,6,6,0,014101,永橋武司,ナガハシタケシ,43,大阪,90,2,3,3.93,両,68.77,11.1,27.7,38.8,0,2,3,1,3,1,0,2,3,2,11,2,3,2-5-6,3,2,0,三分戦,近畿３番手。
045320261002,2026100253,4,7,6,0,012329,松尾正人,マツオマサト,55,熊本,66,2,3,3.92,追,67.31,0,0,5.8,0,0,0,0,0,0,0,0,0,1,16,3,2,4-7,2,4,0,三分戦,財満君。
055320261002,2026100253,5,1,1,0,015841,中西勇,ナカニシユウ,34,福岡,125,2,3,3.93,逃,76.57,38,52.3,61.9,15,11,9,7,1,3,0,8,3,2,8,1,1,1-2-7,3,1,0,二分戦,自力。
055320261002,2026100253,5,2,2,0,015110,小出慎也,コイデシンヤ,35,和歌山,109,2,3,3.92,逃,73.33,18.5,40.6,51.8,2,4,3,2,3,4,2,5,6,3,13,1,2,1-2-7,3,1,0,二分戦,中西君へ。
055320261002,2026100253,5,3,3,0,015992,永田吏玖,ナガタリク,28,岐阜,129,2,3,3.92,逃,73.11,27.7,44.4,61.1,9,12,12,7,0,1,0,5,3,3,7,2,1,3-4,2,3,0,二分戦,自力。
055320261002,2026100253,5,4,4,0,013264,山中貴雄,ヤマナカタカオ,50,愛知,79,2,3,3.92,追,71.33,7.3,18.5,40.7,3,0,0,0,3,0,2,2,3,6,16,2,2,3-4,2,3,0,二分戦,永田君。
055320261002,2026100253,5,5,5,0,013692,佐野多喜男,サノタキオ,47,新潟,85,2,3,3.92,追,69.5,9,13.6,36.3,0,0,0,0,2,0,1,2,1,5,14,3,1,5,1,5,1,二分戦,単騎で。
055320261002,2026100253,5,6,6,0,014382,伊藤翼,イトウツバサ,40,神奈川,94,2,3,3.92,両,68.7,25.9,33.3,40.7,0,5,7,5,2,2,0,7,2,2,16,4,1,6,1,6,1,二分戦,単騎で。
055320261002,2026100253,5,7,6,0,015367,南蓮,ミナミレン,27,和歌山,115,2,3,3.93,追,68.19,14.2,14.2,19,0,0,0,0,3,0,0,3,0,1,17,1,3,1-2-7,3,1,0,二分戦,小出さん。
065320261002,2026100253,6,1,1,0,015606,近藤圭佑,コンドウケイスケ,40,埼玉,121,2,3,3.92,逃,78.8,31.2,62.5,68.7,4,3,5,3,0,4,3,5,5,1,5,1,1,1-2,2,1,0,二分戦,自力。
065320261002,2026100253,6,2,2,0,013398,関敬,セキケイ,50,栃木,81,2,3,3.92,追,71.36,0,26.3,47.3,1,0,0,0,1,0,4,0,5,4,10,1,2,1-2,2,1,0,二分戦,近藤君。
065320261002,2026100253,6,3,3,0,014274,吉成晃一,ヨシナリコウイチ,40,熊本,92,2,3,3.92,両,70.85,10.7,25,35.7,0,1,1,1,3,2,1,3,4,3,18,2,2,6-3-4-5,4,6,0,二分戦,藤井君。
065320261002,2026100253,6,4,4,0,015062,大室翔,オオムロショウ,35,岡山,107,2,3,3.93,逃,70.19,9.5,19,47.6,2,4,4,2,1,1,0,2,2,6,11,2,3,6-3-4-5,4,6,0,二分戦,九州勢へ。
065320261002,2026100253,6,5,5,0,013508,曽我部匡史,ソガベマサヒト,52,愛媛,82,2,3,3.92,追,68.75,7.6,7.6,38.4,2,0,0,0,1,0,0,1,0,4,8,2,4,6-3-4-5,4,6,0,二分戦,大室君。
065320261002,2026100253,6,6,6,0,016012,藤井凜太郎,フジイリンタロウ,23,福岡,129,2,3,3.92,逃,68,8.3,25,25,0,4,5,3,0,0,0,1,2,0,9,2,1,6-3-4-5,4,6,0,二分戦,自力。
065320261002,2026100253,6,7,6,0,012206,白井一機,シライカズキ,57,愛知,65,2,3,3.92,追,67.72,5.5,11.1,38.8,0,0,0,0,2,0,0,1,1,5,11,3,1,7,1,7,1,二分戦,決めず。
075320261002,2026100253,7,1,1,0,015973,長川達哉,ナガカワタツヤ,23,埼玉,129,2,3,3.85,逃,79.2,60,85,85,1,18,17,16,0,1,0,12,5,0,3,1,1,1-2,2,1,0,三分戦,先行。
075320261002,2026100253,7,2,2,0,012586,佐藤和典,サトウカズノリ,55,神奈川,70,2,3,3.93,追,77.16,41.6,66.6,75,7,0,0,0,12,0,4,10,6,2,6,1,2,1-2,2,1,0,三分戦,長川君。
075320261002,2026100253,7,3,3,0,016006,高橋聖太,タカハシショウタ,25,愛媛,129,2,3,3.92,逃,76.88,38.8,61.1,66.6,0,9,7,5,0,6,0,7,4,1,6,2,1,3-5,2,3,0,三分戦,自力。
075320261002,2026100253,7,4,4,0,014829,桜井雄太,サクライユウタ,34,愛知,100,2,3,3.92,逃,75.33,29.5,59.1,66.6,0,2,4,3,2,8,3,8,8,2,9,3,1,4-6,2,4,0,三分戦,自力自在。
075320261002,2026100253,7,5,5,0,014787,瀬口匠,セグチタクミ,37,宮崎,99,2,3,3.92,両,73.91,16.6,50,54.1,0,0,0,0,4,2,6,4,8,1,11,2,2,3-5,2,3,0,三分戦,高橋君。
075320261002,2026100253,7,6,6,0,013210,川本恵二,カワモトケイジ,51,兵庫,78,2,3,3.92,追,71.45,16.6,25,41.6,3,0,0,0,5,0,1,4,2,4,14,3,2,4-6,2,4,0,三分戦,桜井君。
075320261002,2026100253,7,7,6,0,014179,肥後公允,ヒゴコウスケ,41,奈良,91,2,3,3.92,両,69.18,9,18,27.2,2,1,1,0,1,1,0,1,1,1,8,4,1,7,1,7,1,三分戦,一人で。
018520261002,2026100285,1,1,1,0,015150,宮地寧々,ミヤチネネ,31,岐阜,110,4,1,3.77,両,50.28,9.5,9.5,19,4,5,4,0,2,0,0,2,0,2,17,1,1,1,1,1,1,細切れ,自力基本。
018520261002,2026100285,1,2,2,0,015860,濱田芽生,ハマダメバエ,23,福井,126,4,1,3.77,両,47,0,4.1,12.5,2,2,0,0,0,0,1,0,1,2,21,3,1,2,1,2,1,細切れ,自在。
018520261002,2026100285,1,3,3,0,015074,島田優里,シマダユリ,31,長崎,108,4,1,3.77,追,49.28,4.7,19,28.5,0,1,0,0,1,0,3,1,3,2,15,2,1,3,1,3,1,細切れ,取れた位置から。
018520261002,2026100285,1,4,4,0,014907,中川諒子,ナカガワリョウコ,42,熊本,102,4,1,3.77,両,49.08,0,8.3,25,2,0,2,0,0,0,1,0,1,2,9,4,1,4,1,4,1,細切れ,取れた位置から。
018520261002,2026100285,1,5,5,0,015942,齊藤由莉,サイトウユリ,29,神奈川,128,4,1,3.77,両,49.18,0,23.5,35.2,3,4,2,2,0,0,2,0,4,2,11,5,1,5,1,5,1,細切れ,自力。
018520261002,2026100285,1,6,6,0,016029,松崎光優,マツザキミユウ,20,新潟,130,4,1,3.77,両,46.85,4.7,4.7,14.2,3,3,0,0,1,0,0,1,0,2,18,6,1,6,1,6,1,細切れ,自力自在。
018520261002,2026100285,1,7,6,0,016041,寺本愛花,テラモトマナカ,24,徳島,130,4,1,3.77,両,47.11,0,5.5,5.5,3,2,1,0,1,0,0,0,1,0,17,7,1,7,1,7,1,細切れ,自力自在。
028520261002,2026100285,2,1,1,0,013650,吉本哲郎,ヨシモトテツロウ,47,広島,84,2,1,3.92,両,91.83,44.4,50,50,5,0,0,0,8,0,1,8,1,0,9,2,1,1-7,2,1,0,三分戦,自分でやる。
028520261002,2026100285,2,2,2,0,014876,冨尾享平,トミオキョウヘイ,40,宮崎,101,2,1,3.92,追,80.73,6.6,20,33.3,5,3,3,2,1,0,0,1,2,2,10,1,1,2-6,2,2,0,三分戦,自力自在。
028520261002,2026100285,2,3,3,0,015909,馬越裕之,ウマコシヒロユキ,26,奈良,127,2,2,3.92,逃,83.27,8.3,25,41.6,2,8,5,1,0,2,0,1,2,2,7,3,1,3-5,2,3,0,三分戦,自力。
028520261002,2026100285,2,4,4,0,014172,山田隼司,ヤマダジユンジ,39,岐阜,91,2,2,3.92,両,81,9.5,19,33.3,4,7,6,2,2,0,0,2,2,3,14,4,1,4,1,4,1,三分戦,単騎で。
028520261002,2026100285,2,5,5,0,015114,谷口友真,タニグチユウマ,37,大阪,109,2,1,3.92,逃,87.04,9,31.8,40.9,2,4,1,3,2,1,1,2,5,2,13,3,2,3-5,2,3,0,三分戦,馬越君。
028520261002,2026100285,2,6,6,0,013147,米嶋賢二,ヨネシマケンジ,52,長崎,77,2,2,3.93,追,78.91,0,4.3,26,0,0,0,0,0,0,1,0,1,5,17,1,2,2-6,2,2,0,三分戦,冨尾君。
028520261002,2026100285,2,7,6,0,013654,滝山実,タキヤマミノル,49,徳島,84,2,2,3.92,追,81.15,0,19.2,34.6,2,0,0,0,1,0,4,0,5,4,17,2,2,1-7,2,1,0,三分戦,吉本君。
038520261002,2026100285,3,1,1,0,013824,上吹越直樹,カミフキゴシナオキ,44,鹿児島,86,2,1,3.92,両,91.44,11.1,33.3,50,4,0,1,0,3,2,1,2,4,3,9,1,1,1-7-4,3,1,0,三分戦,自分でやる。
038520261002,2026100285,3,2,2,0,014400,志水祐彦,シミズマサヒコ,41,大阪,94,2,2,3.92,追,88.42,6.6,33.3,46.6,3,0,0,0,1,0,4,1,4,2,8,2,2,6-2,2,6,0,三分戦,堀君。
038520261002,2026100285,3,3,3,0,015812,森崎英登,モリサキヒデト,27,愛知,125,2,1,3.92,逃,85.83,25,50,54.1,7,16,14,10,1,1,0,6,6,1,11,3,1,3-5,2,3,0,三分戦,自力。
038520261002,2026100285,3,4,4,0,014625,藤野貴章,フジノタカアキ,38,佐賀,97,2,2,3.92,追,82.2,0,6.6,33.3,0,0,0,0,0,0,1,0,1,4,10,1,3,1-7-4,3,1,0,三分戦,九州３番手。
038520261002,2026100285,3,5,5,0,013479,田中秀治,タナカシユウジ,49,岐阜,82,2,2,3.93,追,84.88,22.2,22.2,33.3,1,0,0,0,4,0,0,4,0,2,12,3,2,3-5,2,3,0,三分戦,森崎君。
038520261002,2026100285,3,6,6,0,015115,堀僚介,ホリリョウスケ,31,大阪,109,2,2,3.92,逃,78.45,12.5,16.6,16.6,1,6,5,0,4,0,0,3,1,0,20,2,1,6-2,2,6,0,三分戦,自力自在。
038520261002,2026100285,3,7,6,0,014048,川島勝,カワシママサル,44,長崎,89,2,2,3.85,追,86.23,23.7,42.8,47.6,12,0,0,0,7,0,2,5,4,1,11,1,2,1-7-4,3,1,0,三分戦,補充出走
048520261002,2026100285,4,1,1,0,011907,島野浩司,シマノコウジ,57,愛知,62,2,1,3.92,追,85.16,5.5,27.7,38.8,5,0,0,0,2,0,3,1,4,2,11,1,2,6-1,2,6,0,三分戦,下岡君。
048520261002,2026100285,4,2,2,0,014334,高倉俊宏,タカクラトシヒロ,39,福岡,93,2,2,3.92,両,82,4.1,12.5,20.8,2,1,1,1,1,0,1,1,2,2,19,3,1,2-4,2,2,0,三分戦,自力自在。
048520261002,2026100285,4,3,3,0,015639,松下綾馬,マツシタリョウマ,29,岡山,121,2,1,3.92,逃,88.58,4.1,41.6,62.5,8,17,19,6,1,3,0,1,9,5,9,2,1,3-7-5,3,3,0,三分戦,自力。
048520261002,2026100285,4,4,4,0,013892,梶山裕次郎,カジヤマユウジロウ,45,福岡,87,2,2,3.92,追,82.26,0,13,34.7,0,0,0,0,0,1,2,0,3,5,15,3,2,2-4,2,2,0,三分戦,高倉君。
048520261002,2026100285,4,5,5,0,015189,山本隼人,ヤマモトハヤト,28,大阪,111,2,2,3.92,追,89.94,40,50,75,14,0,0,0,9,0,1,8,2,5,5,2,3,3-7-5,3,3,0,三分戦,松下さんジカ。
048520261002,2026100285,4,6,6,0,015180,下岡将也,シモオカショウヤ,30,三重,111,2,2,3.92,逃,79.9,4.7,9.5,23.8,5,0,0,0,2,0,0,1,1,3,16,1,1,6-1,2,6,0,三分戦,自力。
048520261002,2026100285,4,7,6,0,013435,中石昌芳,ナカイシマサヨシ,51,広島,81,2,1,3.92,追,89.33,19,38,71.4,0,0,0,0,4,0,4,4,4,7,6,2,2,3-7-5,3,3,0,三分戦,松下君。
058520261002,2026100285,5,1,1,0,015208,金ヶ江勇気,カネガエユウキ,30,佐賀,111,2,1,3.92,両,93.33,7.3,51.8,62.9,4,1,1,1,5,1,7,2,12,3,10,1,2,5-1-3,3,5,0,二分戦,上野君。
058520261002,2026100285,5,2,2,0,012474,小川圭二,オガワケイジ,55,徳島,68,2,1,3.92,追,84.47,9.5,23.7,23.8,0,0,0,0,3,0,2,2,3,0,16,3,2,4-2-7,3,4,0,二分戦,眞砂君。
058520261002,2026100285,5,3,3,0,013863,吉田健市,ヨシダケンイチ,48,愛知,87,2,1,3.92,追,87.68,5.8,29.4,52.9,0,0,0,0,2,0,3,1,4,4,8,1,3,5-1-3,3,5,0,二分戦,九州勢へ。
058520261002,2026100285,5,4,4,0,015642,眞砂英作,マサゴエイサク,31,香川,121,2,2,3.93,逃,84.2,10,15,40,5,9,8,0,2,0,1,2,1,5,12,3,1,4-2-7,3,4,0,二分戦,自力自在。
058520261002,2026100285,5,5,5,0,015556,上野恭哉,ウエノキョウヤ,28,福岡,119,2,2,3.92,両,89.85,31.8,45.4,63.6,4,5,3,2,7,0,1,7,3,4,8,1,1,5-1-3,3,5,0,二分戦,自力。
058520261002,2026100285,5,6,6,0,013953,坂元洋行,サカモトヒロユキ,47,三重,88,2,2,3.92,追,80.8,0,14.2,28.5,5,0,0,0,3,0,0,0,3,3,15,2,1,6,1,6,1,二分戦,単騎。
058520261002,2026100285,5,7,6,0,014110,廣川泰昭,ヒロカワヤスアキ,43,愛媛,90,2,2,3.92,追,83.76,5,20,30,1,0,1,0,3,1,0,1,3,2,14,3,3,4-2-7,3,4,0,二分戦,四国３番手。
068520261002,2026100285,6,1,1,0,015410,村田奈穂,ムラタナホ,34,熊本,116,4,1,3.77,両,54.77,29.5,59.1,66.6,1,0,4,0,3,12,1,8,8,2,9,5,1,1,1,1,1,細切れ,自力自在。
068520261002,2026100285,6,2,2,0,015023,石井貴子,イシイタカコ,36,千葉,106,4,1,3.79,両,57.5,38.8,61.1,100,0,1,2,1,5,4,1,7,4,7,0,3,1,2,1,2,1,細切れ,自力基本。
068520261002,2026100285,6,3,3,0,015853,中島瞳,ナカジマヒトミ,22,埼玉,126,4,1,3.79,両,56.44,44.4,72.2,88.8,5,2,1,1,5,6,1,8,5,3,2,2,1,3,1,3,1,細切れ,自力自在。
068520261002,2026100285,6,4,4,0,015947,北岡マリア,キタオカマリア,20,石川,128,4,1,3.79,両,56,33.3,61.1,66.6,0,3,3,2,1,8,0,6,5,1,6,6,1,4,1,4,1,細切れ,自在。
068520261002,2026100285,6,5,5,0,015858,平子結菜,ヒラコユウナ,22,三重,126,4,1,3.77,両,50.87,4.1,8.3,33.3,5,5,7,0,1,0,1,1,1,6,16,7,1,5,1,5,1,細切れ,自在。
068520261002,2026100285,6,6,6,0,015222,高橋智香,タカハシチカ,29,愛知,112,4,1,3.77,両,49.09,4.7,14.2,33.3,4,2,0,0,1,0,2,1,2,4,14,4,1,6,1,6,1,細切れ,前々。
068520261002,2026100285,6,7,6,0,015315,渡口まりあ,ワタリグチマリア,31,山口,114,4,1,3.77,両,53.1,16.6,33.3,63.3,10,18,17,4,2,3,1,5,5,9,11,1,1,7,1,7,1,細切れ,流れ見て。
078520261002,2026100285,7,1,1,0,014326,福島栄一,フクシマエイイチ,42,香川,93,2,1,3.93,追,89.09,14.2,19,33.3,10,1,0,0,4,0,0,3,1,3,14,1,2,4-1,2,4,0,三分戦,長野君。
078520261002,2026100285,7,2,2,0,015446,林敬宏,ハヤシタカヒロ,35,愛知,117,2,1,3.92,逃,91.62,12.5,29,62.5,4,7,6,5,0,2,0,3,4,8,9,2,1,2-7-5,3,2,0,三分戦,自力。
078520261002,2026100285,7,3,3,0,013054,石丸寛之,イシマルヒロユキ,52,岡山,76,2,1,3.92,追,89.8,23.7,33.3,61.9,0,0,0,0,6,0,1,5,2,6,8,3,2,6-3,2,6,0,三分戦,高井君。
078520261002,2026100285,7,4,4,0,015927,長野魅切,ナガノミギリ,23,愛媛,127,2,1,3.92,逃,94.85,19,61.9,76.1,0,14,15,10,0,3,0,4,9,3,5,1,1,4-1,2,4,0,三分戦,自力。
078520261002,2026100285,7,5,5,0,015005,野口正則,ノグチマサノリ,36,奈良,105,2,1,3.92,両,91.61,28.4,33.3,47.6,7,0,0,0,5,1,1,6,1,3,11,2,3,2-7-5,3,2,0,三分戦,愛知勢へ。
078520261002,2026100285,7,6,6,0,015277,高井流星,タカイリュウセイ,31,岡山,113,2,2,3.92,逃,87.2,16.6,50,62.5,2,11,12,8,2,2,0,4,8,3,9,3,1,6-3,2,6,0,三分戦,自力。
078520261002,2026100285,7,7,6,0,013570,加藤寛治,カトウカンジ,48,愛知,83,2,1,3.92,両,88.47,38,38,52.3,12,0,1,0,8,0,0,8,0,3,10,2,2,2-7-5,3,2,0,三分戦,林君。
012520261002,2026100225,1,1,1,0,014169,富安保充,トミヤスヤスミツ,44,愛知,91,2,2,3.83,追,82.73,8.6,13,39.1,2,0,1,0,3,0,0,2,1,6,14,2,2,6-1,2,6,0,三分戦,日浦君へ。
012520261002,2026100225,1,2,2,0,013660,徳吉広紀,トクヨシヒロキ,49,福岡,84,2,2,3.92,追,84.12,4.1,20.8,50,7,0,0,0,1,0,4,1,4,7,12,1,2,7-2-5,3,7,0,三分戦,緒方君へ。
012520261002,2026100225,1,3,3,0,015897,森飛龍,モリヒリュウ,23,静岡,127,2,2,3.92,逃,80.29,5.8,11.7,17.6,2,3,3,1,0,1,0,1,1,1,14,3,1,3-4,2,3,0,三分戦,自力自在。
012520261002,2026100225,1,4,4,0,014464,中西司,ナカニシツカサ,45,神奈川,95,2,2,3.92,追,83.19,4.7,23.7,28.5,0,0,0,0,1,0,4,1,4,1,15,3,2,3-4,2,3,0,三分戦,森君。
012520261002,2026100225,1,5,5,0,013142,黒田大介,クロダダイスケ,52,愛媛,77,2,2,3.92,追,80.21,0,0,17.3,0,0,0,0,0,0,0,0,0,4,19,1,3,7-2-5,3,7,0,三分戦,九州勢へ。
012520261002,2026100225,1,6,6,0,015112,日浦崇道,ヒウラタカミチ,35,和歌山,109,2,2,3.92,逃,75.8,0,0,4.7,3,8,1,0,0,0,0,0,0,1,20,2,1,6-1,2,6,0,三分戦,自力。
012520261002,2026100225,1,7,6,0,015387,緒方慎太朗,オガタシンタロウ,27,熊本,115,2,2,3.92,逃,84.23,14.2,33.3,42.8,0,7,5,4,0,3,0,3,4,2,12,1,1,7-2-5,3,7,0,三分戦,自力。
022520261002,2026100225,2,1,1,0,013690,伊藤大理,イトウヒロミチ,49,長野,85,2,2,3.92,追,82.63,9,27.2,45.4,6,0,0,0,5,0,1,2,4,4,12,1,1,1,1,1,1,二分戦,決めずに。
022520261002,2026100225,2,2,2,0,015898,岩原健馬,イワハラケンマ,21,愛知,127,2,2,3.92,逃,83.27,16.6,22.2,44.4,1,8,7,2,0,2,0,3,1,4,10,2,1,2-5-7,3,2,0,二分戦,自力。
022520261002,2026100225,2,3,3,0,013507,吉岡篤志,ヨシオカアツシ,47,徳島,82,2,1,3.92,追,84.57,4.7,28.4,47.6,1,0,0,0,2,0,4,1,5,4,11,3,2,4-3-6,3,4,0,二分戦,土井君。
022520261002,2026100225,2,4,4,0,015918,土井慎二,ドイシンジ,29,岡山,127,2,2,3.92,逃,83.61,14.2,23.7,42.8,3,7,7,3,2,0,0,3,2,4,12,3,1,4-3-6,3,4,0,二分戦,自力。
022520261002,2026100225,2,5,5,0,013484,表大暁,オモテヒロアキ,51,富山,82,2,2,3.92,追,83.26,5.2,10.5,36.8,2,0,0,0,1,0,1,1,1,5,12,2,2,2-5-7,3,2,0,二分戦,岩原君。
022520261002,2026100225,2,6,6,0,012473,清水邦章,シミズクニアキ,55,香川,68,2,2,3.92,追,79.52,0,4.7,14.2,0,0,0,0,0,0,1,0,1,2,18,3,3,4-3-6,3,4,0,二分戦,中四国３番手。
022520261002,2026100225,2,7,6,0,012861,小坂敏之,コサカトシユキ,53,栃木,74,2,2,3.93,追,81.16,0,4.1,20.8,0,0,0,0,1,0,0,0,1,4,19,2,3,2-5-7,3,2,0,二分戦,中部勢へ。
032520261002,2026100225,3,1,1,0,015839,船山真生,フナヤママサキ,22,愛媛,125,2,1,3.92,逃,92.7,20,45,50,2,10,11,8,0,1,0,4,5,1,10,1,1,1-7-4,3,1,0,三分戦,自力。
032520261002,2026100225,3,2,2,0,015245,尾崎悠生,オザキユウセイ,29,埼玉,113,2,1,3.85,逃,88.61,38,47.5,52.3,0,11,7,4,0,6,0,8,2,1,10,2,1,2-6,2,2,0,三分戦,自力。
032520261002,2026100225,3,3,3,0,013716,佐藤亙,サトウワタル,47,愛知,85,2,1,3.92,追,91.61,28.4,57,71.4,1,0,0,0,7,0,5,6,6,3,6,3,2,5-3,2,5,0,三分戦,伊原君。
032520261002,2026100225,3,4,4,0,014779,名川豊,ナガワユタカ,35,福岡,99,2,1,3.92,追,89.52,33.3,47.5,57.1,2,0,0,0,7,1,2,7,3,2,9,1,3,1-7-4,3,1,0,三分戦,山崎君。
032520261002,2026100225,3,5,5,0,014178,伊原克彦,イハラカツヒコ,44,福井,91,2,1,3.92,両,90.66,27.7,55.5,72.2,2,1,2,1,2,6,1,5,5,3,5,3,1,5-3,2,5,0,三分戦,自力。
032520261002,2026100225,3,6,6,0,014227,緒方剛,オガタツヨシ,43,埼玉,92,2,2,3.93,追,81,8.3,20.8,25,2,0,0,0,5,0,0,2,3,1,18,2,2,2-6,2,2,0,三分戦,尾崎君。
032520261002,2026100225,3,7,6,0,015550,山崎航,ヤマサキワタル,31,山口,119,2,1,3.92,逃,88.73,17.2,39.1,52.1,1,8,9,3,0,5,1,4,5,3,11,1,2,1-7-4,3,1,0,三分戦,船山君。
042520261002,2026100225,4,1,1,0,012785,小橋明紀,コバシアキノリ,53,青森,73,2,1,3.92,追,94.15,21.4,50,57.1,2,0,0,0,4,0,3,3,4,1,6,1,2,4-1-5,3,4,0,三分戦,菅野君。
042520261002,2026100225,4,2,2,0,015182,吉川希望,ヨシカワキボウ,33,石川,111,2,1,3.92,逃,92.19,33.3,52.3,57.1,5,9,6,4,4,3,0,7,4,1,9,2,1,2-6,2,2,0,三分戦,自力。
042520261002,2026100225,4,3,3,0,015693,松田昂己,マツダコウキ,25,茨城,123,2,2,3.92,逃,86.04,38,47.5,57.1,0,10,10,6,0,3,1,8,2,2,9,3,1,3-7,2,3,0,三分戦,自力。
042520261002,2026100225,4,4,4,0,015508,菅野航基,カンノコウキ,25,宮城,119,2,1,3.92,逃,95.28,47.5,71.3,76.1,7,10,11,9,4,2,0,10,5,1,5,1,1,4-1-5,3,4,0,三分戦,自力。
042520261002,2026100225,4,5,5,0,014204,大崎和也,オオサキカズヤ,39,青森,92,2,1,3.92,追,86.28,19,28.4,28.5,5,0,0,0,4,0,2,4,2,0,15,1,3,4-1-5,3,4,0,三分戦,北の３番手。
042520261002,2026100225,4,6,6,0,012747,布居寛幸,ヌノイヒロユキ,52,和歌山,72,2,1,3.92,追,85.88,16.6,27.7,44.4,0,0,0,0,3,0,2,3,2,3,10,2,2,2-6,2,2,0,三分戦,吉川君。
042520261002,2026100225,4,7,6,0,013465,春日勇人,カスガハヤト,50,千葉,82,2,1,3.92,追,86.91,16.6,41.6,66.6,2,0,0,0,6,0,4,4,6,6,8,3,2,3-7,2,3,0,三分戦,松田君。
052520261002,2026100225,5,1,1,0,015346,鈴木薫,スズキカオル,27,東京,115,2,1,3.92,逃,95.94,50,72.2,77.7,6,4,5,4,4,5,0,9,4,1,4,1,1,1-5,2,1,0,三分戦,自力自在。
052520261002,2026100225,5,2,2,0,014572,赤塚悠人,アカツカユウト,40,山形,97,2,1,3.92,両,83.42,14.2,28.4,38,2,2,3,0,1,5,0,3,3,2,13,2,1,2-6,2,2,0,三分戦,自力自在。
052520261002,2026100225,5,3,3,0,014181,藤原悠斗,フジワラユウト,40,岡山,91,2,2,3.93,追,83.88,3.8,30.7,38.4,0,0,0,0,1,0,7,1,7,2,16,3,3,7-4-3,3,7,0,三分戦,柳谷さん。
052520261002,2026100225,5,4,4,0,013885,柳谷崇,ヤナギダニタカシ,48,岡山,87,2,1,3.92,追,91.6,15,35,50,5,0,0,0,4,0,3,3,4,3,10,3,2,7-4-3,3,7,0,三分戦,田中君。
052520261002,2026100225,5,5,5,0,014139,小田倉勇二,オダクラユウジ,42,埼玉,91,2,1,3.92,両,94.04,23.7,47.5,66.6,2,0,0,0,6,2,2,5,5,4,7,1,2,1-5,2,1,0,三分戦,鈴木君へ。
052520261002,2026100225,5,6,6,0,015157,高橋大輝,タカハシダイキ,32,秋田,111,2,2,3.92,両,81.85,14.2,19,28.5,0,0,0,0,3,1,0,3,1,2,15,2,2,2-6,2,2,0,三分戦,赤塚さん。
052520261002,2026100225,5,7,6,0,015748,田中会心,タナカカイシン,26,熊本,123,2,1,3.92,逃,88.29,20.8,33.3,54.1,0,14,16,6,0,2,0,5,3,5,11,3,1,7-4-3,3,7,0,三分戦,自力。
062520261002,2026100225,6,1,1,0,013821,中村圭志,ナカムラキヨシ,45,熊本,86,1,1,3.93,追,105.42,13.6,31.8,31.8,2,0,0,0,6,0,1,3,4,0,15,2,1,1,1,1,1,二分戦,決めずに。
062520261002,2026100225,6,2,2,0,014163,内田英介,ウチダエイスケ,45,東京,91,1,2,3.92,追,96.65,3.4,13.7,31,22,0,0,0,1,0,3,1,3,5,20,1,2,5-2,2,5,0,二分戦,柿本君。
062520261002,2026100225,6,3,3,0,013357,近藤誠二,コンドウセイジ,48,香川,80,1,2,3.92,追,96.03,3.4,3.4,27.5,0,0,0,0,1,0,0,1,0,7,21,3,2,4-3,2,4,0,二分戦,藤田さん。
062520261002,2026100225,6,4,4,0,013497,藤田昌宏,フジタマサヒロ,52,岡山,82,1,2,3.92,両,96.35,6.4,19.3,29,1,9,6,3,2,1,0,2,4,3,22,3,1,4-3,2,4,0,二分戦,自力。
062520261002,2026100225,6,5,5,0,015251,柿本大貴,カキモトダイキ,30,東京,113,1,2,3.92,逃,94.68,0,26.3,26.3,0,6,4,4,1,0,0,0,5,0,14,1,1,5-2,2,5,0,二分戦,自力。
072520261002,2026100225,7,1,1,0,015787,中村龍吉,ナカムラタツヨシ,26,福島,125,1,2,3.92,逃,102.66,25,41.6,54.1,7,9,9,6,0,4,0,6,4,3,11,1,1,1-4-5,3,1,0,二分戦,自力。
072520261002,2026100225,7,2,2,0,014752,竹内雄作,タケウチユウサク,39,岐阜,99,1,2,3.92,逃,99,4,16,40,2,9,7,2,2,0,0,1,3,6,15,2,1,2-3-6,3,2,0,二分戦,自力。
072520261002,2026100225,7,3,3,0,013719,吉田敏洋,ヨシダトシヒロ,46,愛知,85,1,2,3.92,両,102,0,39.1,47.8,0,0,0,0,2,0,7,0,9,2,12,2,2,2-3-6,3,2,0,二分戦,竹内君。
072520261002,2026100225,7,4,4,0,014292,丸山直樹,マルヤマナオキ,40,埼玉,93,1,2,3.92,追,96.35,7.1,17.8,25,6,0,0,0,3,0,2,2,3,2,21,1,2,1-4-5,3,1,0,二分戦,補充出走
072520261002,2026100225,7,5,5,0,013883,高津晃治,タカツコウジ,47,岡山,87,1,2,3.92,追,99.61,11.1,11.1,27.7,1,0,0,0,2,0,0,2,0,3,13,1,3,1-4-5,3,1,0,二分戦,東日本の後ろへ。
072520261002,2026100225,7,6,6,0,013878,松岡健介,マツオカケンスケ,48,兵庫,87,1,2,3.92,両,94.45,4.1,12.5,16.6,1,0,0,0,3,0,0,1,2,1,20,2,3,2-3-6,3,2,0,二分戦,中部勢へ。
082520261002,2026100225,8,1,1,0,014886,山本伸一,ヤマモトシンイチ,43,奈良,101,1,2,3.92,両,105.61,20,35,50,3,0,0,0,4,1,2,4,3,3,10,1,2,5-1-4,3,5,0,二分戦,稲毛君。
082520261002,2026100225,8,2,2,0,014792,坂本周輝,サカモトシュウキ,35,青森,100,1,2,3.92,両,99.88,5.5,27.7,38.8,3,1,1,0,3,0,2,1,4,2,11,4,1,2-6,2,2,0,二分戦,自力自在。
082520261002,2026100225,8,3,3,0,014076,志村太賀,シムラタイガ,43,山梨,90,1,1,3.92,追,100,0,16,32,3,0,0,0,2,0,2,0,4,4,17,2,1,3,1,3,1,二分戦,単騎。
082520261002,2026100225,8,4,4,0,013514,山口貴嗣,ヤマグチヨシツグ,48,福岡,82,1,2,3.92,追,100.68,7.6,38.4,38.4,2,0,0,0,3,0,7,2,8,0,16,1,3,5-1-4,3,5,0,二分戦,近畿勢へ。
082520261002,2026100225,8,5,5,0,015723,稲毛知也,イナケトモヤ,28,和歌山,123,1,2,3.92,逃,96.91,13,21.7,30.4,4,7,13,2,0,3,0,3,2,2,16,1,1,5-1-4,3,5,0,二分戦,自力。
082520261002,2026100225,8,6,6,0,012786,佐藤康紀,サトウヤスノリ,52,青森,73,1,2,3.92,追,93.43,0,4.3,13,0,0,0,0,0,0,1,0,1,2,20,4,2,2-6,2,2,0,二分戦,坂本君。
082520261002,2026100225,8,7,6,0,014506,磯田旭,イソダアキラ,36,栃木,96,1,2,3.92,追,101.15,0,19,33.3,2,0,0,0,2,0,2,0,4,3,14,3,1,7,1,7,1,二分戦,単騎。
092520261002,2026100225,9,1,1,0,013855,近藤俊明,コンドウトシアキ,48,神奈川,87,1,2,3.92,追,99.96,3.3,20,26.6,3,0,0,0,4,0,2,1,5,2,22,1,2,6-1-4,3,6,0,三分戦,栗本君へ。
092520261002,2026100225,9,2,2,0,014720,高橋広大,タカハシコウダイ,39,埼玉,99,1,2,3.92,追,99.22,0,9,36.3,3,0,0,0,1,0,1,0,2,6,14,2,2,7-2,2,7,0,三分戦,西岡君。
092520261002,2026100225,9,3,3,0,015836,遠藤拓巳,エンドウタクミ,26,香川,125,1,2,3.92,逃,101.34,17.2,30.4,43.4,0,13,11,4,0,2,1,4,3,3,13,3,1,3-5,2,3,0,三分戦,自力。
092520261002,2026100225,9,4,4,0,013944,桐山敬太郎,キリヤマケイタロウ,44,神奈川,88,1,2,3.92,追,99.37,3.4,17.2,31,3,0,0,0,0,2,3,1,4,4,20,1,3,6-1-4,3,6,0,三分戦,南関３番手。
092520261002,2026100225,9,5,5,0,014846,久米康平,クメコウヘイ,35,徳島,100,1,1,3.92,両,103.85,9,22.7,36.3,3,4,3,1,1,3,0,2,3,3,14,3,2,3-5,2,3,0,三分戦,遠藤君。
092520261002,2026100225,9,6,6,0,015524,栗本武典,クリモトタケノリ,30,千葉,119,1,2,3.92,両,92.71,0,0,9.5,0,1,0,0,0,0,0,0,0,2,19,1,1,6-1-4,3,6,0,三分戦,自力自在。
092520261002,2026100225,9,7,6,0,015823,西岡利起,ニシオカマサキ,25,奈良,125,1,2,3.93,逃,93.6,4,4,12,1,16,8,0,0,1,0,1,0,2,22,2,1,7-2,2,7,0,三分戦,自力。
102520261002,2026100225,10,1,1,0,014484,河端朋之,カワバタトモユキ,41,岡山,95,1,1,3.93,逃,110.2,16.1,38.7,48.3,5,7,10,1,4,7,0,5,7,3,16,1,1,1-4,2,1,0,三分戦,自力。
102520261002,2026100225,10,2,2,0,015096,大石剣士,オオイシケンシ,30,静岡,109,1,2,3.92,逃,105.42,29.5,44.4,55.5,1,9,10,5,1,6,0,8,4,3,12,2,1,2-7-5,3,2,0,三分戦,自力。
102520261002,2026100225,10,3,3,0,015341,坂井洋,サカイヨウ,31,栃木,115,1,1,3.92,両,114.37,29.5,44.4,59.2,6,3,4,1,5,4,2,8,4,4,11,3,2,6-3,2,6,0,三分戦,熊崎君。
102520261002,2026100225,10,4,4,0,013118,山内卓也,ヤマウチタクヤ,49,愛知,77,1,2,3.92,追,101.6,20,36.6,46.6,1,0,0,0,8,0,3,6,5,3,16,1,2,1-4,2,1,0,三分戦,河端君。
102520261002,2026100225,10,5,5,0,014795,櫻井正孝,サクライマサタカ,39,宮城,100,1,1,3.92,追,103.6,0,17.2,43.4,3,0,0,0,1,0,3,0,4,6,13,2,3,2-7-5,3,2,0,三分戦,星野君。
102520261002,2026100225,10,6,6,0,015697,熊崎麻人,クマザキアサト,26,埼玉,123,1,2,3.92,逃,97.82,0,15.7,42.1,5,8,3,1,0,2,0,0,3,5,11,3,1,6-3,2,6,0,三分戦,自力。
102520261002,2026100225,10,7,6,0,015328,星野洋輝,ホシノヒロキ,26,福島,115,1,1,3.92,追,105.68,22.7,31.8,54.5,6,0,0,0,3,2,2,5,2,5,10,2,2,2-7-5,3,2,0,三分戦,大石さん。
112520261002,2026100225,11,1,1,0,015051,簗田一輝,ヤナダカズキ,30,静岡,107,1,1,3.92,両,112.75,25,43.7,62.5,5,0,0,0,4,1,2,4,3,3,6,1,2,5-1-4,3,5,0,三分戦,根田さん。
112520261002,2026100225,11,2,2,0,014800,伊東翔貴,イトウヒロキ,36,福島,100,1,2,3.92,逃,101.77,16.6,38.8,44.4,3,5,7,2,2,3,0,3,4,1,10,2,2,7-2,2,7,0,三分戦,櫻井君。
112520261002,2026100225,11,3,3,0,015381,岩谷拓磨,イワタニタクマ,29,福岡,115,1,1,3.92,逃,107.17,27.5,41.3,51.7,9,6,3,1,6,5,0,8,4,3,14,3,2,6-3,2,6,0,三分戦,中川君。
112520261002,2026100225,11,4,4,0,014020,松坂洋平,マツザカヨウヘイ,44,神奈川,89,1,1,3.92,両,106.85,21.4,39.2,50,5,0,0,0,7,2,2,6,5,3,14,1,3,5-1-4,3,5,0,三分戦,南関３番手。
112520261002,2026100225,11,5,5,0,014380,根田空史,ネダタカシ,38,千葉,94,1,1,3.92,逃,111.8,19.2,46.1,61.5,0,3,11,3,1,7,1,5,7,4,10,1,1,5-1-4,3,5,0,三分戦,自力。
112520261002,2026100225,11,6,6,0,015651,中川聖大,ナカガワセイダイ,28,福岡,121,1,2,3.92,逃,99.91,12,20,40,1,12,12,2,1,2,0,3,2,5,15,3,1,6-3,2,6,0,三分戦,自力。
112520261002,2026100225,11,7,6,0,015417,櫻井祐太郎,サクライユウタロウ,27,宮城,117,1,1,3.92,逃,102.29,16.6,29,33.3,2,12,10,6,0,1,0,4,3,1,16,2,1,7-2,2,7,0,三分戦,自力。
122520261002,2026100225,12,1,1,0,015248,森田優弥,モリタユウヤ,28,埼玉,113,1,2,3.92,逃,113.73,42.3,53.8,65.3,2,6,11,4,0,10,0,11,3,3,9,1,1,1-7-4,3,1,0,三分戦,自力。
122520261002,2026100225,12,2,2,0,015475,伊藤旭,イトウアサヒ,26,熊本,117,1,1,3.92,両,110.39,21.4,32.1,53.5,2,1,2,1,5,3,0,6,3,6,13,2,1,2-5,2,2,0,三分戦,自力。
122520261002,2026100225,12,3,3,0,015173,格清洋介,カクセイヨウスケ,32,静岡,111,1,2,3.93,逃,101.6,42.8,46.4,57.1,0,7,8,4,1,8,0,12,1,3,12,3,1,3-6,2,3,0,三分戦,自力。
122520261002,2026100225,12,4,4,0,014500,竹村勇祐,タケムラユウスケ,36,秋田,96,1,2,3.92,追,104.36,10,30,50,1,0,0,0,4,0,2,2,4,4,10,1,3,1-7-4,3,1,0,三分戦,地元勢へ。
122520261002,2026100225,12,5,5,0,015296,上田尭弥,ウエダタカヤ,28,熊本,113,1,2,3.92,逃,99.47,21.7,39.1,43.4,3,4,6,4,2,3,0,5,4,1,13,2,2,2-5,2,2,0,三分戦,伊藤君。
122520261002,2026100225,12,6,6,0,014239,鈴木裕,スズキヒロシ,41,千葉,92,1,2,3.92,両,97.95,16,24,36,9,1,0,0,3,2,1,4,2,3,16,3,2,3-6,2,3,0,三分戦,格清君へ。
122520261002,2026100225,12,7,6,0,014152,宿口陽一,ヤドグチヨウイチ,42,埼玉,91,1,1,3.92,両,107.1,19,28.4,33.3,3,1,0,0,5,0,1,4,2,1,14,1,2,1-7-4,3,1,0,三分戦,森田君。
013420261002,2026100234,1,1,1,0,013384,金子兼久,カネコカネヒサ,48,宮城,81,2,2,3.92,追,81.58,0,12.5,25,2,0,0,0,1,0,2,0,3,3,18,1,3,5-2-1,3,5,0,三分戦,九州勢へ。
013420261002,2026100234,1,2,2,0,014269,梶原恵介,カジワラケイスケ,44,大分,92,2,1,3.92,追,85.19,4.7,33.3,52.3,0,0,0,0,2,0,5,1,6,4,10,1,2,5-2-1,3,5,0,三分戦,櫻木君。
013420261002,2026100234,1,3,3,0,013494,土井勲,ドイイサオ,52,岡山,82,2,2,3.92,追,81.55,10.7,10.7,32.1,0,0,0,0,3,0,0,3,0,6,19,3,2,6-3,2,6,0,三分戦,増田君。
013420261002,2026100234,1,4,4,0,015829,油谷蒼,アブタニソウ,31,兵庫,125,2,2,3.92,逃,80.91,8.3,16.6,16.6,1,7,5,1,0,0,1,1,1,0,10,2,1,4-7,2,4,0,三分戦,自力。
013420261002,2026100234,1,5,5,0,015740,櫻木雄太,サクラギユウタ,25,福岡,123,2,1,3.92,逃,85.28,20,46.6,46.6,2,1,1,1,1,3,2,3,4,0,8,1,1,5-2-1,3,5,0,三分戦,自力。
013420261002,2026100234,1,6,6,0,015281,増田仁,マスダヒトシ,41,広島,113,2,2,3.92,逃,80,7.6,19.2,34.6,1,12,10,3,0,2,0,2,3,4,17,3,1,6-3,2,6,0,三分戦,自力。
013420261002,2026100234,1,7,6,0,013273,西徹,ニシトオル,49,石川,79,2,2,3.92,追,84,9.5,14.2,33.3,0,0,0,0,3,0,0,2,1,4,14,2,2,4-7,2,4,0,三分戦,油谷君。
023420261002,2026100234,2,1,1,0,015743,丸林駿太,マルバヤシシュンタ,24,福岡,123,2,2,3.92,逃,78.93,6.6,6.6,13.3,0,11,7,0,1,0,0,1,0,1,13,3,1,1-6,2,1,0,三分戦,自力。
023420261002,2026100234,2,2,2,0,015264,渡邉直弥,ワタナベナオヤ,30,静岡,113,2,2,3.92,両,83.6,5,15,35,6,3,0,0,1,1,1,1,2,4,13,2,1,2-5,2,2,0,三分戦,自力自在。
023420261002,2026100234,2,3,3,0,013729,堺文人,サカイフミヒト,47,和歌山,85,2,2,3.92,追,81.45,8.3,12.5,33.3,2,0,0,0,1,1,1,2,1,5,16,1,3,7-4-3,3,7,0,三分戦,中近３番手。
023420261002,2026100234,2,4,4,0,013047,田中俊充,タナカトシミツ,51,福井,76,2,1,3.92,追,86.61,0,33.3,55.5,1,0,0,0,1,0,5,0,6,4,8,1,2,7-4-3,3,7,0,三分戦,岩元君。
023420261002,2026100234,2,5,5,0,014012,関智晴,セキトモハル,42,新潟,89,2,2,3.92,追,83.66,4.7,14.2,28.5,5,0,0,0,3,0,0,1,2,3,15,2,2,2-5,2,2,0,三分戦,渡邉君。
023420261002,2026100234,2,6,6,0,012914,武市和人,タケチカズヒト,52,高知,74,2,2,3.79,追,76.34,0,0,3.8,1,0,0,0,0,0,0,0,0,1,25,3,2,1-6,2,1,0,三分戦,丸林君。
023420261002,2026100234,2,7,6,0,015820,岩元叶馬,イワモトキョウマ,23,富山,125,2,1,3.92,逃,86.28,4.7,33.3,42.8,10,9,9,2,0,4,1,1,6,2,12,1,1,7-4-3,3,7,0,三分戦,自力。
033420261002,2026100234,3,1,1,0,014235,鈴木庸之,スズキノブユキ,40,新潟,92,2,1,3.92,両,93,16.6,38.8,61.1,4,0,0,0,4,2,1,3,4,4,7,2,1,1-4,2,1,0,三分戦,自力自在。
033420261002,2026100234,3,2,2,0,015194,船瀬惇平,フナセジュンペイ,32,広島,111,2,1,3.93,逃,93,33.3,38.8,66.6,0,7,4,3,3,1,0,6,1,5,6,3,1,2-7,2,2,0,三分戦,自力。
033420261002,2026100234,3,3,3,0,014740,須藤悟,スドウサトル,37,千葉,99,2,1,3.92,追,92.08,8.3,33.3,50,8,0,0,0,5,0,3,2,6,4,12,1,2,5-3-6,3,5,0,三分戦,池田君目標。
033420261002,2026100234,3,4,4,0,013311,根本雄紀,ネモトユウキ,49,茨城,80,2,1,3.92,追,86.7,12,20,36,1,0,0,0,4,0,1,3,2,4,16,2,2,1-4,2,1,0,三分戦,鈴木君マーク。
033420261002,2026100234,3,5,5,0,015872,池田充槻,イケダミツキ,20,秋田,127,2,2,3.92,逃,90.8,40,60,66.6,1,8,9,9,0,0,0,6,3,1,5,1,1,5-3-6,3,5,0,三分戦,自力。
033420261002,2026100234,3,6,6,0,014520,伊藤彰規,イトウアキノリ,36,神奈川,96,2,2,3.92,両,82.14,9.5,19,38,0,2,2,1,2,1,0,2,2,4,13,1,3,5-3-6,3,5,0,三分戦,須藤さんへ。
033420261002,2026100234,3,7,6,0,012380,近藤修康,コンドウノブヤス,54,岡山,67,2,1,3.92,追,87.66,5.2,15.7,31.5,0,0,0,0,1,0,2,1,2,3,13,3,2,2-7,2,2,0,三分戦,船瀬君目標。
043420261002,2026100234,4,1,1,0,014981,磯島康祐,イソジマコウスケ,34,青森,105,2,1,3.92,逃,91.61,23.7,38,57.1,2,10,14,3,0,4,1,5,3,4,9,1,1,1-4,2,1,0,三分戦,自力。
043420261002,2026100234,4,2,2,0,014336,八尋翔平,ヤヒロシヨウヘイ,39,福岡,93,2,2,3.92,追,85.58,15.7,31.5,36.8,0,0,0,0,2,0,4,3,3,1,12,2,2,7-2-6,3,7,0,三分戦,辻田君目標。
043420261002,2026100234,4,3,3,0,015880,吉岡優太,ヨシオカユウタ,24,茨城,127,2,2,3.92,逃,88.88,16.6,50,61.1,9,11,10,6,1,1,1,3,6,2,7,3,1,3-5,2,3,0,三分戦,自力。
043420261002,2026100234,4,4,4,0,014822,関根健太郎,セキネケンタロウ,35,神奈川,100,2,1,3.92,両,89.15,15,35,55,6,4,5,2,4,1,0,3,4,4,9,1,2,1-4,2,1,0,三分戦,磯島君目標。
043420261002,2026100234,4,5,5,0,014144,石川雅望,イシカワマサモチ,40,群馬,91,2,1,3.92,追,89.41,23.5,29.4,52.9,4,0,0,0,5,0,0,4,1,4,8,3,2,3-5,2,3,0,三分戦,吉岡君目標。
043420261002,2026100234,4,6,6,0,013896,安東英博,アンドウヒデヒロ,46,大分,87,2,2,3.92,追,81.95,12.5,20.8,37.5,0,0,0,0,5,0,0,3,2,4,15,2,3,7-2-6,3,7,0,三分戦,八尋君の後ろ。
043420261002,2026100234,4,7,6,0,015904,辻田祥大,ツジタショウタ,23,三重,127,2,2,3.93,逃,89.66,33.3,44.4,66.6,1,10,11,5,0,3,0,6,2,4,6,2,1,7-2-6,3,7,0,三分戦,自力。
053420261002,2026100234,5,1,1,0,015116,池野健太,イケノケンタ,34,兵庫,109,2,1,3.92,逃,96.22,51.8,70.3,85.1,11,2,3,3,5,11,0,14,5,4,4,1,1,1-7,2,1,0,三分戦,自力自在。
053420261002,2026100234,5,2,2,0,014077,古屋琢晶,フルヤタカアキ,40,山梨,90,2,1,3.92,両,87.87,35.1,35.1,47,6,4,3,0,2,4,0,6,0,2,9,2,1,2-4-6,3,2,0,三分戦,自力。
053420261002,2026100234,5,3,3,0,015554,近藤翔馬,コンドウショウマ,28,愛媛,119,2,1,3.92,逃,89.87,22.2,22.2,22.2,1,0,0,0,0,2,0,2,0,0,7,3,1,3-5,2,3,0,三分戦,自力自在。
053420261002,2026100234,5,4,4,0,013929,宮内善光,ミヤウチゼンコウ,45,群馬,88,2,2,3.92,追,89.19,9.5,52.3,61.9,3,0,0,0,6,0,5,2,9,2,8,2,2,2-4-6,3,2,0,三分戦,古屋君マーク。
053420261002,2026100234,5,5,5,0,014634,寺崎祐樹,テラザキユウキ,39,熊本,97,2,1,3.92,追,87,25,41.6,54.1,5,1,1,0,8,0,2,6,4,3,11,3,2,3-5,2,3,0,三分戦,近藤君目標。
053420261002,2026100234,5,6,6,0,013616,渡邉高志,ワタナベタカシ,49,栃木,84,2,1,3.93,追,85.4,18.5,18.5,48.1,3,0,0,0,3,2,0,5,0,8,14,2,3,2-4-6,3,2,0,三分戦,関東３番手。
053420261002,2026100234,5,7,6,0,014302,武田憲祐,タケダケンスケ,43,神奈川,93,2,1,3.92,追,86.04,4.7,33.3,52.3,7,0,0,0,3,0,4,1,6,4,10,1,2,1-7,2,1,0,三分戦,池野君マーク。
063420261002,2026100234,6,1,1,0,015528,新村穣,シンムラミノリ,32,神奈川,119,1,2,3.93,逃,103,26.3,31.5,47.3,1,4,3,1,3,2,0,5,1,3,10,1,2,5-1,2,5,0,三分戦,斎藤君へ。
063420261002,2026100234,6,2,2,0,014606,稲毛健太,イナケケンタ,37,和歌山,97,1,2,3.92,逃,99.62,0,18.7,43.7,3,2,4,1,1,1,0,0,3,4,9,2,1,2-6,2,2,0,三分戦,自力です。
063420261002,2026100234,6,3,3,0,015430,岡田亮太,オカダリョウタ,25,東京,117,1,2,3.92,逃,95.68,15.7,15.7,31.5,1,11,10,1,1,1,0,3,0,3,13,3,1,3-4,2,3,0,三分戦,自力です。
063420261002,2026100234,6,4,4,0,014450,金子哲大,カネコテツヒロ,37,埼玉,95,1,2,3.92,両,98.13,8.6,21.7,34.7,5,6,3,1,4,0,0,2,3,3,15,3,2,3-4,2,3,0,三分戦,岡田君へ。
063420261002,2026100234,6,5,5,0,015616,齋藤雄行,サイトウユウコウ,31,神奈川,121,1,2,3.92,逃,98.95,16.6,25,45.8,0,7,10,2,0,3,1,4,2,5,13,1,1,5-1,2,5,0,三分戦,自力です。
063420261002,2026100234,6,6,6,0,014026,高橋成英,タカハシナルヒデ,44,愛知,89,1,2,3.92,両,91.6,0,0,0,0,0,0,0,0,0,0,0,0,0,25,2,2,2-6,2,2,0,三分戦,稲毛君へ。
073420261002,2026100234,7,1,1,0,015730,黒瀬浩太郎,クロセコウタロウ,26,広島,123,1,2,3.92,逃,100.61,11.1,38.8,38.8,6,7,8,2,0,5,0,2,5,0,11,1,1,1-7,2,1,0,二分戦,自力です。
073420261002,2026100234,7,2,2,0,014465,村上直久,ムラカミナオヒサ,45,神奈川,95,1,2,3.92,両,96.96,13.7,24,24.1,0,11,10,3,0,4,0,4,3,0,22,2,1,2,1,2,1,二分戦,単騎で自力。
073420261002,2026100234,7,3,3,0,013537,谷津田将吾,ヤツダシヨウゴ,46,福島,83,1,2,3.92,追,94.64,0,0,20,1,0,0,0,0,0,0,0,0,5,20,4,2,5-3,2,5,0,二分戦,立花君へ。
073420261002,2026100234,7,4,4,0,015615,荒川仁,アラカワヒトシ,28,千葉,121,1,2,3.92,逃,95.54,0,12.5,33.3,0,4,3,1,0,0,2,0,3,5,16,3,1,4,1,4,1,二分戦,自力です。
073420261002,2026100234,7,5,5,0,015687,立花昌也,タチバナショウヤ,27,青森,123,1,2,3.92,逃,98.78,21.7,26,34.7,0,13,8,2,1,3,0,5,1,2,15,4,1,5-3,2,5,0,二分戦,自力です。
073420261002,2026100234,7,6,6,0,015612,小榑佑弥,コグレユウヤ,27,群馬,121,1,2,3.92,逃,93.9,0,4.3,8.6,2,4,0,0,0,0,1,0,1,1,21,5,1,6,1,6,1,二分戦,一人でやる。
073420261002,2026100234,7,7,6,0,013498,西田雅志,ニシダマサシ,48,広島,82,1,2,3.92,追,99.04,8.6,13,34.7,0,0,0,0,3,0,0,2,1,5,15,1,2,1-7,2,1,0,二分戦,黒瀬君へ。
083420261002,2026100234,8,1,1,0,013368,牧剛央,マキタケヒサ,52,大分,80,1,2,3.92,追,98.94,5.2,10.5,26.3,8,0,0,0,1,0,1,1,1,3,14,2,3,2-5-1,3,2,0,二分戦,近畿勢へ。
083420261002,2026100234,8,2,2,0,013726,川村晃司,カワムラコウジ,50,京都,85,1,2,3.92,両,99.33,16,20,32,4,1,3,1,1,3,0,4,1,3,17,2,1,2-5-1,3,2,0,二分戦,自力です。
083420261002,2026100234,8,3,3,0,014322,片岡迪之,カタオカユウシ,39,岡山,93,1,1,3.92,両,105.74,10.7,21.4,46.4,5,0,0,0,4,0,2,3,3,7,15,1,2,7-3-4,3,7,0,二分戦,佐伯君へ。
083420261002,2026100234,8,4,4,0,014259,戸田洋平,トダヨウヘイ,43,岡山,92,1,2,3.92,追,100.82,16.6,22.2,33.3,2,0,0,0,3,0,1,3,1,2,12,1,3,7-3-4,3,7,0,二分戦,片岡君へ。
083420261002,2026100234,8,5,5,0,013724,渡辺十夢,ワタナベトム,46,福井,85,1,2,3.93,追,101.22,8.6,26,39.1,2,0,0,0,3,0,3,2,4,3,14,2,2,2-5-1,3,2,0,二分戦,川村さんへ。
083420261002,2026100234,8,6,6,0,014043,中園和剛,ナカゾノカズヨシ,44,福岡,89,1,2,3.92,追,95.96,3.8,3.8,19.2,7,0,0,0,1,0,0,1,0,4,21,3,1,6,1,6,1,二分戦,決めずに。
083420261002,2026100234,8,7,6,0,015276,佐伯亮輔,サエキリョウスケ,32,岡山,113,1,2,3.92,逃,98,63.6,68.1,77.2,2,6,9,5,1,9,0,14,1,2,5,1,1,7-3-4,3,7,0,二分戦,自力です。
093420261002,2026100234,9,1,1,0,014645,三浦翔大,ミウラシヨウタ,36,宮城,98,1,2,3.92,追,96.76,3.8,7.6,19.2,1,0,0,0,1,1,0,1,1,3,21,1,3,6-4-1,3,6,0,二分戦,田中さんへ。
093420261002,2026100234,9,2,2,0,013070,高木和仁,タカキカズヒト,52,福岡,76,1,2,3.92,追,96.69,4.3,13,30.4,0,0,0,0,2,0,1,1,2,4,16,2,1,2,1,2,1,二分戦,決めずに。
093420261002,2026100234,9,3,3,0,014833,高久保雄介,タカクボユウスケ,39,京都,100,1,2,3.92,両,103.6,26,30.4,47.8,5,2,3,0,6,1,0,6,1,4,12,3,2,7-3-5,3,7,0,二分戦,小森君へ。
093420261002,2026100234,9,4,4,0,014081,田中晴基,タナカハルキ,40,千葉,90,1,2,3.92,追,102.96,3.4,24,44.8,10,0,0,0,4,0,3,1,6,6,16,1,2,6-4-1,3,6,0,二分戦,幸田君へ。
093420261002,2026100234,9,5,5,0,013966,大崎飛雄馬,オオサキヒユウマ,48,愛媛,88,1,2,3.92,追,98.73,0,19.2,38.4,8,0,0,0,3,0,2,0,5,5,16,3,3,7-3-5,3,7,0,二分戦,近畿勢に付ける。
093420261002,2026100234,9,6,6,0,015340,幸田望夢,コウダノゾム,26,栃木,115,1,2,3.92,逃,96.52,8.6,17.2,26,5,8,5,2,1,1,0,2,2,2,17,1,1,6-4-1,3,6,0,二分戦,自力です。
093420261002,2026100234,9,7,6,0,015183,小森貴大,コモリタカヒロ,36,福井,111,1,1,3.92,両,105.64,31.2,43.7,50,4,3,2,1,2,4,0,5,2,1,8,3,1,7-3-5,3,7,0,二分戦,自力自在。
103420261002,2026100234,10,1,1,0,015121,太田竜馬,オオタリュウマ,30,徳島,109,1,1,3.92,逃,107.61,15.2,38.4,38.4,6,3,5,1,2,2,0,2,3,0,8,1,1,1-4,2,1,0,三分戦,自力です。
103420261002,2026100234,10,2,2,0,015598,大川剛,オオカワタケシ,27,青森,121,1,1,3.92,逃,105.25,16.6,33.3,50,9,13,12,7,0,1,0,4,4,4,12,2,1,2-7,2,2,0,三分戦,自力です。
103420261002,2026100234,10,3,3,0,015129,林大悟,ハヤシダイゴ,31,福岡,109,1,1,3.92,逃,105,11.5,23,38.4,2,6,8,2,0,4,0,3,3,4,16,3,1,3-5,2,3,0,三分戦,自力です。
103420261002,2026100234,10,4,4,0,014553,久米良,クメリヨウ,38,徳島,96,1,1,3.92,追,106.3,15,25,40,3,0,0,0,4,0,1,3,2,3,12,1,2,1-4,2,1,0,三分戦,太田君へ。
103420261002,2026100234,10,5,5,0,014117,小岩大介,コイワダイスケ,42,大分,90,1,1,3.92,追,109.4,13,26,43.4,0,0,0,0,4,0,2,3,3,4,13,3,2,3-5,2,3,0,三分戦,林君へ。
103420261002,2026100234,10,6,6,0,014175,柴崎俊光,シバサキトシミツ,41,三重,91,1,2,3.92,追,101.07,15.2,23,34.6,3,0,0,0,5,0,1,4,2,3,17,4,1,6,1,6,1,三分戦,決めずにいく。
103420261002,2026100234,10,7,6,0,013920,山崎芳仁,ヤマザキヨシヒト,47,福島,88,1,1,3.92,追,106,9,22.7,31.8,4,0,0,0,2,0,3,2,3,2,15,2,2,2-7,2,2,0,三分戦,大川君へ。
113420261002,2026100234,11,1,1,0,014029,上田国広,ウエダクニヒロ,43,三重,89,1,1,3.92,追,106.3,15,25,45,2,0,0,0,4,0,1,3,2,4,11,1,3,7-5-1,3,7,0,三分戦,岐阜勢へ。
113420261002,2026100234,11,2,2,0,015243,小林泰正,コバヤシタイセイ,32,群馬,113,1,1,3.92,逃,112.72,0,45.4,54.5,0,0,0,0,1,2,2,0,5,1,5,2,1,2-6,2,2,0,三分戦,自力です。
113420261002,2026100234,11,3,3,0,015645,室井蓮太朗,ムロイレンタロウ,25,徳島,121,1,2,3.92,両,110,21.4,28.4,28.5,1,2,2,0,1,2,1,3,1,0,10,3,1,3-4,2,3,0,三分戦,自力です。
113420261002,2026100234,11,4,4,0,015647,真鍋智寛,マナベトモヒロ,27,愛媛,121,1,1,3.92,逃,103.63,16.6,25,41.6,1,1,1,0,0,3,0,2,1,2,7,3,2,3-4,2,3,0,三分戦,室井君へ。
113420261002,2026100234,11,5,5,0,012450,山口富生,ヤマグチトミオ,56,岐阜,68,1,1,3.93,追,107.27,18,31.8,36.3,1,0,0,0,6,0,1,4,3,1,14,1,2,7-5-1,3,7,0,三分戦,尾方君へ。
113420261002,2026100234,11,6,6,0,014664,志村龍己,シムラリユウキ,40,山梨,98,1,2,3.92,追,100.8,8,16,36,5,0,0,0,3,0,1,2,2,5,16,2,2,2-6,2,2,0,三分戦,小林君へ。
113420261002,2026100234,11,7,6,0,015716,尾方祐仁,オガタユウジ,22,岐阜,123,1,2,3.92,逃,101.16,12,20,40,0,9,8,2,0,3,0,3,2,5,15,1,1,7-5-1,3,7,0,三分戦,自力です。
123420261002,2026100234,12,1,1,0,013628,石毛克幸,イシゲカツユキ,49,千葉,84,1,1,3.92,追,104.9,9.5,33.3,42.8,1,0,0,0,4,0,3,2,5,2,12,1,3,5-4-1,3,5,0,三分戦,小原太君へ。
123420261002,2026100234,12,2,2,0,014955,市橋司優人,イチハシシュウト,34,福岡,103,1,2,3.85,両,102.18,27.2,36.3,40.9,2,0,3,1,0,7,0,6,2,1,13,3,1,2-6,2,2,0,三分戦,自力自在。
123420261002,2026100234,12,3,3,0,015614,治田知也,ハッタトモヤ,28,新潟,121,1,2,3.93,逃,99.56,13,30.4,52.1,0,11,9,4,0,3,0,3,4,5,11,2,1,3-7,2,3,0,三分戦,自力です。
123420261002,2026100234,12,4,4,0,014462,小原太樹,オバラタイキ,38,神奈川,95,1,1,3.92,追,112.86,21.7,47.8,65.2,8,0,0,0,6,0,5,5,6,4,8,1,2,5-4-1,3,5,0,三分戦,小原佑君へ。
123420261002,2026100234,12,5,5,0,015324,小原佑太,オバラユウタ,30,青森,115,1,1,3.92,逃,105.66,18,31.8,40.9,7,12,13,4,2,1,0,4,3,2,13,1,1,5-4-1,3,5,0,三分戦,自力です。
123420261002,2026100234,12,6,6,0,013741,高原仁志,タカハラヒトシ,46,徳島,85,1,2,3.92,追,96.47,5.5,5.5,16.6,1,0,0,0,1,0,0,1,0,2,15,3,2,2-6,2,2,0,三分戦,市橋君へ。
123420261002,2026100234,12,7,6,0,014505,雨谷一樹,アマガイカズキ,36,栃木,96,1,1,3.92,両,110,30.7,46.1,57.6,10,1,0,0,8,2,2,8,4,3,11,2,2,3-7,2,3,0,三分戦,治田君へ。
014720261002,2026100247,1,1,1,0,014942,清水剛志,シミズツヨシ,35,福井,103,1,2,3.92,両,103.04,16,44,52,12,0,0,0,8,0,3,4,7,2,12,1,2,7-1-8,3,7,0,三分戦,窓場君。
014720261002,2026100247,1,2,2,0,014017,大塚玲,オオツカアキラ,45,神奈川,89,1,2,3.92,追,99,4,24,40,1,0,0,0,3,0,3,1,5,4,15,2,2,4-2-6,3,4,0,三分戦,鈴木君。
014720261002,2026100247,1,3,3,0,015842,松本定,マツモトジョウ,30,福岡,125,1,2,3.93,逃,98.95,47.5,57,61.9,3,11,12,5,1,6,0,10,2,1,8,3,1,3-9,2,3,0,三分戦,自力。
014720261002,2026100247,1,4,4,0,015525,鈴木浩太,スズキコウタ,29,千葉,119,1,2,3.92,逃,98.64,17.5,41,52.9,7,12,13,6,0,1,0,3,4,2,8,2,1,4-2-6,3,4,0,三分戦,自力。
014720261002,2026100247,1,5,4,0,014613,黒田淳,クロダジユン,41,岡山,97,1,2,3.92,追,98.72,4,20,44,1,0,0,0,2,1,2,1,4,6,14,4,1,5,1,5,1,三分戦,１人でやる。
014720261002,2026100247,1,6,5,0,014137,房州輝也,ボウシユウテルヤ,40,福島,91,1,2,3.93,両,94.51,0,3.2,16.1,1,0,0,0,1,0,0,0,1,4,26,2,3,4-2-6,3,4,0,三分戦,南関勢へ。
014720261002,2026100247,1,7,5,0,014835,窓場千加頼,マドバチカヨリ,35,京都,100,1,2,3.92,両,101.53,26.6,33.3,33.3,2,1,1,0,3,1,1,4,1,0,10,1,1,7-1-8,3,7,0,三分戦,自力自在。
014720261002,2026100247,1,8,6,0,014096,伊藤成紀,イトウセイキ,44,大阪,90,1,2,3.93,両,97.25,18.7,31.2,43.7,1,1,1,0,2,2,1,3,2,2,9,1,3,7-1-8,3,7,0,三分戦,清水君。
014720261002,2026100247,1,9,6,0,015014,西田将士,ニシダマサシ,42,長崎,105,1,2,3.93,追,102.54,7.6,15.2,23,3,0,0,0,1,0,1,1,1,1,10,3,2,3-9,2,3,0,三分戦,松本君。
024720261002,2026100247,2,1,1,0,015347,武田亮,タケダリョウ,27,東京,115,1,2,3.92,逃,101.56,17.2,34.6,47.8,4,6,7,2,0,5,1,4,4,3,12,1,1,1-9,2,1,0,四分戦,自力。
024720261002,2026100247,2,2,2,0,015066,原口昌平,ハラグチショウヘイ,33,福岡,107,1,2,3.93,両,105,36.3,40.9,77.2,3,4,6,2,3,4,0,8,1,8,5,2,1,2-4-8,3,2,0,四分戦,自力。
024720261002,2026100247,2,3,3,0,014177,小堺浩二,コザカイコウジ,43,石川,91,1,2,3.92,両,99.64,20.5,30.7,38.4,3,1,0,0,7,3,2,8,4,3,24,3,2,6-3,2,6,0,四分戦,補充出走
024720261002,2026100247,2,4,4,0,013443,大坪功一,オオツボコウイチ,49,福岡,81,1,2,3.92,追,98.31,5,15,30,1,0,0,0,2,0,1,1,2,3,14,2,2,2-4-8,3,2,0,四分戦,原口君。
024720261002,2026100247,2,5,4,0,015169,野口裕史,ノグチヒロシ,43,千葉,111,1,2,3.93,逃,101.24,33.3,48.4,51.5,0,22,21,15,0,1,0,11,5,1,16,4,1,5-7,2,5,0,四分戦,自力。
024720261002,2026100247,2,6,5,0,015816,伊東佑晟,イトウユウセイ,24,三重,125,1,2,3.92,逃,93,4.1,4.1,12.5,2,7,4,0,1,0,0,1,0,2,21,3,1,6-3,2,6,0,四分戦,自力。
024720261002,2026100247,2,7,5,0,013328,萩原孝之,ハギワラタカユキ,49,静岡,80,1,2,3.92,追,101.42,10,20,30,1,0,0,0,3,0,1,2,2,2,14,4,2,5-7,2,5,0,四分戦,野口君。
024720261002,2026100247,2,8,6,0,014108,山中貴雄,ヤマナカタカオ,43,高知,90,1,2,3.92,追,98.07,0,17.8,25,2,0,0,0,0,1,4,0,5,2,21,2,3,2-4-8,3,2,0,四分戦,福岡勢へ。
024720261002,2026100247,2,9,6,0,015342,福田滉,フクダヒロシ,27,栃木,115,1,2,3.92,追,98.87,5.8,5.8,41.1,3,0,0,0,1,0,0,1,0,6,10,1,2,1-9,2,1,0,四分戦,武田君。
034720261002,2026100247,3,1,1,0,015416,小笠原光,オガサワラヒカル,30,熊本,117,1,2,3.92,両,97.4,18,22.7,36.3,3,2,0,0,1,3,1,4,1,3,14,1,1,1-8,2,1,0,四分戦,自力。
034720261002,2026100247,3,2,2,0,014168,高橋和也,タカハシカズヤ,40,愛知,91,1,2,3.93,両,102.65,38.4,46.1,57.6,6,1,3,1,6,4,1,10,2,3,11,2,1,2-6,2,2,0,四分戦,補充出走
034720261002,2026100247,3,3,3,0,015046,山本紳貴,ヤマモトシンキ,41,千葉,107,1,2,3.92,追,97.6,8,16,28,1,0,0,0,2,0,2,2,2,3,18,3,3,9-5-3,3,9,0,四分戦,南関３番手。
034720261002,2026100247,3,4,4,0,014221,古川尚耶,フルカワナオヤ,41,栃木,92,1,2,3.92,追,96.64,7.1,17.8,39.2,2,0,0,0,3,0,2,2,3,6,17,4,2,7-4,2,7,0,四分戦,山口君。
034720261002,2026100247,3,5,4,0,014018,内藤秀久,ナイトウヒデヒサ,44,神奈川,89,1,1,3.92,追,104.46,3.8,30.7,42.3,2,0,0,0,4,0,4,1,7,3,15,3,2,9-5-3,3,9,0,四分戦,丸山君。
034720261002,2026100247,3,6,5,0,014978,谷口明正,タニグチアキマサ,42,三重,103,1,2,3.92,両,94.25,0,14.2,14.2,1,1,1,0,3,0,0,0,3,0,18,2,2,2-6,2,2,0,四分戦,高橋君。
034720261002,2026100247,3,7,5,0,015608,山口多聞,ヤマグチタモン,24,埼玉,121,1,1,3.92,逃,99.87,12.5,16.6,16.6,1,15,14,2,0,2,0,3,1,0,20,4,1,7-4,2,7,0,四分戦,自力。
034720261002,2026100247,3,8,6,0,014264,松尾信太郎,マツオシンタロウ,43,福岡,92,1,2,3.85,追,95.62,0,18.7,34.3,0,0,0,0,1,1,4,0,6,5,21,1,2,1-8,2,1,0,四分戦,小笠原君。
034720261002,2026100247,3,9,6,0,015896,丸山留依,マルヤマルイ,20,静岡,127,1,2,3.92,逃,104.05,11.7,35.1,58.8,6,10,9,5,0,1,0,2,4,4,7,3,1,9-5-3,3,9,0,四分戦,自力。
044720261002,2026100247,4,1,1,0,015179,皿屋豊,サラヤユタカ,43,三重,111,1,1,3.92,両,104.13,13.6,31.8,36.3,1,5,3,0,3,3,1,3,4,1,14,2,2,9-1-5,3,9,0,三分戦,児玉君。
044720261002,2026100247,4,2,2,0,015122,島川将貴,シマカワマサキ,32,徳島,109,1,1,3.92,逃,104,22.7,27.2,40.9,8,2,6,0,4,1,1,5,1,3,13,1,1,2-7-3,3,2,0,三分戦,自力自在。
044720261002,2026100247,4,3,3,0,015195,久保田泰弘,クボタヤスヒロ,31,山口,111,1,2,3.92,追,99.35,11.1,16.6,50,1,0,0,0,3,0,0,2,1,6,9,1,3,2-7-3,3,2,0,三分戦,徳島勢へ。
044720261002,2026100247,4,4,4,0,013762,吉田勇人,ヨシダハヤト,47,埼玉,86,1,2,3.92,追,95,0,0,32.1,10,0,0,0,0,0,0,0,0,9,19,3,2,6-4,2,6,0,三分戦,中島君。
044720261002,2026100247,4,5,4,0,013864,伊藤世哉,イトウセイヤ,45,三重,87,1,2,3.92,追,95.26,0,8.6,13,5,0,0,0,1,0,1,0,2,1,20,2,3,9-1-5,3,9,0,三分戦,補充出走
044720261002,2026100247,4,6,5,0,015802,中島竜誠,ナカジマリュウセイ,26,山梨,125,1,2,3.92,逃,91.14,0,0,0,0,2,2,0,0,0,0,0,0,0,7,3,1,6-4,2,6,0,三分戦,自力。
044720261002,2026100247,4,7,5,0,014105,阿竹智史,アタケサトシ,44,徳島,90,1,1,3.64,両,102.33,0,0,28.5,2,0,0,0,0,0,0,0,0,2,5,1,2,2-7-3,3,2,0,三分戦,島川君。
044720261002,2026100247,4,8,6,0,013245,佐藤真一,サトウシンイチ,52,東京,79,1,2,3.92,追,94.77,0,0,22.2,0,0,0,0,0,0,0,0,0,2,7,4,1,8,1,8,1,三分戦,単騎でやる。
044720261002,2026100247,4,9,6,0,015717,児玉虎之介,コダマトラノスケ,25,岐阜,123,1,2,3.92,逃,99.66,6.2,31.2,50,6,9,8,3,0,2,0,1,4,3,8,2,1,9-1-5,3,9,0,三分戦,自力。
054720261002,2026100247,5,1,1,0,013604,庄子信弘,シヨウジノブヒロ,47,宮城,84,1,2,3.92,追,99.27,9,22.7,36.3,2,0,0,0,2,1,2,2,3,3,14,1,2,5-1-2-8,4,5,0,三分戦,山崎君。
054720261002,2026100247,5,2,2,0,015733,都築巧,ツヅキタクミ,26,高知,123,1,2,3.92,両,98.1,9.5,28.4,33.3,5,0,0,0,4,0,2,2,4,1,14,1,3,5-1-2-8,4,5,0,三分戦,山崎君の番手。
054720261002,2026100247,5,3,3,0,014599,松岡篤哉,マツオカアツヤ,44,岐阜,97,1,2,3.92,両,100.18,18,27.2,36.3,0,5,5,3,0,3,0,4,2,2,14,2,1,3-6-4,3,3,0,三分戦,自力。
054720261002,2026100247,5,4,4,0,014839,山本巨樹,ヤマモトナオキ,35,大阪,100,1,2,3.92,追,97.78,4.1,25,33.3,1,0,0,0,4,0,2,1,5,2,16,2,3,3-6-4,3,3,0,三分戦,中部勢へ。
054720261002,2026100247,5,5,4,0,015789,山崎歩夢,ヤマザキアユム,21,福島,125,1,2,3.92,逃,109.91,26,39.1,56.5,5,13,16,6,0,3,0,6,3,4,10,1,1,5-1-2-8,4,5,0,三分戦,自力。
054720261002,2026100247,5,6,5,0,013335,坂上樹大,サカガミタツヒロ,48,石川,80,1,2,3.92,追,95.66,8.3,16.6,33.3,0,0,0,0,2,0,2,2,2,4,16,2,2,3-6-4,3,3,0,三分戦,松岡君。
054720261002,2026100247,5,7,5,0,015199,田尾駿介,タオシュンスケ,34,高知,111,1,1,3.92,追,106.63,15.7,26.3,31.5,2,0,0,0,5,0,0,3,2,1,13,3,2,9-7,2,9,0,三分戦,小川君。
054720261002,2026100247,5,8,6,0,013230,開坂秀明,カイサカヒデアキ,51,青森,79,1,2,3.92,追,97.32,4,24,36,0,0,0,0,4,0,2,1,5,3,16,1,4,5-1-2-8,4,5,0,三分戦,北の３番手。
054720261002,2026100247,5,9,6,0,015643,小川将二郎,オガワショウジロウ,24,徳島,121,1,2,3.92,逃,97.85,0,18,27.2,1,3,2,2,0,2,0,0,4,2,16,3,1,9-7,2,9,0,三分戦,自力自在。
064720261002,2026100247,6,1,1,0,015037,鈴木竜士,スズキリュウジ,32,東京,107,1,1,3.92,両,111.05,0,30,35,5,1,1,0,1,1,4,0,6,1,13,1,1,1-9-5,3,1,0,三分戦,自力。
064720261002,2026100247,6,2,2,0,014545,岡崎智哉,オカザキトモヤ,41,大阪,96,1,1,3.92,両,106.72,13,30.4,43.4,4,0,0,0,5,2,0,3,4,3,13,2,2,7-2-4,3,7,0,三分戦,谷内君。
064720261002,2026100247,6,3,3,0,015329,板垣昴,イタガキスバル,34,北海道,115,1,2,3.92,逃,100.35,19,28.4,38,0,5,4,1,2,3,0,4,2,2,13,3,1,3-8-6,3,3,0,三分戦,自力。
064720261002,2026100247,6,4,4,0,014944,栗山俊介,クリヤマシュンスケ,38,奈良,103,1,2,3.92,両,100.11,15.2,30.7,38.4,7,0,0,0,5,0,3,4,4,2,16,2,3,7-2-4,3,7,0,三分戦,近畿３番手。
064720261002,2026100247,6,5,4,0,014588,柿澤大貴,カキザワダイキ,37,長野,97,1,2,3.92,追,102.22,7.3,22.2,33.3,5,0,0,0,2,2,2,2,4,3,18,1,3,1-9-5,3,1,0,三分戦,関東３番手。
064720261002,2026100247,6,6,5,0,014350,佐藤雅春,サトウマサハル,39,宮城,94,1,2,3.92,追,97.08,8,8,20,1,0,0,0,2,0,0,2,0,3,20,3,3,3-8-6,3,3,0,三分戦,北の３番手。
064720261002,2026100247,6,7,5,0,015822,谷内健太,ヤチケンタ,26,京都,125,1,2,3.92,逃,107.05,10,40,65,4,16,15,5,0,3,0,2,6,5,7,2,1,7-2-4,3,7,0,三分戦,自力。
064720261002,2026100247,6,8,6,0,014576,中田雄喜,ナカダユウキ,39,福島,97,1,2,3.92,追,99.3,4.3,13,26,5,0,0,0,1,0,2,1,2,3,17,3,2,3-8-6,3,3,0,三分戦,板垣君。
064720261002,2026100247,6,9,6,0,014809,恩田淳平,オンダジュンペイ,36,群馬,100,1,1,3.92,追,107.85,15,25,35,5,0,0,0,3,1,1,3,2,2,13,1,2,1-9-5,3,1,0,三分戦,鈴木君。
074720261002,2026100247,7,1,1,0,013963,柏野智典,カシノトモノリ,48,岡山,88,1,1,3.92,追,108.58,19.2,30.7,46.1,1,0,0,0,6,0,2,5,3,4,14,2,2,7-1,2,7,0,四分戦,佐々木君。
074720261002,2026100247,7,2,2,0,015690,斉藤樂,サイトウガク,24,宮城,123,1,2,3.92,逃,102.2,18.7,43.7,56.2,3,3,2,1,4,0,2,3,4,2,7,1,1,2-5,2,2,0,四分戦,総力戦で。
074720261002,2026100247,7,3,3,0,015261,松井宏佑,マツイコウユウ,34,神奈川,113,1,1,3.92,逃,107.84,15.2,26.9,46.1,2,11,13,2,0,4,1,4,3,5,14,3,1,3-9-4,3,3,0,四分戦,自力。
074720261002,2026100247,7,4,4,0,013410,伊勢崎彰大,イセザキアキヒロ,47,千葉,81,1,2,3.92,追,99.9,9.5,28.4,42.8,0,0,0,0,3,0,3,2,4,3,12,3,3,3-9-4,3,3,0,四分戦,岡村君。
074720261002,2026100247,7,5,4,0,013982,五日市誠,イツカイチマコト,42,青森,89,1,1,3.92,追,107.21,8.6,26,47.8,6,0,0,0,3,0,3,2,4,5,12,1,2,2-5,2,2,0,四分戦,斉藤君。
074720261002,2026100247,7,6,5,0,015366,張野幸聖,ハリノコウセイ,26,和歌山,115,1,2,3.92,逃,95.65,13,17.2,21.7,0,5,4,0,2,2,0,3,1,1,18,4,1,6-8,2,6,0,四分戦,自力。
074720261002,2026100247,7,7,5,0,015125,佐々木豪,ササキゴウ,30,愛媛,109,1,1,3.92,逃,113.95,31.8,40.9,50,1,3,5,0,3,5,1,7,2,2,11,2,1,7-1,2,7,0,四分戦,自力。
074720261002,2026100247,7,8,6,0,015269,佐山寛明,サヤマヒロアキ,39,奈良,113,1,2,3.92,逃,99.13,20.8,29,41.6,1,1,1,0,4,2,1,5,2,3,14,4,2,6-8,2,6,0,四分戦,張野君。
074720261002,2026100247,7,9,6,0,013772,岡村潤,オカムラジユン,44,静岡,86,1,1,3.92,追,107.19,23,46.1,50,8,0,0,0,8,0,4,6,6,1,13,3,2,3-9-4,3,3,0,四分戦,松井君。
084720261002,2026100247,8,1,1,0,014537,西村光太,ニシムラコウタ,40,三重,96,1,1,3.92,追,103.77,22.7,27.2,54.5,2,0,0,0,4,1,1,5,1,6,10,2,2,9-1-6,3,9,0,三分戦,久田君。
084720261002,2026100247,8,2,2,0,014860,吉澤純平,ヨシザワジユンペイ,41,茨城,101,1,1,3.92,両,111.06,23.5,41,47,4,0,0,0,5,0,2,4,3,1,9,3,2,5-2-8,3,5,0,三分戦,朝倉君。
084720261002,2026100247,8,3,3,0,014113,北津留翼,キタツルツバサ,41,福岡,90,1,1,3.93,逃,109,16.6,33.3,38.8,2,4,3,1,0,5,0,3,3,1,11,1,1,3-7-4,3,3,0,三分戦,自力。
084720261002,2026100247,8,4,4,0,014691,東矢昇太,トウヤシヨウタ,40,熊本,98,1,2,3.92,追,101.25,11.1,33.3,44.4,5,0,0,0,4,1,4,3,6,3,15,1,3,3-7-4,3,3,0,三分戦,九州３番手。
084720261002,2026100247,8,5,4,0,015334,朝倉智仁,アサクラトモヒト,27,茨城,115,1,2,3.92,逃,102.54,27.2,31.8,59,5,7,5,2,2,3,0,6,1,6,9,3,1,5-2-8,3,5,0,三分戦,自力。
084720261002,2026100247,8,6,5,0,014208,安部貴之,アベタカユキ,43,宮城,92,1,2,3.92,追,94.3,0,8.6,17.3,1,0,0,0,2,0,0,0,2,2,19,2,3,9-1-6,3,9,0,三分戦,中近勢へ。
084720261002,2026100247,8,7,5,0,014122,松岡貴久,マツオカタカヒサ,42,熊本,90,1,1,3.92,追,102.64,0,28,40,0,0,0,0,3,0,4,0,7,3,15,1,2,3-7-4,3,3,0,三分戦,北津留君。
084720261002,2026100247,8,8,6,0,014370,阿部大樹,アベダイキ,37,埼玉,94,1,2,3.92,両,98.47,10,20,35,3,0,1,0,3,1,0,2,2,3,13,3,3,5-2-8,3,5,0,三分戦,茨城勢。
084720261002,2026100247,8,9,6,0,015826,久田朔,ヒサダハジメ,23,大阪,125,1,2,3.92,逃,106,39.1,69.5,69.5,4,8,13,7,0,9,0,9,7,0,7,2,1,9-1-6,3,9,0,三分戦,自力。
094720261002,2026100247,9,1,1,0,014794,阿部力也,アベリキヤ,38,宮城,100,1,1,3.92,追,112.75,20,45,75,1,0,0,0,5,0,4,4,5,6,5,1,2,5-1-8,3,5,0,四分戦,新山君。
094720261002,2026100247,9,2,2,0,015620,纐纈洸翔,コウケツヒロト,24,愛知,121,1,1,3.92,両,103.61,0,14.2,28.5,0,3,5,1,0,2,0,0,3,3,15,2,1,2-4,2,2,0,四分戦,自力自在。
094720261002,2026100247,9,3,3,0,014398,藤田勝也,フジタマサヤ,38,和歌山,94,1,1,3.92,追,105.26,18.7,43.7,56.2,0,0,0,0,5,0,2,3,4,2,7,3,2,7-3,2,7,0,四分戦,石塚君。
094720261002,2026100247,9,4,4,0,015002,神田龍,カンダリョウ,37,三重,105,1,2,3.92,逃,97.55,5.2,10.5,21,3,4,3,1,0,1,0,1,1,2,15,2,2,2-4,2,2,0,四分戦,纐纈君。
094720261002,2026100247,9,5,4,0,015034,新山響平,シンザンキョウヘイ,32,青森,107,1,1,3.92,逃,115.21,16.6,41.6,50,1,11,11,5,0,4,1,4,6,2,12,1,1,5-1-8,3,5,0,四分戦,自力。
094720261002,2026100247,9,6,5,0,015198,今村麟太郎,イマムラリンタロウ,30,高知,111,1,2,3.92,両,97.15,5,15,30,2,2,1,1,1,1,0,1,2,3,14,4,1,6-9,2,6,0,四分戦,自力。
094720261002,2026100247,9,7,5,0,015006,石塚輪太郎,イシヅカリンタロウ,32,和歌山,105,1,2,3.92,逃,106.95,27.2,45.4,59,2,7,8,3,5,2,0,6,4,3,9,3,1,7-3,2,7,0,四分戦,自力。
094720261002,2026100247,9,8,6,0,014712,泉慶輔,イズミケイスケ,36,宮城,99,1,2,3.92,追,97.5,3.8,23,30.7,9,0,0,0,3,0,3,1,5,2,18,1,3,5-1-8,3,5,0,四分戦,東北３番手。
094720261002,2026100247,9,9,6,0,015378,今野有樹,コンノユウキ,29,愛媛,115,1,2,3.92,追,100.72,0,31.5,42.1,6,0,0,0,5,0,1,0,6,2,11,4,2,6-9,2,6,0,四分戦,今村さん。
104720261002,2026100247,10,1,1,0,014089,浅井康太,アサイコウタ,42,三重,90,1,1,3.92,両,113.88,25.9,29.5,44.4,8,0,1,0,4,4,0,7,1,4,15,2,2,9-1-4,3,9,0,四分戦,谷口君。
104720261002,2026100247,10,2,2,0,013737,筒井敦史,ツツイアツシ,50,岡山,85,1,2,3.92,追,104.92,26.9,42.3,57.6,4,0,0,0,8,0,3,7,4,4,11,3,2,7-2,2,7,0,四分戦,昼田君。
104720261002,2026100247,10,3,3,0,015441,鈴木陸来,スズキリック,29,静岡,117,1,2,3.92,逃,102.15,10,25,45,12,6,4,0,0,3,2,2,3,4,11,1,1,3-5,2,3,0,四分戦,自力。
104720261002,2026100247,10,4,4,0,012669,伊藤正樹,イトウマサキ,54,愛知,71,1,2,3.54,追,99.88,0,22.2,33.3,1,0,0,0,1,0,1,0,2,1,6,2,3,9-1-4,3,9,0,四分戦,地元勢。
104720261002,2026100247,10,5,4,0,014995,渡邉雄太,ワタナベユウタ,31,静岡,105,1,2,3.93,両,105.21,31.5,42.1,63.1,0,0,1,0,6,1,1,6,2,4,7,1,2,3-5,2,3,0,四分戦,鈴木陸君。
104720261002,2026100247,10,6,5,0,013622,白岩大助,シライワダイスケ,47,埼玉,84,1,2,3.92,追,94.83,0,4.1,25,10,0,0,0,1,0,0,0,1,5,18,4,2,8-6,2,8,0,四分戦,鈴木謙君。
104720261002,2026100247,10,7,5,0,015638,昼田達哉,ヒルタタツヤ,27,岡山,121,1,2,3.92,逃,102.8,12,44,56,0,7,9,3,1,6,1,3,8,3,11,3,1,7-2,2,7,0,四分戦,自力。
104720261002,2026100247,10,8,6,0,014053,鈴木謙太郎,スズキケンタロウ,41,茨城,90,1,2,3.92,両,95.24,0,10.2,17.2,3,8,5,0,1,1,1,0,3,2,24,4,1,8-6,2,8,0,四分戦,自力自在。
104720261002,2026100247,10,9,6,0,014940,谷口遼平,タニグチリョウヘイ,32,三重,103,1,1,3.92,逃,109.17,17.2,34.6,43.4,3,1,3,0,1,6,1,4,4,2,13,2,1,9-1-4,3,9,0,四分戦,自力。
114720261002,2026100247,11,1,1,0,015476,緒方将樹,オガタマサキ,27,熊本,117,1,1,3.92,逃,106.64,32.1,42.8,53.5,9,0,2,0,3,7,2,9,3,3,13,2,1,1-7-8,3,1,0,三分戦,自力自在。
114720261002,2026100247,11,2,2,0,013637,笠松信幸,カサマツノブユキ,47,愛知,84,1,1,3.92,追,105.84,4,24,52,6,0,0,0,3,0,3,1,5,7,12,1,2,4-2-6,3,4,0,三分戦,村田君。
114720261002,2026100247,11,3,3,0,015035,阿部拓真,アベタクマ,35,宮城,107,1,0,3.92,両,113.95,9,40.9,45.4,9,0,0,0,7,1,1,2,7,1,12,3,2,9-3-5,3,9,0,三分戦,杉浦君。
114720261002,2026100247,11,4,4,0,015628,村田祐樹,ムラタユウキ,28,富山,121,1,1,3.93,逃,100.52,0,16,16,3,9,9,2,0,2,0,0,4,0,21,1,1,4-2-6,3,4,0,三分戦,自力。
114720261002,2026100247,11,5,4,0,012339,内藤宣彦,ナイトウノブヒコ,55,秋田,67,1,1,3.92,追,106,4.7,23.7,28.5,0,0,0,0,2,0,3,1,4,1,15,3,3,9-3-5,3,9,0,三分戦,阿部君。
114720261002,2026100247,11,6,5,0,014249,鷲田幸司,ワシダコウジ,40,福井,92,1,2,3.92,追,96.46,3.5,10.7,28.5,1,0,0,0,1,0,2,1,2,5,20,1,3,4-2-6,3,4,0,三分戦,中部勢。
114720261002,2026100247,11,7,5,0,015383,原井博斗,ハライヒロト,30,福岡,115,1,1,3.92,追,108.58,11.1,38.8,50,5,0,0,0,3,0,4,2,5,2,9,2,2,1-7-8,3,1,0,三分戦,緒方君。
114720261002,2026100247,11,8,6,0,015067,瀬戸晋作,セトシンサク,33,長崎,107,1,2,3.92,両,98.85,14.2,28.4,47.6,2,0,0,0,4,0,2,3,3,4,11,2,3,1-7-8,3,1,0,三分戦,九州３番手。
114720261002,2026100247,11,9,6,0,015356,杉浦侑吾,スギウラユウゴ,31,栃木,115,1,1,3.92,逃,110.88,23,50,65.3,0,9,8,5,0,7,1,6,7,4,9,3,1,9-3-5,3,9,0,三分戦,自力。
124720261002,2026100247,12,1,1,0,014741,郡司浩平,グンジコウヘイ,36,神奈川,99,1,0,3.92,両,117,33.3,66.6,71.4,7,7,7,5,4,5,0,7,7,1,6,1,1,1-5-9,3,1,0,三分戦,自力。
124720261002,2026100247,12,2,2,0,014441,芦澤辰弘,アシザワタツヒロ,38,茨城,95,1,1,3.92,追,104.85,9.5,28.4,52.3,7,0,0,0,4,0,2,2,4,5,10,2,2,4-2-6,3,4,0,三分戦,安倍君。
124720261002,2026100247,12,3,3,0,014182,大川龍二,オオカワリユウジ,42,広島,91,1,1,3.92,両,106.13,9,22.7,36.3,1,0,0,0,4,0,1,2,3,3,14,3,2,7-3-8,3,7,0,三分戦,角君。
124720261002,2026100247,12,4,4,0,015609,安倍大成,アンバイタイセイ,27,埼玉,121,1,2,3.92,逃,102.5,14.2,42.8,57.1,8,13,14,5,0,5,2,4,8,4,12,2,1,4-2-6,3,4,0,三分戦,自力。
124720261002,2026100247,12,5,4,0,015439,佐々木眞也,ササキシンヤ,32,神奈川,117,1,1,3.92,両,110.62,22.2,44.4,50,5,0,0,0,7,0,1,4,4,1,9,1,2,1-5-9,3,1,0,三分戦,郡司さん。
124720261002,2026100247,12,6,5,0,014286,関貴之,セキタカユキ,43,茨城,93,1,2,3.92,追,95.34,7.6,11.5,23,0,0,0,0,2,1,0,2,1,3,20,2,3,4-2-6,3,4,0,三分戦,関東３番手。
124720261002,2026100247,12,7,5,0,015832,角宗哉,カドヒロヤ,26,山口,125,1,2,3.93,逃,105.76,35.1,52.9,58.8,3,15,14,8,0,1,0,6,3,1,7,3,1,7-3-8,3,7,0,三分戦,自力。
124720261002,2026100247,12,8,6,0,014617,西岡拓朗,ニシオカタクロウ,42,広島,97,1,2,3.92,追,98.68,0,8,40,2,0,0,0,0,0,2,0,2,8,15,3,3,7-3-8,3,7,0,三分戦,中国３番手。
124720261002,2026100247,12,9,6,0,014523,東龍之介,ヒガシリユウノスケ,36,神奈川,96,1,2,3.92,追,105.63,40.9,50,63.6,1,0,0,0,10,1,0,9,2,3,8,1,3,1-5-9,3,1,0,三分戦,神奈川３番手。
018320261002,2026100283,1,1,1,0,012754,小野祐作,オノユウサク,53,岡山,72,2,3,3.93,追,67.76,5.8,5.8,23.5,0,0,0,0,1,0,0,1,0,3,13,3,3,3-7-1,3,3,0,二分戦,近畿勢。
018320261002,2026100283,1,2,2,0,016017,白濱蓮,シラハマレン,27,長崎,129,2,3,3.92,逃,71.22,11.1,22.2,22.2,4,6,4,2,0,0,0,1,1,0,7,1,1,2-6-5,3,2,0,二分戦,自力。
018320261002,2026100283,1,3,3,0,014948,斎藤敦,サイトウアツシ,39,大阪,103,2,3,3.92,逃,68.85,10,20,25,3,6,6,3,0,1,0,2,2,1,15,3,1,3-7-1,3,3,0,二分戦,自力自在。
018320261002,2026100283,1,4,4,0,014555,水木裕聡,ミズキヒロアキ,43,高知,96,2,3,3.92,追,67.44,5.5,16.6,33.3,1,1,0,0,1,0,2,1,2,3,12,2,1,4,1,4,1,二分戦,決めずに。
018320261002,2026100283,1,5,5,0,014275,喜納隆志,キナリユウジ,42,沖縄,92,2,3,3.92,追,69,0,15,25,3,0,0,0,0,0,3,0,3,2,15,1,3,2-6-5,3,2,0,二分戦,吉田君。
018320261002,2026100283,1,6,6,0,015571,吉田悟,ヨシダサトル,32,熊本,119,2,3,3.92,逃,66.53,6.6,20,40,1,5,5,2,1,0,0,1,2,3,9,1,2,2-6-5,3,2,0,二分戦,白濱君。
018320261002,2026100283,1,7,6,0,014765,樫村伸平,カシムラシンペイ,39,兵庫,99,2,3,3.92,追,70.3,14.2,14.2,21.4,0,0,0,0,2,0,0,2,0,1,11,3,2,3-7-1,3,3,0,二分戦,齋藤君。
028320261002,2026100283,2,1,1,0,013206,岡崎和久,オカザキカズヒサ,50,奈良,78,2,3,3.92,追,73.04,4.5,18,40.9,6,0,0,0,2,0,2,1,3,5,13,2,2,5-1,2,5,0,三分戦,中嶋君。
028320261002,2026100283,2,2,2,0,012618,武智尚之,タケチナオユキ,55,愛媛,70,2,3,3.83,追,67.05,0,0,22.2,0,0,0,0,0,0,0,0,0,4,14,1,2,4-2,2,4,0,三分戦,花田君。
028320261002,2026100283,2,3,3,0,015300,ラモスレオ,ラモスレオ,29,沖縄,113,2,3,3.93,逃,68.92,7.1,7.1,14.2,5,0,0,0,1,0,0,1,0,1,12,3,2,7-3-6,3,7,0,三分戦,篠田君。
028320261002,2026100283,2,4,4,0,015900,花田雄飛,ハナダユウヒ,25,愛知,127,2,3,3.92,逃,71.7,25,41.6,58.3,3,12,11,8,0,1,1,6,4,4,10,1,1,4-2,2,4,0,三分戦,自力。
028320261002,2026100283,2,5,5,0,015542,中嶋樹,ナカジマイツキ,25,大阪,119,2,3,3.92,逃,68.65,9.5,14.2,28.5,0,6,5,3,0,0,0,2,1,3,15,2,1,5-1,2,5,0,三分戦,自力。
028320261002,2026100283,2,6,6,0,013513,南和夫,ミナミカズオ,50,福岡,82,2,3,3.92,追,65.81,0,0,18.5,0,0,0,0,0,0,0,0,0,5,22,3,3,7-3-6,3,7,0,三分戦,補充出走
028320261002,2026100283,2,7,6,0,015295,篠田樹,シノダタツキ,30,大分,113,2,3,3.92,逃,69.77,0,25.9,48.1,2,5,9,1,2,4,0,0,7,6,14,3,1,7-3-6,3,7,0,三分戦,自力。
038320261002,2026100283,3,1,1,0,014046,秋山貴宏,アキヤマタカヒロ,45,佐賀,89,2,3,3.92,追,74.45,16.6,45.8,58.3,0,0,1,0,5,1,5,4,7,3,10,1,2,7-1-4,3,7,0,二分戦,久保田君。
038320261002,2026100283,3,2,2,0,012976,中井修,ナカイオサム,56,滋賀,75,2,3,3.92,両,71.83,15.2,23,53.8,4,0,1,0,1,1,1,2,1,4,6,3,3,5-3-2,3,5,0,二分戦,中四国勢。
038320261002,2026100283,3,3,3,0,013802,大林亮介,オオバヤシリヨウスケ,45,香川,86,2,3,3.92,追,73.5,8.3,25,54.1,1,0,0,0,3,0,3,2,4,7,11,3,2,5-3-2,3,5,0,二分戦,古川君。
038320261002,2026100283,3,4,4,0,012832,仙石淳,センゴクアツシ,53,沖縄,73,2,3,3.85,追,71.77,5.5,11.1,44.4,0,0,0,0,1,0,1,1,1,6,10,1,3,7-1-4,3,7,0,二分戦,秋山君。
038320261002,2026100283,3,5,5,0,014780,古川大輔,フルカワダイスケ,42,広島,99,2,3,3.92,両,72.41,8.3,29,50,7,10,10,3,1,1,2,2,5,5,12,3,1,5-3-2,3,5,0,二分戦,自力。
038320261002,2026100283,3,6,6,0,011622,杉山正和,スギヤママサカズ,59,三重,59,2,3,3.85,追,70.88,5.5,33.3,38.8,6,0,0,0,2,0,4,1,5,1,11,2,1,6,1,6,1,二分戦,決めずに。
038320261002,2026100283,3,7,6,0,016008,久保田智之,クボタトモユキ,21,福岡,129,2,3,3.92,逃,77.33,36.8,52.6,63.1,3,12,13,9,0,1,0,7,3,2,7,1,1,7-1-4,3,7,0,二分戦,自力。
048320261002,2026100283,4,1,1,0,015993,西澤優聖,ニシザワマサト,24,岐阜,129,2,3,3.92,逃,77.91,45.8,62.5,79.1,3,6,9,4,0,11,0,11,4,4,5,2,1,1-7-3-4,4,1,0,二分戦,自力。
048320261002,2026100283,4,2,2,0,015637,近藤雄太,コンドウユウタ,27,岡山,121,2,3,3.92,逃,79.83,62.5,87.5,91.6,13,1,4,1,4,16,0,15,6,1,2,1,1,2-6-5,3,2,0,二分戦,自力。
048320261002,2026100283,4,3,3,0,014093,窪田陽介,クボタヨウスケ,41,滋賀,90,2,3,3.85,追,74.22,5.5,38.8,55.5,12,0,0,0,2,0,5,1,6,3,8,2,3,1-7-3-4,4,1,0,二分戦,中部勢。
048320261002,2026100283,4,4,4,0,013796,陶器一馬,トウキカズマ,47,大阪,86,2,3,3.85,追,70.71,4.7,19,52.3,5,0,0,0,2,0,2,1,3,7,10,2,4,1-7-3-4,4,1,0,二分戦,窪田君。
048320261002,2026100283,4,5,5,0,013505,住村実,スミムラミノル,50,徳島,82,2,3,3.92,追,68.08,4.3,26,34.7,0,0,0,0,3,0,3,1,5,2,15,1,3,2-6-5,3,2,0,二分戦,岡山勢。
048320261002,2026100283,4,6,6,0,014407,森佑樹,モリユウキ,40,岡山,94,2,3,3.92,逃,67.95,8.3,20.8,25,2,13,5,2,0,2,1,2,3,1,18,1,2,2-6-5,3,2,0,二分戦,近藤君。
048320261002,2026100283,4,7,6,0,012208,鰐渕正利,ワニブチマサトシ,56,愛知,65,2,3,3.92,追,73.29,5.5,22.2,44.4,1,0,0,0,1,0,3,1,3,4,10,2,2,1-7-3-4,4,1,0,二分戦,西澤君。
058320261002,2026100283,5,1,1,0,016038,仲井リコ,ナカイリコ,21,岐阜,130,4,1,3.79,両,45.14,0,0,0,1,0,0,0,0,0,0,0,0,0,21,2,1,1,1,1,1,細切れ,自力自在。
058320261002,2026100283,5,2,2,0,015666,畠山ひすい,ハタケヤマヒスイ,24,神奈川,122,4,1,3.77,逃,56.19,42.8,57,85.7,5,9,12,6,2,3,1,9,3,6,3,5,1,2,1,2,1,細切れ,自力。
058320261002,2026100283,5,3,3,0,015773,枝光美奈,エダミツミナ,28,福岡,124,4,1,3.77,両,51.51,10.2,17.2,41.3,4,3,1,1,2,0,2,3,2,7,17,3,1,3,1,3,1,細切れ,補充出走
058320261002,2026100283,5,4,4,0,015139,板根茜弥,イタネアヤ,37,東京,110,4,1,3.77,追,51,9.5,23.7,33.3,0,0,0,0,1,1,3,2,3,2,14,4,1,4,1,4,1,細切れ,自在。
058320261002,2026100283,5,5,5,0,016032,栗山百花,クリヤマモモカ,23,神奈川,130,4,1,3.79,両,48.4,9,9,18.1,0,3,4,1,0,0,0,1,0,1,9,7,1,5,1,5,1,細切れ,自力。
058320261002,2026100283,5,6,6,0,015679,又多風緑,マタダフツカ,24,石川,122,4,1,3.77,両,53.42,3.4,27.5,48.2,1,5,3,2,2,1,3,1,7,6,15,6,1,6,1,6,1,細切れ,自力自在。
058320261002,2026100283,5,7,6,0,015314,向井円,ムカイマドカ,33,大阪,114,4,1,3.79,追,48.19,0,4.7,14.2,8,0,0,0,0,0,1,0,1,2,18,1,1,7,1,7,1,細切れ,流れ見て。
068320261002,2026100283,6,1,1,0,015082,高橋朋恵,タカハシトモエ,32,東京,108,4,1,3.77,追,49.24,0,12,24,5,1,0,0,0,0,3,0,3,3,19,1,1,1,1,1,1,細切れ,自在。
068320261002,2026100283,6,2,2,0,015220,鈴木美教,スズキミノリ,32,静岡,112,4,1,3.77,両,55.39,41.6,62.5,70.8,1,4,6,3,6,3,3,10,5,2,7,3,1,2,1,2,1,細切れ,自力自在。
068320261002,2026100283,6,3,3,0,014925,大和久保美,ヤマトクボミ,35,青森,102,4,1,3.77,追,48.16,0,8.3,33.3,1,0,0,0,1,0,0,0,1,3,8,2,1,3,1,3,1,細切れ,前々。
068320261002,2026100283,6,4,4,0,015080,児玉碧衣,コダマアオイ,31,福岡,108,4,1,3.79,逃,59.33,88.8,88.8,94.4,0,6,12,8,0,8,0,16,0,1,1,5,1,4,1,4,1,細切れ,自力。
068320261002,2026100283,6,5,5,0,015079,日野友葵,ヒノユウキ,31,愛媛,108,4,1,3.69,追,46.79,0,0,4.1,2,0,0,0,0,0,0,0,0,1,23,4,1,5,1,5,1,細切れ,前々。
068320261002,2026100283,6,6,6,0,014896,野口諭実可,ノグチユミカ,34,大分,102,4,1,3.77,追,50.28,6.2,15.6,28.1,0,3,2,1,2,1,1,2,3,4,23,7,1,6,1,6,1,細切れ,流れに乗れるよう
068320261002,2026100283,6,7,6,0,015671,小泉夢菜,コイズミユメナ,27,埼玉,122,4,1,3.77,追,52.75,4.1,20.8,58.3,0,0,0,0,1,0,4,1,4,9,10,6,1,7,1,7,1,細切れ,自在。
078320261002,2026100283,7,1,1,0,015210,白濱一平,シラハマカズヒラ,33,長崎,111,2,2,3.92,両,84.86,20,33.3,33.3,1,4,5,2,0,3,0,3,2,0,10,1,1,1-4-6,3,1,0,二分戦,自力。
078320261002,2026100283,7,2,2,0,013201,北川紋部,キタガワモンブ,52,福井,78,2,2,3.92,追,78.66,0,0,22.7,0,0,0,0,0,0,0,0,0,5,17,2,1,2,1,2,1,二分戦,決めずに。
078320261002,2026100283,7,3,3,0,014615,藤原亮太,フジワラリヨウタ,38,岡山,97,2,2,3.92,両,80.28,4.7,19,23.8,2,1,2,1,1,2,0,1,3,1,16,4,1,3-7,2,3,0,二分戦,自力。
078320261002,2026100283,7,4,4,0,014449,片折勇輝,カタオリユウキ,42,福岡,95,2,2,3.92,両,79.25,0,4.7,14.2,1,0,0,0,0,0,1,0,1,2,18,1,2,1-4-6,3,1,0,二分戦,白濱君。
078320261002,2026100283,7,5,5,0,012681,辻力,ツジマサル,52,石川,71,2,2,3.92,追,80.16,0,4.1,12.5,0,1,0,0,0,0,1,0,1,2,21,3,1,5,1,5,1,二分戦,単騎。
078320261002,2026100283,7,6,6,0,012242,穴井利久,アナイトシヒサ,56,福岡,65,2,2,3.92,追,76.95,0,0,4.7,0,0,0,0,0,0,0,0,0,1,20,1,3,1-4-6,3,1,0,二分戦,片折君。
078320261002,2026100283,7,7,6,0,013587,船曳義之,フナビキヨシユキ,49,香川,83,2,2,3.92,追,79.72,4.5,9,18.1,0,0,0,0,2,0,0,1,1,2,18,4,2,3-7,2,3,0,二分戦,藤原君。
088320261002,2026100283,8,1,1,0,013155,四元慎也,ヨツモトシンヤ,51,宮崎,77,2,2,3.92,追,83.95,19,28.4,33.3,0,0,0,0,4,1,1,4,2,1,14,1,2,7-1-5-3,4,7,0,二分戦,枝村君。
088320261002,2026100283,8,2,2,0,013041,三浦稔希,ミウラトシキ,50,愛知,76,2,1,3.86,追,83.66,5.2,15.7,21,3,0,0,0,2,0,1,1,2,1,15,2,2,6-2-4,3,6,0,二分戦,牛田君。
088320261002,2026100283,8,3,3,0,014563,興呂木雄治,コウロギユウジ,37,熊本,96,2,2,3.92,両,79.45,0,4.7,9.5,0,0,0,0,0,0,1,0,1,1,19,1,4,7-1-5-3,4,7,0,二分戦,境君。
088320261002,2026100283,8,4,4,0,014094,有馬雄二,アリマユウジ,44,奈良,90,2,2,3.92,追,81.16,4.1,16.6,29.1,4,0,0,0,2,0,2,1,3,3,17,2,3,6-2-4,3,6,0,二分戦,中部勢。
088320261002,2026100283,8,5,5,0,015214,境啓亨,サカイヒロアキ,34,熊本,111,2,2,3.92,逃,82.29,4.1,16.6,41.6,1,0,1,1,1,0,2,1,3,6,14,1,3,7-1-5-3,4,7,0,二分戦,宮崎コンビ。
088320261002,2026100283,8,6,6,0,015534,牛田樹希斗,ウシダジュキト,28,愛知,119,2,2,3.92,逃,77.48,3.6,11.1,11.1,1,7,5,2,0,1,0,1,2,0,24,2,1,6-2-4,3,6,0,二分戦,自力。
088320261002,2026100283,8,7,6,0,015753,枝村弘樹,エダムラヒロキ,27,宮崎,123,2,1,3.92,逃,90.23,38.8,44.4,61.1,1,6,8,1,1,6,0,7,1,3,7,1,1,7-1-5-3,4,7,0,二分戦,自力。
098320261002,2026100283,9,1,1,0,015914,西森一稀,ニシモリイッキ,21,兵庫,127,2,2,3.92,逃,91.52,33.3,61.9,66.6,11,15,12,9,2,2,0,7,6,1,7,1,1,1,1,1,1,三分戦,単騎自力。
098320261002,2026100283,9,2,2,0,015560,林昴,ハヤシスバル,25,福岡,119,2,1,3.92,逃,88.04,14.2,52.3,57.1,4,11,12,8,1,2,0,3,8,1,9,3,1,2-5,2,2,0,三分戦,自力。
098320261002,2026100283,9,3,3,0,014953,和田誠寿,ワダセイジュ,35,広島,103,2,1,3.92,追,90.04,14.2,23.7,33.3,11,0,0,0,4,0,1,3,2,2,14,2,2,7-3,2,7,0,三分戦,橋本君。
098320261002,2026100283,9,4,4,0,012829,西浦仙哉,ニシウラヒサヤ,52,三重,73,2,1,3.92,両,92.22,22.2,33.3,50,0,1,0,1,3,2,0,4,2,3,9,4,1,4-6,2,4,0,三分戦,自分で。
098320261002,2026100283,9,5,5,0,014565,中村健志,ナカムラケンシ,40,熊本,96,2,1,3.92,追,94.28,19,42.8,76.1,14,0,0,0,6,0,3,4,5,7,5,3,2,2-5,2,2,0,三分戦,林君。
098320261002,2026100283,9,6,6,0,014749,山田哲也,ヤマダテツヤ,44,愛知,99,2,2,3.92,追,83.66,25.9,40.6,48.1,5,0,0,0,8,2,1,7,4,2,14,4,2,4-6,2,4,0,三分戦,西浦さん。
098320261002,2026100283,9,7,6,0,015545,橋本凌汰,ハシモトリョウタ,25,岡山,119,2,1,3.92,逃,90.47,10.5,21,52.6,0,9,7,2,1,1,0,2,2,6,9,2,1,7-3,2,7,0,三分戦,自力。
108320261002,2026100283,10,1,1,0,015926,諸隈健太郎,モロクマケンタロウ,25,高知,127,2,2,3.92,逃,91.57,19,61.9,71.4,0,14,17,9,0,4,0,4,9,2,6,1,1,1-5-3-6,4,1,0,二分戦,自力。
108320261002,2026100283,10,2,2,0,015809,高野信元,タカノシンゲン,27,愛知,125,2,1,3.92,逃,93.05,33.3,50,55.5,3,6,6,5,1,3,0,6,3,1,8,2,1,2-7-4,3,2,0,二分戦,自力。
108320261002,2026100283,10,3,3,0,014614,高橋清太郎,タカハシセイタロウ,41,岡山,97,2,1,3.92,追,86.66,28.4,42.8,52.3,0,0,0,0,6,1,2,6,3,2,10,1,3,1-5-3-6,4,1,0,二分戦,四国勢。
108320261002,2026100283,10,4,4,0,012742,山田雅之,ヤマダマサユキ,53,岐阜,72,2,2,3.93,追,84.11,5.5,22.2,44.4,1,0,0,0,3,0,1,1,3,4,10,2,3,2-7-4,3,2,0,二分戦,大庭さん。
108320261002,2026100283,10,5,5,0,015204,吉田智哉,ヨシダトモヤ,28,愛媛,111,2,1,3.92,逃,95.52,23.7,57,80.9,5,1,1,0,5,4,3,5,7,5,4,1,2,1-5-3-6,4,1,0,二分戦,諸隈君。
108320261002,2026100283,10,6,6,0,013348,内藤敦,ナイトウアツシ,50,岡山,80,2,2,3.92,追,81.71,0,14.2,33.3,1,0,0,0,3,0,0,0,3,4,14,1,4,1-5-3-6,4,1,0,二分戦,高橋君。
108320261002,2026100283,10,7,6,0,012598,大庭正紀,オオニワマサノリ,56,富山,70,2,1,3.92,追,84.7,10,20,35,1,0,0,0,2,0,2,2,2,3,13,2,2,2-7-4,3,2,0,二分戦,高野君。
118320261002,2026100283,11,1,1,0,015751,半田誠,ハンダマコト,22,熊本,123,2,1,3.92,逃,96.72,50,72.2,94.4,3,4,8,4,2,7,0,9,4,4,1,1,1,1-7-4,3,1,0,三分戦,自力。
118320261002,2026100283,11,2,2,0,014193,玉手翔,タマテシヨウ,43,兵庫,91,2,1,3.92,追,88.7,8.3,33.3,45.8,2,0,0,0,5,0,3,2,6,3,13,2,2,5-2,2,5,0,三分戦,常次君。
118320261002,2026100283,11,3,3,0,015377,蒋野翔太,コモノショウタ,31,徳島,115,2,1,3.92,逃,87.03,25.9,33.3,48.1,1,5,4,1,6,1,1,7,2,4,14,3,1,3-6,2,3,0,三分戦,自力自在。
118320261002,2026100283,11,4,4,0,014333,阿部兼士,アベケンジ,42,福岡,93,2,1,3.86,追,87.52,4.7,47.5,52.3,3,0,0,0,2,0,8,1,9,1,10,1,3,1-7-4,3,1,0,三分戦,紫原さん。
118320261002,2026100283,11,5,5,0,015632,常次勇人,ツネツグハヤト,24,大阪,121,2,1,3.92,逃,91.81,29.5,40.6,55.5,6,10,10,5,0,6,0,8,3,4,12,2,1,5-2,2,5,0,三分戦,自力。
118320261002,2026100283,11,6,6,0,013363,宇根秀俊,ウネヒデトシ,49,愛媛,80,2,2,3.92,追,84.09,0,22.7,40.9,1,0,0,0,2,0,3,0,5,4,13,3,2,3-6,2,3,0,三分戦,蒋野君。
118320261002,2026100283,11,7,6,0,011854,紫原政文,シハラマサフミ,58,福岡,61,2,1,3.93,追,87.53,6.6,26.6,46.6,0,0,0,0,2,0,2,1,3,3,8,1,2,1-7-4,3,1,0,三分戦,半田君。
012520261003,2026100325,1,1,1,0,015693,松田昂己,マツダコウキ,25,茨城,123,2,2,3.92,逃,86.04,38,47.5,57.1,0,10,10,6,0,3,1,8,2,2,9,1,1,1-7-4,3,1,0,二分戦,自力。
012520261003,2026100325,1,2,2,0,014169,富安保充,トミヤスヤスミツ,44,愛知,91,2,2,3.83,追,82.73,8.6,13,39.1,2,0,1,0,3,0,0,2,1,6,14,2,2,5-2-3,3,5,0,二分戦,岩原君。
012520261003,2026100325,1,3,3,0,013142,黒田大介,クロダダイスケ,52,愛媛,77,2,2,3.92,追,80.21,0,0,17.3,0,0,0,0,0,0,0,0,0,4,19,2,3,5-2-3,3,5,0,二分戦,愛知勢へ。
012520261003,2026100325,1,4,4,0,013099,大橋直人,オオハシナオト,50,埼玉,77,2,2,3.92,追,79.71,4.7,14.2,14.2,1,0,0,0,2,0,1,1,2,0,18,1,3,1-7-4,3,1,0,二分戦,補充出走
012520261003,2026100325,1,5,5,0,015898,岩原健馬,イワハラケンマ,21,愛知,127,2,2,3.92,逃,83.27,16.6,22.2,44.4,1,8,7,2,0,2,0,3,1,4,10,2,1,5-2-3,3,5,0,二分戦,自力。
012520261003,2026100325,1,6,6,0,012473,清水邦章,シミズクニアキ,55,香川,68,2,2,3.92,追,79.52,0,4.7,14.2,0,0,0,0,0,0,1,0,1,2,18,3,1,6,1,6,1,二分戦,決めず。
012520261003,2026100325,1,7,6,0,013690,伊藤大理,イトウヒロミチ,49,長野,85,2,2,3.92,追,82.63,9,27.2,45.4,6,0,0,0,5,0,1,2,4,4,12,1,2,1-7-4,3,1,0,二分戦,大橋君と話して①
022520261003,2026100325,2,1,1,0,013484,表大暁,オモテヒロアキ,51,富山,82,2,2,3.92,追,83.26,5.2,10.5,36.8,2,0,0,0,1,0,1,1,1,5,12,1,3,3-4-1,3,3,0,二分戦,九州勢へ。
022520261003,2026100325,2,2,2,0,014464,中西司,ナカニシツカサ,45,神奈川,95,2,2,3.92,追,83.19,4.7,23.7,28.5,0,0,0,0,1,0,4,1,4,1,15,4,2,7-2,2,7,0,二分戦,森君へ。
022520261003,2026100325,2,3,3,0,015748,田中会心,タナカカイシン,26,熊本,123,2,1,3.92,逃,88.29,20.8,33.3,54.1,0,14,16,6,0,2,0,5,3,5,11,1,1,3-4-1,3,3,0,二分戦,自力。
022520261003,2026100325,2,4,4,0,013660,徳吉広紀,トクヨシヒロキ,49,福岡,84,2,2,3.92,追,84.12,4.1,20.8,50,7,0,0,0,1,0,4,1,4,7,12,1,2,3-4-1,3,3,0,二分戦,田中君。
022520261003,2026100325,2,5,5,0,012861,小坂敏之,コサカトシユキ,53,栃木,74,2,2,3.93,追,81.16,0,4.1,20.8,0,0,0,0,1,0,0,0,1,4,19,2,1,5,1,5,1,二分戦,決めずに。
022520261003,2026100325,2,6,6,0,015112,日浦崇道,ヒウラタカミチ,35,和歌山,109,2,2,3.92,逃,75.8,0,0,4.7,3,8,1,0,0,0,0,0,0,1,20,3,1,6,1,6,1,二分戦,一人でやる。
022520261003,2026100325,2,7,6,0,015897,森飛龍,モリヒリュウ,23,静岡,127,2,2,3.92,逃,80.29,5.8,11.7,17.6,2,3,3,1,0,1,0,1,1,1,14,4,1,7-2,2,7,0,二分戦,自力自在。
032520261003,2026100325,3,1,1,0,012747,布居寛幸,ヌノイヒロユキ,52,和歌山,72,2,1,3.92,追,85.88,16.6,27.7,44.4,0,0,0,0,3,0,2,3,2,3,10,1,2,4-1,2,4,0,三分戦,伊原君。
032520261003,2026100325,3,2,2,0,013465,春日勇人,カスガハヤト,50,千葉,82,2,1,3.92,追,86.91,16.6,41.6,66.6,2,0,0,0,6,0,4,4,6,6,8,2,2,5-2-6,3,5,0,三分戦,尾崎君へ。
032520261003,2026100325,3,3,3,0,015387,緒方慎太朗,オガタシンタロウ,27,熊本,115,2,2,3.92,逃,84.23,14.2,33.3,42.8,0,7,5,4,0,3,0,3,4,2,12,3,1,3-7,2,3,0,三分戦,自力。
032520261003,2026100325,3,4,4,0,014178,伊原克彦,イハラカツヒコ,44,福井,91,2,1,3.92,両,90.66,27.7,55.5,72.2,2,1,2,1,2,6,1,5,5,3,5,1,1,4-1,2,4,0,三分戦,自力。
032520261003,2026100325,3,5,5,0,015245,尾崎悠生,オザキユウセイ,29,埼玉,113,2,1,3.85,逃,88.61,38,47.5,52.3,0,11,7,4,0,6,0,8,2,1,10,2,1,5-2-6,3,5,0,三分戦,自力。
032520261003,2026100325,3,6,6,0,015157,高橋大輝,タカハシダイキ,32,秋田,111,2,2,3.92,両,81.85,14.2,19,28.5,0,0,0,0,3,1,0,3,1,2,15,2,3,5-2-6,3,5,0,三分戦,東日本の３番手。
032520261003,2026100325,3,7,6,0,013507,吉岡篤志,ヨシオカアツシ,47,徳島,82,2,1,3.92,追,84.57,4.7,28.4,47.6,1,0,0,0,2,0,4,1,5,4,11,3,2,3-7,2,3,0,三分戦,緒方君へ。
042520261003,2026100325,4,1,1,0,015918,土井慎二,ドイシンジ,29,岡山,127,2,2,3.92,逃,83.61,14.2,23.7,42.8,3,7,7,3,2,0,0,3,2,4,12,1,1,1-5,2,1,0,三分戦,自力。
042520261003,2026100325,4,2,2,0,014779,名川豊,ナガワユタカ,36,福岡,99,2,1,3.92,追,89.52,33.3,47.5,57.1,2,0,0,0,7,1,2,7,3,2,9,2,2,7-2,2,7,0,三分戦,吉川君。
042520261003,2026100325,4,3,3,0,014204,大崎和也,オオサキカズヤ,39,青森,92,2,1,3.92,追,86.28,19,28.4,28.5,5,0,0,0,4,0,2,4,2,0,15,3,2,4-3,2,4,0,三分戦,赤塚さん。
042520261003,2026100325,4,4,4,0,014572,赤塚悠人,アカツカユウト,40,山形,97,2,1,3.92,両,83.42,14.2,28.4,38,2,2,3,0,1,5,0,3,3,2,13,3,1,4-3,2,4,0,三分戦,自力自在。
042520261003,2026100325,4,5,5,0,014181,藤原悠斗,フジワラユウト,40,岡山,91,2,2,3.93,追,83.88,3.8,30.7,38.4,0,0,0,0,1,0,7,1,7,2,16,1,2,1-5,2,1,0,三分戦,土井君へ。
042520261003,2026100325,4,6,6,0,014227,緒方剛,オガタツヨシ,43,埼玉,92,2,2,3.93,追,81,8.3,20.8,25,2,0,0,0,5,0,0,2,3,1,18,4,1,6,1,6,1,三分戦,決めず。
042520261003,2026100325,4,7,6,0,015182,吉川希望,ヨシカワキボウ,33,石川,111,2,1,3.92,逃,92.19,33.3,52.3,57.1,5,9,6,4,4,3,0,7,4,1,9,2,1,7-2,2,7,0,三分戦,自力。
052520261003,2026100325,5,1,1,0,013944,桐山敬太郎,キリヤマケイタロウ,44,神奈川,88,1,2,3.92,追,99.37,3.4,17.2,31,3,0,0,0,0,2,3,1,4,4,20,2,1,1-4,2,1,0,三分戦,前々。
052520261003,2026100325,5,2,2,0,014076,志村太賀,シムラタイガ,43,山梨,90,1,1,3.92,追,100,0,16,32,3,0,0,0,2,0,2,0,4,4,17,1,2,6-2,2,6,0,三分戦,柿本君。
052520261003,2026100325,5,3,3,0,013514,山口貴嗣,ヤマグチヨシツグ,48,福岡,82,1,2,3.92,追,100.68,7.6,38.4,38.4,2,0,0,0,3,0,7,2,8,0,16,3,2,5-3,2,5,0,三分戦,藤田さん。
052520261003,2026100325,5,4,4,0,013855,近藤俊明,コンドウトシアキ,48,神奈川,87,1,2,3.92,追,99.96,3.3,20,26.6,3,0,0,0,4,0,2,1,5,2,22,2,2,1-4,2,1,0,三分戦,桐山君。
052520261003,2026100325,5,5,5,0,013497,藤田昌宏,フジタマサヒロ,52,岡山,82,1,2,3.92,両,96.35,6.4,19.3,29,1,9,6,3,2,1,0,2,4,3,22,3,1,5-3,2,5,0,三分戦,自力。
052520261003,2026100325,5,6,6,0,015251,柿本大貴,カキモトダイキ,30,東京,113,1,2,3.92,逃,94.68,0,26.3,26.3,0,6,4,4,1,0,0,0,5,0,14,1,1,6-2,2,6,0,三分戦,自力。
062520261003,2026100325,6,1,1,0,014752,竹内雄作,タケウチユウサク,39,岐阜,99,1,2,3.92,逃,99,4,16,40,2,9,7,2,2,0,0,1,3,6,15,1,1,1-4,2,1,0,二分戦,自力。
062520261003,2026100325,6,2,2,0,012786,佐藤康紀,サトウヤスノリ,52,青森,73,1,2,3.92,追,93.43,0,4.3,13,0,0,0,0,0,0,1,0,1,2,20,3,2,5-2,2,5,0,二分戦,坂本君。
062520261003,2026100325,6,3,3,0,014163,内田英介,ウチダエイスケ,45,東京,91,1,2,3.92,追,96.65,3.4,13.7,31,22,0,0,0,1,0,3,1,3,5,20,2,1,3,1,3,1,二分戦,決めずに。
062520261003,2026100325,6,4,4,0,013883,高津晃治,タカツコウジ,47,岡山,87,1,2,3.92,追,99.61,11.1,11.1,27.7,1,0,0,0,2,0,0,2,0,3,13,1,2,1-4,2,1,0,二分戦,竹内君。
062520261003,2026100325,6,5,5,0,014792,坂本周輝,サカモトシュウキ,35,青森,100,1,2,3.92,両,99.88,5.5,27.7,38.8,3,1,1,0,3,0,2,1,4,2,11,3,1,5-2,2,5,0,二分戦,自力自在。
062520261003,2026100325,6,6,6,0,015524,栗本武典,クリモトタケノリ,30,千葉,119,1,2,3.92,両,92.71,0,0,9.5,0,1,0,0,0,0,0,0,0,2,19,4,1,6,1,6,1,二分戦,単騎。
072520261003,2026100325,7,1,1,0,013357,近藤誠二,コンドウセイジ,48,香川,80,1,2,3.92,追,96.03,3.4,3.4,27.5,0,0,0,0,1,0,0,1,0,7,21,1,3,6-5-1,3,6,0,二分戦,中近勢へ。
072520261003,2026100325,7,2,2,0,014292,丸山直樹,マルヤマナオキ,40,埼玉,93,1,2,3.92,追,96.35,7.1,17.8,25,6,0,0,0,3,0,2,2,3,2,21,2,3,4-3-2,3,4,0,二分戦,高橋君。
072520261003,2026100325,7,3,3,0,014720,高橋広大,タカハシコウダイ,39,埼玉,99,1,2,3.92,追,99.22,0,9,36.3,3,0,0,0,1,0,1,0,2,6,14,2,2,4-3-2,3,4,0,二分戦,中村君。
072520261003,2026100325,7,4,4,0,015787,中村龍吉,ナカムラタツヨシ,26,福島,125,1,2,3.92,逃,102.66,25,41.6,54.1,7,9,9,6,0,4,0,6,4,3,11,2,1,4-3-2,3,4,0,二分戦,自力。
072520261003,2026100325,7,5,5,0,013719,吉田敏洋,ヨシダトシヒロ,46,愛知,85,1,2,3.92,両,102,0,39.1,47.8,0,0,0,0,2,0,7,0,9,2,12,1,2,6-5-1,3,6,0,二分戦,西岡君へ。
072520261003,2026100325,7,6,6,0,015823,西岡利起,ニシオカマサキ,25,奈良,125,1,2,3.93,逃,93.6,4,4,12,1,16,8,0,0,1,0,1,0,2,22,1,1,6-5-1,3,6,0,二分戦,自力。
082520261003,2026100325,8,1,1,0,015096,大石剣士,オオイシケンシ,30,静岡,109,1,2,3.92,逃,105.42,29.5,44.4,55.5,1,9,10,5,1,6,0,8,4,3,12,1,1,1-5-6,3,1,0,三分戦,自力。
082520261003,2026100325,8,2,2,0,015381,岩谷拓磨,イワタニタクマ,29,福岡,115,1,1,3.92,逃,107.17,27.5,41.3,51.7,9,6,3,1,6,5,0,8,4,3,14,2,1,2-7,2,2,0,三分戦,自力。
082520261003,2026100325,8,3,3,0,013118,山内卓也,ヤマウチタクヤ,49,愛知,77,1,2,3.92,追,101.6,20,36.6,46.6,1,0,0,0,8,0,3,6,5,3,16,3,2,4-3,2,4,0,三分戦,遠藤君。
082520261003,2026100325,8,4,4,0,015836,遠藤拓巳,エンドウタクミ,26,香川,125,1,2,3.92,逃,101.34,17.2,30.4,43.4,0,13,11,4,0,2,1,4,3,3,13,3,1,4-3,2,4,0,三分戦,自力。
082520261003,2026100325,8,5,5,0,015173,格清洋介,カクセイヨウスケ,32,静岡,111,1,2,3.93,逃,101.6,42.8,46.4,57.1,0,7,8,4,1,8,0,12,1,3,12,1,2,1-5-6,3,1,0,三分戦,大石君。
082520261003,2026100325,8,6,6,0,014239,鈴木裕,スズキヒロシ,41,千葉,92,1,2,3.92,両,97.95,16,24,36,9,1,0,0,3,2,1,4,2,3,16,1,3,1-5-6,3,1,0,三分戦,静岡勢へ。
082520261003,2026100325,8,7,6,0,015296,上田尭弥,ウエダタカヤ,28,熊本,113,1,2,3.92,逃,99.47,21.7,39.1,43.4,3,4,6,4,2,3,0,5,4,1,13,2,2,2-7,2,2,0,三分戦,岩谷君。
092520261003,2026100325,9,1,1,0,015651,中川聖大,ナカガワセイダイ,28,福岡,121,1,2,3.92,逃,99.91,12,20,40,1,12,12,2,1,2,0,3,2,5,15,1,1,1-7-4,3,1,0,三分戦,自力。
092520261003,2026100325,9,2,2,0,014500,竹村勇祐,タケムラユウスケ,36,秋田,96,1,2,3.92,追,104.36,10,30,50,1,0,0,0,4,0,2,2,4,4,10,2,2,5-2,2,5,0,三分戦,伊東君。
092520261003,2026100325,9,3,3,0,014506,磯田旭,イソダアキラ,36,栃木,96,1,2,3.92,追,101.15,0,19,33.3,2,0,0,0,2,0,2,0,4,3,14,3,2,6-3,2,6,0,三分戦,熊崎君。
092520261003,2026100325,9,4,4,0,013821,中村圭志,ナカムラキヨシ,45,熊本,86,1,1,3.93,追,105.42,13.6,31.8,31.8,2,0,0,0,6,0,1,3,4,0,15,1,3,1-7-4,3,1,0,三分戦,伊藤君。
092520261003,2026100325,9,5,5,0,014800,伊東翔貴,イトウヒロキ,36,福島,100,1,2,3.92,逃,101.77,16.6,38.8,44.4,3,5,7,2,2,3,0,3,4,1,10,2,1,5-2,2,5,0,三分戦,自力。
092520261003,2026100325,9,6,6,0,015697,熊崎麻人,クマザキアサト,26,埼玉,123,1,2,3.92,逃,97.82,0,15.7,42.1,5,8,3,1,0,2,0,0,3,5,11,3,1,6-3,2,6,0,三分戦,自力。
092520261003,2026100325,9,7,6,0,015475,伊藤旭,イトウアサヒ,26,熊本,117,1,1,3.92,両,110.39,21.4,32.1,53.5,2,1,2,1,5,3,0,6,3,6,13,1,2,1-7-4,3,1,0,三分戦,中川さん。
102520261003,2026100325,10,1,1,0,014795,櫻井正孝,サクライマサタカ,39,宮城,100,1,1,3.92,追,103.6,0,17.2,43.4,3,0,0,0,1,0,3,0,4,6,13,1,2,4-1,2,4,0,三分戦,櫻井祐君。
102520261003,2026100325,10,2,2,0,014484,河端朋之,カワバタトモユキ,41,岡山,95,1,1,3.93,逃,110.2,16.1,38.7,48.3,5,7,10,1,4,7,0,5,7,3,16,2,2,7-2,2,7,0,三分戦,久米君。
102520261003,2026100325,10,3,3,0,015723,稲毛知也,イナケトモヤ,28,和歌山,123,1,2,3.92,逃,96.91,13,21.7,30.4,4,7,13,2,0,3,0,3,2,2,16,3,1,3-5-6,3,3,0,三分戦,自力。
102520261003,2026100325,10,4,4,0,015417,櫻井祐太郎,サクライユウタロウ,27,宮城,117,1,1,3.92,逃,102.29,16.6,29,33.3,2,12,10,6,0,1,0,4,3,1,16,1,1,4-1,2,4,0,三分戦,自力。
102520261003,2026100325,10,5,5,0,014886,山本伸一,ヤマモトシンイチ,43,奈良,101,1,2,3.92,両,105.61,20,35,50,3,0,0,0,4,1,2,4,3,3,10,3,2,3-5-6,3,3,0,三分戦,稲毛君。
102520261003,2026100325,10,6,6,0,013878,松岡健介,マツオカケンスケ,48,兵庫,87,1,2,3.92,両,94.45,4.1,12.5,16.6,1,0,0,0,3,0,0,1,2,1,20,3,3,3-5-6,3,3,0,三分戦,近畿３番手。
102520261003,2026100325,10,7,6,0,014846,久米康平,クメコウヘイ,35,徳島,100,1,1,3.92,両,103.85,9,22.7,36.3,3,4,3,1,1,3,0,2,3,3,14,2,1,7-2,2,7,0,三分戦,自力。
112520261003,2026100325,11,1,1,0,014139,小田倉勇二,オダクラユウジ,42,埼玉,91,2,1,3.92,両,94.04,23.7,47.5,66.6,2,0,0,0,6,2,2,5,5,4,7,1,2,7-1,2,7,0,三分戦,鈴木君。
112520261003,2026100325,11,2,2,0,013885,柳谷崇,ヤナギダニタカシ,48,岡山,87,2,1,3.92,追,91.6,15,35,50,5,0,0,0,4,0,3,3,4,3,10,2,2,6-2,2,6,0,三分戦,山崎君。
112520261003,2026100325,11,3,3,0,015508,菅野航基,カンノコウキ,25,宮城,119,2,1,3.92,逃,95.28,47.5,71.3,76.1,7,10,11,9,4,2,0,10,5,1,5,3,1,3-4,2,3,0,三分戦,自力。
112520261003,2026100325,11,4,4,0,012785,小橋明紀,コバシアキノリ,53,青森,73,2,1,3.92,追,94.15,21.4,50,57.1,2,0,0,0,4,0,3,3,4,1,6,3,2,3-4,2,3,0,三分戦,菅野君。
112520261003,2026100325,11,5,5,0,013716,佐藤亙,サトウワタル,47,愛知,85,2,1,3.92,追,91.61,28.4,57,71.4,1,0,0,0,7,0,5,6,6,3,6,4,1,5,1,5,1,三分戦,決めずに前々。
112520261003,2026100325,11,6,6,0,015550,山崎航,ヤマサキワタル,31,山口,119,2,1,3.92,逃,88.73,17.2,39.1,52.1,1,8,9,3,0,5,1,4,5,3,11,2,1,6-2,2,6,0,三分戦,自力。
112520261003,2026100325,11,7,6,0,015346,鈴木薫,スズキカオル,27,東京,115,2,1,3.92,逃,95.94,50,72.2,77.7,6,4,5,4,4,5,0,9,4,1,4,1,1,7-1,2,7,0,三分戦,自力自在。
122520261003,2026100325,12,1,1,0,014152,宿口陽一,ヤドグチヨウイチ,42,埼玉,91,1,1,3.92,両,107.1,19,28.4,33.3,3,1,0,0,5,0,1,4,2,1,14,1,2,3-1,2,3,0,三分戦,森田君。
122520261003,2026100325,12,2,2,0,014380,根田空史,ネダタカシ,38,千葉,94,1,1,3.92,逃,111.8,19.2,46.1,61.5,0,3,11,3,1,7,1,5,7,4,10,2,1,2-7-5,3,2,0,三分戦,自力。
122520261003,2026100325,12,3,3,0,015248,森田優弥,モリタユウヤ,28,埼玉,113,1,2,3.92,逃,113.73,42.3,53.8,65.3,2,6,11,4,0,10,0,11,3,3,9,1,1,3-1,2,3,0,三分戦,自力。
122520261003,2026100325,12,4,4,0,015341,坂井洋,サカイヨウ,31,栃木,115,1,1,3.92,両,114.37,29.5,44.4,59.2,6,3,4,1,5,4,2,8,4,4,11,3,1,4-6,2,4,0,三分戦,自力。
122520261003,2026100325,12,5,5,0,014020,松坂洋平,マツザカヨウヘイ,44,神奈川,89,1,1,3.92,両,106.85,21.4,39.2,50,5,0,0,0,7,2,2,6,5,3,14,2,3,2-7-5,3,2,0,三分戦,南関３番手。
122520261003,2026100325,12,6,6,0,015328,星野洋輝,ホシノヒロキ,26,福島,115,1,1,3.92,追,105.68,22.7,31.8,54.5,6,0,0,0,3,2,2,5,2,5,10,3,2,4-6,2,4,0,三分戦,坂井さん。
122520261003,2026100325,12,7,6,0,015051,簗田一輝,ヤナダカズキ,30,静岡,107,1,1,3.92,両,112.75,25,43.7,62.5,5,0,0,0,4,1,2,4,3,3,6,2,2,2-7-5,3,2,0,三分戦,根田さん。
013420261003,2026100334,1,1,1,0,015829,油谷蒼,アブタニソウ,31,兵庫,125,2,2,3.92,逃,80.91,8.3,16.6,16.6,1,7,5,1,0,0,1,1,1,0,10,1,1,1-7,2,1,0,三分戦,自力。
013420261003,2026100334,1,2,2,0,015740,櫻木雄太,サクラギユウタ,25,福岡,123,2,1,3.92,逃,85.28,20,46.6,46.6,2,1,1,1,1,3,2,3,4,0,8,2,1,2-4-6,3,2,0,三分戦,自力。
013420261003,2026100334,1,3,3,0,013273,西徹,ニシトオル,49,石川,79,2,2,3.92,追,84,9.5,14.2,33.3,0,0,0,0,3,0,0,2,1,4,14,3,2,5-3,2,5,0,三分戦,岩元目標。
013420261003,2026100334,1,4,4,0,012380,近藤修康,コンドウノブヤス,54,岡山,67,2,1,3.92,追,87.66,5.2,15.7,31.5,0,0,0,0,1,0,2,1,2,3,13,2,2,2-4-6,3,2,0,三分戦,櫻木君目標。
013420261003,2026100334,1,5,5,0,015820,岩元叶馬,イワモトキョウマ,24,富山,125,2,1,3.92,逃,86.28,4.7,33.3,42.8,10,9,9,2,0,4,1,1,6,2,12,3,1,5-3,2,5,0,三分戦,自力。
013420261003,2026100334,1,6,6,0,012914,武市和人,タケチカズヒト,52,高知,74,2,2,3.79,追,76.34,0,0,3.8,1,0,0,0,0,0,0,0,0,1,25,2,3,2-4-6,3,2,0,三分戦,２４の後ろ。
013420261003,2026100334,1,7,6,0,013729,堺文人,サカイフミヒト,47,和歌山,85,2,2,3.92,追,81.45,8.3,12.5,33.3,2,0,0,0,1,1,1,2,1,5,16,1,2,1-7,2,1,0,三分戦,油谷君目標。
023420261003,2026100334,2,1,1,0,015264,渡邉直弥,ワタナベナオヤ,30,静岡,113,2,2,3.92,両,83.6,5,15,35,6,3,0,0,1,1,1,1,2,4,13,1,2,4-1-7,3,4,0,三分戦,古屋さんへ。
023420261003,2026100334,2,2,2,0,015904,辻田祥大,ツジタショウタ,23,三重,127,2,2,3.93,逃,89.66,33.3,44.4,66.6,1,10,11,5,0,3,0,6,2,4,6,2,1,2-5,2,2,0,三分戦,自力。
023420261003,2026100334,2,3,3,0,014269,梶原恵介,カジワラケイスケ,44,大分,92,2,1,3.92,追,85.19,4.7,33.3,52.3,0,0,0,0,2,0,5,1,6,4,10,3,2,6-3,2,6,0,三分戦,丸林君目標。
023420261003,2026100334,2,4,4,0,014077,古屋琢晶,フルヤタカアキ,40,山梨,90,2,1,3.92,両,87.87,35.1,35.1,47,6,4,3,0,2,4,0,6,0,2,9,1,1,4-1-7,3,4,0,三分戦,自力。
023420261003,2026100334,2,5,5,0,013047,田中俊充,タナカトシミツ,51,福井,76,2,1,3.92,追,86.61,0,33.3,55.5,1,0,0,0,1,0,5,0,6,4,8,2,2,2-5,2,2,0,三分戦,辻田君目標。
023420261003,2026100334,2,6,6,0,015743,丸林駿太,マルバヤシシュンタ,24,福岡,123,2,2,3.92,逃,78.93,6.6,6.6,13.3,0,11,7,0,1,0,0,1,0,1,13,3,1,6-3,2,6,0,三分戦,自力。
023420261003,2026100334,2,7,6,0,013384,金子兼久,カネコカネヒサ,48,宮城,81,2,2,3.92,追,81.58,0,12.5,25,2,0,0,0,1,0,2,0,3,3,18,1,3,4-1-7,3,4,0,三分戦,東日本３番手。
033420261003,2026100334,3,1,1,0,014302,武田憲祐,タケダケンスケ,43,神奈川,93,2,1,3.92,追,86.04,4.7,33.3,52.3,7,0,0,0,3,0,4,1,6,4,10,1,2,5-1-7-2,4,5,0,二分戦,関根君マーク。
033420261003,2026100334,3,2,2,0,014012,関智晴,セキトモハル,42,新潟,89,2,2,3.92,追,83.66,4.7,14.2,28.5,5,0,0,0,3,0,0,1,2,3,15,1,4,5-1-7-2,4,5,0,二分戦,東日本４番手から
033420261003,2026100334,3,3,3,0,015194,船瀬惇平,フナセジュンペイ,32,広島,111,2,1,3.93,逃,93,33.3,38.8,66.6,0,7,4,3,3,1,0,6,1,5,6,2,1,3-4-6,3,3,0,二分戦,自力。
033420261003,2026100334,3,4,4,0,014336,八尋翔平,ヤヒロシヨウヘイ,39,福岡,93,2,2,3.92,追,85.58,15.7,31.5,36.8,0,0,0,0,2,0,4,3,3,1,12,2,2,3-4-6,3,3,0,二分戦,船瀬君目標。
033420261003,2026100334,3,5,5,0,014822,関根健太郎,セキネケンタロウ,35,神奈川,100,2,1,3.92,両,89.15,15,35,55,6,4,5,2,4,1,0,3,4,4,9,1,1,5-1-7-2,4,5,0,二分戦,自力。
033420261003,2026100334,3,6,6,0,013896,安東英博,アンドウヒデヒロ,46,大分,87,2,2,3.92,追,81.95,12.5,20.8,37.5,0,0,0,0,5,0,0,3,2,4,15,2,3,3-4-6,3,3,0,二分戦,西日本３番手。
033420261003,2026100334,3,7,6,0,013929,宮内善光,ミヤウチゼンコウ,45,群馬,88,2,2,3.92,追,89.19,9.5,52.3,61.9,3,0,0,0,6,0,5,2,9,2,8,1,3,5-1-7-2,4,5,0,二分戦,地元の後ろ。
043420261003,2026100334,4,1,1,0,013494,土井勲,ドイイサオ,52,岡山,82,2,2,3.92,追,81.55,10.7,10.7,32.1,0,0,0,0,3,0,0,3,0,6,19,2,2,6-1-5,3,6,0,二分戦,増田君目標。
043420261003,2026100334,4,2,2,0,014520,伊藤彰規,イトウアキノリ,36,神奈川,96,2,2,3.92,両,82.14,9.5,19,38,0,2,2,1,2,1,0,2,2,4,13,1,3,7-4-2,3,7,0,二分戦,須藤さんの後ろ。
043420261003,2026100334,4,3,3,0,013616,渡邉高志,ワタナベタカシ,49,栃木,84,2,1,3.93,追,85.4,18.5,18.5,48.1,3,0,0,0,3,2,0,5,0,8,14,3,1,3,1,3,1,二分戦,決めずに。
043420261003,2026100334,4,4,4,0,014740,須藤悟,スドウサトル,37,千葉,99,2,1,3.92,追,92.08,8.3,33.3,50,8,0,0,0,5,0,3,2,6,4,12,1,2,7-4-2,3,7,0,二分戦,池野君マーク。
043420261003,2026100334,4,5,5,0,013311,根本雄紀,ネモトユウキ,49,茨城,80,2,1,3.92,追,86.7,12,20,36,1,0,0,0,4,0,1,3,2,4,16,2,3,6-1-5,3,6,0,二分戦,中国勢の後ろ。
043420261003,2026100334,4,6,6,0,015281,増田仁,マスダヒトシ,41,広島,113,2,2,3.92,逃,80,7.6,19.2,34.6,1,12,10,3,0,2,0,2,3,4,17,2,1,6-1-5,3,6,0,二分戦,自力。
043420261003,2026100334,4,7,6,0,015116,池野健太,イケノケンタ,34,兵庫,109,2,1,3.92,逃,96.22,51.8,70.3,85.1,11,2,3,3,5,11,0,14,5,4,4,1,1,7-4-2,3,7,0,二分戦,自力自在。
053420261003,2026100334,5,1,1,0,014043,中園和剛,ナカゾノカズヨシ,44,福岡,89,1,2,3.92,追,95.96,3.8,3.8,19.2,7,0,0,0,1,0,0,1,0,4,21,1,3,2-6-1,3,2,0,二分戦,北勢へ。
053420261003,2026100334,5,2,2,0,015687,立花昌也,タチバナショウヤ,27,青森,123,1,2,3.92,逃,98.78,21.7,26,34.7,0,13,8,2,1,3,0,5,1,2,15,1,1,2-6-1,3,2,0,二分戦,自力です。
053420261003,2026100334,5,3,3,0,014606,稲毛健太,イナケケンタ,37,和歌山,97,1,2,3.92,逃,99.62,0,18.7,43.7,3,2,4,1,1,1,0,0,3,4,9,2,1,3-4-5,3,3,0,二分戦,自力です。
053420261003,2026100334,5,4,4,0,013724,渡辺十夢,ワタナベトム,46,福井,85,1,2,3.93,追,101.22,8.6,26,39.1,2,0,0,0,3,0,3,2,4,3,14,2,2,3-4-5,3,3,0,二分戦,稲毛君へ。
053420261003,2026100334,5,5,5,0,013498,西田雅志,ニシダマサシ,48,広島,82,1,2,3.92,追,99.04,8.6,13,34.7,0,0,0,0,3,0,0,2,1,5,15,2,3,3-4-5,3,3,0,二分戦,近畿勢へ。
053420261003,2026100334,5,6,6,0,013537,谷津田将吾,ヤツダシヨウゴ,46,福島,83,1,2,3.92,追,94.64,0,0,20,1,0,0,0,0,0,0,0,0,5,20,1,2,2-6-1,3,2,0,二分戦,立花君へ。
063420261003,2026100334,6,1,1,0,015183,小森貴大,コモリタカヒロ,36,福井,111,1,1,3.92,両,105.64,31.2,43.7,50,4,3,2,1,2,4,0,5,2,1,8,1,1,1-7,2,1,0,三分戦,自力自在。
063420261003,2026100334,6,2,2,0,015616,齋藤雄行,サイトウユウコウ,31,神奈川,121,1,2,3.92,逃,98.95,16.6,25,45.8,0,7,10,2,0,3,1,4,2,5,13,2,1,2-5,2,2,0,三分戦,自力です。
063420261003,2026100334,6,3,3,0,013966,大崎飛雄馬,オオサキヒユウマ,48,愛媛,88,1,2,3.92,追,98.73,0,19.2,38.4,8,0,0,0,3,0,2,0,5,5,16,3,2,4-3,2,4,0,三分戦,黒瀬君へ。
063420261003,2026100334,6,4,4,0,015730,黒瀬浩太郎,クロセコウタロウ,26,広島,123,1,2,3.92,逃,100.61,11.1,38.8,38.8,6,7,8,2,0,5,0,2,5,0,11,3,1,4-3,2,4,0,三分戦,自力です。
063420261003,2026100334,6,5,5,0,013368,牧剛央,マキタケヒサ,52,大分,80,1,2,3.92,追,98.94,5.2,10.5,26.3,8,0,0,0,1,0,1,1,1,3,14,2,2,2-5,2,2,0,三分戦,齋藤君へ。
063420261003,2026100334,6,6,6,0,015615,荒川仁,アラカワヒトシ,28,千葉,121,1,2,3.92,逃,95.54,0,12.5,33.3,0,4,3,1,0,0,2,0,3,5,16,4,1,6,1,6,1,三分戦,自力です。
063420261003,2026100334,6,7,6,0,014833,高久保雄介,タカクボユウスケ,39,京都,100,1,2,3.92,両,103.6,26,30.4,47.8,5,2,3,0,6,1,0,6,1,4,12,1,2,1-7,2,1,0,三分戦,小森君へ。
073420261003,2026100334,7,1,1,0,015612,小榑佑弥,コグレユウヤ,27,群馬,121,1,2,3.92,逃,93.9,0,4.3,8.6,2,4,0,0,0,0,1,0,1,1,21,1,2,5-1,2,5,0,三分戦,岡田君へ。
073420261003,2026100334,7,2,2,0,015528,新村穣,シンムラミノリ,32,神奈川,119,1,2,3.92,逃,103,26.3,31.5,47.3,1,4,3,1,3,2,0,5,1,3,10,2,1,2-7,2,2,0,三分戦,自力です。
073420261003,2026100334,7,3,3,0,013726,川村晃司,カワムラコウジ,50,京都,85,1,2,3.92,両,99.33,16,20,32,4,1,3,1,1,3,0,4,1,3,17,3,1,3-6,2,3,0,三分戦,自力です。
073420261003,2026100334,7,4,4,0,013070,高木和仁,タカキカズヒト,52,福岡,76,1,2,3.92,追,96.69,4.3,13,30.4,0,0,0,0,2,0,1,1,2,4,16,4,1,4,1,4,1,三分戦,決めずに。
073420261003,2026100334,7,5,5,0,015430,岡田亮太,オカダリョウタ,25,東京,117,1,2,3.92,逃,95.68,15.7,15.7,31.5,1,11,10,1,1,1,0,3,0,3,13,1,1,5-1,2,5,0,三分戦,自力です。
073420261003,2026100334,7,6,6,0,014026,高橋成英,タカハシナルヒデ,44,愛知,89,1,2,3.92,両,91.6,0,0,0,0,0,0,0,0,0,0,0,0,0,25,3,2,3-6,2,3,0,三分戦,川村さんへ。
073420261003,2026100334,7,7,6,0,014645,三浦翔大,ミウラシヨウタ,36,宮城,98,1,2,3.92,追,96.76,3.8,7.6,19.2,1,0,0,0,1,1,0,1,1,3,21,2,2,2-7,2,2,0,三分戦,新村君へ。
083420261003,2026100334,8,1,1,0,014081,田中晴基,タナカハルキ,40,千葉,90,1,2,3.92,追,102.96,3.4,24,44.8,10,0,0,0,4,0,3,1,6,6,16,2,2,5-1,2,5,0,三分戦,村上さんへ。
083420261003,2026100334,8,2,2,0,014553,久米良,クメリヨウ,38,徳島,96,1,1,3.92,追,106.3,15,25,40,3,0,0,0,4,0,1,3,2,3,12,1,2,4-2-6,3,4,0,三分戦,室井君へ。
083420261003,2026100334,8,3,3,0,014505,雨谷一樹,アマガイカズキ,36,栃木,96,1,1,3.92,両,110,30.7,46.1,57.6,10,1,0,0,8,2,2,8,4,3,11,3,2,7-3,2,7,0,三分戦,幸田君へ。
083420261003,2026100334,8,4,4,0,015645,室井蓮太朗,ムロイレンタロウ,25,徳島,121,1,2,3.92,両,110,21.4,28.4,28.5,1,2,2,0,1,2,1,3,1,0,10,1,1,4-2-6,3,4,0,三分戦,自力です。
083420261003,2026100334,8,5,5,0,014465,村上直久,ムラカミナオヒサ,45,神奈川,95,1,2,3.92,両,96.96,13.7,24,24.1,0,11,10,3,0,4,0,4,3,0,22,2,1,5-1,2,5,0,三分戦,自力です。
083420261003,2026100334,8,6,6,0,013741,高原仁志,タカハラヒトシ,46,徳島,85,1,2,3.92,追,96.47,5.5,5.5,16.6,1,0,0,0,1,0,0,1,0,2,15,1,3,4-2-6,3,4,0,三分戦,徳島の三番手。
083420261003,2026100334,8,7,6,0,015340,幸田望夢,コウダノゾム,26,栃木,115,1,2,3.92,逃,96.52,8.6,17.2,26,5,8,5,2,1,1,0,2,2,2,17,3,1,7-3,2,7,0,三分戦,自力です。
093420261003,2026100334,9,1,1,0,015129,林大悟,ハヤシダイゴ,31,福岡,109,1,1,3.92,逃,105,11.5,23,38.4,2,6,8,2,0,4,0,3,3,4,16,2,1,1-5,2,1,0,三分戦,自力です。
093420261003,2026100334,9,2,2,0,015647,真鍋智寛,マナベトモヒロ,27,愛媛,121,1,1,3.92,逃,103.63,16.6,25,41.6,1,1,1,0,0,3,0,2,1,2,7,1,2,4-2-7,3,4,0,三分戦,太田さんへ。
093420261003,2026100334,9,3,3,0,015614,治田知也,ハッタトモヤ,28,新潟,121,1,2,3.93,逃,99.56,13,30.4,52.1,0,11,9,4,0,3,0,3,4,5,11,3,1,3-6,2,3,0,三分戦,自力です。
093420261003,2026100334,9,4,4,0,015121,太田竜馬,オオタリュウマ,30,徳島,109,1,1,3.92,逃,107.61,15.2,38.4,38.4,6,3,5,1,2,2,0,2,3,0,8,1,1,4-2-7,3,4,0,三分戦,自力です。
093420261003,2026100334,9,5,5,0,014955,市橋司優人,イチハシシュウト,34,福岡,103,1,2,3.85,両,102.18,27.2,36.3,40.9,2,0,3,1,0,7,0,6,2,1,13,2,2,1-5,2,1,0,三分戦,林君へ。
093420261003,2026100334,9,6,6,0,014450,金子哲大,カネコテツヒロ,37,埼玉,95,1,2,3.92,両,98.13,8.6,21.7,34.7,5,6,3,1,4,0,0,2,3,3,15,3,2,3-6,2,3,0,三分戦,治田君へ。
093420261003,2026100334,9,7,6,0,014259,戸田洋平,トダヨウヘイ,43,岡山,92,1,2,3.92,追,100.82,16.6,22.2,33.3,2,0,0,0,3,0,1,3,1,2,12,1,3,4-2-7,3,4,0,三分戦,四国勢へ。
103420261003,2026100334,10,1,1,0,014322,片岡迪之,カタオカユウシ,39,岡山,93,1,1,3.92,両,105.74,10.7,21.4,46.4,5,0,0,0,4,0,2,3,3,7,15,2,2,6-1,2,6,0,三分戦,佐伯君へ。
103420261003,2026100334,10,2,2,0,015324,小原佑太,オバラユウタ,30,青森,115,1,1,3.92,逃,105.66,18,31.8,40.9,7,12,13,4,2,1,0,4,3,2,13,1,2,4-2,2,4,0,三分戦,大川君へ。
103420261003,2026100334,10,3,3,0,012450,山口富生,ヤマグチトミオ,56,岐阜,68,1,1,3.93,追,107.27,18,31.8,36.3,1,0,0,0,6,0,1,4,3,1,14,3,2,5-3-7,3,5,0,三分戦,尾方君へ。
103420261003,2026100334,10,4,4,0,015598,大川剛,オオカワタケシ,27,青森,121,1,1,3.92,逃,105.25,16.6,33.3,50,9,13,12,7,0,1,0,4,4,4,12,1,1,4-2,2,4,0,三分戦,自力です。
103420261003,2026100334,10,5,5,0,015716,尾方祐仁,オガタユウジ,22,岐阜,123,1,2,3.92,逃,101.16,12,20,40,0,9,8,2,0,3,0,3,2,5,15,3,1,5-3-7,3,5,0,三分戦,自力です。
103420261003,2026100334,10,6,6,0,015276,佐伯亮輔,サエキリョウスケ,32,岡山,113,1,2,3.92,逃,98,63.6,68.1,77.2,2,6,9,5,1,9,0,14,1,2,5,2,1,6-1,2,6,0,三分戦,自力です。
103420261003,2026100334,10,7,6,0,014175,柴崎俊光,シバサキトシミツ,41,三重,91,1,2,3.92,追,101.07,15.2,23,34.6,3,0,0,0,5,0,1,4,2,3,17,3,3,5-3-7,3,5,0,三分戦,岐阜勢へ。
113420261003,2026100334,11,1,1,0,015880,吉岡優太,ヨシオカユウタ,24,茨城,127,2,2,3.92,逃,88.88,16.6,50,61.1,9,11,10,6,1,1,1,3,6,2,7,1,1,1-7-4,3,1,0,三分戦,自力。
113420261003,2026100334,11,2,2,0,015554,近藤翔馬,コンドウショウマ,28,愛媛,119,2,1,3.92,逃,89.87,22.2,22.2,22.2,1,0,0,0,0,2,0,2,0,0,7,2,1,2-6,2,2,0,三分戦,自力自在。
113420261003,2026100334,11,3,3,0,015872,池田充槻,イケダミツキ,20,秋田,127,2,2,3.92,逃,90.8,40,60,66.6,1,8,9,9,0,0,0,6,3,1,5,3,1,3-5,2,3,0,三分戦,自力。
113420261003,2026100334,11,4,4,0,014144,石川雅望,イシカワマサモチ,40,群馬,91,2,1,3.92,追,89.41,23.5,29.4,52.9,4,0,0,0,5,0,0,4,1,4,8,1,3,1-7-4,3,1,0,三分戦,鈴木君へ。
113420261003,2026100334,11,5,5,0,014981,磯島康祐,イソジマコウスケ,34,青森,105,2,1,3.92,逃,91.61,23.7,38,57.1,2,10,14,3,0,4,1,5,3,4,9,3,2,3-5,2,3,0,三分戦,池田君目標。
113420261003,2026100334,11,6,6,0,014634,寺崎祐樹,テラザキユウキ,39,熊本,97,2,1,3.92,追,87,25,41.6,54.1,5,1,1,0,8,0,2,6,4,3,11,2,2,2-6,2,2,0,三分戦,近藤君マーク。
113420261003,2026100334,11,7,6,0,014235,鈴木庸之,スズキノブユキ,40,新潟,92,2,1,3.92,両,93,16.6,38.8,61.1,4,0,0,0,4,2,1,3,4,4,7,1,2,1-7-4,3,1,0,三分戦,吉岡君目標。
123420261003,2026100334,12,1,1,0,014462,小原太樹,オバラタイキ,38,神奈川,95,1,1,3.92,追,112.86,21.7,47.8,65.2,8,0,0,0,6,0,5,5,6,4,8,1,1,1-7,2,1,0,三分戦,自分でやる。
123420261003,2026100334,12,2,2,0,014029,上田国広,ウエダクニヒロ,43,三重,89,1,1,3.92,追,106.3,15,25,45,2,0,0,0,4,0,1,3,2,4,11,2,1,2,1,2,1,三分戦,自分でやる。
123420261003,2026100334,12,3,3,0,015243,小林泰正,コバヤシタイセイ,32,群馬,113,1,1,3.92,逃,112.72,0,45.4,54.5,0,0,0,0,1,2,2,0,5,1,5,4,1,3-6-4,3,3,0,三分戦,自力です。
123420261003,2026100334,12,4,4,0,014117,小岩大介,コイワダイスケ,42,大分,90,1,1,3.92,追,109.4,13,26,43.4,0,0,0,0,4,0,2,3,3,4,13,4,3,3-6-4,3,3,0,三分戦,小林君ジカ。
123420261003,2026100334,12,5,5,0,013920,山崎芳仁,ヤマザキヨシヒト,47,福島,88,1,1,3.92,追,106,9,22.7,31.8,4,0,0,0,2,0,3,2,3,2,15,3,1,5,1,5,1,三分戦,決めずにやる。
123420261003,2026100334,12,6,6,0,014664,志村龍己,シムラリユウキ,40,山梨,98,1,2,3.92,追,100.8,8,16,36,5,0,0,0,3,0,1,2,2,5,16,4,2,3-6-4,3,3,0,三分戦,小林君へ。
123420261003,2026100334,12,7,6,0,013628,石毛克幸,イシゲカツユキ,49,千葉,84,1,1,3.92,追,104.9,9.5,33.3,42.8,1,0,0,0,4,0,3,2,5,2,12,1,2,1-7,2,1,0,三分戦,小原君へ。
014720261003,2026100347,1,1,1,0,013762,吉田勇人,ヨシダハヤト,47,埼玉,86,1,2,3.92,追,95,0,0,32.1,10,0,0,0,0,0,0,0,0,9,19,1,2,4-1-8,3,4,0,三分戦,山口君。
014720261003,2026100347,1,2,2,0,013864,伊藤世哉,イトウセイヤ,45,三重,87,1,2,3.92,追,95.26,0,8.6,13,5,0,0,0,1,0,1,0,2,1,20,2,2,6-2,2,6,0,三分戦,伊東君。
014720261003,2026100347,1,3,3,0,014264,松尾信太郎,マツオシンタロウ,43,福岡,92,1,2,3.85,追,95.62,0,18.7,34.3,0,0,0,0,1,1,4,0,6,5,21,4,2,7-3,2,7,0,三分戦,松本君。
014720261003,2026100347,1,4,4,0,015608,山口多聞,ヤマグチタモン,24,埼玉,121,1,1,3.92,逃,99.87,12.5,16.6,16.6,1,15,14,2,0,2,0,3,1,0,20,1,1,4-1-8,3,4,0,三分戦,自力。
014720261003,2026100347,1,5,5,0,015733,都築巧,ツヅキタクミ,26,高知,123,1,2,3.92,両,98.1,9.5,28.4,33.3,5,0,0,0,4,0,2,2,4,1,14,3,1,5,1,5,1,三分戦,単騎。
014720261003,2026100347,1,6,5,0,015816,伊東佑晟,イトウユウセイ,24,三重,125,1,2,3.92,逃,93,4.1,4.1,12.5,2,7,4,0,1,0,0,1,0,2,21,2,1,6-2,2,6,0,三分戦,自力。
014720261003,2026100347,1,7,6,0,015842,松本定,マツモトジョウ,30,福岡,125,1,2,3.93,逃,98.95,47.5,57,61.9,3,11,12,5,1,6,0,10,2,1,8,4,1,7-3,2,7,0,三分戦,自力。
014720261003,2026100347,1,8,6,0,013245,佐藤真一,サトウシンイチ,52,東京,79,1,2,3.92,追,94.77,0,0,22.2,0,0,0,0,0,0,0,0,0,2,7,1,3,4-1-8,3,4,0,三分戦,埼玉勢。
024720261003,2026100347,2,1,1,0,015046,山本紳貴,ヤマモトシンキ,41,千葉,107,1,2,3.92,追,97.6,8,16,28,1,0,0,0,2,0,2,2,2,3,18,4,2,7-1,2,7,0,三分戦,野口さん。
024720261003,2026100347,2,2,2,0,014835,窓場千加頼,マドバチカヨリ,35,京都,100,1,2,3.92,両,101.53,26.6,33.3,33.3,2,1,1,0,3,1,1,4,1,0,10,1,1,2-5,2,2,0,三分戦,自力自在。
024720261003,2026100347,2,3,3,0,015416,小笠原光,オガサワラヒカル,30,熊本,117,1,2,3.92,両,97.4,18,22.7,36.3,3,2,0,0,1,3,1,4,1,3,14,3,1,3,1,3,1,三分戦,自力自在。
024720261003,2026100347,2,4,4,0,013045,岩本和也,イワモトカズヤ,51,石川,76,1,2,3.92,追,97.8,7.6,7.6,23,0,0,0,0,2,0,0,2,0,4,20,2,1,4,1,4,1,三分戦,補充出走
024720261003,2026100347,2,5,5,0,014839,山本巨樹,ヤマモトナオキ,35,大阪,100,1,2,3.92,追,97.78,4.1,25,33.3,1,0,0,0,4,0,2,1,5,2,16,1,2,2-5,2,2,0,三分戦,窓場君。
024720261003,2026100347,2,6,5,0,015802,中島竜誠,ナカジマリュウセイ,26,山梨,125,1,2,3.92,逃,91.14,0,0,0,0,2,2,0,0,0,0,0,0,0,7,5,1,6-8,2,6,0,三分戦,自力。
024720261003,2026100347,2,7,6,0,015169,野口裕史,ノグチヒロシ,43,千葉,111,1,2,3.93,逃,101.24,33.3,48.4,51.5,0,22,21,15,0,1,0,11,5,1,16,4,1,7-1,2,7,0,三分戦,自力。
024720261003,2026100347,2,8,6,0,014221,古川尚耶,フルカワナオヤ,41,栃木,92,1,2,3.92,追,96.64,7.1,17.8,39.2,2,0,0,0,3,0,2,2,3,6,17,5,2,6-8,2,6,0,三分戦,中島君。
034720261003,2026100347,3,1,1,0,015014,西田将士,ニシダマサシ,42,長崎,105,1,2,3.93,追,102.54,7.6,15.2,23,3,0,0,0,1,0,1,1,1,1,10,1,2,7-1-2,3,7,0,二分戦,原口君。
034720261003,2026100347,3,2,2,0,013604,庄子信弘,シヨウジノブヒロ,47,宮城,84,1,2,3.92,追,99.27,9,22.7,36.3,2,0,0,0,2,1,2,2,3,3,14,1,3,7-1-2,3,7,0,二分戦,九州勢へ。
034720261003,2026100347,3,3,3,0,013328,萩原孝之,ハギワラタカユキ,49,静岡,80,1,2,3.92,追,101.42,10,20,30,1,0,0,0,3,0,1,2,2,2,14,3,2,8-3-5,3,8,0,二分戦,鈴木君。
034720261003,2026100347,3,4,4,0,014177,小堺浩二,コザカイコウジ,43,石川,91,1,2,3.92,両,99.64,20.5,30.7,38.4,3,1,0,0,7,3,2,8,4,3,24,4,1,4,1,4,1,二分戦,単騎でやる。
034720261003,2026100347,3,5,5,0,014017,大塚玲,オオツカアキラ,45,神奈川,89,1,2,3.92,追,99,4,24,40,1,0,0,0,3,0,3,1,5,4,15,3,3,8-3-5,3,8,0,二分戦,南関３番手。
034720261003,2026100347,3,6,5,0,013230,開坂秀明,カイサカヒデアキ,51,青森,79,1,2,3.92,追,97.32,4,24,36,0,0,0,0,4,0,2,1,5,3,16,2,1,6,1,6,1,二分戦,単騎でやる。
034720261003,2026100347,3,7,6,0,015066,原口昌平,ハラグチショウヘイ,33,福岡,107,1,2,3.93,両,105,36.3,40.9,77.2,3,4,6,2,3,4,0,8,1,8,5,1,1,7-1-2,3,7,0,二分戦,自力。
034720261003,2026100347,3,8,6,0,015525,鈴木浩太,スズキコウタ,29,千葉,119,1,2,3.92,逃,98.64,17.5,41,52.9,7,12,13,6,0,1,0,3,4,2,8,3,1,8-3-5,3,8,0,二分戦,自力。
044720261003,2026100347,4,1,1,0,015717,児玉虎之介,コダマトラノスケ,25,岐阜,123,1,2,3.92,逃,99.66,6.2,31.2,50,6,9,8,3,0,2,0,1,4,3,8,1,1,1-6-8,3,1,0,三分戦,自力。
044720261003,2026100347,4,2,2,0,015334,朝倉智仁,アサクラトモヒト,27,茨城,115,1,2,3.92,逃,102.54,27.2,31.8,59,5,7,5,2,2,3,0,6,1,6,9,2,1,2-9-4,3,2,0,三分戦,自力。
044720261003,2026100347,4,3,3,0,015643,小川将二郎,オガワショウジロウ,24,徳島,121,1,2,3.92,逃,97.85,0,18,27.2,1,3,2,2,0,2,0,0,4,2,16,3,1,3-5-7,3,3,0,三分戦,自力自在。
044720261003,2026100347,4,4,4,0,014350,佐藤雅春,サトウマサハル,39,宮城,94,1,2,3.92,追,97.08,8,8,20,1,0,0,0,2,0,0,2,0,3,20,2,3,2-9-4,3,2,0,三分戦,芦澤君。
044720261003,2026100347,4,5,4,0,015378,今野有樹,コンノユウキ,29,愛媛,115,1,2,3.92,追,100.72,0,31.5,42.1,6,0,0,0,5,0,1,0,6,2,11,3,2,3-5-7,3,3,0,三分戦,小川君。
044720261003,2026100347,4,6,5,0,014978,谷口明正,タニグチアキマサ,42,三重,103,1,2,3.92,両,94.25,0,14.2,14.2,1,1,1,0,3,0,0,0,3,0,18,1,2,1-6-8,3,1,0,三分戦,児玉君。
044720261003,2026100347,4,7,5,0,014613,黒田淳,クロダジユン,41,岡山,97,1,2,3.92,追,98.72,4,20,44,1,0,0,0,2,1,2,1,4,6,14,3,3,3-5-7,3,3,0,三分戦,今野君。
044720261003,2026100347,4,8,6,0,014249,鷲田幸司,ワシダコウジ,40,福井,92,1,2,3.92,追,96.46,3.5,10.7,28.5,1,0,0,0,1,0,2,1,2,5,20,1,3,1-6-8,3,1,0,三分戦,谷口さん。
044720261003,2026100347,4,9,6,0,014441,芦澤辰弘,アシザワタツヒロ,38,茨城,95,1,1,3.92,追,104.85,9.5,28.4,52.3,7,0,0,0,4,0,2,2,4,5,10,2,2,2-9-4,3,2,0,三分戦,朝倉君。
054720261003,2026100347,5,1,1,0,015269,佐山寛明,サヤマヒロアキ,39,奈良,113,1,2,3.92,逃,99.13,20.8,29,41.6,1,1,1,0,4,2,1,5,2,3,14,2,2,8-1,2,8,0,四分戦,伊藤さん。
054720261003,2026100347,5,2,2,0,015329,板垣昴,イタガキスバル,34,北海道,115,1,2,3.92,逃,100.35,19,28.4,38,0,5,4,1,2,3,0,4,2,2,13,3,1,2-4-6,3,2,0,四分戦,自力。
054720261003,2026100347,5,3,3,0,015609,安倍大成,アンバイタイセイ,27,埼玉,121,1,2,3.92,逃,102.5,14.2,42.8,57.1,8,13,14,5,0,5,2,4,8,4,12,1,1,3-7,2,3,0,四分戦,自力。
054720261003,2026100347,5,4,4,0,014712,泉慶輔,イズミケイスケ,36,宮城,99,1,2,3.92,追,97.5,3.8,23,30.7,9,0,0,0,3,0,3,1,5,2,18,3,2,2-4-6,3,2,0,四分戦,板垣君。
054720261003,2026100347,5,5,4,0,013443,大坪功一,オオツボコウイチ,49,福岡,81,1,2,3.92,追,98.31,5,15,30,1,0,0,0,2,0,1,1,2,3,14,4,2,9-5,2,9,0,四分戦,緒方君。
054720261003,2026100347,5,6,5,0,014137,房州輝也,ボウシユウテルヤ,40,福島,91,1,2,3.93,両,94.51,0,3.2,16.1,1,0,0,0,1,0,0,0,1,4,26,3,3,2-4-6,3,2,0,四分戦,泉君。
054720261003,2026100347,5,7,5,0,014370,阿部大樹,アベダイキ,37,埼玉,94,1,2,3.92,両,98.47,10,20,35,3,0,1,0,3,1,0,2,2,3,13,1,2,3-7,2,3,0,四分戦,安倍君。
054720261003,2026100347,5,8,6,0,014096,伊藤成紀,イトウセイキ,44,大阪,90,1,2,3.93,両,97.25,18.7,31.2,43.7,1,1,1,0,2,2,1,3,2,2,9,2,1,8-1,2,8,0,四分戦,自力。
054720261003,2026100347,5,9,6,0,015476,緒方将樹,オガタマサキ,27,熊本,117,1,1,3.92,逃,106.64,32.1,42.8,53.5,9,0,2,0,3,7,2,9,3,3,13,4,1,9-5,2,9,0,四分戦,自力。
064720261003,2026100347,6,1,1,0,015896,丸山留依,マルヤマルイ,20,静岡,127,1,2,3.92,逃,104.05,11.7,35.1,58.8,6,10,9,5,0,1,0,2,4,4,7,1,1,1-9-7,3,1,0,四分戦,自力。
064720261003,2026100347,6,2,2,0,014599,松岡篤哉,マツオカアツヤ,44,岐阜,97,1,2,3.92,両,100.18,18,27.2,36.3,0,5,5,3,0,3,0,4,2,2,14,3,1,2-8,2,2,0,四分戦,自力。
064720261003,2026100347,6,3,3,0,015122,島川将貴,シマカワマサキ,32,徳島,109,1,1,3.92,逃,104,22.7,27.2,40.9,8,2,6,0,4,1,1,5,1,3,13,2,1,3-4,2,3,0,四分戦,自力自在。
064720261003,2026100347,6,4,4,0,014108,山中貴雄,ヤマナカタカオ,43,高知,90,1,2,3.92,追,98.07,0,17.8,25,2,0,0,0,0,1,4,0,5,2,21,2,2,3-4,2,3,0,四分戦,島川君。
064720261003,2026100347,6,5,4,0,015342,福田滉,フクダヒロシ,27,栃木,115,1,2,3.92,追,98.87,5.8,5.8,41.1,3,0,0,0,1,0,0,1,0,6,10,4,2,6-5,2,6,0,四分戦,鈴木さん。
064720261003,2026100347,6,6,5,0,014053,鈴木謙太郎,スズキケンタロウ,41,茨城,90,1,2,3.92,両,95.24,0,10.2,17.2,3,8,5,0,1,1,1,0,3,2,24,4,1,6-5,2,6,0,四分戦,何かする。
064720261003,2026100347,6,7,5,0,013410,伊勢崎彰大,イセザキアキヒロ,47,千葉,81,1,2,3.92,追,99.9,9.5,28.4,42.8,0,0,0,0,3,0,3,2,4,3,12,1,3,1-9-7,3,1,0,四分戦,渡邉君。
064720261003,2026100347,6,8,6,0,013335,坂上樹大,サカガミタツヒロ,48,石川,80,1,2,3.92,追,95.66,8.3,16.6,33.3,0,0,0,0,2,0,2,2,2,4,16,3,2,2-8,2,2,0,四分戦,松岡君。
064720261003,2026100347,6,9,6,0,014995,渡邉雄太,ワタナベユウタ,31,静岡,105,1,2,3.93,両,105.21,31.5,42.1,63.1,0,0,1,0,6,1,1,6,2,4,7,1,2,1-9-7,3,1,0,四分戦,丸山君。
074720261003,2026100347,7,1,1,0,014860,吉澤純平,ヨシザワジユンペイ,41,茨城,101,1,1,3.92,両,111.06,23.5,41,47,4,0,0,0,5,0,2,4,3,1,9,1,2,4-1-8,3,4,0,四分戦,武田君。
074720261003,2026100347,7,2,2,0,014182,大川龍二,オオカワリユウジ,42,広島,91,1,1,3.92,両,106.13,9,22.7,36.3,1,0,0,0,4,0,1,2,3,3,14,2,1,2-9,2,2,0,四分戦,自力自在。
074720261003,2026100347,7,3,3,0,014168,高橋和也,タカハシカズヤ,40,愛知,91,1,2,3.93,両,102.65,38.4,46.1,57.6,6,1,3,1,6,4,1,10,2,3,11,3,1,3-7,2,3,0,四分戦,自力。
074720261003,2026100347,7,4,4,0,015347,武田亮,タケダリョウ,27,東京,115,1,2,3.92,逃,101.56,17.2,34.6,47.8,4,6,7,2,0,5,1,4,4,3,12,1,1,4-1-8,3,4,0,四分戦,自力。
074720261003,2026100347,7,5,4,0,014942,清水剛志,シミズツヨシ,35,福井,103,1,2,3.92,両,103.04,16,44,52,12,0,0,0,8,0,3,4,7,2,12,4,2,6-5,2,6,0,四分戦,張野君。
074720261003,2026100347,7,6,5,0,015366,張野幸聖,ハリノコウセイ,26,和歌山,115,1,2,3.92,逃,95.65,13,17.2,21.7,0,5,4,0,2,2,0,3,1,1,18,4,1,6-5,2,6,0,四分戦,自力。
074720261003,2026100347,7,7,5,0,013637,笠松信幸,カサマツノブユキ,47,愛知,84,1,1,3.92,追,105.84,4,24,52,6,0,0,0,3,0,3,1,5,7,12,3,2,3-7,2,3,0,四分戦,高橋君。
074720261003,2026100347,7,8,6,0,014576,中田雄喜,ナカダユウキ,39,福島,97,1,2,3.92,追,99.3,4.3,13,26,5,0,0,0,1,0,2,1,2,3,17,1,3,4-1-8,3,4,0,四分戦,関東勢へ。
074720261003,2026100347,7,9,6,0,013737,筒井敦史,ツツイアツシ,50,岡山,85,1,2,3.92,追,104.92,26.9,42.3,57.6,4,0,0,0,8,0,3,7,4,4,11,2,2,2-9,2,2,0,四分戦,大川君。
084720261003,2026100347,8,1,1,0,015628,村田祐樹,ムラタユウキ,28,富山,121,1,1,3.93,逃,100.52,0,16,16,3,9,9,2,0,2,0,0,4,0,21,1,1,1-7-4,3,1,0,三分戦,自力。
084720261003,2026100347,8,2,2,0,013772,岡村潤,オカムラジユン,44,静岡,86,1,1,3.92,追,107.19,23,46.1,50,8,0,0,0,8,0,4,6,6,1,13,2,2,9-2-6,3,9,0,三分戦,鈴木君。
084720261003,2026100347,8,3,3,0,015199,田尾駿介,タオシュンスケ,34,高知,111,1,1,3.92,追,106.63,15.7,26.3,31.5,2,0,0,0,5,0,0,3,2,1,13,3,2,8-3,2,8,0,三分戦,今村君。
084720261003,2026100347,8,4,4,0,015002,神田龍,カンダリョウ,37,三重,105,1,2,3.92,逃,97.55,5.2,10.5,21,3,4,3,1,0,1,0,1,1,2,15,1,3,1-7-4,3,1,0,三分戦,皿屋さん。
084720261003,2026100347,8,5,4,0,015067,瀬戸晋作,セトシンサク,33,長崎,107,1,2,3.92,両,98.85,14.2,28.4,47.6,2,0,0,0,4,0,2,3,3,4,11,4,1,5,1,5,1,三分戦,決めずにやる。
084720261003,2026100347,8,6,5,0,014208,安部貴之,アベタカユキ,43,宮城,92,1,2,3.92,追,94.3,0,8.6,17.3,1,0,0,0,2,0,0,0,2,2,19,2,3,9-2-6,3,9,0,三分戦,静岡勢へ。
084720261003,2026100347,8,7,5,0,015179,皿屋豊,サラヤユタカ,43,三重,111,1,1,3.92,両,104.13,13.6,31.8,36.3,1,5,3,0,3,3,1,3,4,1,14,1,2,1-7-4,3,1,0,三分戦,村田君。
084720261003,2026100347,8,8,6,0,015198,今村麟太郎,イマムラリンタロウ,30,高知,111,1,2,3.92,両,97.15,5,15,30,2,2,1,1,1,1,0,1,2,3,14,3,1,8-3,2,8,0,三分戦,自力。
084720261003,2026100347,8,9,6,0,015441,鈴木陸来,スズキリック,29,静岡,117,1,2,3.92,逃,102.15,10,25,45,12,6,4,0,0,3,2,2,3,4,11,2,1,9-2-6,3,9,0,三分戦,自力。
094720261003,2026100347,9,1,1,0,015638,昼田達哉,ヒルタタツヤ,27,岡山,121,1,2,3.92,逃,102.8,12,44,56,0,7,9,3,1,6,1,3,8,3,11,2,1,1-7-4,3,1,0,三分戦,自力。
094720261003,2026100347,9,2,2,0,014588,柿澤大貴,カキザワダイキ,37,長野,97,1,2,3.92,追,102.22,7.3,22.2,33.3,5,0,0,0,2,2,2,2,4,3,18,1,1,2-8-6,3,2,0,三分戦,前で。
094720261003,2026100347,9,3,3,0,015826,久田朔,ヒサダハジメ,23,大阪,125,1,2,3.92,逃,106,39.1,69.5,69.5,4,8,13,7,0,9,0,9,7,0,7,3,1,3-9-5,3,3,0,三分戦,自力。
094720261003,2026100347,9,4,4,0,014617,西岡拓朗,ニシオカタクロウ,42,広島,97,1,2,3.92,追,98.68,0,8,40,2,0,0,0,0,0,2,0,2,8,15,2,3,1-7-4,3,1,0,三分戦,岡山勢。
094720261003,2026100347,9,5,4,0,014944,栗山俊介,クリヤマシュンスケ,38,奈良,103,1,2,3.92,両,100.11,15.2,30.7,38.4,7,0,0,0,5,0,3,4,4,2,16,3,3,3-9-5,3,3,0,三分戦,近畿３番手。
094720261003,2026100347,9,6,5,0,013622,白岩大助,シライワダイスケ,47,埼玉,84,1,2,3.92,追,94.83,0,4.1,25,10,0,0,0,1,0,0,0,1,5,18,1,3,2-8-6,3,2,0,三分戦,関君。
094720261003,2026100347,9,7,5,0,013963,柏野智典,カシノトモノリ,48,岡山,88,1,1,3.92,追,108.58,19.2,30.7,46.1,1,0,0,0,6,0,2,5,3,4,14,2,2,1-7-4,3,1,0,三分戦,昼田君。
094720261003,2026100347,9,8,6,0,014286,関貴之,セキタカユキ,43,茨城,93,1,2,3.92,追,95.34,7.6,11.5,23,0,0,0,0,2,1,0,2,1,3,20,1,2,2-8-6,3,2,0,三分戦,柿澤君。
094720261003,2026100347,9,9,6,0,014398,藤田勝也,フジタマサヤ,38,和歌山,94,1,1,3.92,追,105.26,18.7,43.7,56.2,0,0,0,0,5,0,2,3,4,2,7,3,2,3-9-5,3,3,0,三分戦,久田君。
104720261003,2026100347,10,1,1,0,014940,谷口遼平,タニグチリョウヘイ,32,三重,103,1,1,3.92,逃,109.17,17.2,34.6,43.4,3,1,3,0,1,6,1,4,4,2,13,2,1,1-4,2,1,0,三分戦,自力。
104720261003,2026100347,10,2,2,0,015356,杉浦侑吾,スギウラユウゴ,31,栃木,115,1,1,3.92,逃,110.88,23,50,65.3,0,9,8,5,0,7,1,6,7,4,9,4,1,2-7-5,3,2,0,三分戦,自力。
104720261003,2026100347,10,3,3,0,013982,五日市誠,イツカイチマコト,42,青森,89,1,1,3.92,追,107.21,8.6,26,47.8,6,0,0,0,3,0,3,2,4,5,12,1,3,6-9-3,3,6,0,三分戦,宮城勢。
104720261003,2026100347,10,4,4,0,015620,纐纈洸翔,コウケツヒロト,24,愛知,121,1,1,3.92,両,103.61,0,14.2,28.5,0,3,5,1,0,2,0,0,3,3,15,2,2,1-4,2,1,0,三分戦,谷口さん。
104720261003,2026100347,10,5,4,0,014809,恩田淳平,オンダジュンペイ,36,群馬,100,1,1,3.92,追,107.85,15,25,35,5,0,0,0,3,1,1,3,2,2,13,4,3,2-7-5,3,2,0,三分戦,関東３番手。
104720261003,2026100347,10,6,5,0,015690,斉藤樂,サイトウガク,24,宮城,123,1,2,3.92,逃,102.2,18.7,43.7,56.2,3,3,2,1,4,0,2,3,4,2,7,1,1,6-9-3,3,6,0,三分戦,総力戦。
104720261003,2026100347,10,7,5,0,015037,鈴木竜士,スズキリュウジ,32,東京,107,1,1,3.92,両,111.05,0,30,35,5,1,1,0,1,1,4,0,6,1,13,4,2,2-7-5,3,2,0,三分戦,杉浦君。
104720261003,2026100347,10,8,6,0,014122,松岡貴久,マツオカタカヒサ,42,熊本,90,1,1,3.92,追,102.64,0,28,40,0,0,0,0,3,0,4,0,7,3,15,3,1,8,1,8,1,三分戦,自分で。
104720261003,2026100347,10,9,6,0,014794,阿部力也,アベリキヤ,38,宮城,100,1,1,3.92,追,112.75,20,45,75,1,0,0,0,5,0,4,4,5,6,5,1,2,6-9-3,3,6,0,三分戦,斉藤君。
114720261003,2026100347,11,1,1,0,015034,新山響平,シンザンキョウヘイ,32,青森,107,1,1,3.92,逃,115.21,16.6,41.6,50,1,11,11,5,0,4,1,4,6,2,12,1,1,1-5-7,3,1,0,三分戦,自力。
114720261003,2026100347,11,2,2,0,015439,佐々木眞也,ササキシンヤ,32,神奈川,117,1,1,3.92,両,110.62,22.2,44.4,50,5,0,0,0,7,0,1,4,4,1,9,2,2,9-2-4,3,9,0,三分戦,松井さん。
114720261003,2026100347,11,3,3,0,015006,石塚輪太郎,イシヅカリンタロウ,32,和歌山,105,1,2,3.92,逃,106.95,27.2,45.4,59,2,7,8,3,5,2,0,6,4,3,9,3,1,3-6,2,3,0,三分戦,自力。
114720261003,2026100347,11,4,4,0,014523,東龍之介,ヒガシリユウノスケ,36,神奈川,96,1,2,3.92,追,105.63,40.9,50,63.6,1,0,0,0,10,1,0,9,2,3,8,2,3,9-2-4,3,9,0,三分戦,神奈川３番手。
114720261003,2026100347,11,5,4,0,015035,阿部拓真,アベタクマ,35,宮城,107,1,0,3.92,両,113.95,9,40.9,45.4,9,0,0,0,7,1,1,2,7,1,12,1,2,1-5-7,3,1,0,三分戦,新山君。
114720261003,2026100347,11,6,5,0,012669,伊藤正樹,イトウマサキ,54,愛知,71,1,2,3.54,追,99.88,0,22.2,33.3,1,0,0,0,1,0,1,0,2,1,6,3,2,3-6,2,3,0,三分戦,石塚君。
114720261003,2026100347,11,7,5,0,012339,内藤宣彦,ナイトウノブヒコ,55,秋田,67,1,1,3.92,追,106,4.7,23.7,28.5,0,0,0,0,2,0,3,1,4,1,15,1,3,1-5-7,3,1,0,三分戦,東北３番手。
114720261003,2026100347,11,8,6,0,014691,東矢昇太,トウヤシヨウタ,40,熊本,98,1,2,3.92,追,101.25,11.1,33.3,44.4,5,0,0,0,4,1,4,3,6,3,15,4,1,8,1,8,1,三分戦,単騎。
114720261003,2026100347,11,9,6,0,015261,松井宏佑,マツイコウユウ,34,神奈川,113,1,1,3.92,逃,107.84,15.2,26.9,46.1,2,11,13,2,0,4,1,4,3,5,14,2,1,9-2-4,3,9,0,三分戦,自力。
124720261003,2026100347,12,1,1,0,014741,郡司浩平,グンジコウヘイ,36,神奈川,99,1,0,3.92,両,117,33.3,66.6,71.4,7,7,7,5,4,5,0,7,7,1,6,1,1,1-5-6,3,1,0,四分戦,自力。
124720261003,2026100347,12,2,2,0,015125,佐々木豪,ササキゴウ,30,愛媛,109,1,1,3.92,逃,113.95,31.8,40.9,50,1,3,5,0,3,5,1,7,2,2,11,3,2,8-2,2,8,0,四分戦,角君。
124720261003,2026100347,12,3,3,0,015383,原井博斗,ハライヒロト,30,福岡,115,1,1,3.92,追,108.58,11.1,38.8,50,5,0,0,0,3,0,4,2,5,2,9,2,2,7-3,2,7,0,四分戦,北津留さん。
124720261003,2026100347,12,4,4,0,014545,岡崎智哉,オカザキトモヤ,41,大阪,96,1,1,3.92,両,106.72,13,30.4,43.4,4,0,0,0,5,2,0,3,4,3,13,4,2,9-4,2,9,0,四分戦,谷内君。
124720261003,2026100347,12,5,4,0,014089,浅井康太,アサイコウタ,42,三重,90,1,1,3.92,両,113.88,25.9,29.5,44.4,8,0,1,0,4,4,0,7,1,4,15,1,2,1-5-6,3,1,0,四分戦,郡司君。
124720261003,2026100347,12,6,5,0,014537,西村光太,ニシムラコウタ,40,三重,96,1,1,3.92,追,103.77,22.7,27.2,54.5,2,0,0,0,4,1,1,5,1,6,10,1,3,1-5-6,3,1,0,四分戦,浅井さん。
124720261003,2026100347,12,7,5,0,014113,北津留翼,キタツルツバサ,41,福岡,90,1,1,3.93,逃,109,16.6,33.3,38.8,2,4,3,1,0,5,0,3,3,1,11,2,1,7-3,2,7,0,四分戦,自力。
124720261003,2026100347,12,8,6,0,015832,角宗哉,カドヒロヤ,26,山口,125,1,2,3.93,逃,105.76,35.1,52.9,58.8,3,15,14,8,0,1,0,6,3,1,7,3,1,8-2,2,8,0,四分戦,自力。
124720261003,2026100347,12,9,6,0,015822,谷内健太,ヤチケンタ,26,京都,125,1,2,3.92,逃,107.05,10,40,65,4,16,15,5,0,3,0,2,6,5,7,4,1,9-4,2,9,0,四分戦,自力。
018320261003,2026100383,1,1,1,0,014948,斎藤敦,サイトウアツシ,39,大阪,103,2,3,3.92,逃,68.85,10,20,25,3,6,6,3,0,1,0,2,2,1,15,1,1,1-4,2,1,0,三分戦,自力自在。
018320261003,2026100383,1,2,2,0,014275,喜納隆志,キナリユウジ,42,沖縄,92,2,3,3.92,追,69,0,15,25,3,0,0,0,0,0,3,0,3,2,15,2,2,5-2-6,3,5,0,三分戦,篠田君。
018320261003,2026100383,1,3,3,0,014780,古川大輔,フルカワダイスケ,42,広島,99,2,3,3.92,両,72.41,8.3,29,50,7,10,10,3,1,1,2,2,5,5,12,3,1,3-7,2,3,0,三分戦,自力。
018320261003,2026100383,1,4,4,0,014765,樫村伸平,カシムラシンペイ,39,兵庫,99,2,3,3.92,追,70.3,14.2,14.2,21.4,0,0,0,0,2,0,0,2,0,1,11,1,2,1-4,2,1,0,三分戦,齋藤君。
018320261003,2026100383,1,5,5,0,015295,篠田樹,シノダタツキ,30,大分,113,2,3,3.92,逃,69.77,0,25.9,48.1,2,5,9,1,2,4,0,0,7,6,14,2,1,5-2-6,3,5,0,三分戦,自力。
018320261003,2026100383,1,6,6,0,013513,南和夫,ミナミカズオ,50,福岡,82,2,3,3.92,追,65.81,0,0,18.5,0,0,0,0,0,0,0,0,0,5,22,2,3,5-2-6,3,5,0,三分戦,喜納君。
018320261003,2026100383,1,7,6,0,012754,小野祐作,オノユウサク,53,岡山,72,2,3,3.93,追,67.76,5.8,5.8,23.5,0,0,0,0,1,0,0,1,0,3,13,3,2,3-7,2,3,0,三分戦,古川君。
028320261003,2026100383,2,1,1,0,014686,秋永昂人,アキナガタカヒト,40,福岡,98,2,3,3.86,追,70.44,12,20,32,4,1,1,0,3,0,2,3,2,3,17,2,1,1,1,1,1,細切れ,補充出走
028320261003,2026100383,2,2,2,0,013206,岡崎和久,オカザキカズヒサ,50,奈良,78,2,3,3.92,追,73.04,4.5,18,40.9,6,0,0,0,2,0,2,1,3,5,13,4,2,7-2-4,3,7,0,細切れ,花田君。
028320261003,2026100383,2,3,3,0,014555,水木裕聡,ミズキヒロアキ,43,高知,96,2,3,3.92,追,67.44,5.5,16.6,33.3,1,1,0,0,1,0,2,1,2,3,12,5,1,3,1,3,1,細切れ,単騎。
028320261003,2026100383,2,4,4,0,013505,住村実,スミムラミノル,50,徳島,82,2,3,3.92,追,68.08,4.3,26,34.7,0,0,0,0,3,0,3,1,5,2,15,4,3,7-2-4,3,7,0,細切れ,中近勢。
028320261003,2026100383,2,5,5,0,015300,ラモスレオ,ラモスレオ,29,沖縄,113,2,3,3.93,逃,68.92,7.1,7.1,14.2,5,0,0,0,1,0,0,1,0,1,12,1,1,5,1,5,1,細切れ,単騎。
028320261003,2026100383,2,6,6,0,015571,吉田悟,ヨシダサトル,32,熊本,119,2,3,3.92,逃,66.53,6.6,20,40,1,5,5,2,1,0,0,1,2,3,9,3,1,6,1,6,1,細切れ,単騎。
028320261003,2026100383,2,7,6,0,015900,花田雄飛,ハナダユウヒ,25,愛知,127,2,3,3.92,逃,71.7,25,41.6,58.3,3,12,11,8,0,1,1,6,4,4,10,4,1,7-2-4,3,7,0,細切れ,自力
038320261003,2026100383,3,1,1,0,013802,大林亮介,オオバヤシリヨウスケ,45,香川,86,2,3,3.92,追,73.5,8.3,25,54.1,1,0,0,0,3,0,3,2,4,7,11,1,2,5-1-2,3,5,0,二分戦,白濱君。
038320261003,2026100383,3,2,2,0,012208,鰐渕正利,ワニブチマサトシ,56,愛知,65,2,3,3.92,追,73.29,5.5,22.2,44.4,1,0,0,0,1,0,3,1,3,4,10,1,3,5-1-2,3,5,0,二分戦,白濱君ライン。
038320261003,2026100383,3,3,3,0,013796,陶器一馬,トウキカズマ,48,大阪,86,2,3,3.85,追,70.71,4.7,19,52.3,5,0,0,0,2,0,2,1,3,7,10,3,2,6-3-4,3,6,0,二分戦,中嶋君。
038320261003,2026100383,3,4,4,0,014093,窪田陽介,クボタヨウスケ,41,滋賀,90,2,3,3.92,追,74.22,5.5,38.8,55.5,12,0,0,0,2,0,5,1,6,3,8,3,3,6-3-4,3,6,0,二分戦,大阪勢。
038320261003,2026100383,3,5,5,0,016017,白濱蓮,シラハマレン,27,長崎,129,2,3,3.92,逃,71.22,11.1,22.2,22.2,4,6,4,2,0,0,0,1,1,0,7,1,1,5-1-2,3,5,0,二分戦,自力。
038320261003,2026100383,3,6,6,0,015542,中嶋樹,ナカジマイツキ,25,大阪,119,2,3,3.92,逃,68.65,9.5,14.2,28.5,0,6,5,3,0,0,0,2,1,3,15,3,1,6-3-4,3,6,0,二分戦,自力。
038320261003,2026100383,3,7,6,0,012976,中井修,ナカイオサム,56,滋賀,75,2,3,3.92,両,71.83,15.2,23,53.8,4,0,1,0,1,1,1,2,1,4,6,2,1,7,1,7,1,二分戦,先手ライン。
048320261003,2026100383,4,1,1,0,015079,日野友葵,ヒノユウキ,31,愛媛,108,4,1,3.69,追,46.79,0,0,4.1,2,0,0,0,0,0,0,0,0,1,23,2,1,1,1,1,1,細切れ,前々。
048320261003,2026100383,4,2,2,0,015314,向井円,ムカイマドカ,33,大阪,114,4,1,3.79,追,48.19,0,4.7,14.2,8,0,0,0,0,0,1,0,1,2,18,1,1,2,1,2,1,細切れ,流れ見て。
048320261003,2026100383,4,3,3,0,015082,高橋朋恵,タカハシトモエ,32,東京,108,4,1,3.77,追,49.24,0,12,24,5,1,0,0,0,0,3,0,3,3,19,3,1,3,1,3,1,細切れ,自力自在。
048320261003,2026100383,4,4,4,0,016032,栗山百花,クリヤマモモカ,23,神奈川,130,4,1,3.79,両,48.4,9,9,18.1,0,3,4,1,0,0,0,1,0,1,9,4,1,4,1,4,1,細切れ,自力自在。
048320261003,2026100383,4,5,5,0,014925,大和久保美,ヤマトクボミ,35,青森,102,4,1,3.77,追,48.16,0,8.3,33.3,1,0,0,0,1,0,0,0,1,3,8,6,1,5,1,5,1,細切れ,前々。
048320261003,2026100383,4,6,6,0,016038,仲井リコ,ナカイリコ,21,岐阜,130,4,1,3.79,両,45.14,0,0,0,1,0,0,0,0,0,0,0,0,0,21,7,1,6,1,6,1,細切れ,自力自在。
048320261003,2026100383,4,7,6,0,015773,枝光美奈,エダミツミナ,28,福岡,124,4,1,3.77,両,51.51,10.2,17.2,41.3,4,3,1,1,2,0,2,3,2,7,17,5,1,7,1,7,1,細切れ,自在。
058320261003,2026100383,5,1,1,0,013587,船曳義之,フナビキヨシユキ,49,香川,83,2,2,3.92,追,79.72,4.5,9,18.1,0,0,0,0,2,0,0,1,1,2,18,2,1,1,1,1,1,二分戦,先手ライン。
058320261003,2026100383,5,2,2,0,015753,枝村弘樹,エダムラヒロキ,27,宮崎,123,2,1,3.92,逃,90.23,38.8,44.4,61.1,1,6,8,1,1,6,0,7,1,3,7,1,1,2-5-6,3,2,0,二分戦,自力。
058320261003,2026100383,5,3,3,0,012681,辻力,ツジマサル,52,石川,71,2,2,3.92,追,80.16,0,4.1,12.5,0,1,0,0,0,0,1,0,1,2,21,3,3,4-7-3,3,4,0,二分戦,三浦君。
058320261003,2026100383,5,4,4,0,015534,牛田樹希斗,ウシダジュキト,28,愛知,119,2,2,3.92,逃,77.48,3.6,11.1,11.1,1,7,5,2,0,1,0,1,2,0,24,3,1,4-7-3,3,4,0,二分戦,自力。
058320261003,2026100383,5,5,5,0,014449,片折勇輝,カタオリユウキ,42,福岡,95,2,2,3.92,両,79.25,0,4.7,14.2,1,0,0,0,0,0,1,0,1,2,18,1,2,2-5-6,3,2,0,二分戦,枝村君。
058320261003,2026100383,5,6,6,0,012242,穴井利久,アナイトシヒサ,56,福岡,65,2,2,3.92,追,76.95,0,0,4.7,0,0,0,0,0,0,0,0,0,1,20,1,3,2-5-6,3,2,0,二分戦,片折君。
058320261003,2026100383,5,7,6,0,013041,三浦稔希,ミウラトシキ,50,愛知,76,2,1,3.86,追,83.66,5.2,15.7,21,3,0,0,0,2,0,1,1,2,1,15,3,2,4-7-3,3,4,0,二分戦,牛田君。
068320261003,2026100383,6,1,1,0,013348,内藤敦,ナイトウアツシ,50,岡山,80,2,2,3.92,追,81.71,0,14.2,33.3,1,0,0,0,3,0,0,0,3,4,14,3,2,7-1-4,3,7,0,二分戦,藤原君。
068320261003,2026100383,6,2,2,0,014563,興呂木雄治,コウロギユウジ,37,熊本,96,2,2,3.92,両,79.45,0,4.7,9.5,0,0,0,0,0,0,1,0,1,1,19,2,1,2,1,2,1,二分戦,一人で。
068320261003,2026100383,6,3,3,0,014094,有馬雄二,アリマユウジ,44,奈良,90,2,2,3.92,追,81.16,4.1,16.6,29.1,4,0,0,0,2,0,2,1,3,3,17,1,2,5-3-6,3,5,0,二分戦,西森君。
068320261003,2026100383,6,4,4,0,013363,宇根秀俊,ウネヒデトシ,49,愛媛,80,2,2,3.92,追,84.09,0,22.7,40.9,1,0,0,0,2,0,3,0,5,4,13,3,3,7-1-4,3,7,0,二分戦,岡山勢。
068320261003,2026100383,6,5,5,0,015914,西森一稀,ニシモリイッキ,21,兵庫,127,2,2,3.92,逃,91.52,33.3,61.9,66.6,11,15,12,9,2,2,0,7,6,1,7,1,1,5-3-6,3,5,0,二分戦,自力。
068320261003,2026100383,6,6,6,0,013201,北川紋部,キタガワモンブ,52,福井,78,2,2,3.92,追,78.66,0,0,22.7,0,0,0,0,0,0,0,0,0,5,17,1,3,5-3-6,3,5,0,二分戦,有馬君。
068320261003,2026100383,6,7,6,0,014615,藤原亮太,フジワラリヨウタ,38,岡山,97,2,2,3.92,両,80.28,4.7,19,23.8,2,1,2,1,1,2,0,1,3,1,16,3,1,7-1-4,3,7,0,二分戦,自力。
078320261003,2026100383,7,1,1,0,015560,林昴,ハヤシスバル,25,福岡,119,2,1,3.92,逃,88.04,14.2,52.3,57.1,4,11,12,8,1,2,0,3,8,1,9,1,1,1-4-7,3,1,0,二分戦,自力。
078320261003,2026100383,7,2,2,0,014953,和田誠寿,ワダセイジュ,35,広島,103,2,1,3.92,追,90.04,14.2,23.7,33.3,11,0,0,0,4,0,1,3,2,2,14,3,2,5-2-3,3,5,0,二分戦,諸隈君。
078320261003,2026100383,7,3,3,0,014193,玉手翔,タマテシヨウ,43,兵庫,91,2,1,3.92,追,88.7,8.3,33.3,45.8,2,0,0,0,5,0,3,2,6,3,13,3,3,5-2-3,3,5,0,二分戦,中四国勢。
078320261003,2026100383,7,4,4,0,011854,紫原政文,シハラマサフミ,58,福岡,61,2,1,3.93,追,87.53,6.6,26.6,46.6,0,0,0,0,2,0,2,1,3,3,8,1,2,1-4-7,3,1,0,二分戦,林君。
078320261003,2026100383,7,5,5,0,015926,諸隈健太郎,モロクマケンタロウ,25,高知,127,2,2,3.92,逃,91.57,19,61.9,71.4,0,14,17,9,0,4,0,4,9,2,6,3,1,5-2-3,3,5,0,二分戦,自力。
078320261003,2026100383,7,6,6,0,014749,山田哲也,ヤマダテツヤ,44,愛知,99,2,2,3.92,追,83.66,25.9,40.6,48.1,5,0,0,0,8,2,1,7,4,2,14,2,1,6,1,6,1,二分戦,一人で。
078320261003,2026100383,7,7,6,0,013155,四元慎也,ヨツモトシンヤ,51,宮崎,77,2,2,3.92,追,83.95,19,28.4,33.3,0,0,0,0,4,1,1,4,2,1,14,1,3,1-4-7,3,1,0,二分戦,紫原さん。
088320261003,2026100383,8,1,1,0,012598,大庭正紀,オオニワマサノリ,56,富山,70,2,1,3.92,追,84.7,10,20,35,1,0,0,0,2,0,2,2,2,3,13,2,2,4-1,2,4,0,三分戦,高野君。
088320261003,2026100383,8,2,2,0,014333,阿部兼士,アベケンジ,42,福岡,93,2,1,3.86,追,87.52,4.7,47.5,52.3,3,0,0,0,2,0,8,1,9,1,10,1,2,7-2-6,3,7,0,三分戦,白濱君。
088320261003,2026100383,8,3,3,0,015377,蒋野翔太,コモノショウタ,31,徳島,115,2,1,3.92,逃,87.03,25.9,33.3,48.1,1,5,4,1,6,1,1,7,2,4,14,3,1,3-5,2,3,0,三分戦,自力自在。
088320261003,2026100383,8,4,4,0,015809,高野信元,タカノシンゲン,27,愛知,125,2,1,3.92,逃,93.05,33.3,50,55.5,3,6,6,5,1,3,0,6,3,1,8,2,1,4-1,2,4,0,三分戦,自力。
088320261003,2026100383,8,5,5,0,014614,高橋清太郎,タカハシセイタロウ,41,岡山,97,2,1,3.92,追,86.66,28.4,42.8,52.3,0,0,0,0,6,1,2,6,3,2,10,3,2,3-5,2,3,0,三分戦,蒋野君。
088320261003,2026100383,8,6,6,0,015214,境啓亨,サカイヒロアキ,34,熊本,111,2,2,3.92,逃,82.29,4.1,16.6,41.6,1,0,1,1,1,0,2,1,3,6,14,1,3,7-2-6,3,7,0,三分戦,阿部さん。
088320261003,2026100383,8,7,6,0,015210,白濱一平,シラハマカズヒラ,33,長崎,111,2,2,3.92,両,84.86,20,33.3,33.3,1,4,5,2,0,3,0,3,2,0,10,1,1,7-2-6,3,7,0,三分戦,自力。
098320261003,2026100383,9,1,1,0,016008,久保田智之,クボタトモユキ,21,福岡,129,2,3,3.92,逃,77.33,36.8,52.6,63.1,3,12,13,9,0,1,0,7,3,2,7,1,1,1-5-7,3,1,0,三分戦,自力。
098320261003,2026100383,9,2,2,0,015993,西澤優聖,ニシザワマサト,24,岐阜,129,2,3,3.92,逃,77.91,45.8,62.5,79.1,3,6,9,4,0,11,0,11,4,4,5,3,1,2-4,2,2,0,三分戦,自力。
098320261003,2026100383,9,3,3,0,015637,近藤雄太,コンドウユウタ,27,岡山,121,2,3,3.92,逃,79.83,62.5,87.5,91.6,13,1,4,1,4,16,0,15,6,1,2,2,1,3-6,2,3,0,三分戦,自力。
098320261003,2026100383,9,4,4,0,011622,杉山正和,スギヤママサカズ,59,三重,59,2,3,3.85,追,70.88,5.5,33.3,38.8,6,0,0,0,2,0,4,1,5,1,11,3,2,2-4,2,2,0,三分戦,西澤君。
098320261003,2026100383,9,5,5,0,014046,秋山貴宏,アキヤマタカヒロ,45,佐賀,89,2,3,3.92,追,74.45,16.6,45.8,58.3,0,0,1,0,5,1,5,4,7,3,10,1,2,1-5-7,3,1,0,三分戦,久保田君。
098320261003,2026100383,9,6,6,0,014407,森佑樹,モリユウキ,40,岡山,94,2,3,3.92,逃,67.95,8.3,20.8,25,2,13,5,2,0,2,1,2,3,1,18,2,2,3-6,2,3,0,三分戦,近藤君。
098320261003,2026100383,9,7,6,0,012832,仙石淳,センゴクアツシ,53,沖縄,73,2,3,3.85,追,71.77,5.5,11.1,44.4,0,0,0,0,1,0,1,1,1,6,10,1,3,1-5-7,3,1,0,三分戦,秋山君。
108320261003,2026100383,10,1,1,0,015080,児玉碧衣,コダマアオイ,31,福岡,108,4,1,3.79,逃,59.33,88.8,88.8,94.4,0,6,12,8,0,8,0,16,0,1,1,3,1,1,1,1,1,細切れ,自力。
108320261003,2026100383,10,2,2,0,015671,小泉夢菜,コイズミユメナ,27,埼玉,122,4,1,3.77,追,52.75,4.1,20.8,58.3,0,0,0,0,1,0,4,1,4,9,10,4,1,2,1,2,1,細切れ,自在。
108320261003,2026100383,10,3,3,0,015220,鈴木美教,スズキミノリ,32,静岡,112,4,1,3.77,両,55.39,41.6,62.5,70.8,1,4,6,3,6,3,3,10,5,2,7,1,1,3,1,3,1,細切れ,自力自在。
108320261003,2026100383,10,4,4,0,014896,野口諭実可,ノグチユミカ,34,大分,102,4,1,3.77,追,50.28,6.2,15.6,28.1,0,3,2,1,2,1,1,2,3,4,23,2,1,4,1,4,1,細切れ,流れに乗れるよう
108320261003,2026100383,10,5,5,0,015679,又多風緑,マタダフツカ,24,石川,122,4,1,3.77,両,53.42,3.4,27.5,48.2,1,5,3,2,2,1,3,1,7,6,15,5,1,5,1,5,1,細切れ,自力自在。
108320261003,2026100383,10,6,6,0,015139,板根茜弥,イタネアヤ,37,東京,110,4,1,3.77,追,51,9.5,23.7,33.3,0,0,0,0,1,1,3,2,3,2,14,7,1,6,1,6,1,細切れ,自力自在。
108320261003,2026100383,10,7,6,0,015666,畠山ひすい,ハタケヤマヒスイ,24,神奈川,122,4,1,3.77,逃,56.19,42.8,57,85.7,5,9,12,6,2,3,1,9,3,6,3,6,1,7,1,7,1,細切れ,自力。
118320261003,2026100383,11,1,1,0,014565,中村健志,ナカムラケンシ,40,熊本,96,2,1,3.92,追,94.28,19,42.8,76.1,14,0,0,0,6,0,3,4,5,7,5,1,2,5-1,2,5,0,三分戦,半田君。
118320261003,2026100383,11,2,2,0,012829,西浦仙哉,ニシウラヒサヤ,52,三重,73,2,1,3.92,両,92.22,22.2,33.3,50,0,1,0,1,3,2,0,4,2,3,9,2,1,2-6,2,2,0,三分戦,自分で。
118320261003,2026100383,11,3,3,0,015545,橋本凌汰,ハシモトリョウタ,25,岡山,119,2,1,3.92,逃,90.47,10.5,21,52.6,0,9,7,2,1,1,0,2,2,6,9,3,1,3-7,2,3,0,三分戦,自力。
118320261003,2026100383,11,4,4,0,015632,常次勇人,ツネツグハヤト,24,大阪,121,2,1,3.92,逃,91.81,29.5,40.6,55.5,6,10,10,5,0,6,0,8,3,4,12,4,1,4,1,4,1,三分戦,自力。
118320261003,2026100383,11,5,5,0,015751,半田誠,ハンダマコト,22,熊本,123,2,1,3.92,逃,96.72,50,72.2,94.4,3,4,8,4,2,7,0,9,4,4,1,1,1,5-1,2,5,0,三分戦,自力。
118320261003,2026100383,11,6,6,0,012742,山田雅之,ヤマダマサユキ,53,岐阜,72,2,2,3.93,追,84.11,5.5,22.2,44.4,1,0,0,0,3,0,1,1,3,4,10,2,2,2-6,2,2,0,三分戦,西浦君。
118320261003,2026100383,11,7,6,0,015204,吉田智哉,ヨシダトモヤ,28,愛媛,111,2,1,3.92,逃,95.52,23.7,57,80.9,5,1,1,0,5,4,3,5,7,5,4,3,2,3-7,2,3,0,三分戦,橋本君。
013120261003,2026100331,1,1,1,0,015981,小川佑希也,オガワユキヤ,22,千葉,129,2,3,3.85,逃,72.5,28.4,28.4,42.8,0,7,6,4,0,0,0,4,0,2,8,2,1,1-7,2,1,0,三分戦,自力。
013120261003,2026100331,1,2,2,0,014986,三浦綾,ミウラリョウ,35,宮城,105,2,3,3.92,逃,69.95,16.6,16.6,37.5,1,7,6,2,1,1,0,4,0,5,15,3,1,2-4,2,2,0,三分戦,自力自在。
013120261003,2026100331,1,3,3,0,012634,大薗宏,オオゾノヒロシ,52,茨城,71,2,3,3.83,追,74.66,14.7,37,59.2,6,0,0,0,7,2,1,4,6,6,11,1,2,5-3-6,3,5,0,三分戦,菱沼君。
013120261003,2026100331,1,4,4,0,013676,塚本諭,ツカモトサトシ,50,福島,85,2,3,3.85,追,70.61,9.5,23.7,42.8,0,0,0,0,5,0,0,2,3,4,12,3,2,2-4,2,2,0,三分戦,三浦君。
013120261003,2026100331,1,5,5,0,015164,菱沼元樹,ヒシヌマゲンキ,31,埼玉,111,2,3,3.85,逃,75.85,22.2,48.1,62.9,0,14,15,9,1,2,1,6,7,4,10,1,1,5-3-6,3,5,0,三分戦,自力。
013120261003,2026100331,1,6,6,0,011427,川口秀人,カワグチヒデト,60,徳島,57,2,3,3.93,追,66.69,11.5,11.5,23,0,0,0,0,3,0,0,3,0,3,20,1,3,5-3-6,3,5,0,三分戦,関東勢。
013120261003,2026100331,1,7,6,0,011803,植田誠,ウエダマコト,59,静岡,61,2,3,3.83,追,68.62,0,16.6,25,1,0,0,0,2,0,2,0,4,2,18,2,2,1-7,2,1,0,三分戦,小川君。
023120261003,2026100331,2,1,1,0,012321,檀雄二,ダンユウジ,58,福岡,66,2,3,3.92,追,70.21,5.2,15.7,36.8,0,0,0,0,2,0,1,1,2,4,12,2,2,5-1,2,5,0,三分戦,駒壽君。
023120261003,2026100331,2,2,2,0,015260,國井裕樹,クニイユウキ,42,神奈川,113,2,3,3.92,逃,73.06,33.3,40,46.6,4,8,7,4,1,1,0,5,1,1,8,3,1,2-6,2,2,0,三分戦,自力自在。
023120261003,2026100331,2,3,3,0,014885,戸田康平,トダコウヘイ,34,香川,101,2,3,3.93,逃,77.77,50,61.1,77.7,5,8,6,5,3,2,1,9,2,3,4,1,1,3-7-4,3,3,0,三分戦,自力。
023120261003,2026100331,2,4,4,0,013588,齋藤仁,サイトウジン,47,徳島,83,2,3,3.92,追,69.26,0,15.2,42.3,0,0,0,0,1,1,2,0,4,7,15,1,3,3-7-4,3,3,0,三分戦,香川勢。
023120261003,2026100331,2,5,5,0,016010,駒壽直人,コマジュナオト,28,福岡,129,2,3,3.92,逃,70.55,16.6,27.7,44.4,2,12,9,5,0,0,0,3,2,3,10,2,1,5-1,2,5,0,三分戦,自力。
023120261003,2026100331,2,6,6,0,014301,齋藤輝彦,サイトウテルヒコ,43,神奈川,93,2,3,3.93,追,68.69,0,0,20,1,0,0,0,0,0,0,0,0,3,12,3,2,2-6,2,2,0,三分戦,國井君。
023120261003,2026100331,2,7,6,0,013359,吉田彰久,ヨシダアキヒサ,53,香川,80,2,3,3.92,追,72.2,11.5,30.7,53.8,11,0,0,0,3,0,5,3,5,6,12,1,2,3-7-4,3,3,0,三分戦,戸田君。
033120261003,2026100331,3,1,1,0,015873,十文字悠真,ジュウモンジユウマ,24,福島,127,2,3,3.92,逃,75.31,18,36.3,72.7,3,11,10,4,0,4,0,4,4,8,6,1,1,1-4-6-5,4,1,0,二分戦,自力。
033120261003,2026100331,3,2,2,0,015044,平川雅晃,ヒラカワマサアキ,35,長野,107,2,3,3.85,逃,71.29,20.8,37.5,54.1,3,13,9,6,1,2,0,5,4,4,11,2,1,2-7-3,3,2,0,二分戦,自力。
033120261003,2026100331,3,3,3,0,011198,大竹慎吾,オオタケシンゴ,61,大分,55,2,3,3.85,追,65,0,4.1,4.1,0,0,0,0,0,0,1,0,1,0,23,2,3,2-7-3,3,2,0,二分戦,関東勢。
033120261003,2026100331,3,4,4,0,012876,湯浅弘光,ユアサヒロミツ,53,千葉,74,2,3,3.92,追,71.66,4.7,9.5,42.8,1,0,0,0,2,0,0,1,1,7,12,1,2,1-4-6-5,4,1,0,二分戦,十文字君。
033120261003,2026100331,3,5,5,0,013212,岡田浩太,オカダコウタ,50,岡山,78,2,3,3.83,追,66.9,9,9,9,0,0,0,0,1,0,0,1,0,0,10,1,4,1-4-6-5,4,1,0,二分戦,十文字君ライン。
033120261003,2026100331,3,6,6,0,011599,和泉田喜一,イズミタキイチ,58,千葉,59,2,3,3.92,追,64.33,0,0,0,1,0,0,0,0,0,0,0,0,0,6,1,3,1-4-6-5,4,1,0,二分戦,湯浅君。
033120261003,2026100331,3,7,6,0,011993,深井高志,フカイタカシ,58,東京,63,2,3,3.92,追,70.45,5,10,35,0,0,0,0,1,0,1,1,1,5,13,2,2,2-7-3,3,2,0,二分戦,平川君。
043120261003,2026100331,4,1,1,0,015974,山下季秦,ヤマシタキシン,20,埼玉,129,2,3,3.85,逃,72.93,26.6,53.3,60,4,10,8,6,1,1,0,4,4,1,6,1,1,1-7,2,1,0,二分戦,自力。
043120261003,2026100331,4,2,2,0,014042,徳吉正治,トクヨシマサハル,43,福岡,89,2,3,3.92,追,69.41,8.3,25,37.5,1,0,0,0,3,0,3,2,4,3,15,2,3,5-4-2-3,4,5,0,二分戦,九州３番手。
043120261003,2026100331,4,3,3,0,014719,佐川拓也,サガワタクヤ,37,福島,99,2,3,3.86,両,68.64,7.1,7.1,21.4,1,0,0,0,1,0,0,1,0,2,11,2,4,5-4-2-3,4,5,0,二分戦,九州ライン。
043120261003,2026100331,4,4,4,0,014418,安部龍文,アベリユウブン,42,大分,94,2,3,3.92,追,75.22,18.5,51.8,66.6,2,1,1,1,5,0,8,5,9,4,9,2,2,5-4-2-3,4,5,0,二分戦,佐藤君。
043120261003,2026100331,4,5,5,0,015935,佐藤魁皇,サトウカイオウ,23,熊本,127,2,3,3.77,逃,76.55,38.8,61.1,77.7,5,4,9,4,0,7,0,7,4,3,4,2,1,5-4-2-3,4,5,0,二分戦,自力。
043120261003,2026100331,4,6,6,0,015710,鈴木康平,スズキコウヘイ,31,静岡,123,2,3,3.92,逃,66.27,4.5,22.7,27.2,0,10,8,4,0,1,0,1,4,1,16,3,1,6,1,6,1,二分戦,単騎自力。
043120261003,2026100331,4,7,6,0,014363,中川昌久,ナカガワヨシヒサ,46,茨城,94,2,3,3.93,追,70.54,0,27.2,45.4,0,0,0,0,0,0,3,0,3,2,6,1,2,1-7,2,1,0,二分戦,山下君。
053120261003,2026100331,5,1,1,0,014550,龍門慎太郎,リユウモンシンタロウ,41,岡山,96,2,3,3.92,追,71.33,25,25,37.5,0,1,0,0,4,2,0,6,0,3,15,1,3,4-7-1,3,4,0,三分戦,広島勢。
053120261003,2026100331,5,2,2,0,015253,清水健次,シミズケンジ,33,東京,113,2,3,3.86,逃,69.64,14.2,28.4,28.5,1,3,2,1,2,0,1,2,2,0,10,2,1,2-6,2,2,0,三分戦,自力自在。
053120261003,2026100331,5,3,3,0,012550,荒木真慈,アラキシンジ,54,熊本,69,2,3,3.85,追,70.33,0,22.2,37,6,0,0,0,2,0,4,0,6,4,17,3,2,5-3,2,5,0,三分戦,廣田君。
053120261003,2026100331,5,4,4,0,016003,吉岡竜太,ヨシオカリュウタ,26,広島,129,2,3,3.92,逃,79.11,66.6,72.2,83.3,1,11,13,8,0,5,0,12,1,2,3,1,1,4-7-1,3,4,0,三分戦,自力。
053120261003,2026100331,5,5,5,0,014049,廣田樹里,ヒロタジユリ,45,熊本,89,2,3,3.93,両,73.04,25,33.3,54.1,0,0,3,0,1,7,0,6,2,5,11,3,1,5-3,2,5,0,三分戦,自力。
053120261003,2026100331,5,6,6,0,011790,廣川貞治,ヒロカワサダハル,58,東京,61,2,3,3.93,追,66,4.5,9,18.1,0,0,0,0,1,0,1,1,1,2,18,2,2,2-6,2,2,0,三分戦,清水君。
053120261003,2026100331,5,7,6,0,012910,塩川真一郎,シオカワシンイチロウ,51,広島,74,2,3,3.92,追,74.88,5.5,22.2,77.7,2,0,0,0,2,0,2,1,3,10,4,1,2,4-7-1,3,4,0,三分戦,吉岡君。
063120261003,2026100331,6,1,1,0,015491,當銘沙恵美,トメサエミ,28,愛知,118,4,1,3.79,両,54.54,29,45.8,66.6,3,9,9,2,3,5,1,7,4,5,8,1,1,1,1,1,1,細切れ,自力自在。
063120261003,2026100331,6,2,2,0,015485,青木美保,アオキミホ,28,埼玉,118,4,1,3.77,両,53.12,12.5,33.3,50,3,6,7,2,2,3,1,3,5,4,12,2,1,2,1,2,1,細切れ,自在。
063120261003,2026100331,6,3,3,0,014967,杉沢毛伊子,スギサワケイコ,40,静岡,104,4,1,3.79,両,49.25,8.3,16.6,29.1,3,2,3,0,0,2,2,2,2,3,17,3,1,3,1,3,1,細切れ,自在。
063120261003,2026100331,6,4,4,0,015670,萩原瑞生,ハギワラミズキ,30,群馬,122,4,1,3.77,追,48.3,10,10,15,3,4,2,1,0,1,0,2,0,1,17,4,1,4,1,4,1,細切れ,流れ見て。
063120261003,2026100331,6,5,5,0,015866,高木萌那,タカキモナ,22,福岡,126,4,1,3.79,逃,54.5,27.7,55.5,66.6,0,4,4,2,2,5,1,5,5,2,6,5,1,5,1,5,1,細切れ,自力基本。
063120261003,2026100331,6,6,6,0,015585,山本さくら,ヤマモトサクラ,25,愛知,120,4,1,3.77,両,49.87,8.3,20.8,33.3,8,12,8,3,1,1,0,2,3,3,16,6,1,6,1,6,1,細切れ,自力自在。
063120261003,2026100331,6,7,6,0,014909,浦部郁里,ウラベカオリ,39,千葉,102,4,1,3.79,追,48.29,0,6.4,19.3,7,3,1,0,1,0,1,0,2,4,25,7,1,7,1,7,1,細切れ,前々。
073120261003,2026100331,7,1,1,0,014905,加瀬加奈子,カセカナコ,46,新潟,102,4,1,3.77,逃,49.86,17.2,26,30.4,11,9,8,3,0,3,0,4,2,1,16,2,1,1,1,1,1,細切れ,自力。
073120261003,2026100331,7,2,2,0,015313,豊岡英子,トヨオカアヤコ,46,大阪,114,4,1,3.79,両,51.93,6.8,27.5,58.6,4,7,3,1,1,2,4,2,6,9,12,3,1,2,1,2,1,細切れ,前々。
073120261003,2026100331,7,3,3,0,015133,佐藤友香,サトウユカ,45,青森,110,4,1,3.77,追,45.66,0,0,4.1,1,0,0,0,0,0,0,0,0,1,23,4,1,3,1,3,1,細切れ,取れた位置から。
073120261003,2026100331,7,4,4,0,015578,飯田風音,イイダカザネ,25,埼玉,120,4,1,3.79,両,54.2,12.5,25,62.5,2,1,3,0,3,2,1,3,3,9,9,1,1,4,1,4,1,細切れ,自力自在。
073120261003,2026100331,7,5,5,0,015954,北津留千羽,キタツルチハネ,20,福岡,128,4,1,3.79,両,49.16,0,5.5,27.7,2,4,3,0,0,1,0,0,1,4,13,5,1,5,1,5,1,細切れ,自在。
073120261003,2026100331,7,6,6,0,015070,尾崎睦,オザキムツミ,41,神奈川,108,4,1,3.79,両,58.16,70.8,87.5,91.6,1,3,6,4,6,11,0,17,4,1,2,6,1,6,1,6,1,細切れ,自力。
073120261003,2026100331,7,7,6,0,015682,渡部遥,ワタナベハルカ,24,愛媛,122,4,1,3.77,両,50.05,10.5,21,36.8,0,5,4,0,1,3,0,2,2,3,12,7,1,7,1,7,1,細切れ,自力自在。
013520261003,2026100335,1,1,1,0,015486,岡本二菜,オカモトニナ,29,東京,118,4,1,3.77,両,56.45,50,75,87.5,0,6,8,4,4,10,0,12,6,3,3,3,1,1,1,1,1,細切れ,自力自在に。
013520261003,2026100335,1,2,2,0,015308,當銘直美,トメナオミ,30,愛知,114,4,1,3.79,両,54.33,5.2,52.6,68.4,0,0,4,0,3,2,5,1,9,3,6,4,1,2,1,2,1,細切れ,できる事を。
013520261003,2026100335,1,3,3,0,015153,林真奈美,ハヤシマナミ,40,福岡,110,4,1,3.77,両,53.33,19,38,61.9,2,3,3,1,4,1,2,4,4,5,8,1,1,3,1,3,1,細切れ,自在に。
013520261003,2026100335,1,4,4,0,015134,藤巻絵里佳,フジマキエリカ,31,福島,110,4,1,3.79,追,50.07,0,11.1,33.3,1,0,0,0,0,0,3,0,3,6,18,2,1,4,1,4,1,細切れ,できる事を。
013520261003,2026100335,1,5,5,0,015851,片岡美奈,カタオカミナ,27,栃木,126,4,1,3.77,両,49.14,0,11.1,25.9,1,1,0,0,1,0,2,0,3,4,20,6,1,5,1,5,1,細切れ,自在に。
013520261003,2026100335,1,6,6,0,015777,谷元音羽,タニモトオトハ,22,山口,124,4,1,3.77,両,48.79,4,12,24,1,1,1,0,1,1,1,1,2,3,19,5,1,6,1,6,1,細切れ,自在に。
013520261003,2026100335,1,7,6,0,015766,宮西令奈,ミヤニシレナ,25,石川,124,4,1,3.69,両,47.76,0,8,16,3,1,0,0,0,0,2,0,2,2,21,7,1,7,1,7,1,細切れ,自在に。
023520261003,2026100335,2,1,1,0,015400,久米詩,クメウタ,27,静岡,116,4,1,3.79,両,55.94,38.8,66.6,66.6,1,4,7,5,3,4,0,7,5,0,6,1,1,1,1,1,1,細切れ,自力基本に。
023520261003,2026100335,2,2,2,0,015076,元砂七夕美,モトスナナユミ,31,奈良,108,4,1,3.79,両,55.14,4.7,61.9,76.1,3,1,0,0,1,3,9,1,12,3,5,2,1,2,1,2,1,細切れ,自在に。
023520261003,2026100335,2,3,3,0,015684,安東莉奈,アンドウリナ,25,大分,122,4,1,3.77,追,51.81,3.6,25.9,44.4,3,2,0,0,3,0,4,1,6,5,15,3,1,3,1,3,1,細切れ,自在に。
023520261003,2026100335,2,4,4,0,015310,梶原百香,カジハラモモカ,29,福岡,114,4,1,3.77,両,49.48,3.4,17.2,27.5,3,2,2,1,2,0,2,1,4,3,21,6,1,4,1,4,1,細切れ,流れみて。
023520261003,2026100335,2,5,5,0,015852,普久原美海,フクハラミナミ,21,栃木,126,4,1,3.77,追,49.33,0,4.7,23.8,5,2,0,0,1,0,0,0,1,4,16,4,1,5,1,5,1,細切れ,自在に。
023520261003,2026100335,2,6,6,0,015071,佐藤亜貴子,サトウアキコ,44,神奈川,108,4,1,3.77,両,48.88,0,23.5,23.5,2,1,1,0,2,0,2,0,4,0,13,5,1,6,1,6,1,細切れ,自在に。
023520261003,2026100335,2,7,6,0,015945,橋本のこ,ハシモトノコ,21,愛知,128,4,1,3.77,両,45.3,0,0,0,0,3,0,0,0,0,0,0,0,0,20,7,1,7,1,7,1,細切れ,流れみて。
033520261003,2026100335,3,1,1,0,014216,田村純一,タムラジユンイチ,39,福島,92,2,3,3.92,両,75.38,50,55.5,66.6,4,3,5,3,2,5,0,9,1,2,6,2,1,1-4-7,3,1,0,二分戦,自力自在に。
033520261003,2026100335,3,2,2,0,015890,中秀平,ナカシュウヘイ,27,神奈川,127,2,3,3.85,逃,73.55,11.1,33.3,62.9,20,12,11,3,0,4,2,3,6,8,10,1,1,2-3-5-6,4,2,0,二分戦,自力で。
033520261003,2026100335,3,3,3,0,015708,山口直樹,ヤマグチナオキ,30,神奈川,123,2,3,3.92,逃,72.66,9.5,33.3,52.3,4,4,6,2,1,3,1,2,5,4,10,1,2,2-3-5-6,4,2,0,二分戦,中君。
033520261003,2026100335,3,4,4,0,014218,邊見斎,ヘンミヒトシ,41,福島,92,2,3,3.92,追,71.84,19.2,38.4,46.1,15,0,0,0,6,0,4,5,5,2,14,2,2,1-4-7,3,1,0,二分戦,田村君。
033520261003,2026100335,3,5,5,0,014772,細田純平,ホソダジュンペイ,37,広島,99,2,3,3.85,両,71.34,3.8,26.9,38.4,7,4,3,1,2,0,4,1,6,3,16,1,3,2-3-5-6,4,2,0,二分戦,地元勢。
033520261003,2026100335,3,6,6,0,013647,光畑政志,ミツハタマサシ,46,岡山,84,2,3,3.92,追,69.23,9.5,23.7,33.3,0,0,0,0,2,0,3,2,3,2,14,1,4,2-3-5-6,4,2,0,二分戦,細田君。
033520261003,2026100335,3,7,6,0,013840,高瀬卓,タカセスグル,47,埼玉,87,2,3,3.92,追,64.6,0,0,5,0,0,0,0,0,0,0,0,0,1,19,2,3,1-4-7,3,1,0,二分戦,福島勢。
043520261003,2026100335,4,1,1,0,015936,下山聖斗,サガヤマアキト,25,鹿児島,127,2,3,3.92,逃,78.16,45.8,62.5,66.6,8,6,11,6,0,9,0,11,4,1,8,1,1,1-4-5,3,1,0,二分戦,自力で。
043520261003,2026100335,4,2,2,0,011574,坂本英一,サカモトエイイチ,58,栃木,59,2,3,3.92,追,76.04,3.8,46.1,65.3,1,0,0,0,5,0,7,1,11,5,9,2,2,3-2-6,3,3,0,二分戦,齊藤君。
043520261003,2026100335,4,3,3,0,015977,齊藤宏樹,サイトウコウキ,27,東京,129,2,3,3.92,逃,74.44,50,66.6,66.6,2,11,13,10,0,1,1,9,3,0,6,2,1,3-2-6,3,3,0,二分戦,自力で。
043520261003,2026100335,4,4,4,0,013375,五反田豊和,ゴタンダトヨカズ,49,宮崎,80,2,3,3.92,両,71.7,14.7,33.3,48.1,0,5,5,3,5,0,1,4,5,4,14,1,2,1-4-5,3,1,0,二分戦,下山君。
043520261003,2026100335,4,5,5,0,012402,時松正,トキマツタダシ,55,熊本,67,2,3,3.85,追,69.16,0,7.1,21.4,0,0,0,0,0,0,1,0,1,2,11,1,3,1-4-5,3,1,0,二分戦,九州３番手。
043520261003,2026100335,4,6,6,0,013927,高橋由記,タカハシヨシキ,47,群馬,88,2,3,3.92,追,68.82,5.8,5.8,23.5,0,0,0,0,1,0,0,1,0,3,13,2,3,3-2-6,3,3,0,二分戦,関東３番手。
043520261003,2026100335,4,7,6,0,012986,近藤直幹,コンドウナオモト,53,徳島,75,2,3,3.92,追,65.29,0,0,12,4,0,0,0,0,0,0,0,0,3,22,3,1,7,1,7,1,二分戦,先手ラインへ。
053520261003,2026100335,5,1,1,0,016016,西原裕太郎,ニシハラユウタロウ,26,佐賀,129,2,3,3.92,逃,79.58,45.8,70.8,83.3,10,14,12,10,1,4,2,11,6,3,4,1,1,1-2-7,3,1,0,三分戦,自力で。
053520261003,2026100335,5,2,2,0,013743,藤田剣次,フジタケンジ,49,福岡,85,2,3,3.92,追,74.08,25,50,62.5,0,0,1,0,5,3,4,6,6,3,9,1,2,1-2-7,3,1,0,三分戦,西原君。
053520261003,2026100335,5,3,3,0,014124,石田宏樹,イシダヒロキ,45,青森,91,2,3,3.92,両,72.88,3.6,18.5,48.1,1,7,4,0,2,3,0,1,4,8,14,2,1,3-4,2,3,0,三分戦,自力で。
053520261003,2026100335,5,4,4,0,014349,佐藤純嘉,サトウスミヨシ,43,青森,94,2,3,3.92,追,70.88,7.3,25.9,40.7,12,0,0,0,3,0,4,2,5,4,16,2,2,3-4,2,3,0,三分戦,石田さん。
053520261003,2026100335,5,5,5,0,014064,吉松賢二,ヨシマツケンジ,40,群馬,90,2,3,3.93,両,70.61,17.5,44.1,52.9,8,13,10,9,4,0,2,6,9,3,16,3,1,5-6,2,5,0,三分戦,自力で。
053520261003,2026100335,5,6,6,0,013684,吉橋秀城,ヨシハシヒデキ,48,埼玉,85,2,3,3.92,追,68.94,5.5,22.2,33.3,0,0,0,0,2,0,2,1,3,2,12,3,2,5-6,2,5,0,三分戦,吉松君。
053520261003,2026100335,5,7,6,0,011665,倉岡慎太郎,クラオカシンタロウ,58,熊本,59,2,3,3.85,追,67.91,4.1,12.5,16.6,0,0,0,0,2,0,1,1,2,1,20,1,3,1-2-7,3,1,0,三分戦,九州３番手。
063520261003,2026100335,6,1,1,0,015523,邊見祐太,ヘンミユウタ,30,新潟,119,2,3,3.92,逃,79.66,55.5,77.7,83.3,3,7,6,4,6,4,0,10,4,1,3,2,1,1-4,2,1,0,三分戦,自力で。
063520261003,2026100335,6,2,2,0,016013,森下龍之介,モリシタリュウノスケ,24,福岡,129,2,3,3.92,逃,77.56,30.4,56.4,78.2,9,13,14,12,0,1,0,7,6,5,5,3,1,2-3-5,3,2,0,三分戦,自力で。
063520261003,2026100335,6,3,3,0,014774,阿部弘,アベヒロシ,45,高知,99,2,3,3.92,追,70.85,14.2,28.4,33.3,0,0,0,0,4,0,2,3,3,1,14,3,2,2-3-5,3,2,0,三分戦,森下君。
063520261003,2026100335,6,4,4,0,014516,村松俊弥,ムラマツトシヤ,40,山梨,96,2,3,3.92,追,70.79,0,20.8,37.5,10,1,0,0,2,0,3,0,5,4,15,2,2,1-4,2,1,0,三分戦,邊見君。
063520261003,2026100335,6,5,5,0,013965,岡田雅也,オカダマサヤ,47,高知,88,2,3,3.92,追,70.2,6.6,20,40,0,0,0,0,2,0,1,1,2,3,9,3,3,2-3-5,3,2,0,三分戦,阿部君。
063520261003,2026100335,6,6,6,0,014015,米倉剛志,ヨネクラタケシ,44,千葉,89,2,3,3.85,逃,69.04,21.7,30.4,39.1,12,11,8,4,2,1,0,5,2,2,14,1,1,6-7,2,6,0,三分戦,自力で。
063520261003,2026100335,6,7,6,0,013847,小林大能,コバヤシヒロヨシ,46,千葉,87,2,3,3.92,追,64.81,0,0,0,0,0,0,0,0,0,0,0,0,0,16,1,2,6-7,2,6,0,三分戦,米倉君。
073520261003,2026100335,7,1,1,0,015371,田上晃也,タノウエコウヤ,29,岡山,115,2,3,3.92,逃,80.11,66.6,77.7,83.3,6,7,8,7,0,7,0,12,2,1,3,1,1,1-2-6,3,1,0,三分戦,自力で。
073520261003,2026100335,7,2,2,0,014261,作田悦章,サクタヨシアキ,44,徳島,92,2,3,3.92,追,78.19,23.7,57,80.9,3,0,0,0,5,0,7,5,7,5,4,1,2,1-2-6,3,1,0,三分戦,田上君。
073520261003,2026100335,7,3,3,0,015984,藤岡祐馬,フジオカユウマ,27,神奈川,129,2,3,3.92,逃,73.23,27.2,45.4,59,3,11,9,8,1,1,0,6,4,3,9,2,1,3-4,2,3,0,三分戦,自力で。
073520261003,2026100335,7,4,4,0,012432,石井孝,イシイタカシ,55,千葉,68,2,3,3.85,追,71.16,8.3,20.8,45.8,0,0,0,0,2,0,3,2,3,6,13,2,2,3-4,2,3,0,三分戦,藤岡君。
073520261003,2026100335,7,5,5,0,014357,佐藤康恭,サトウヤスユキ,40,福島,94,2,3,3.92,両,69.22,7.3,11.1,37,0,1,1,1,1,1,0,2,1,7,17,3,1,5-7,2,5,0,三分戦,自力自在に。
073520261003,2026100335,7,6,6,0,012626,原司,ハラツカサ,55,佐賀,70,2,3,3.85,追,68.03,3.6,11.1,29.6,0,0,0,0,3,0,0,1,2,5,19,1,3,1-2-6,3,1,0,三分戦,中四国勢。
073520261003,2026100335,7,7,6,0,011994,藤光健一,フジミツケンイチ,56,東京,63,2,3,3.92,追,66,0,18,18.1,1,0,0,0,0,0,2,0,2,0,9,3,2,5-7,2,5,0,三分戦,佐藤君。
017320261003,2026100373,1,1,1,0,015561,原井剣也,ハライケンヤ,32,福岡,119,2,1,3.92,逃,89.73,15,15,40,1,4,3,2,1,0,0,3,0,5,12,2,1,1-3-6,3,1,0,二分戦,自力自在。
017320261003,2026100373,1,2,2,0,014230,山田義彦,ヤマダヨシヒコ,40,埼玉,92,2,1,3.92,両,87.66,9.5,38,52.3,2,0,1,0,4,1,3,2,6,3,10,1,2,4-2-5,3,4,0,二分戦,西本君。
017320261003,2026100373,1,3,3,0,014623,飯田裕次,イイダユウジ,41,福岡,97,2,1,3.92,追,87.44,11.1,27.7,44.4,0,0,0,0,3,0,2,2,3,3,10,2,2,1-3-6,3,1,0,二分戦,原井君。
017320261003,2026100373,1,4,4,0,015879,西本健三郎,ニシモトケンザブロウ,24,茨城,127,2,2,3.92,逃,86.22,16.6,33.3,61.1,9,13,12,5,1,0,0,3,3,5,7,1,1,4-2-5,3,4,0,二分戦,自力。
017320261003,2026100373,1,5,5,0,015330,伊藤奎,イトウケイ,27,福島,115,2,1,3.92,追,85.66,20.8,37.5,45.8,2,0,1,1,6,0,2,5,4,2,13,1,3,4-2-5,3,4,0,二分戦,関東勢の後ろ。
017320261003,2026100373,1,6,6,0,015481,山川奨太,ヤマカワショウタ,29,熊本,117,2,2,3.92,逃,80.95,4.7,14.2,38,2,0,0,0,2,0,1,1,2,5,13,2,3,1-3-6,3,1,0,二分戦,福岡勢。
017320261003,2026100373,1,7,6,0,014695,山口茂,ヤマグチシゲル,47,福島,98,2,2,3.92,追,79.47,4.7,4.7,19,0,0,1,0,0,1,0,1,0,3,17,3,1,7,1,7,1,二分戦,一人で。
027320261003,2026100373,2,1,1,0,013834,平石浩之,ヒライシヒロユキ,48,茨城,87,2,1,3.92,追,88.52,19,28.4,61.9,5,0,0,0,4,0,2,4,2,7,8,1,2,2-1-6,3,2,0,三分戦,貝原君。
027320261003,2026100373,2,2,2,0,015792,貝原涼太,カイハラリョウタ,29,栃木,125,2,1,3.92,逃,86.75,29,41.6,45.8,4,15,13,9,0,1,0,7,3,1,13,1,1,2-1-6,3,2,0,三分戦,自力。
027320261003,2026100373,2,3,3,0,013971,内山拓,ウチヤマタク,43,福岡,88,2,1,3.92,追,86.33,14.2,23.7,38,9,1,1,0,4,1,0,3,2,3,13,2,2,4-3,2,4,0,三分戦,田川君。
027320261003,2026100373,2,4,4,0,015568,田川翔琉,タガワカケル,28,熊本,119,2,1,3.92,逃,85.75,11.7,23.5,58.8,10,7,6,2,2,0,0,2,2,6,7,2,1,4-3,2,4,0,三分戦,自力。
027320261003,2026100373,2,5,5,0,012823,遠藤勝行,エンドウカツユキ,52,静岡,73,2,2,3.92,追,83.27,0,5.5,44.4,1,0,0,0,1,0,0,0,1,7,10,3,2,7-5,2,7,0,三分戦,渡邊君。
027320261003,2026100373,2,6,6,0,013179,飯島淳,イイジマジユン,50,東京,78,2,2,3.92,追,80.04,0,19,23.8,0,0,0,0,1,0,3,0,4,1,16,1,3,2-1-6,3,2,0,三分戦,関東３番手。
027320261003,2026100373,2,7,6,0,015100,渡邊颯太,ワタナベハヤタ,31,静岡,109,2,2,3.92,逃,0,0,0,0,0,0,0,0,0,0,0,0,0,0,0,3,1,7-5,2,7,0,三分戦,自力。
037320261003,2026100373,3,1,1,0,014270,小原将通,コハラマサミチ,39,大分,92,2,1,3.92,追,87.63,10.5,36.8,47.3,0,0,0,0,2,0,5,2,5,2,10,2,2,2-1-4,3,2,0,三分戦,鶴君。
037320261003,2026100373,3,2,2,0,015929,鶴淳志,ツルアツシ,26,福岡,127,2,2,3.92,逃,85.22,16.6,38.8,61.1,5,11,11,2,0,4,1,3,4,4,7,2,1,2-1-4,3,2,0,三分戦,自力。
037320261003,2026100373,3,3,3,0,015084,菅田謙仁,スガタノリヨシ,34,宮城,109,2,2,3.92,両,85,5.5,27.7,38.8,12,6,4,2,1,1,1,1,4,2,11,1,1,3-7,2,3,0,三分戦,自力自在。
037320261003,2026100373,3,4,4,0,013075,平総一,ヒラソウイチ,55,熊本,76,2,2,3.92,追,84.18,0,11.1,44.4,0,0,0,0,2,0,1,0,3,9,15,2,3,2-1-4,3,2,0,三分戦,九州３番手。
037320261003,2026100373,3,5,5,0,013434,石黒健,イシグロケン,50,広島,81,2,2,3.93,両,82.9,14.2,14.2,28.5,2,1,0,0,1,2,0,3,0,3,15,3,2,6-5,2,6,0,三分戦,吉岡君。
037320261003,2026100373,3,6,6,0,015011,吉岡伸太郎,ヨシオカシンタロウ,33,愛媛,105,2,2,3.86,逃,81.33,13.3,13.3,26.6,0,4,3,0,0,2,0,2,0,2,11,3,1,6-5,2,6,0,三分戦,自力。
037320261003,2026100373,3,7,6,0,013984,栗林巧,クリバヤシタクミ,45,青森,89,2,1,3.92,追,81,0,0,33.3,0,0,0,0,0,0,0,0,0,1,2,1,2,3-7,2,3,0,三分戦,菅田君。
047320261003,2026100373,4,1,1,0,014525,三ッ井武,ミツイタケシ,41,神奈川,96,2,2,3.93,追,88.14,14.2,38,61.9,4,0,0,0,6,0,2,3,5,5,8,1,2,2-1-3,3,2,0,二分戦,松坂君。
047320261003,2026100373,4,2,2,0,015353,松坂侑亮,マツザカユウスケ,28,神奈川,115,2,1,3.92,逃,86.85,25.9,48.1,55.5,6,13,12,5,2,5,1,7,6,2,12,1,1,2-1-3,3,2,0,二分戦,自力。
047320261003,2026100373,4,3,3,0,013353,吉永好宏,ヨシナガヨシヒロ,51,広島,80,2,1,3.92,追,85.14,19,33.3,52.3,1,1,1,0,4,1,2,4,3,4,10,1,3,2-1-3,3,2,0,二分戦,神奈川勢へ。
047320261003,2026100373,4,4,4,0,014320,在本直樹,アリモトナオキ,49,岡山,93,2,2,3.93,両,84.05,15.7,21,42.1,2,3,3,1,1,2,0,3,1,4,11,2,1,4,1,4,1,二分戦,単騎で。
047320261003,2026100373,4,5,5,0,014784,萱島大介,カヤジマダイスケ,46,大分,99,2,2,3.93,追,83.95,0,23.7,38,0,0,0,0,1,0,4,0,5,3,13,3,1,5,1,5,1,二分戦,決めずに。
047320261003,2026100373,4,6,6,0,013925,黒田篤,クロダアツシ,47,栃木,88,2,2,3.85,追,80.7,0,8.3,25,0,0,0,0,0,0,2,0,2,4,18,4,2,7-6,2,7,0,二分戦,助川君。
047320261003,2026100373,4,7,6,0,015699,助川翔太郎,スケガワショウタロウ,30,埼玉,123,2,1,3.85,逃,80.61,5.2,15.7,26.3,0,5,4,1,0,1,1,1,2,2,14,4,1,7-6,2,7,0,二分戦,自力。
057320261003,2026100373,5,1,1,0,014452,長井優斗,ナガイユウト,39,東京,95,2,1,3.92,追,88.86,6.2,25,31.2,2,0,0,0,3,0,1,1,3,1,11,1,2,2-1,2,2,0,三分戦,中山君。
057320261003,2026100373,5,2,2,0,015607,中山拓人,ナカヤマヒロト,26,埼玉,121,2,2,3.92,逃,88.33,27.7,44.4,61.1,3,6,9,5,1,2,0,5,3,3,7,1,1,2-1,2,2,0,三分戦,自力。
057320261003,2026100373,5,3,3,0,014845,表原周,オモテハラシュウ,35,徳島,100,2,1,3.93,追,85.38,22.2,38.8,50,2,2,4,3,2,2,0,4,3,2,9,2,2,5-3-6,3,5,0,三分戦,三木君。
057320261003,2026100373,5,4,4,0,013979,竹内優也,タケウチユウヤ,46,北海道,89,2,2,3.77,両,83.9,19,23.7,38,6,3,2,1,4,0,0,4,1,3,13,3,2,7-4,2,7,0,三分戦,佐々木さん。
057320261003,2026100373,5,5,5,0,015831,三木健正,ミキタケマサ,25,岡山,125,2,1,3.92,逃,81.88,0,5.5,38.8,2,8,4,0,0,1,0,0,1,6,11,2,1,5-3-6,3,5,0,三分戦,自力。
057320261003,2026100373,5,6,6,0,014887,板崎佑矢,イタザキユウヤ,38,愛媛,101,2,2,3.93,両,81.75,4.1,4.1,20.8,0,0,0,0,0,1,0,1,0,4,19,2,3,5-3-6,3,5,0,三分戦,中四国３番手。
057320261003,2026100373,5,7,6,0,013668,佐々木孝司,ササキタカシ,47,青森,84,2,2,3.92,逃,80.33,4.1,8.3,29.1,0,10,10,1,1,0,0,1,1,5,17,3,1,7-4,2,7,0,三分戦,前で。
067320261003,2026100373,6,1,1,0,015505,荻原寿嗣,オギハラトシツグ,32,北海道,119,2,1,3.85,逃,89.23,28.4,52.3,66.6,0,11,12,7,0,4,0,6,5,3,7,1,1,1-2-7-6,4,1,0,二分戦,自力。
067320261003,2026100373,6,2,2,0,015010,吉川嘉斗,ヨシカワヨシト,33,徳島,105,2,1,3.93,追,89.1,15.7,21,31.5,1,0,0,0,3,1,0,3,1,2,13,1,2,1-2-7-6,4,1,0,二分戦,荻原君へ。
067320261003,2026100373,6,3,3,0,012546,神開将暢,シンカイマサノブ,53,福岡,69,2,2,3.92,追,87.04,18,36.3,59,1,0,0,0,7,0,1,4,4,5,9,2,2,4-3-5,3,4,0,二分戦,長松君。
067320261003,2026100373,6,4,4,0,015658,長松大祐,ナガマツダイスケ,28,大分,121,2,2,3.92,逃,84.38,19,38,42.8,2,6,5,2,2,3,1,4,4,1,12,2,1,4-3-5,3,4,0,二分戦,自力。
067320261003,2026100373,6,5,5,0,013069,白川有司,シラカワユウシ,52,福岡,76,2,2,3.92,追,81.87,0,8.3,29.1,0,0,0,0,1,0,1,0,2,5,17,2,3,4-3-5,3,4,0,二分戦,九州３番手。
067320261003,2026100373,6,6,6,0,014411,小谷文康,コダニフミヤス,48,広島,94,2,2,3.92,追,80,0,0,33.3,0,0,0,0,0,0,0,0,0,1,2,1,4,1-2-7-6,4,1,0,二分戦,米澤さん。
067320261003,2026100373,6,7,6,0,012844,米澤大輔,ヨネザワダイスケ,51,徳島,73,2,2,3.93,追,76.33,0,0,16.6,0,0,0,0,0,0,0,0,0,1,5,1,3,1-2-7-6,4,1,0,二分戦,吉川君。
077320261003,2026100373,7,1,1,0,014714,橋本智昭,ハシモトトモアキ,44,宮城,99,2,1,3.92,逃,94.78,30,55,70,6,7,8,3,2,5,1,6,5,3,6,1,1,1-7,2,1,0,三分戦,自力。
077320261003,2026100373,7,2,2,0,015176,望月一成,モチヅキイッセイ,30,静岡,111,2,1,3.92,逃,94.16,16.6,44.4,66.6,4,10,11,4,0,4,0,3,5,4,6,2,1,2-5-6,3,2,0,三分戦,自力。
077320261003,2026100373,7,3,3,0,015120,竹内翼,タケウチツバサ,35,広島,109,2,1,3.92,逃,93.72,44.4,55.5,61.1,0,6,8,4,0,5,1,8,2,1,7,3,1,3-4,2,3,0,三分戦,自力。
077320261003,2026100373,7,4,4,0,015280,藤井將,フジイショウ,32,広島,113,2,1,3.92,両,92.15,33.3,47.5,61.9,1,0,0,0,9,0,1,7,3,3,8,3,2,3-4,2,3,0,三分戦,竹内さん。
077320261003,2026100373,7,5,5,0,012728,飯田辰哉,イイダタツヤ,53,千葉,72,2,1,3.92,追,91.33,4.1,37.5,62.5,3,0,0,0,4,0,5,1,8,6,9,2,2,2-5-6,3,2,0,三分戦,望月君。
077320261003,2026100373,7,6,6,0,012811,江守昇,エモリノボル,51,千葉,73,2,1,3.92,追,90.47,9.5,19,52.3,3,0,0,0,3,0,1,2,2,7,10,2,3,2-5-6,3,2,0,三分戦,南関３番手。
077320261003,2026100373,7,7,6,0,014119,中村雅仁,ナカムラマサヒト,44,熊本,90,2,1,3.92,追,90.14,19,42.8,61.9,2,0,0,0,6,0,3,4,5,4,8,1,2,1-7,2,1,0,三分戦,橋本君へ。
018420261003,2026100384,1,1,1,0,015345,浅見隼,アサミシュン,29,福岡,115,2,1,3.85,逃,87.92,33.3,44.4,55.5,0,8,9,6,0,6,0,9,3,3,12,1,1,1-5-7,3,1,0,三分戦,自力。
018420261003,2026100384,1,2,2,0,015483,谷元奎心,タニモトケイシン,25,山口,117,2,1,3.92,逃,87.87,18.7,25,43.7,0,0,0,0,4,0,0,3,1,3,9,2,1,2-3,2,2,0,三分戦,自力自在。
018420261003,2026100384,1,3,3,0,012763,内村泰三,ウチムラタイゾウ,52,山口,72,2,2,3.92,追,86.23,4.7,19,42.8,2,0,1,0,2,2,0,1,3,5,12,2,2,2-3,2,2,0,三分戦,谷元君。
018420261003,2026100384,1,4,4,0,014300,上野真吾,ウエノシンゴ,39,神奈川,93,2,1,3.93,追,85.33,0,22.2,44.4,0,0,0,0,0,0,2,0,2,2,5,3,2,6-4,2,6,0,三分戦,栗田君。
018420261003,2026100384,1,5,5,0,014891,小岩哲也,コイワテツヤ,40,大分,101,2,2,3.92,両,82.37,8.3,25,37.5,0,0,0,0,2,1,3,2,4,3,15,1,2,1-5-7,3,1,0,三分戦,浅見君。
018420261003,2026100384,1,6,6,0,015181,栗田万生,クリタマオ,32,千葉,111,2,2,3.92,逃,81.22,5.5,22.2,33.3,3,7,7,3,0,1,0,1,3,2,12,3,1,6-4,2,6,0,三分戦,自力。
018420261003,2026100384,1,7,6,0,012779,田川辰二,タガワタツジ,53,熊本,72,2,2,3.92,追,80.61,0,0,20,1,0,0,0,0,0,0,0,0,3,12,1,3,1-5-7,3,1,0,三分戦,九州３番手。
028420261003,2026100384,2,1,1,0,013473,大塚英伸,オオツカヒデノブ,48,静岡,82,2,1,3.92,追,89,19,28.4,47.6,4,0,0,0,5,0,1,4,2,4,11,1,2,4-1,2,4,0,三分戦,増田君。
028420261003,2026100384,2,2,2,0,015726,龍野琳太郎,タツノリンタロウ,25,岡山,123,2,1,3.92,逃,88.33,37.5,45.8,58.3,14,9,8,5,1,5,0,9,2,3,10,2,1,2-3-7,3,2,0,三分戦,自力。
028420261003,2026100384,2,3,3,0,014331,栗田貴徳,クリタタカノリ,43,愛媛,93,2,1,3.92,追,87.72,33.3,50,66.6,3,0,0,0,7,0,2,6,3,3,6,2,2,2-3-7,3,2,0,三分戦,龍野君。
028420261003,2026100384,2,4,4,0,013423,増田利明,マスダトシアキ,47,静岡,81,2,1,3.92,両,84.2,8.3,25,37.5,0,0,0,0,2,2,2,2,4,3,15,1,1,4-1,2,4,0,三分戦,自分で。
028420261003,2026100384,2,5,5,0,014985,竹山慶太,タケヤマケイタ,33,宮城,105,2,1,3.92,逃,82.75,30.7,30.7,46.1,2,8,7,1,2,1,0,4,0,2,7,3,1,5-6,2,5,0,三分戦,自力。
028420261003,2026100384,2,6,6,0,014075,松根真,マツネシン,45,東京,90,2,2,3.92,追,80.82,0,8.6,17.3,0,1,1,0,0,0,2,0,2,2,19,3,2,5-6,2,5,0,三分戦,竹山君。
028420261003,2026100384,2,7,6,0,013594,高田真幸,タカダマサユキ,48,福岡,83,2,1,3.92,両,79.69,3.8,7.6,15.3,2,1,1,0,1,0,1,1,1,2,22,2,3,2-3-7,3,2,0,三分戦,中四国勢。
038420261003,2026100384,3,1,1,0,015750,徳永泰粋,トクナガタイキ,23,熊本,123,2,1,3.92,逃,88.95,23.7,47.5,57.1,8,8,8,5,0,5,0,5,5,2,9,1,1,1-3-6,3,1,0,三分戦,自力。
038420261003,2026100384,3,2,2,0,013259,望月紀男,モチヅキノリオ,49,静岡,79,2,2,3.92,追,87.42,14.2,28.4,57.1,0,0,0,0,5,0,1,3,3,6,9,2,2,4-2,2,4,0,三分戦,桜井君。
038420261003,2026100384,3,3,3,0,015294,小原亮哉,コハラリョウヤ,36,大分,113,2,1,3.92,追,86.61,4.7,33.3,42.8,4,0,0,0,2,0,5,1,6,2,12,1,2,1-3-6,3,1,0,三分戦,徳永君。
038420261003,2026100384,3,4,4,0,015175,桜井大地,サクライダイチ,32,静岡,111,2,2,3.92,逃,82.8,12,24,32,12,9,7,3,0,2,1,3,3,2,17,2,1,4-2,2,4,0,三分戦,自力。
038420261003,2026100384,3,5,5,0,015287,山中崇弘,ヤマナカタカヒロ,30,高知,113,2,2,3.92,追,81.42,0,18,27.2,2,0,0,0,2,0,2,0,4,2,16,3,2,7-5,2,7,0,三分戦,田村君。
038420261003,2026100384,3,6,6,0,014492,飯塚隼人,イイヅカハヤト,38,佐賀,95,2,2,3.92,両,79.95,4.3,21.7,30.4,1,5,4,2,2,1,0,1,4,2,16,1,3,1-3-6,3,1,0,三分戦,九州３番手。
038420261003,2026100384,3,7,6,0,015284,田村裕也,タムラユウヤ,31,徳島,113,2,2,3.92,逃,75.42,0,0,0,2,3,1,0,0,0,0,0,0,0,21,3,1,7-5,2,7,0,三分戦,自力。
048420261003,2026100384,4,1,1,0,015611,長谷川飛向,ハセガワヒュウガ,30,東京,121,2,1,3.92,逃,89.61,26.3,31.5,52.6,8,7,8,2,2,2,0,5,1,4,9,1,1,1-5-6,3,1,0,三分戦,自力。
048420261003,2026100384,4,2,2,0,015237,太田将成,オオタマサノリ,30,宮城,113,2,2,3.92,逃,84.69,17.2,26,34.7,0,3,3,0,4,2,0,4,2,2,15,2,1,2-4,2,2,0,三分戦,自力自在。
048420261003,2026100384,4,3,3,0,014843,峰重祐之介,ミネシゲユウノスケ,36,岡山,100,2,2,3.92,追,83.64,8,16,28,11,0,0,0,3,0,1,2,2,3,18,3,2,7-3,2,7,0,三分戦,柏野君。
048420261003,2026100384,4,4,4,0,012937,十文字菊雄,ジユウモンジキクオ,55,福島,75,2,1,3.92,追,82.72,5.5,16.6,44.4,0,0,0,0,1,0,2,1,2,5,10,2,2,2-4,2,2,0,三分戦,太田君。
048420261003,2026100384,4,5,5,0,014155,佐藤政利,サトウマサトシ,44,新潟,91,2,2,3.92,追,82.38,0,19,42.8,2,0,0,0,2,0,2,0,4,5,12,1,2,1-5-6,3,1,0,三分戦,長谷川君。
048420261003,2026100384,4,6,6,0,014236,本田拓也,ホンダタクヤ,43,新潟,92,2,2,3.92,追,81.61,7.6,7.6,23,0,0,0,0,2,0,0,2,0,4,20,1,3,1-5-6,3,1,0,三分戦,関東３番手。
048420261003,2026100384,4,7,6,0,015915,柏野健吾,カシノケンゴ,23,岡山,127,2,2,3.92,逃,80.5,13.6,36.3,40.9,0,15,11,4,0,4,0,3,5,1,13,3,1,7-3,2,7,0,三分戦,自力。
058420261003,2026100384,5,1,1,0,015797,中島淳,ナカジマジュン,27,埼玉,125,2,2,3.92,逃,89.8,38,47.5,57.1,6,11,14,7,0,3,0,8,2,2,9,2,1,1-2,2,1,0,三分戦,自力。
058420261003,2026100384,5,2,2,0,013568,大木雅也,オオキマサヤ,51,静岡,83,2,1,3.92,追,89.61,19,38,71.4,2,0,0,0,4,0,4,4,4,7,6,2,2,1-2,2,1,0,三分戦,中島君。
058420261003,2026100384,5,3,3,0,015565,入江航太,イリエコウタ,25,熊本,119,2,2,3.92,逃,87.29,22.2,50,50,10,2,2,2,2,4,1,4,5,0,9,1,1,3-6-7,3,3,0,三分戦,自在。
058420261003,2026100384,5,4,4,0,013652,隅直幸,スミナオユキ,48,山口,84,2,1,3.92,追,82.5,5.8,11.7,29.4,7,0,0,0,2,0,0,1,1,3,12,3,2,5-4,2,5,0,三分戦,下野君。
058420261003,2026100384,5,5,5,0,015379,下野義城,シモノヨシキ,29,愛媛,115,2,2,3.92,逃,81.5,0,0,11.1,1,2,1,0,0,0,0,0,0,1,8,3,1,5-4,2,5,0,三分戦,自力。
058420261003,2026100384,5,6,6,0,014687,井上将志,イノウエマサシ,39,福岡,98,2,2,3.92,両,81.19,4.7,9.5,28.5,3,0,0,0,1,0,1,1,1,4,15,1,2,3-6-7,3,3,0,三分戦,入江君。
058420261003,2026100384,5,7,6,0,012850,渡邉満,ワタナベミツル,54,福岡,73,2,2,3.92,追,78.23,0,9.5,9.5,1,0,0,0,1,0,1,0,2,0,19,1,3,3-6-7,3,3,0,三分戦,九州３番手。
068420261003,2026100384,6,1,1,0,015788,平根優大,ヒラネユウダイ,23,福島,125,2,2,3.92,逃,92.28,42.8,66.6,76.1,10,10,13,9,0,5,0,9,5,2,5,1,1,1-2-6,3,1,0,二分戦,自力。
068420261003,2026100384,6,2,2,0,013005,小笠原昭太,オガサワラシヨウタ,50,青森,76,2,1,3.92,追,86.23,9.5,33.3,52.3,2,0,0,0,5,0,2,2,5,4,10,1,2,1-2-6,3,1,0,二分戦,平根君。
068420261003,2026100384,6,3,3,0,015737,火島裕輝,ヒジマユウキ,23,愛媛,123,2,1,3.92,逃,85.75,12.5,20.8,37.5,4,9,7,1,1,3,0,3,2,4,15,2,1,3-4,2,3,0,二分戦,自力。
068420261003,2026100384,6,4,4,0,015200,谷口幸司,タニグチコウジ,33,高知,111,2,2,3.92,追,83.78,8.6,17.2,30.4,5,0,0,0,2,0,2,2,2,3,16,2,2,3-4,2,3,0,二分戦,火島君。
068420261003,2026100384,6,5,5,0,013192,平田徹,ヒラタトオル,51,静岡,78,2,2,3.92,追,81.38,0,4.7,38,0,0,0,0,0,0,1,0,1,7,13,3,1,5,1,5,1,二分戦,単騎で。
068420261003,2026100384,6,6,6,0,014125,坂本昌宏,サカモトマサヒロ,42,青森,91,2,2,3.92,追,80.86,4.5,9,13.6,0,0,0,0,2,0,0,1,1,1,19,1,3,1-2-6,3,1,0,二分戦,北３番手。
068420261003,2026100384,6,7,6,0,014584,井上嵩,イノウエシユウ,37,神奈川,97,2,2,3.92,両,77.11,0,0,11.1,0,1,1,0,0,0,0,0,0,2,16,4,1,7,1,7,1,二分戦,先手ラインから。
078420261003,2026100384,7,1,1,0,014339,成松春樹,ナリマツハルキ,40,佐賀,93,2,1,3.93,両,95.04,33.3,61.9,76.1,5,3,2,0,8,1,4,7,6,3,5,2,2,4-1,2,4,0,三分戦,山下君。
078420261003,2026100384,7,2,2,0,013693,藤原憲征,フジワラノリユキ,47,新潟,85,2,1,3.92,追,94.83,21,57.8,68.4,13,0,0,0,5,1,5,4,7,2,6,1,2,5-2,2,5,0,三分戦,中村君。
078420261003,2026100384,7,3,3,0,014361,真船圭一郎,マフネケイイチロウ,38,福島,94,2,1,3.93,両,92.95,28.4,57,71.4,5,1,2,1,8,2,1,6,6,3,6,3,2,6-3,2,6,0,三分戦,比佐君。
078420261003,2026100384,7,4,4,0,015805,山下祐輔,ヤマシタユウスケ,24,千葉,125,2,1,3.92,逃,92.4,46.6,60,86.6,0,7,7,2,1,6,0,7,2,4,2,2,1,4-1,2,4,0,三分戦,自力。
078420261003,2026100384,7,5,5,0,015424,中村隆生,ナカムラリュウキ,26,栃木,117,2,1,3.92,逃,92.28,28.4,38,57.1,8,10,11,4,1,3,0,6,2,4,9,1,1,5-2,2,5,0,三分戦,自力。
078420261003,2026100384,7,6,6,0,015602,比佐宝太,ヒサホウタ,25,福島,121,2,1,3.92,逃,91.66,16.6,33.3,50,4,10,7,3,2,3,0,4,4,4,12,3,1,6-3,2,6,0,三分戦,自力。
078420261003,2026100384,7,7,6,0,014258,片山智晴,カタヤマトモハル,42,岡山,92,2,1,3.92,追,89.95,9.5,28.4,47.6,2,0,0,0,4,0,2,2,4,4,11,4,1,7,1,7,1,三分戦,単騎で。
