race_id,schedule_id,race_number,order,car_number,player_id,player_name,factor,final_half,margin,accident,standing,back
016320261001,2026100163,1,1,1,015563,久保光司,逃,10.7,,,0,1
016320261001,2026100163,1,2,2,014323,連佛康浩,マ,10.5,1/4車輪,,0,0
016320261001,2026100163,1,3,4,014328,藤田洋平,,10.5,1車輪,,0,0
016320261001,2026100163,1,4,3,012452,伊藤健詞,,10.3,1車身,,1,0
016320261001,2026100163,1,5,6,015722,竹澤雅也,,10.5,1車身1/2,,0,0
016320261001,2026100163,1,6,5,014789,茅野寛史,,10.6,1車輪,,0,0
026320261001,2026100163,2,1,5,014620,二條祐也,捲,10.0,,,0,0
026320261001,2026100163,2,2,3,015659,池田伍功羽,逃,10.2,1/4車輪,,0,1
026320261001,2026100163,2,3,4,014195,田中孝法,,10.1,3/4車輪,,1,0
026320261001,2026100163,2,4,2,014332,芳野匠,,10.0,1/4車輪,,0,0
026320261001,2026100163,2,5,1,012891,朝日勇,,10.0,1車輪,,0,0
026320261001,2026100163,2,6,6,014828,川口聖翔,,10.0,3/4車身,,0,0
036320261001,2026100163,3,1,3,014556,小川祐司,逃,10.2,,,0,1
036320261001,2026100163,3,2,5,012544,上田学,マ,10.2,1/4車輪,,1,0
036320261001,2026100163,3,3,6,013822,米原大輔,,10.2,3/4車身,,0,0
036320261001,2026100163,3,4,2,015266,福田真平,,10.2,3/4車身,,0,0
036320261001,2026100163,3,5,4,013952,東鉄也,,10.4,4車身,,0,0
036320261001,2026100163,3,6,1,015382,竹元健竜,,0.0,大差,,0,0
046320261001,2026100163,4,1,4,015285,久樹克門,捲,9.9,,,0,0
046320261001,2026100163,4,2,5,014341,松尾玄太,差,10.0,3/4車輪,,0,0
046320261001,2026100163,4,3,3,014267,一ノ瀬匠,,10.3,1/2車輪,,0,1
046320261001,2026100163,4,4,1,013491,近藤範昌,,9.8,1車輪,,0,0
046320261001,2026100163,4,5,6,013895,松尾大樹,,10.0,1車輪,,1,0
046320261001,2026100163,4,6,7,014747,猪俣康一,,9.9,3車身,,0,0
046320261001,2026100163,4,7,2,015627,南儀拓海,,10.2,3車身,,0,0
056320261001,2026100163,5,1,5,015931,山口留稀哉,捲,10.3,,,0,0
056320261001,2026100163,5,2,3,014263,樫山恭柄,マ,10.2,1/8車輪,,1,0
056320261001,2026100163,5,3,7,013667,田中洋輔,,10.2,1車身,,0,0
056320261001,2026100163,5,4,1,015057,小林史也,,10.6,3/4車身,,0,1
056320261001,2026100163,5,5,4,014758,中野智公,,10.5,1/4車輪,,0,0
056320261001,2026100163,5,6,6,014037,橋本勝弘,,11.3,大差,,0,0
056320261001,2026100163,5,7,2,014851,横内裕人,,0.0,大差,,0,0
066320261001,2026100163,6,1,4,015830,細中翔太,逃,10.2,,,0,1
066320261001,2026100163,6,2,7,015193,藏本徹二,マ,10.1,1/2車輪,,1,0
066320261001,2026100163,6,3,1,012130,石田洋秀,,10.1,3/4車身,,0,0
066320261001,2026100163,6,4,2,014092,山出裕幸,,10.0,1/2車身,,0,0
066320261001,2026100163,6,5,3,014709,松岡孝高,,10.1,2車身,,0,0
066320261001,2026100163,6,6,6,014489,高鍋邦彰,,10.3,3車身,,0,0
066320261001,2026100163,6,7,5,015845,稲留敦貴,,10.8,2車身,,0,0
076320261001,2026100163,7,1,4,015817,梅澤忠秀,捲,9.7,,,0,1
076320261001,2026100163,7,2,5,015913,一守大葵,逃,9.7,3車身,,0,0
076320261001,2026100163,7,3,3,014031,筒井裕哉,,9.6,1車輪,,0,0
076320261001,2026100163,7,4,1,015365,古賀勝大,,9.7,1車輪,,1,0
076320261001,2026100163,7,5,7,015288,薦田将伍,,9.6,1/4車輪,,0,0
076320261001,2026100163,7,6,6,014950,市村昌樹,,9.7,2車身,,0,0
076320261001,2026100163,7,7,2,012924,太田黒大心,,9.7,1車身,,0,0
011220261001,2026100112,1,1,1,015855,大浦彩瑛,捲,12.3,,,0,0
011220261001,2026100112,1,2,2,015069,細田愛未,マ,12.2,1/4車輪,,0,0
011220261001,2026100112,1,3,4,015770,東美月,,12.1,1車身,,0,0
011220261001,2026100112,1,4,3,016043,緒方詩央里,,12.8,3車身,,0,1
011220261001,2026100112,1,5,5,015678,小林真矢香,,12.4,6車身,,1,0
011220261001,2026100112,1,6,6,015943,高崎千賀,,13.0,1/2車身,,0,0
011220261001,2026100112,1,7,7,016027,松下彩也香,,12.6,1車身,,0,0
021220261001,2026100112,2,1,1,015501,尾方真生,捲,12.1,,,0,0
021220261001,2026100112,2,2,2,015587,吉川美穂,逃,12.5,3/4車身,,0,1
021220261001,2026100112,2,3,5,015762,高橋美沙紀,,12.1,1/2車輪,,0,0
021220261001,2026100112,2,4,4,015135,荒川ひかり,,12.5,3/4車身,,0,0
021220261001,2026100112,2,5,3,015760,五味田奈穂,,12.3,1車身1/2,,1,0
021220261001,2026100112,2,6,7,015864,田野口佳奈,,12.2,1車身1/2,,0,0
021220261001,2026100112,2,7,6,015680,藤原春陽,,12.4,3車身,,0,0
031220261001,2026100112,3,1,3,015351,宮下一歩,逃,12.2,,,1,1
031220261001,2026100112,3,2,5,015892,山本和瑳,マ,12.2,3/4車身,,0,0
031220261001,2026100112,3,3,2,013601,工藤政志,,11.8,1/4車輪,,0,0
031220261001,2026100112,3,4,1,012960,水書義弘,,12.0,1/4車輪,,0,0
031220261001,2026100112,3,5,4,013385,鎌田聡,,11.8,1車輪,,0,0
031220261001,2026100112,3,6,6,013039,松山正和,,12.2,2車身,,0,0
031220261001,2026100112,3,7,7,013175,峠祐介,,14.4,大差,,0,0
041220261001,2026100112,4,1,1,015526,梅田加津也,逃,12.3,,,1,1
041220261001,2026100112,4,2,6,014303,小川達也,マ,12.2,1/8車輪,,0,0
041220261001,2026100112,4,3,3,013469,野村純宏,,12.2,3/4車身,,0,0
041220261001,2026100112,4,4,4,014532,柴田竜史,,12.1,1/2車輪,,0,0
041220261001,2026100112,4,5,2,013988,阿部英光,,12.1,1/2車身,,0,0
041220261001,2026100112,4,6,7,014989,鈴木豪,,12.3,2車身,,0,0
041220261001,2026100112,4,7,5,013006,佐々木健司,,12.8,4車身,,0,0
051220261001,2026100112,5,1,2,015790,藤田祐大,捲,11.9,,,0,0
051220261001,2026100112,5,2,1,014298,蒔田英彦,逃,12.0,3/4車輪,,0,1
051220261001,2026100112,5,3,3,014805,吉田元輝,,11.8,1車輪,,0,0
051220261001,2026100112,5,4,7,013932,井上雄三,,11.8,1車輪,,0,0
051220261001,2026100112,5,5,4,014439,山崎司,,11.8,1/2車身,,0,0
051220261001,2026100112,5,6,6,014078,植草亮介,,12.0,1/2車身,,0,0
051220261001,2026100112,5,7,5,014717,泉文人,,12.3,3車身,,1,0
061220261001,2026100112,6,1,1,015262,内山雅貴,捲,11.6,,,1,0
061220261001,2026100112,6,2,3,013632,川口直人,マ,11.5,1車身1/2,,0,0
061220261001,2026100112,6,3,2,014059,高塩讓次,,12.2,1車身1/2,,0,0
061220261001,2026100112,6,4,5,014862,坂本将太郎,,12.1,3/4車身,,0,0
061220261001,2026100112,6,5,7,014575,鈴木達也,,12.0,1車身1/2,,0,0
061220261001,2026100112,6,6,4,015800,川越宏臣,,12.6,3/4車身,,0,1
061220261001,2026100112,6,7,6,014280,井上公利,,12.8,5車身,,0,0
071220261001,2026100112,7,1,1,013996,丸山貴秀,差,12.1,,,0,0
071220261001,2026100112,7,2,5,014428,鹿内翔,マ,12.1,1車輪,,0,0
071220261001,2026100112,7,3,2,015689,菊地圭,,12.3,1/2車身,,1,1
071220261001,2026100112,7,4,3,013555,台和紀,,12.0,3/4車身,,0,0
071220261001,2026100112,7,5,4,015427,戸邉捺希,,12.2,1/2車身,,0,0
071220261001,2026100112,7,6,6,013553,小島雅章,,12.0,3/4車身,,0,0
071220261001,2026100112,7,7,7,012957,宮澤晃,,12.2,5車身,,0,0
012220261001,2026100122,1,1,1,015482,松本一志,逃,9.9,,,0,1
012220261001,2026100122,1,2,4,015962,福田悠航,マ,9.8,2車身,,1,0
012220261001,2026100122,1,3,2,014120,永田修一,,9.8,2車身,,0,0
012220261001,2026100122,1,4,3,014316,山崎光展,,9.7,3車身,,0,0
012220261001,2026100122,1,5,6,011364,遠澤健二,,10.0,3/4車輪,,0,0
012220261001,2026100122,1,6,5,014810,小川辰徳,,9.7,1車輪,,0,0
012220261001,2026100122,1,7,7,012277,井上典善,,12.5,大差,,0,0
022220261001,2026100122,2,1,4,013082,小泉俊也,捲,9.8,,,0,0
022220261001,2026100122,2,2,2,015241,山田祐太,捲,10.2,3車身,,0,0
022220261001,2026100122,2,3,5,012299,増成富夫,,10.5,4車身,,0,1
022220261001,2026100122,2,4,7,013591,山本宏明,,10.6,2車身,,1,0
022220261001,2026100122,2,5,3,013145,瓦田勝也,,10.6,1/2車身,,0,0
022220261001,2026100122,2,6,1,013974,大竹野裕樹,,10.7,2車身,,0,0
022220261001,2026100122,2,0,6,011142,小林宏年,,0.0,,失格,0,0
032220261001,2026100122,3,1,6,015158,猪野泰介,逃,10.4,,,0,1
032220261001,2026100122,3,2,4,013061,小磯知也,差,10.2,1車輪,,1,0
032220261001,2026100122,3,3,5,015286,土居佑次,,10.4,1/2車輪,,0,0
032220261001,2026100122,3,4,7,012997,後田康成,,10.2,1車身1/2,,0,0
032220261001,2026100122,3,5,2,012893,吉野猛,,10.1,3/4車身,,0,0
032220261001,2026100122,3,6,3,012930,浦崎貴史,,10.2,2車身,,0,0
032220261001,2026100122,3,7,1,013235,榊枝輝文,,10.5,2車身,,0,0
042220261001,2026100122,4,1,5,014559,田山誠,捲,10.3,,,0,0
042220261001,2026100122,4,2,3,013735,井上剛,差,10.4,1車輪,,0,0
042220261001,2026100122,4,3,6,014884,友永龍介,,10.8,1車身,,0,1
042220261001,2026100122,4,4,7,013794,川西亮介,,10.5,1/8車輪,,0,0
042220261001,2026100122,4,5,2,013551,女屋文伸,,10.5,1/4車輪,,0,0
042220261001,2026100122,4,6,4,013768,旭啓介,,10.2,1車身1/2,,0,0
042220261001,2026100122,4,7,1,013767,松丸裕紀,,10.5,3/4車身,,1,0
052220261001,2026100122,5,1,1,015991,坂井央雅,差,10.0,,,0,0
052220261001,2026100122,5,2,4,013451,松本大地,捲,10.2,3/4車輪,,1,0
052220261001,2026100122,5,3,2,015978,中西将太郎,,10.1,3/4車身,,0,0
052220261001,2026100122,5,4,6,013402,沼川夢久,,9.9,3/4車身,,0,0
052220261001,2026100122,5,5,7,011792,木下章,,10.0,1車身,,0,0
052220261001,2026100122,5,6,5,014705,沢田勇治,,10.7,1車身1/2,,0,1
052220261001,2026100122,5,7,3,014610,山村慮太,,10.3,3車身,,0,0
062220261001,2026100122,6,1,3,015969,北村翔太,捲,9.9,,,0,1
062220261001,2026100122,6,2,1,015166,内田淳,マ,9.9,1車身,,0,0
062220261001,2026100122,6,3,7,013080,阿部利光,,9.9,1車身1/2,,0,0
062220261001,2026100122,6,4,2,014392,北村篤,,9.8,3/4車身,,0,0
062220261001,2026100122,6,5,4,016000,北宅柊麻,,10.1,1/8車輪,,0,0
062220261001,2026100122,6,6,6,013543,内海雅夫,,9.8,1/8車輪,,1,0
062220261001,2026100122,6,7,5,014589,西巻秀太,,10.0,6車身,,0,0
072220261001,2026100122,7,1,1,015983,大村涼兼,逃,10.2,,,0,1
072220261001,2026100122,7,2,3,015257,舟山佑京,マ,10.2,1/2車身,,0,0
072220261001,2026100122,7,3,2,012649,山本恵太郎,,10.0,3/4車輪,,1,0
072220261001,2026100122,7,4,7,013567,吉原友彦,,10.1,2車身,,0,0
072220261001,2026100122,7,5,6,014425,前川裕希,,10.0,3/4車身,,0,0
072220261001,2026100122,7,6,5,014027,臼井昌巨,,10.1,2車身,,0,0
072220261001,2026100122,7,7,4,014385,山本淳,,10.4,2車身,,0,0
015320261001,2026100153,1,1,3,014274,吉成晃一,逃,10.3,,,0,1
015320261001,2026100153,1,2,4,013446,丸林一孝,マ,10.3,3/4車身,,0,0
015320261001,2026100153,1,3,1,012795,黒田充,,10.1,1/4車輪,,0,0
015320261001,2026100153,1,4,2,014072,伊藤之人,,10.3,1/2車輪,,1,0
015320261001,2026100153,1,5,6,014213,岡田哲夫,,10.1,1/2車身,,0,0
015320261001,2026100153,1,6,5,012157,竹野行登,,10.4,3車身,,0,0
015320261001,2026100153,1,7,7,011431,梶應弘樹,,0.0,大差,,0,0
025320261001,2026100153,2,1,5,014101,永橋武司,差,10.6,,,0,0
025320261001,2026100153,2,2,6,014482,松本琢也,マ,10.6,3/4車身,,0,0
025320261001,2026100153,2,3,1,015998,木曽田晃大,,10.8,1/4車輪,,1,1
025320261001,2026100153,2,4,3,011935,高嶋一朗,,10.5,1車輪,,0,0
025320261001,2026100153,2,5,4,012348,飯田威文,,10.2,1/2車身,,0,0
025320261001,2026100153,2,6,2,014067,工藤考生,,10.4,3/4車輪,,0,0
025320261001,2026100153,2,7,7,014694,前島恭平,,0.0,大差,,0,0
035320261001,2026100153,3,1,1,015841,中西勇,逃,10.8,,,1,1
035320261001,2026100153,3,2,2,015472,吉田勇気,マ,10.7,3/4車輪,,0,0
035320261001,2026100153,3,3,7,015367,南蓮,,10.7,3/4車身,,0,0
035320261001,2026100153,3,4,5,013830,田崎良太郎,,10.6,1車身,,0,0
035320261001,2026100153,3,5,6,013713,丸山勝也,,10.4,1/2車身,,0,0
035320261001,2026100153,3,6,3,012938,鈴木規純,,10.7,1車身1/2,,0,0
035320261001,2026100153,3,7,4,014868,小林寛弥,,11.7,大差,,0,0
045320261001,2026100153,4,1,1,015606,近藤圭佑,捲,10.2,,,0,0
045320261001,2026100153,4,2,3,013398,関敬,差,10.3,6車身,,0,0
045320261001,2026100153,4,3,4,014880,野見泰要,,10.8,1/2車身,,0,1
045320261001,2026100153,4,4,5,013029,藤田晃英,,10.3,1車輪,,0,0
045320261001,2026100153,4,5,2,013480,林洋二,,10.8,1/2車輪,,0,0
045320261001,2026100153,4,6,7,012290,小西芳樹,,10.7,1車身,,1,0
045320261001,2026100153,4,7,6,014932,浦野慈生,,10.4,1/2車身,,0,0
055320261001,2026100153,5,1,3,014787,瀬口匠,差,10.3,,,0,0
055320261001,2026100153,5,2,4,013210,川本恵二,差,10.2,3/4車身,,0,0
055320261001,2026100153,5,3,1,015190,大中拓磨,,10.4,1/2車身,,1,0
055320261001,2026100153,5,4,6,016012,藤井凜太郎,,10.6,1/2車身,,0,1
055320261001,2026100153,5,5,5,013692,佐野多喜男,,10.2,1/2車輪,,0,0
055320261001,2026100153,5,6,7,012329,松尾正人,,10.5,1車身1/2,,0,0
055320261001,2026100153,5,7,2,014126,高谷敏史,,10.3,3車身,,0,0
065320261001,2026100153,6,1,5,014179,肥後公允,差,10.0,,,1,0
065320261001,2026100153,6,2,1,016006,高橋聖太,逃,10.4,1/4車輪,,0,1
065320261001,2026100153,6,3,3,015110,小出慎也,,10.2,1/8車輪,,0,0
065320261001,2026100153,6,4,2,014519,湯浅大輔,,9.8,1/4車輪,,0,0
065320261001,2026100153,6,5,6,014382,伊藤翼,,10.1,3車身,,0,0
065320261001,2026100153,6,6,4,015992,永田吏玖,,10.4,3/4車身,,0,0
065320261001,2026100153,6,7,7,012206,白井一機,,10.0,3/4車輪,,0,0
075320261001,2026100153,7,1,1,015973,長川達哉,逃,9.7,,,1,1
075320261001,2026100153,7,2,2,012586,佐藤和典,マ,9.7,3/4車身,,0,0
075320261001,2026100153,7,3,3,014829,桜井雄太,,9.5,1/2車輪,,0,0
075320261001,2026100153,7,4,5,013264,山中貴雄,,9.6,2車身,,0,0
075320261001,2026100153,7,5,7,013508,曽我部匡史,,9.6,1車身1/2,,0,0
075320261001,2026100153,7,6,4,016021,財満伊織,,10.2,5車身,,0,0
075320261001,2026100153,7,7,6,015062,大室翔,,10.8,6車身,,0,0
018520261001,2026100185,1,1,7,015853,中島瞳,差,12.5,,,1,0
018520261001,2026100185,1,2,1,015315,渡口まりあ,逃,12.6,1/4車輪,,0,1
018520261001,2026100185,1,3,3,015222,高橋智香,,12.5,3/4車身,,0,0
018520261001,2026100185,1,4,2,015074,島田優里,,12.4,3/4車身,,0,0
018520261001,2026100185,1,5,6,015410,村田奈穂,,12.5,3/4車身,,0,0
018520261001,2026100185,1,6,5,016029,松崎光優,,12.5,3/4車身,,0,0
018520261001,2026100185,1,7,4,015150,宮地寧々,,12.9,1/2車身,,0,0
028520261001,2026100185,2,1,5,015947,北岡マリア,捲,12.1,,,0,0
028520261001,2026100185,2,2,7,015858,平子結菜,マ,11.9,1/2車身,,0,0
028520261001,2026100185,2,3,4,015023,石井貴子,,12.5,3車身,,0,1
028520261001,2026100185,2,4,6,014907,中川諒子,,12.5,3/4車身,,0,0
028520261001,2026100185,2,5,2,015942,齊藤由莉,,12.6,2車身,,0,0
028520261001,2026100185,2,6,3,016041,寺本愛花,,12.5,1車輪,,1,0
028520261001,2026100185,2,7,1,015860,濱田芽生,,12.5,1/2車身,,0,0
038520261001,2026100185,3,1,3,011907,島野浩司,差,12.1,,,0,0
038520261001,2026100185,3,2,5,015812,森崎英登,逃,12.3,1/2車輪,,0,1
038520261001,2026100185,3,3,7,014625,藤野貴章,,11.8,4車身,,0,0
038520261001,2026100185,3,4,1,014876,冨尾享平,,12.0,1/4車輪,,1,0
038520261001,2026100185,3,5,6,015115,堀僚介,,12.1,1/2車輪,,0,0
038520261001,2026100185,3,6,2,015909,馬越裕之,,12.3,1車身,,0,0
038520261001,2026100185,3,7,4,013147,米嶋賢二,,12.0,1車輪,,0,0
048520261001,2026100185,4,1,4,012474,小川圭二,差,12.4,,,0,0
048520261001,2026100185,4,2,7,015642,眞砂英作,逃,12.6,3/4車輪,,0,1
048520261001,2026100185,4,3,3,013654,滝山実,,12.3,3/4車輪,,0,0
048520261001,2026100185,4,4,1,013479,田中秀治,,12.2,3/4車身,,0,0
048520261001,2026100185,4,5,5,014400,志水祐彦,,12.1,3/4車身,,0,0
048520261001,2026100185,4,6,6,014172,山田隼司,,12.5,1車身1/2,,0,0
048520261001,2026100185,4,7,2,015114,谷口友真,,12.8,5車身,,1,0
058520261001,2026100185,5,1,1,015005,野口正則,差,11.9,,,0,0
058520261001,2026100185,5,2,5,015446,林敬宏,逃,12.1,1車輪,,0,1
058520261001,2026100185,5,3,4,015189,山本隼人,,11.8,1/8車輪,,1,0
058520261001,2026100185,5,4,6,014334,高倉俊宏,,11.6,1/8車輪,,0,0
058520261001,2026100185,5,5,7,015639,松下綾馬,,11.3,1/4車輪,,0,0
058520261001,2026100185,5,6,2,013892,梶山裕次郎,,11.6,3/4車身,,0,0
058520261001,2026100185,5,7,3,013650,吉本哲郎,,11.3,3/4車輪,,0,0
068520261001,2026100185,6,1,7,014326,福島栄一,差,11.8,,,1,0
068520261001,2026100185,6,2,3,015277,高井流星,逃,12.0,1/4車輪,,0,1
068520261001,2026100185,6,3,5,014110,廣川泰昭,,11.8,1車身,,0,0
068520261001,2026100185,6,4,2,013863,吉田健市,,11.9,1/2車身,,0,0
068520261001,2026100185,6,5,4,015208,金ヶ江勇気,,11.8,3/4車輪,,0,0
068520261001,2026100185,6,6,6,015180,下岡将也,,11.6,1/2車身,,0,0
068520261001,2026100185,6,7,1,015212,山口龍也,,11.7,1/8車輪,,0,0
078520261001,2026100185,7,1,3,015927,長野魅切,逃,12.3,,,0,1
078520261001,2026100185,7,2,7,013054,石丸寛之,マ,12.2,1/8車輪,,0,0
078520261001,2026100185,7,3,1,013570,加藤寛治,,11.8,3/4車身,,1,0
078520261001,2026100185,7,4,6,013953,坂元洋行,,11.8,1車身1/2,,0,0
078520261001,2026100185,7,5,2,015556,上野恭哉,,12.2,1車身,,0,0
078520261001,2026100185,7,6,5,013435,中石昌芳,,11.9,3/4車身,,0,0
078520261001,2026100185,7,7,4,013824,上吹越直樹,,12.0,3車身,,0,0
012520261001,2026100125,1,1,1,014779,名川豊,差,14.8,,,1,0
012520261001,2026100125,1,2,4,015748,田中会心,逃,15.0,1車輪,,0,1
012520261001,2026100125,1,3,2,015157,高橋大輝,,14.6,1/2車輪,,0,0
012520261001,2026100125,1,4,6,013142,黒田大介,,14.8,3/4車身,,0,0
012520261001,2026100125,1,5,5,014464,中西司,,14.6,3/4車輪,,0,0
012520261001,2026100125,1,6,7,015898,岩原健馬,,14.9,3/4車身,,0,0
012520261001,2026100125,1,7,3,014169,富安保充,,14.7,3/4車輪,,0,0
022520261001,2026100125,2,1,1,015245,尾崎悠生,逃,14.4,,,0,1
022520261001,2026100125,2,2,7,014572,赤塚悠人,差,14.1,3/4車身,,0,0
022520261001,2026100125,2,3,6,014227,緒方剛,,14.4,微差,,0,0
022520261001,2026100125,2,4,2,014204,大崎和也,,14.0,3/4車輪,,0,0
022520261001,2026100125,2,5,4,012861,小坂敏之,,14.4,1車身,,0,0
022520261001,2026100125,2,6,5,013660,徳吉広紀,,14.0,タイヤ,,1,0
022520261001,2026100125,2,7,3,015387,緒方慎太朗,,14.9,3車身,,0,0
032520261001,2026100125,3,1,3,013885,柳谷崇,差,14.3,,,0,0
032520261001,2026100125,3,2,4,015550,山崎航,捲,14.5,1/4車輪,,0,1
032520261001,2026100125,3,3,1,013465,春日勇人,,14.3,3/4車身,,1,0
032520261001,2026100125,3,4,7,014181,藤原悠斗,,14.4,1車身1/2,,0,0
032520261001,2026100125,3,5,5,015897,森飛龍,,14.9,2車身,,0,0
032520261001,2026100125,3,6,2,013484,表大暁,,14.6,4車身,,0,0
032520261001,2026100125,3,7,6,015112,日浦崇道,,16.6,大差,,0,0
042520261001,2026100125,4,1,1,014178,伊原克彦,差,14.1,,,0,0
042520261001,2026100125,4,2,4,012747,布居寛幸,マ,14.1,3/4車身,,0,0
042520261001,2026100125,4,3,7,015693,松田昂己,,14.5,1/4車輪,,0,0
042520261001,2026100125,4,4,3,015918,土井慎二,,14.7,1/2車身,,1,1
042520261001,2026100125,4,5,5,013507,吉岡篤志,,14.7,3/4車身,,0,0
042520261001,2026100125,4,6,2,013690,伊藤大理,,14.5,3/4車輪,,0,0
042520261001,2026100125,4,7,6,012473,清水邦章,,15.0,9車身,,0,0
052520261001,2026100125,5,1,2,015346,鈴木薫,差,14.1,,,0,0
052520261001,2026100125,5,2,7,014139,小田倉勇二,マ,14.2,1車身1/2,,0,0
052520261001,2026100125,5,3,3,015182,吉川希望,,13.9,3/4車身,,0,0
052520261001,2026100125,5,4,5,012785,小橋明紀,,14.6,1/2車身,,0,0
052520261001,2026100125,5,4,6,013716,佐藤亙,,14.2,1/2車身,,0,0
052520261001,2026100125,5,6,1,015508,菅野航基,,14.7,微差,,1,1
052520261001,2026100125,5,7,4,015839,船山真生,,14.4,3車身,,0,0
062520261001,2026100125,6,1,7,014800,伊東翔貴,差,13.9,,,0,0
062520261001,2026100125,6,2,4,015697,熊崎麻人,差,14.3,3/4車身,,1,0
062520261001,2026100125,6,3,3,014795,櫻井正孝,,13.9,1/4車輪,,0,0
062520261001,2026100125,6,4,6,015524,栗本武典,,14.2,3/4車身,,0,0
062520261001,2026100125,6,5,5,014752,竹内雄作,,14.5,1/2車身,,0,1
062520261001,2026100125,6,6,2,013719,吉田敏洋,,14.5,3/4車身,,0,0
062520261001,2026100125,6,0,1,014055,芦澤大輔,,0.0,,欠車,0,0
072520261001,2026100125,7,1,2,015651,中川聖大,差,14.2,,,0,0
072520261001,2026100125,7,2,1,013118,山内卓也,差,14.3,タイヤ,,0,0
072520261001,2026100125,7,3,5,015328,星野洋輝,,14.0,微差,,1,0
072520261001,2026100125,7,4,6,015723,稲毛知也,,14.5,3/4車身,,0,1
072520261001,2026100125,7,5,4,014792,坂本周輝,,14.0,1/2車輪,,0,0
072520261001,2026100125,7,6,7,013821,中村圭志,,14.1,1/2車輪,,0,0
072520261001,2026100125,7,7,3,015787,中村龍吉,,14.4,2車身,,0,0
082520261001,2026100125,8,1,7,014239,鈴木裕,差,14.0,,,0,0
082520261001,2026100125,8,2,4,015173,格清洋介,逃,14.2,3/4車輪,,0,1
082520261001,2026100125,8,3,3,013944,桐山敬太郎,,14.0,1/2車身,,0,0
082520261001,2026100125,8,4,1,014846,久米康平,,13.4,1車身,,1,0
082520261001,2026100125,8,5,2,014506,磯田旭,,13.9,1/4車輪,,0,0
082520261001,2026100125,8,6,5,013059,香川雄介,,14.7,大差,,0,0
082520261001,2026100125,8,0,6,015420,梁島邦友,,0.0,,落車,0,0
092520261001,2026100125,9,1,2,015417,櫻井祐太郎,逃,14.6,,,1,1
092520261001,2026100125,9,2,7,014500,竹村勇祐,マ,14.7,1車身1/2,,0,0
092520261001,2026100125,9,3,6,012786,佐藤康紀,,14.6,3/4車身,,0,0
092520261001,2026100125,9,4,3,014886,山本伸一,,14.6,1/2車輪,,0,0
092520261001,2026100125,9,5,4,013357,近藤誠二,,14.7,1車身,,0,0
092520261001,2026100125,9,6,1,013497,藤田昌宏,,15.1,4車身,,0,0
092520261001,2026100125,9,7,5,015268,山田諒,,16.2,大差,,0,0
102520261001,2026100125,10,1,5,015096,大石剣士,逃,14.3,,,0,0
102520261001,2026100125,10,2,1,014020,松坂洋平,差,14.2,3/4車身,,0,0
102520261001,2026100125,10,3,4,013855,近藤俊明,,14.2,3/4車身,,0,0
102520261001,2026100125,10,4,7,015836,遠藤拓巳,,14.5,3/4車輪,,0,1
102520261001,2026100125,10,5,2,014076,志村太賀,,14.5,1/2車身,,1,0
102520261001,2026100125,10,6,6,015251,柿本大貴,,14.2,1/4車輪,,0,0
102520261001,2026100125,10,7,3,013883,高津晃治,,14.3,1車輪,,0,0
112520261001,2026100125,11,1,7,015248,森田優弥,捲,14.2,,,0,1
112520261001,2026100125,11,2,2,015296,上田尭弥,逃,14.2,1車身1/2,,0,0
112520261001,2026100125,11,3,5,013514,山口貴嗣,,14.1,1車輪,,0,0
112520261001,2026100125,11,4,6,015823,西岡利起,,14.3,2車身,,0,0
112520261001,2026100125,11,5,4,014720,高橋広大,,14.4,1車輪,,0,0
112520261001,2026100125,11,6,1,014163,内田英介,,14.4,3/4車身,,1,0
112520261001,2026100125,11,7,3,013878,松岡健介,,14.4,1車身1/2,,0,0
122520261001,2026100125,12,1,5,014484,河端朋之,捲,13.2,,,0,0
122520261001,2026100125,12,2,7,015381,岩谷拓磨,差,13.8,4車身,,0,0
122520261001,2026100125,12,3,4,015051,簗田一輝,,13.7,1車身1/2,,0,0
122520261001,2026100125,12,4,3,014380,根田空史,,13.4,1車輪,,0,0
122520261001,2026100125,12,5,2,015341,坂井洋,,14.2,2車身,,0,0
122520261001,2026100125,12,6,6,014152,宿口陽一,,14.2,3/4車身,,0,0
122520261001,2026100125,12,7,1,015475,伊藤旭,,14.4,1車身1/2,,1,1
013420261001,2026100134,1,1,5,015880,吉岡優太,捲,11.5,,,0,1
013420261001,2026100134,1,2,2,013929,宮内善光,マ,11.4,3/4車身,,0,0
013420261001,2026100134,1,3,1,014634,寺崎祐樹,,11.7,3車身,,1,0
013420261001,2026100134,1,4,3,013896,安東英博,,11.6,1車輪,,0,0
013420261001,2026100134,1,5,4,015740,櫻木雄太,,11.9,1車身,,0,0
013420261001,2026100134,1,6,7,014012,関智晴,,11.8,1車身1/2,,0,0
013420261001,2026100134,1,7,6,012914,武市和人,,12.6,大差,,0,0
023420261001,2026100134,2,1,2,012380,近藤修康,差,12.1,,,0,0
023420261001,2026100134,2,2,1,014822,関根健太郎,差,11.8,1/4車輪,,1,0
023420261001,2026100134,2,3,4,014520,伊藤彰規,,11.6,タイヤ,,0,0
023420261001,2026100134,2,4,6,015281,増田仁,,12.3,1/4車輪,,0,1
023420261001,2026100134,2,5,5,013273,西徹,,12.1,1/2車身,,0,0
023420261001,2026100134,2,6,3,015820,岩元叶馬,,12.1,1/2車輪,,0,0
023420261001,2026100134,2,7,7,015264,渡邉直弥,,12.2,1車身,,0,0
033420261001,2026100134,3,1,1,014077,古屋琢晶,捲,11.9,,,1,0
033420261001,2026100134,3,2,7,013311,根本雄紀,マ,11.8,1車輪,,0,0
033420261001,2026100134,3,3,4,015904,辻田祥大,,12.2,1/2車身,,0,1
033420261001,2026100134,3,4,2,013384,金子兼久,,11.8,1/4車輪,,0,0
033420261001,2026100134,3,5,6,013494,土井勲,,11.9,1/4車輪,,0,0
033420261001,2026100134,3,6,3,013047,田中俊充,,12.3,3車身,,0,0
033420261001,2026100134,3,7,5,014269,梶原恵介,,15.0,大差,,0,0
043420261001,2026100134,4,1,4,015872,池田充槻,逃,12.3,,,0,1
043420261001,2026100134,4,2,2,014302,武田憲祐,マ,12.3,1車身,,1,0
043420261001,2026100134,4,3,5,013616,渡邉高志,,12.2,1/4車輪,,0,0
043420261001,2026100134,4,4,3,014336,八尋翔平,,12.2,1車身1/2,,0,0
043420261001,2026100134,4,5,1,013729,堺文人,,12.1,1車輪,,0,0
043420261001,2026100134,4,6,6,015743,丸林駿太,,12.7,4車身,,0,0
043420261001,2026100134,4,7,7,015829,油谷蒼,,12.9,4車身,,0,0
053420261001,2026100134,5,1,7,014981,磯島康祐,逃,11.7,,,0,1
053420261001,2026100134,5,2,2,014740,須藤悟,マ,11.8,2車身,,0,0
053420261001,2026100134,5,3,1,015194,船瀬惇平,,11.3,1/4車輪,,1,0
053420261001,2026100134,5,4,5,015554,近藤翔馬,,11.4,1/4車輪,,0,0
053420261001,2026100134,5,5,6,014144,石川雅望,,11.5,3/4車輪,,0,0
053420261001,2026100134,5,6,4,014235,鈴木庸之,,11.7,1/2車身,,0,0
053420261001,2026100134,5,7,3,015116,池野健太,,12.0,3/4車身,,0,0
063420261001,2026100134,6,1,1,014664,志村龍己,差,11.8,,,1,0
063420261001,2026100134,6,2,4,015614,治田知也,捲,11.9,1/4車輪,,0,1
063420261001,2026100134,6,3,6,013070,高木和仁,,11.5,1車身1/2,,0,0
063420261001,2026100134,6,4,5,015183,小森貴大,,11.8,微差,,0,0
063420261001,2026100134,6,5,2,013724,渡辺十夢,,11.7,1/2車輪,,0,0
063420261001,2026100134,6,6,7,014465,村上直久,,11.8,1車身,,0,0
063420261001,2026100134,6,7,3,015616,齋藤雄行,,12.0,3/4車身,,0,0
073420261001,2026100134,7,1,3,014553,久米良,差,11.4,,,0,0
073420261001,2026100134,7,2,5,015645,室井蓮太朗,捲,11.5,1/2車輪,,0,1
073420261001,2026100134,7,3,7,013966,大崎飛雄馬,,11.4,3/4車身,,0,0
073420261001,2026100134,7,4,4,013368,牧剛央,,11.3,3/4車身,,0,0
073420261001,2026100134,7,5,6,013537,谷津田将吾,,11.4,1車身1/2,,0,0
073420261001,2026100134,7,6,2,015615,荒川仁,,11.5,2車身,,0,0
073420261001,2026100134,7,7,1,015661,東矢圭吾,,12.0,1車身1/2,,1,0
083420261001,2026100134,8,1,4,014175,柴崎俊光,差,11.8,,,0,0
083420261001,2026100134,8,2,6,013741,高原仁志,マ,11.7,3/4車輪,,0,0
083420261001,2026100134,8,3,2,015716,尾方祐仁,,12.0,1/2車輪,,0,1
083420261001,2026100134,8,4,5,014645,三浦翔大,,11.5,1車身,,0,0
083420261001,2026100134,8,5,1,014081,田中晴基,,11.2,3/4車輪,,1,0
083420261001,2026100134,8,6,3,015687,立花昌也,,11.7,1/8車輪,,0,0
083420261001,2026100134,8,7,7,015528,新村穣,,11.3,3/4車輪,,0,0
093420261001,2026100134,9,1,7,015129,林大悟,逃,11.6,,,0,1
093420261001,2026100134,9,2,4,014955,市橋司優人,マ,11.4,1/4車輪,,0,0
093420261001,2026100134,9,3,1,015647,真鍋智寛,,11.2,3/4車身,,0,0
093420261001,2026100134,9,4,3,014043,中園和剛,,11.4,1車輪,,1,0
093420261001,2026100134,9,5,5,014322,片岡迪之,,11.2,3/4車身,,0,0
093420261001,2026100134,9,6,2,015430,岡田亮太,,11.6,1車身,,0,0
093420261001,2026100134,9,7,6,015612,小榑佑弥,,11.5,1/4車輪,,0,0
103420261001,2026100134,10,1,7,013628,石毛克幸,差,11.9,,,0,0
103420261001,2026100134,10,2,1,015598,大川剛,逃,12.1,1/2車身,,1,1
103420261001,2026100134,10,3,4,013726,川村晃司,,11.8,1車輪,,0,0
103420261001,2026100134,10,3,6,015340,幸田望夢,,11.9,1車輪,,0,0
103420261001,2026100134,10,5,5,015730,黒瀬浩太郎,,12.0,3/4車輪,,0,0
103420261001,2026100134,10,6,3,014450,金子哲大,,11.8,3/4車輪,,0,0
103420261001,2026100134,10,7,2,013498,西田雅志,,12.0,3/4車身,,0,0
113420261001,2026100134,11,1,7,015324,小原佑太,捲,11.0,,,1,1
113420261001,2026100134,11,2,2,013920,山崎芳仁,マ,10.9,3/4車輪,,0,0
113420261001,2026100134,11,3,3,015276,佐伯亮輔,,11.4,4車身,,0,0
113420261001,2026100134,11,4,5,014259,戸田洋平,,11.3,1/2車輪,,0,0
113420261001,2026100134,11,5,4,014833,高久保雄介,,11.4,1車身1/2,,0,0
113420261001,2026100134,11,6,6,014026,高橋成英,,11.3,6車身,,0,0
113420261001,2026100134,11,7,1,014606,稲毛健太,,11.6,1車輪,,0,0
123420261001,2026100134,12,1,2,014462,小原太樹,差,11.3,,,0,0
123420261001,2026100134,12,2,5,014505,雨谷一樹,差,11.5,1車身,,1,0
123420261001,2026100134,12,3,1,012450,山口富生,,11.3,1/8車輪,,0,0
123420261001,2026100134,12,4,4,015243,小林泰正,,11.8,1/2車輪,,0,1
123420261001,2026100134,12,5,7,014117,小岩大介,,11.6,1車身1/2,,0,0
123420261001,2026100134,12,6,3,015121,太田竜馬,,11.9,2車身,,0,0
123420261001,2026100134,12,7,6,014029,上田国広,,12.2,5車身,,0,0
014720261001,2026100147,1,1,8,014249,鷲田幸司,差,11.6,,,0,0
014720261001,2026100147,1,2,1,015826,久田朔,逃,11.9,1/8車輪,,1,1
014720261001,2026100147,1,2,5,014398,藤田勝也,差,11.8,1/8車輪,,0,0
014720261001,2026100147,1,4,3,014576,中田雄喜,,11.6,3/4車身,,0,0
014720261001,2026100147,1,5,9,015690,斉藤樂,,11.7,1/4車輪,,0,0
014720261001,2026100147,1,6,2,015199,田尾駿介,,11.4,1車身,,0,0
014720261001,2026100147,1,7,7,015122,島川将貴,,11.5,1/2車輪,,0,0
014720261001,2026100147,1,8,6,014137,房州輝也,,11.5,3/4車輪,,0,0
014720261001,2026100147,1,9,4,015733,都築巧,,11.5,2車身,,0,0
024720261001,2026100147,2,1,9,014122,松岡貴久,差,11.5,,,0,0
024720261001,2026100147,2,2,4,015067,瀬戸晋作,マ,11.5,3/4車身,,0,0
024720261001,2026100147,2,3,2,015476,緒方将樹,,11.7,1/8車輪,,0,0
024720261001,2026100147,2,4,1,014809,恩田淳平,,12.0,1/2車輪,,1,0
024720261001,2026100147,2,5,5,015609,安倍大成,,12.1,1/2車身,,0,1
024720261001,2026100147,2,6,6,013230,開坂秀明,,11.9,1車身,,0,0
024720261001,2026100147,2,7,3,014018,内藤秀久,,12.1,1車身1/2,,0,0
024720261001,2026100147,2,8,7,015342,福田滉,,12.3,3車身,,0,0
024720261001,2026100147,2,9,8,015525,鈴木浩太,,14.5,大差,,0,0
034720261001,2026100147,3,1,6,015198,今村麟太郎,捲,11.9,,,0,0
034720261001,2026100147,3,2,4,015002,神田龍,差,12.3,1車身,,0,0
034720261001,2026100147,3,3,1,012339,内藤宣彦,,12.0,1/2車身,,0,0
034720261001,2026100147,3,4,7,015329,板垣昴,,12.2,1/2車輪,,0,0
034720261001,2026100147,3,5,8,014712,泉慶輔,,12.1,3/4車身,,0,0
034720261001,2026100147,3,6,2,015717,児玉虎之介,,12.7,1/4車輪,,0,1
034720261001,2026100147,3,7,3,015014,西田将士,,12.0,1/2車身,,1,0
034720261001,2026100147,3,8,5,014105,阿竹智史,,11.9,1/2車身,,0,0
034720261001,2026100147,3,9,9,015066,原口昌平,,12.2,1/4車輪,,0,0
044720261001,2026100147,4,1,9,014537,西村光太,差,11.3,,,0,0
044720261001,2026100147,4,2,2,013978,菊地圭尚,差,11.8,1/2車輪,,0,0
044720261001,2026100147,4,3,8,014350,佐藤雅春,,11.8,1/2車身,,0,0
044720261001,2026100147,4,4,3,015638,昼田達哉,,11.3,1/8車輪,,0,0
044720261001,2026100147,4,5,7,014182,大川龍二,,11.2,1車輪,,0,0
044720261001,2026100147,4,6,1,015624,小西晴己,,11.6,1車輪,,0,0
044720261001,2026100147,4,7,6,013335,坂上樹大,,11.4,1/8車輪,,0,0
044720261001,2026100147,4,8,5,014718,小松崎大地,,12.1,1/4車輪,,0,1
044720261001,2026100147,4,9,4,015195,久保田泰弘,,11.4,2車身,,1,0
054720261001,2026100147,5,1,5,014545,岡崎智哉,差,11.7,,,0,0
054720261001,2026100147,5,2,1,015006,石塚輪太郎,捲,11.9,3/4車輪,,0,1
054720261001,2026100147,5,3,2,014995,渡邉雄太,,11.7,3車身,,0,0
054720261001,2026100147,5,4,8,014208,安部貴之,,11.8,1/4車輪,,0,0
054720261001,2026100147,5,5,3,015269,佐山寛明,,12.0,1車身,,0,0
054720261001,2026100147,5,6,7,014017,大塚玲,,11.7,4車身,,0,0
054720261001,2026100147,5,7,4,014221,古川尚耶,,11.9,3/4車身,,1,0
054720261001,2026100147,5,8,9,015169,野口裕史,,13.5,8車身,,0,0
054720261001,2026100147,5,9,6,015802,中島竜誠,,12.8,3車身,,0,0
064720261001,2026100147,6,1,9,013963,柏野智典,差,11.5,,,0,0
064720261001,2026100147,6,2,5,015832,角宗哉,逃,11.7,1/2車輪,,0,1
064720261001,2026100147,6,3,3,015378,今野有樹,,11.4,3/4車輪,,0,0
064720261001,2026100147,6,4,7,014523,東龍之介,,11.2,3/4車身,,0,0
064720261001,2026100147,6,5,1,015441,鈴木陸来,,11.4,3/4車輪,,1,0
064720261001,2026100147,6,6,6,015816,伊東佑晟,,11.5,1車輪,,0,0
064720261001,2026100147,6,7,4,015046,山本紳貴,,11.3,3/4車身,,0,0
064720261001,2026100147,6,8,2,014599,松岡篤哉,,11.5,3/4車身,,0,0
064720261001,2026100147,6,9,8,014096,伊藤成紀,,11.9,4車身,,0,0
074720261001,2026100147,7,1,7,015334,朝倉智仁,差,11.9,,,0,0
074720261001,2026100147,7,2,3,014441,芦澤辰弘,マ,11.8,1/2車身,,1,0
074720261001,2026100147,7,3,8,013622,白岩大助,,11.8,1/2車身,,0,0
074720261001,2026100147,7,4,2,015822,谷内健太,,12.2,1/8車輪,,0,1
074720261001,2026100147,7,5,1,013737,筒井敦史,,11.5,1/4車輪,,0,0
074720261001,2026100147,7,6,9,014613,黒田淳,,11.6,1車身,,0,0
074720261001,2026100147,7,7,5,015179,皿屋豊,,11.9,1/2車身,,0,0
074720261001,2026100147,7,8,4,015643,小川将二郎,,11.9,1/4車輪,,0,0
074720261001,2026100147,7,9,6,014978,谷口明正,,11.6,1車身1/2,,0,0
084720261001,2026100147,8,1,9,014113,北津留翼,逃,11.1,,,0,1
084720261001,2026100147,8,2,1,015383,原井博斗,マ,11.1,1/2車身,,1,0
084720261001,2026100147,8,3,8,014053,鈴木謙太郎,,11.1,1車身,,0,0
084720261001,2026100147,8,4,3,013772,岡村潤,,10.9,1/2車輪,,0,0
084720261001,2026100147,8,5,4,013410,伊勢崎彰大,,10.9,1車身,,0,0
084720261001,2026100147,8,6,2,014942,清水剛志,,10.8,3/4車身,,0,0
084720261001,2026100147,8,7,7,015896,丸山留依,,11.2,1/8車輪,,0,0
084720261001,2026100147,8,8,5,014835,窓場千加頼,,11.1,2車身,,0,0
084720261001,2026100147,8,9,6,013762,吉田勇人,,11.7,7車身,,0,0
094720261001,2026100147,9,1,1,014940,谷口遼平,差,11.1,,,1,0
094720261001,2026100147,9,2,7,015628,村田祐樹,捲,11.2,3/4車輪,,0,0
094720261001,2026100147,9,3,5,012669,伊藤正樹,,11.1,1/2車身,,0,0
094720261001,2026100147,9,4,6,014286,関貴之,,11.4,3車身,,0,0
094720261001,2026100147,9,5,9,014588,柿澤大貴,,11.6,3/4車身,,0,0
094720261001,2026100147,9,6,3,015347,武田亮,,11.8,1車身,,0,1
094720261001,2026100147,9,7,8,014264,松尾信太郎,,11.4,2車身,,0,0
094720261001,2026100147,9,8,2,013443,大坪功一,,12.4,大差,,0,0
094720261001,2026100147,9,9,4,015416,小笠原光,,14.1,大差,,0,0
104720261001,2026100147,10,1,7,015439,佐々木眞也,差,11.6,,,0,0
104720261001,2026100147,10,2,2,015261,松井宏佑,捲,11.7,3/4車輪,,0,0
104720261001,2026100147,10,3,9,015620,纐纈洸翔,,11.5,3車身,,0,0
104720261001,2026100147,10,4,1,013637,笠松信幸,,11.4,3/4車輪,,1,0
104720261001,2026100147,10,5,4,014370,阿部大樹,,12.1,3/4車身,,0,0
104720261001,2026100147,10,6,3,015608,山口多聞,,12.3,3/4車身,,0,1
104720261001,2026100147,10,7,8,014108,山中貴雄,,11.4,1/2車輪,,0,0
104720261001,2026100147,10,8,6,013245,佐藤真一,,12.1,1/2車身,,0,0
104720261001,2026100147,10,9,5,013328,萩原孝之,,12.0,1車身,,0,0
114720261001,2026100147,11,1,3,014944,栗山俊介,差,11.9,,,0,0
114720261001,2026100147,11,2,6,015366,張野幸聖,差,12.0,1/4車輪,,0,0
114720261001,2026100147,11,3,4,014617,西岡拓朗,,12.1,1/8車輪,,0,0
114720261001,2026100147,11,4,1,013982,五日市誠,,11.8,3/4車輪,,1,0
114720261001,2026100147,11,5,2,014691,東矢昇太,,12.3,1/4車輪,,0,0
114720261001,2026100147,11,6,5,015842,松本定,,12.5,1/4車輪,,0,1
114720261001,2026100147,11,7,7,013604,庄子信弘,,11.6,1/2車身,,0,0
114720261001,2026100147,11,8,9,015789,山崎歩夢,,12.1,1車身,,0,0
114720261001,2026100147,11,9,8,014839,山本巨樹,,12.4,8車身,,0,0
124720261001,2026100147,12,1,3,014089,浅井康太,差,11.4,,,0,0
124720261001,2026100147,12,2,2,015035,阿部拓真,差,11.4,3/4車身,,1,0
124720261001,2026100147,12,3,6,015356,杉浦侑吾,,11.3,タイヤ,,0,0
124720261001,2026100147,12,4,4,014860,吉澤純平,,11.0,1/2車輪,,0,0
124720261001,2026100147,12,5,5,015125,佐々木豪,,11.5,1/4車輪,,0,0
124720261001,2026100147,12,6,8,015037,鈴木竜士,,11.5,1/2車身,,0,0
124720261001,2026100147,12,7,1,014741,郡司浩平,,11.7,3/4車輪,,0,1
124720261001,2026100147,12,8,7,014794,阿部力也,,11.5,1/4車輪,,0,0
124720261001,2026100147,12,9,9,015034,新山響平,,12.3,6車身,,0,0
018320261001,2026100183,1,1,7,011622,杉山正和,差,12.6,,,0,0
018320261001,2026100183,1,2,3,012208,鰐渕正利,差,12.8,3/4車輪,,0,0
018320261001,2026100183,1,3,4,014780,古川大輔,,13.0,1/2車身,,1,1
018320261001,2026100183,1,4,1,013505,住村実,,12.6,3/4車身,,0,0
018320261001,2026100183,1,5,2,015300,ラモスレオ,,12.6,1車身,,0,0
018320261001,2026100183,1,6,5,015900,花田雄飛,,12.5,微差,,0,0
018320261001,2026100183,1,7,6,015571,吉田悟,,12.5,1車身,,0,0
028320261001,2026100183,2,1,7,015993,西澤優聖,逃,12.3,,,0,1
028320261001,2026100183,2,2,1,014093,窪田陽介,マ,12.1,1/2車輪,,1,0
028320261001,2026100183,2,3,5,013796,陶器一馬,,12.0,3/4車身,,0,0
028320261001,2026100183,2,4,3,014555,水木裕聡,,12.0,3/4車身,,0,0
028320261001,2026100183,2,5,6,012618,武智尚之,,12.4,6車身,,0,0
028320261001,2026100183,2,6,2,015295,篠田樹,,14.3,大差,,0,0
028320261001,2026100183,2,7,4,014275,喜納隆志,,14.4,1車身1/2,,0,0
038320261001,2026100183,3,1,1,016008,久保田智之,捲,11.5,,,0,1
038320261001,2026100183,3,2,4,014046,秋山貴宏,マ,11.5,2車身,,0,0
038320261001,2026100183,3,3,3,014407,森佑樹,,11.6,2車身,,0,0
038320261001,2026100183,3,4,6,012754,小野祐作,,11.7,2車身,,0,0
038320261001,2026100183,3,5,7,014948,斎藤敦,,11.5,1/2車身,,0,0
038320261001,2026100183,3,6,5,013206,岡崎和久,,11.5,1/2車身,,1,0
038320261001,2026100183,3,7,2,014765,樫村伸平,,11.6,3車身,,0,0
048320261001,2026100183,4,1,1,015637,近藤雄太,捲,11.6,,,1,0
048320261001,2026100183,4,2,5,013802,大林亮介,マ,11.7,3車身,,0,0
048320261001,2026100183,4,3,3,012976,中井修,,11.6,1/4車輪,,0,0
048320261001,2026100183,4,4,2,012832,仙石淳,,12.1,1車身,,0,0
048320261001,2026100183,4,5,7,015542,中嶋樹,,12.1,微差,,0,0
048320261001,2026100183,4,6,6,012671,滝川秀嗣,,12.0,1/4車輪,,0,0
048320261001,2026100183,4,7,4,016017,白濱蓮,,12.4,3車身,,0,1
058320261001,2026100183,5,1,4,015666,畠山ひすい,捲,12.1,,,0,1
058320261001,2026100183,5,2,1,014896,野口諭実可,マ,12.2,1車身,,0,0
058320261001,2026100183,5,3,5,015220,鈴木美教,,12.3,3/4車身,,0,0
058320261001,2026100183,5,4,2,015671,小泉夢菜,,12.4,4車身,,0,0
058320261001,2026100183,5,5,7,015082,高橋朋恵,,12.8,2車身,,0,0
058320261001,2026100183,5,6,3,015314,向井円,,12.6,3/4車輪,,1,0
058320261001,2026100183,5,7,6,016038,仲井リコ,,12.7,2車身,,0,0
068320261001,2026100183,6,1,7,015080,児玉碧衣,捲,11.9,,,0,0
068320261001,2026100183,6,2,1,015679,又多風緑,マ,11.9,2車身,,0,0
068320261001,2026100183,6,3,2,015139,板根茜弥,,12.7,大差,,0,0
068320261001,2026100183,6,4,3,016032,栗山百花,,13.2,1/2車輪,,0,1
068320261001,2026100183,6,5,4,015584,西脇美唯奈,,13.1,1/4車輪,,0,0
068320261001,2026100183,6,6,5,014925,大和久保美,,13.1,1車身,,1,0
068320261001,2026100183,6,7,6,015079,日野友葵,,13.4,5車身,,0,0
078320261001,2026100183,7,1,7,015914,西森一稀,捲,11.9,,,0,0
078320261001,2026100183,7,2,1,014193,玉手翔,マ,11.8,3/4車身,,0,0
078320261001,2026100183,7,3,3,012742,山田雅之,,11.8,3/4車身,,1,0
078320261001,2026100183,7,4,5,013155,四元慎也,,12.1,2車身,,0,0
078320261001,2026100183,7,5,4,013587,船曳義之,,12.0,1/2車輪,,0,0
078320261001,2026100183,7,6,2,015210,白濱一平,,12.6,3車身,,0,1
078320261001,2026100183,7,7,6,014449,片折勇輝,,12.8,大差,,0,0
088320261001,2026100183,8,1,3,014614,高橋清太郎,差,11.7,,,0,0
088320261001,2026100183,8,2,2,014749,山田哲也,差,12.1,1/2車輪,,0,0
088320261001,2026100183,8,3,7,014333,阿部兼士,,12.4,3/4車身,,1,0
088320261001,2026100183,8,4,4,015377,蒋野翔太,,11.9,1/2車輪,,0,0
088320261001,2026100183,8,5,6,013201,北川紋部,,12.4,3/4車輪,,0,0
088320261001,2026100183,8,6,5,013041,三浦稔希,,12.2,1/2車身,,0,0
088320261001,2026100183,8,7,1,015753,枝村弘樹,,12.7,3/4車身,,0,1
098320261001,2026100183,9,1,1,015560,林昴,逃,12.2,,,1,1
098320261001,2026100183,9,2,5,011854,紫原政文,マ,12.1,1/4車輪,,0,0
098320261001,2026100183,9,3,3,012598,大庭正紀,,11.8,1/2車輪,,0,0
098320261001,2026100183,9,4,2,013363,宇根秀俊,,11.8,1車輪,,0,0
098320261001,2026100183,9,5,6,012242,穴井利久,,12.2,3/4車身,,0,0
098320261001,2026100183,9,6,4,014615,藤原亮太,,12.4,1車身1/2,,0,0
098320261001,2026100183,9,7,7,015534,牛田樹希斗,,13.6,大差,,0,0
108320261001,2026100183,10,1,7,014953,和田誠寿,差,11.9,,,0,0
108320261001,2026100183,10,2,3,015926,諸隈健太郎,逃,12.2,1車輪,,0,1
108320261001,2026100183,10,3,4,013348,内藤敦,,12.0,1/2車身,,0,0
108320261001,2026100183,10,4,1,012681,辻力,,12.0,3/4車身,,0,0
108320261001,2026100183,10,5,2,015214,境啓亨,,12.0,2車身,,0,0
108320261001,2026100183,10,6,6,014563,興呂木雄治,,11.8,3/4車身,,0,0
108320261001,2026100183,10,7,5,014094,有馬雄二,,11.8,1車身,,1,0
118320261001,2026100183,11,1,2,014565,中村健志,差,12.0,,,1,0
118320261001,2026100183,11,2,5,015751,半田誠,逃,12.1,1車輪,,0,1
118320261001,2026100183,11,3,7,012829,西浦仙哉,,11.8,3/4車身,,0,0
118320261001,2026100183,11,4,4,015632,常次勇人,,11.8,1/8車輪,,0,0
118320261001,2026100183,11,5,1,015204,吉田智哉,,11.9,1/2車輪,,0,0
118320261001,2026100183,11,6,6,015545,橋本凌汰,,12.1,3/4車輪,,0,0
118320261001,2026100183,11,7,3,015809,高野信元,,12.8,8車身,,0,0
011220261002,2026100212,1,1,2,015135,荒川ひかり,差,12.8,,,0,0
011220261002,2026100212,1,2,3,015678,小林真矢香,捲,12.9,1/4車輪,,0,0
011220261002,2026100212,1,3,4,015680,藤原春陽,,13.1,2車身,,0,0
011220261002,2026100212,1,4,5,015864,田野口佳奈,,12.9,1/2車身,,0,0
011220261002,2026100212,1,5,1,015760,五味田奈穂,,13.4,2車身,,0,1
011220261002,2026100212,1,6,7,016027,松下彩也香,,13.2,3/4車輪,,1,0
011220261002,2026100212,1,7,6,015943,高崎千賀,,13.4,3/4車輪,,0,0
021220261002,2026100212,2,1,2,014280,井上公利,逃,12.1,,,0,1
021220261002,2026100212,2,2,3,013988,阿部英光,差,11.9,1/2車身,,0,0
021220261002,2026100212,2,3,6,013175,峠祐介,,12.1,3/4車身,,0,0
021220261002,2026100212,2,4,5,013006,佐々木健司,,11.9,3/4車身,,1,0
021220261002,2026100212,2,5,1,012960,水書義弘,,12.4,3車身,,0,0
021220261002,2026100212,2,6,4,014532,柴田竜史,,12.2,1/8車輪,,0,0
021220261002,2026100212,2,7,7,014989,鈴木豪,,12.7,8車身,,0,0
031220261002,2026100212,3,1,1,014717,泉文人,捲,12.0,,,1,0
031220261002,2026100212,3,2,2,013601,工藤政志,マ,11.9,1/2車身,,0,0
031220261002,2026100212,3,3,5,013385,鎌田聡,,11.8,3/4車身,,0,0
031220261002,2026100212,3,4,4,012957,宮澤晃,,11.9,1車身1/2,,0,0
031220261002,2026100212,3,5,7,013039,松山正和,,12.2,2車身,,0,0
031220261002,2026100212,3,6,3,013469,野村純宏,,12.4,1/4車輪,,0,0
031220261002,2026100212,3,7,6,015892,山本和瑳,,13.1,5車身,,0,1
041220261002,2026100212,4,1,6,015351,宮下一歩,逃,12.5,,,0,0
041220261002,2026100212,4,2,1,014805,吉田元輝,差,12.6,1/2車身,,0,0
041220261002,2026100212,4,3,7,013932,井上雄三,,12.6,1/2車身,,0,0
041220261002,2026100212,4,4,3,014862,坂本将太郎,,12.4,1/4車輪,,0,0
041220261002,2026100212,4,5,4,015526,梅田加津也,,12.6,1/2車輪,,1,0
041220261002,2026100212,4,6,2,015427,戸邉捺希,,12.8,1/8車輪,,0,1
041220261002,2026100212,4,7,5,014078,植草亮介,,12.4,1車身,,0,0
051220261002,2026100212,5,1,1,015689,菊地圭,差,12.0,,,1,0
051220261002,2026100212,5,2,4,014439,山崎司,マ,11.9,1車身1/2,,0,0
051220261002,2026100212,5,3,2,015800,川越宏臣,,12.3,1/4車輪,,0,1
051220261002,2026100212,5,4,5,014575,鈴木達也,,11.9,1/2車身,,0,0
051220261002,2026100212,5,5,7,014303,小川達也,,11.8,3/4車身,,0,0
051220261002,2026100212,5,6,6,013553,小島雅章,,12.1,4車身,,0,0
051220261002,2026100212,5,7,3,013555,台和紀,,13.8,大差,,0,0
061220261002,2026100212,6,1,3,015587,吉川美穂,差,12.3,,,0,0
061220261002,2026100212,6,2,5,016043,緒方詩央里,マ,12.2,1/2車身,,1,0
061220261002,2026100212,6,3,1,015501,尾方真生,,12.5,1/2車身,,0,1
061220261002,2026100212,6,4,2,015855,大浦彩瑛,,12.2,3/4車身,,0,0
061220261002,2026100212,6,5,4,015069,細田愛未,,12.2,1/8車輪,,0,0
061220261002,2026100212,6,6,6,015770,東美月,,12.3,1車身1/2,,0,0
061220261002,2026100212,6,7,7,015762,高橋美沙紀,,12.2,1/2車身,,0,0
071220261002,2026100212,7,1,2,014298,蒔田英彦,差,11.8,,,0,0
071220261002,2026100212,7,2,3,015790,藤田祐大,捲,11.7,3/4車輪,,0,0
071220261002,2026100212,7,3,6,013632,川口直人,,11.8,1/2車輪,,0,0
071220261002,2026100212,7,4,4,013996,丸山貴秀,,11.5,1/2車輪,,0,0
071220261002,2026100212,7,5,5,014059,高塩讓次,,11.7,1車身,,0,0
071220261002,2026100212,7,6,7,014428,鹿内翔,,11.8,1/4車輪,,0,0
071220261002,2026100212,7,7,1,015262,内山雅貴,,12.3,3/4車輪,,1,1
012220261002,2026100222,1,1,2,015241,山田祐太,逃,10.4,,,0,1
012220261002,2026100222,1,2,5,012930,浦崎貴史,マ,10.3,1/2車輪,,0,0
012220261002,2026100222,1,3,1,014316,山崎光展,,10.1,1車輪,,1,0
012220261002,2026100222,1,4,6,013794,川西亮介,,10.2,1車身1/2,,0,0
012220261002,2026100222,1,5,4,013768,旭啓介,,10.2,3/4車身,,0,0
012220261002,2026100222,1,6,3,014743,鈴木広人,,10.7,4車身,,0,0
012220261002,2026100222,1,7,7,012277,井上典善,,13.3,大差,,0,0
022220261002,2026100222,2,1,5,012997,後田康成,差,10.4,,,0,0
022220261002,2026100222,2,2,4,014810,小川辰徳,逃,10.9,1/2車輪,,1,1
022220261002,2026100222,2,3,1,013551,女屋文伸,,10.7,微差,,0,0
022220261002,2026100222,2,4,2,013145,瓦田勝也,,10.6,1車身,,0,0
022220261002,2026100222,2,5,7,011364,遠澤健二,,10.5,1/4車輪,,0,0
022220261002,2026100222,2,6,3,012893,吉野猛,,10.7,2車身,,0,0
022220261002,2026100222,2,7,6,014884,友永龍介,,11.5,6車身,,0,0
032220261002,2026100222,3,1,1,013974,大竹野裕樹,捲,10.0,,,0,0
032220261002,2026100222,3,2,4,015962,福田悠航,逃,10.4,3車身,,1,1
032220261002,2026100222,3,3,3,013235,榊枝輝文,,10.3,1/4車輪,,0,0
032220261002,2026100222,3,4,2,014120,永田修一,,10.3,1/2車身,,0,0
032220261002,2026100222,3,5,7,012970,山内大作,,10.8,5車身,,0,0
032220261002,2026100222,3,6,6,013591,山本宏明,,10.3,3/4車身,,0,0
032220261002,2026100222,3,7,5,012299,増成富夫,,11.5,大差,,0,0
042220261002,2026100222,4,1,1,014385,山本淳,差,10.1,,,1,0
042220261002,2026100222,4,2,3,013082,小泉俊也,逃,10.3,1/2車輪,,0,1
042220261002,2026100222,4,3,5,015286,土居佑次,,10.1,1車身,,0,0
042220261002,2026100222,4,4,2,015482,松本一志,,10.1,1車輪,,0,0
042220261002,2026100222,4,5,7,013567,吉原友彦,,10.0,3/4車輪,,0,0
042220261002,2026100222,4,6,4,013061,小磯知也,,10.0,2車身,,0,0
042220261002,2026100222,4,7,6,011792,木下章,,10.4,1車身1/2,,0,0
052220261002,2026100222,5,1,5,013543,内海雅夫,差,10.5,,,0,0
052220261002,2026100222,5,2,1,014392,北村篤,差,10.2,1/4車輪,,0,0
052220261002,2026100222,5,3,7,015158,猪野泰介,,10.7,1/2車身,,1,1
052220261002,2026100222,5,4,3,014027,臼井昌巨,,10.5,1/2車身,,0,0
052220261002,2026100222,5,5,6,013402,沼川夢久,,10.3,2車身,,0,0
052220261002,2026100222,5,6,4,013735,井上剛,,10.4,2車身,,0,0
052220261002,2026100222,5,7,2,014705,沢田勇治,,13.5,大差,,0,0
062220261002,2026100222,6,1,3,016000,北宅柊麻,逃,10.1,,,1,1
062220261002,2026100222,6,2,2,014610,山村慮太,マ,10.0,3/4車輪,,0,0
062220261002,2026100222,6,3,1,012649,山本恵太郎,,9.8,1車身,,0,0
062220261002,2026100222,6,4,5,013080,阿部利光,,9.9,1/4車輪,,0,0
062220261002,2026100222,6,5,4,014589,西巻秀太,,9.8,1車身1/2,,0,0
062220261002,2026100222,6,6,6,014425,前川裕希,,9.8,2車身,,0,0
062220261002,2026100222,6,7,7,014559,田山誠,,14.2,大差,,0,0
072220261002,2026100222,7,1,3,015978,中西将太郎,捲,9.9,,,0,0
072220261002,2026100222,7,2,1,015991,坂井央雅,捲,10.2,1/4車輪,,0,0
072220261002,2026100222,7,3,5,015166,内田淳,,10.3,1/8車輪,,0,0
072220261002,2026100222,7,4,2,015983,大村涼兼,,10.5,3/4車身,,0,1
072220261002,2026100222,7,5,6,013451,松本大地,,10.1,1/2車輪,,1,0
072220261002,2026100222,7,6,7,015969,北村翔太,,10.2,3/4車輪,,0,0
072220261002,2026100222,7,7,4,015257,舟山佑京,,10.2,1/2車身,,0,0
015320261002,2026100253,1,1,3,014868,小林寛弥,逃,10.4,,,0,1
015320261002,2026100253,1,2,4,014932,浦野慈生,マ,10.3,3/4車輪,,1,0
015320261002,2026100253,1,3,1,012795,黒田充,,10.3,3/4車輪,,0,0
015320261002,2026100253,1,4,2,014067,工藤考生,,10.1,微差,,0,0
015320261002,2026100253,1,5,6,012290,小西芳樹,,10.6,4車身,,0,0
015320261002,2026100253,1,6,5,014482,松本琢也,,11.8,大差,,0,0
015320261002,2026100253,1,7,7,011431,梶應弘樹,,0.0,大差,,0,0
025320261002,2026100253,2,1,2,011935,高嶋一朗,差,11.0,,,0,0
025320261002,2026100253,2,2,1,014880,野見泰要,逃,11.1,1車輪,,1,1
025320261002,2026100253,2,3,4,013029,藤田晃英,,11.0,3/4車輪,,0,0
025320261002,2026100253,2,4,5,013713,丸山勝也,,10.8,1/8車輪,,0,0
025320261002,2026100253,2,5,3,012938,鈴木規純,,10.8,1車身,,0,0
025320261002,2026100253,2,6,6,014213,岡田哲夫,,10.7,1/2車身,,0,0
025320261002,2026100253,2,7,7,014694,前島恭平,,0.0,大差,,0,0
035320261002,2026100253,3,1,3,014072,伊藤之人,差,10.6,,,1,0
035320261002,2026100253,3,2,4,012348,飯田威文,マ,10.5,1/2車輪,,0,0
035320261002,2026100253,3,3,1,015998,木曽田晃大,,10.8,1/2車輪,,0,1
035320261002,2026100253,3,4,7,013830,田崎良太郎,,10.5,1/2車身,,0,0
035320261002,2026100253,3,5,5,013446,丸林一孝,,10.5,1車身1/2,,0,0
035320261002,2026100253,3,6,6,012157,竹野行登,,10.4,1/4車輪,,0,0
035320261002,2026100253,3,7,2,013480,林洋二,,10.3,3/4車身,,0,0
045320261002,2026100253,4,1,2,015190,大中拓磨,差,10.8,,,1,0
045320261002,2026100253,4,2,6,014101,永橋武司,差,10.6,3/4車身,,0,0
045320261002,2026100253,4,3,4,016021,財満伊織,,11.0,1/4車輪,,0,1
045320261002,2026100253,4,4,1,014519,湯浅大輔,,10.9,1/2車身,,0,0
045320261002,2026100253,4,5,3,014126,高谷敏史,,10.6,3/4車身,,0,0
045320261002,2026100253,4,6,7,012329,松尾正人,,0.0,大差,,0,0
045320261002,2026100253,4,0,5,015472,吉田勇気,,0.0,,落車,0,0
055320261002,2026100253,5,1,2,015110,小出慎也,差,10.7,,,0,0
055320261002,2026100253,5,2,7,015367,南蓮,マ,10.6,1/2車身,,0,0
055320261002,2026100253,5,3,1,015841,中西勇,,10.8,1/8車輪,,1,1
055320261002,2026100253,5,4,4,013264,山中貴雄,,10.6,1車身1/2,,0,0
055320261002,2026100253,5,5,5,013692,佐野多喜男,,10.6,3/4車身,,0,0
055320261002,2026100253,5,6,6,014382,伊藤翼,,10.7,2車身,,0,0
055320261002,2026100253,5,7,3,015992,永田吏玖,,11.3,3/4車身,,0,0
065320261002,2026100253,6,1,4,015062,大室翔,差,10.5,,,0,0
065320261002,2026100253,6,2,3,014274,吉成晃一,捲,10.6,1/8車輪,,0,0
065320261002,2026100253,6,3,1,015606,近藤圭佑,,10.8,1車身1/2,,1,1
065320261002,2026100253,6,4,2,013398,関敬,,10.7,1/2車輪,,0,0
065320261002,2026100253,6,5,7,012206,白井一機,,10.6,1/2車輪,,0,0
065320261002,2026100253,6,6,6,016012,藤井凜太郎,,11.1,2車身,,0,0
065320261002,2026100253,6,7,5,013508,曽我部匡史,,0.0,大差,,0,0
075320261002,2026100253,7,1,3,016006,高橋聖太,逃,9.7,,,0,1
075320261002,2026100253,7,2,1,015973,長川達哉,逃,9.7,1/2車輪,,1,0
075320261002,2026100253,7,3,2,012586,佐藤和典,,9.5,1/4車輪,,0,0
075320261002,2026100253,7,4,7,014179,肥後公允,,9.5,3/4車身,,0,0
075320261002,2026100253,7,5,5,014787,瀬口匠,,9.4,1車身,,0,0
075320261002,2026100253,7,6,4,014829,桜井雄太,,9.4,1車身1/2,,0,0
075320261002,2026100253,7,7,6,013210,川本恵二,,11.1,大差,,0,0
018520261002,2026100285,1,1,1,015150,宮地寧々,差,12.9,,,0,0
018520261002,2026100285,1,2,5,015942,齊藤由莉,逃,13.1,3/4車身,,0,1
018520261002,2026100285,1,3,7,016041,寺本愛花,,12.9,1/2車輪,,1,0
018520261002,2026100285,1,4,2,015860,濱田芽生,,13.0,1/8車輪,,0,0
018520261002,2026100285,1,5,3,015074,島田優里,,12.9,1/2車輪,,0,0
018520261002,2026100285,1,6,4,014907,中川諒子,,12.8,3/4車輪,,0,0
018520261002,2026100285,1,7,6,016029,松崎光優,,13.1,2車身,,0,0
028520261002,2026100285,2,1,1,013650,吉本哲郎,捲,11.5,,,1,0
028520261002,2026100285,2,2,7,013654,滝山実,マ,11.5,2車身,,0,0
028520261002,2026100285,2,3,4,014172,山田隼司,,11.4,1/2車身,,0,0
028520261002,2026100285,2,4,6,013147,米嶋賢二,,11.9,2車身,,0,0
028520261002,2026100285,2,5,5,015114,谷口友真,,11.5,1/2車輪,,0,0
028520261002,2026100285,2,6,2,014876,冨尾享平,,12.1,1/2車身,,0,1
028520261002,2026100285,2,7,3,015909,馬越裕之,,11.8,1/2車輪,,0,0
038520261002,2026100285,3,1,3,015812,森崎英登,捲,11.6,,,0,1
038520261002,2026100285,3,2,5,013479,田中秀治,マ,11.5,1車輪,,0,0
038520261002,2026100285,3,3,1,013824,上吹越直樹,,11.5,3/4車身,,1,0
038520261002,2026100285,3,4,7,014048,川島勝,,11.5,3/4車身,,0,0
038520261002,2026100285,3,5,2,014400,志水祐彦,,12.1,4車身,,0,0
038520261002,2026100285,3,6,4,014625,藤野貴章,,12.2,1車身1/2,,0,0
038520261002,2026100285,3,7,6,015115,堀僚介,,15.5,大差,,0,0
048520261002,2026100285,4,1,3,015639,松下綾馬,逃,11.8,,,0,1
048520261002,2026100285,4,2,5,015189,山本隼人,マ,11.7,3/4車輪,,0,0
048520261002,2026100285,4,3,2,014334,高倉俊宏,,11.6,3/4車身,,0,0
048520261002,2026100285,4,4,4,013892,梶山裕次郎,,11.5,1/8車輪,,0,0
048520261002,2026100285,4,5,1,011907,島野浩司,,11.4,2車身,,1,0
048520261002,2026100285,4,6,7,013435,中石昌芳,,11.6,1/2車輪,,0,0
048520261002,2026100285,4,7,6,015180,下岡将也,,13.4,大差,,0,0
058520261002,2026100285,5,1,1,015208,金ヶ江勇気,差,13.0,,,1,0
058520261002,2026100285,5,2,3,013863,吉田健市,マ,12.8,1/2車輪,,0,0
058520261002,2026100285,5,3,5,015556,上野恭哉,,13.2,3/4車身,,0,1
058520261002,2026100285,5,4,6,013953,坂元洋行,,12.9,3/4車輪,,0,0
058520261002,2026100285,5,5,2,012474,小川圭二,,12.9,1/4車輪,,0,0
058520261002,2026100285,5,6,7,014110,廣川泰昭,,13.1,3/4車輪,,0,0
058520261002,2026100285,5,7,4,015642,眞砂英作,,12.8,3/4車身,,0,0
068520261002,2026100285,6,1,3,015853,中島瞳,差,12.7,,,0,0
068520261002,2026100285,6,2,4,015947,北岡マリア,差,12.5,1/2車輪,,0,0
068520261002,2026100285,6,3,2,015023,石井貴子,,12.6,3/4車輪,,0,0
068520261002,2026100285,6,4,7,015315,渡口まりあ,,13.0,1/8車輪,,0,1
068520261002,2026100285,6,5,6,015222,高橋智香,,12.9,1車輪,,1,0
068520261002,2026100285,6,6,5,015858,平子結菜,,12.4,1/2車身,,0,0
068520261002,2026100285,6,7,1,015410,村田奈穂,,12.7,1/4車輪,,0,0
078520261002,2026100285,7,1,2,015446,林敬宏,捲,11.8,,,0,0
078520261002,2026100285,7,2,7,013570,加藤寛治,マ,11.7,1/4車輪,,0,0
078520261002,2026100285,7,3,5,015005,野口正則,,11.6,1/2車輪,,0,0
078520261002,2026100285,7,4,1,014326,福島栄一,,11.5,1車身1/2,,1,0
078520261002,2026100285,7,5,4,015927,長野魅切,,11.6,1車身1/2,,0,0
078520261002,2026100285,7,6,3,013054,石丸寛之,,12.1,2車身,,0,0
078520261002,2026100285,7,7,6,015277,高井流星,,12.4,2車身,,0,1
012520261002,2026100225,1,1,7,015387,緒方慎太朗,捲,14.6,,,0,1
012520261002,2026100225,1,2,2,013660,徳吉広紀,マ,14.5,1/2車輪,,0,0
012520261002,2026100225,1,3,4,014464,中西司,,14.9,5車身,,0,0
012520261002,2026100225,1,4,3,015897,森飛龍,,15.1,3/4車輪,,0,0
012520261002,2026100225,1,5,1,014169,富安保充,,14.7,1/4車輪,,1,0
012520261002,2026100225,1,6,6,015112,日浦崇道,,15.0,2車身,,0,0
012520261002,2026100225,1,7,5,013142,黒田大介,,14.7,1車身1/2,,0,0
022520261002,2026100225,2,1,4,015918,土井慎二,捲,15.1,,,1,0
022520261002,2026100225,2,2,3,013507,吉岡篤志,マ,15.0,1車身,,0,0
022520261002,2026100225,2,3,5,013484,表大暁,,15.6,2車身,,0,0
022520261002,2026100225,2,4,6,012473,清水邦章,,15.1,3/4車輪,,0,0
022520261002,2026100225,2,5,7,012861,小坂敏之,,15.5,微差,,0,0
022520261002,2026100225,2,6,2,015898,岩原健馬,,15.8,1車身1/2,,0,1
022520261002,2026100225,2,7,1,013690,伊藤大理,,15.2,1/4車輪,,0,0
032520261002,2026100225,3,1,3,013716,佐藤亙,差,14.4,,,1,0
032520261002,2026100225,3,2,7,015550,山崎航,差,14.8,1/4車輪,,0,0
032520261002,2026100225,3,3,4,014779,名川豊,,14.7,1/4車輪,,0,0
032520261002,2026100225,3,4,5,014178,伊原克彦,,14.7,1車身1/2,,0,0
032520261002,2026100225,3,5,2,015245,尾崎悠生,,14.3,1/2車身,,0,0
032520261002,2026100225,3,6,6,014227,緒方剛,,14.8,6車身,,0,0
032520261002,2026100225,3,0,1,015839,船山真生,,0.0,,失格,0,1
042520261002,2026100225,4,1,4,015508,菅野航基,捲,14.3,,,1,0
042520261002,2026100225,4,2,1,012785,小橋明紀,マ,14.2,1/2車身,,0,0
042520261002,2026100225,4,3,5,014204,大崎和也,,14.2,1/2車身,,0,0
042520261002,2026100225,4,4,2,015182,吉川希望,,14.0,2車身,,0,0
042520261002,2026100225,4,5,7,013465,春日勇人,,14.8,1車身1/2,,0,0
042520261002,2026100225,4,6,6,012747,布居寛幸,,14.1,1/4車輪,,0,0
042520261002,2026100225,4,7,3,015693,松田昂己,,15.2,3車身,,0,1
052520261002,2026100225,5,1,1,015346,鈴木薫,捲,14.2,,,1,0
052520261002,2026100225,5,2,5,014139,小田倉勇二,マ,14.0,1/4車輪,,0,0
052520261002,2026100225,5,3,4,013885,柳谷崇,,14.7,3車身,,0,0
052520261002,2026100225,5,4,2,014572,赤塚悠人,,14.5,1/4車輪,,0,0
052520261002,2026100225,5,5,6,015157,高橋大輝,,14.5,1車身,,0,0
052520261002,2026100225,5,6,3,014181,藤原悠斗,,14.8,1車身,,0,0
052520261002,2026100225,5,7,7,015748,田中会心,,15.2,3/4車輪,,0,1
062520261002,2026100225,6,1,1,013821,中村圭志,差,14.6,,,0,0
062520261002,2026100225,6,2,2,014163,内田英介,差,14.8,1車身,,1,0
062520261002,2026100225,6,3,5,015251,柿本大貴,,14.9,1/2車輪,,0,1
062520261002,2026100225,6,4,3,013357,近藤誠二,,14.7,1/8車輪,,0,0
062520261002,2026100225,6,5,4,013497,藤田昌宏,,16.1,大差,,0,0
072520261002,2026100225,7,1,6,013878,松岡健介,差,14.5,,,0,0
072520261002,2026100225,7,2,3,013719,吉田敏洋,差,14.7,1/4車輪,,0,0
072520261002,2026100225,7,3,2,014752,竹内雄作,,14.8,1/4車輪,,0,1
072520261002,2026100225,7,4,5,013883,高津晃治,,14.1,3/4車輪,,0,0
072520261002,2026100225,7,5,4,014292,丸山直樹,,14.3,1/4車輪,,0,0
072520261002,2026100225,7,6,1,015787,中村龍吉,,14.4,3/4車身,,1,0
082520261002,2026100225,8,1,7,014506,磯田旭,差,14.1,,,0,0
082520261002,2026100225,8,2,5,015723,稲毛知也,逃,14.5,3/4車輪,,0,1
082520261002,2026100225,8,3,1,014886,山本伸一,,14.3,1/8車輪,,1,0
082520261002,2026100225,8,4,3,014076,志村太賀,,13.9,1/2車輪,,0,0
082520261002,2026100225,8,5,2,014792,坂本周輝,,14.5,3/4車身,,0,0
082520261002,2026100225,8,6,6,012786,佐藤康紀,,14.4,3/4車身,,0,0
082520261002,2026100225,8,7,4,013514,山口貴嗣,,14.2,1/4車輪,,0,0
092520261002,2026100225,9,1,5,014846,久米康平,差,14.5,,,1,0
092520261002,2026100225,9,2,3,015836,遠藤拓巳,捲,14.6,1車輪,,0,1
092520261002,2026100225,9,3,2,014720,高橋広大,,14.5,6車身,,0,0
092520261002,2026100225,9,4,4,013944,桐山敬太郎,,14.5,3/4車身,,0,0
092520261002,2026100225,9,5,1,013855,近藤俊明,,14.7,1/2車身,,0,0
092520261002,2026100225,9,6,6,015524,栗本武典,,14.9,3/4車輪,,0,0
092520261002,2026100225,9,7,7,015823,西岡利起,,14.9,2車身,,0,0
102520261002,2026100225,10,1,3,015341,坂井洋,捲,13.5,,,0,0
102520261002,2026100225,10,2,7,015328,星野洋輝,差,13.4,3/4車身,,0,0
102520261002,2026100225,10,3,4,013118,山内卓也,,14.3,1/2車身,,0,0
102520261002,2026100225,10,4,2,015096,大石剣士,,13.6,1/2車輪,,0,0
102520261002,2026100225,10,5,5,014795,櫻井正孝,,13.5,1車身1/2,,0,0
102520261002,2026100225,10,6,1,014484,河端朋之,,14.6,1/2車身,,1,1
102520261002,2026100225,10,7,6,015697,熊崎麻人,,14.9,大差,,0,0
112520261002,2026100225,11,1,1,015051,簗田一輝,差,14.0,,,1,0
112520261002,2026100225,11,2,4,014020,松坂洋平,マ,14.0,1車身1/2,,0,0
112520261002,2026100225,11,3,5,014380,根田空史,,14.2,3/4車身,,0,0
112520261002,2026100225,11,4,7,015417,櫻井祐太郎,,15.0,1/4車輪,,0,1
112520261002,2026100225,11,5,6,015651,中川聖大,,14.7,1/8車輪,,0,0
112520261002,2026100225,11,6,3,015381,岩谷拓磨,,14.5,1/2車輪,,0,0
112520261002,2026100225,11,7,2,014800,伊東翔貴,,14.8,1車輪,,0,0
122520261002,2026100225,12,1,1,015248,森田優弥,捲,13.9,,,0,0
122520261002,2026100225,12,2,7,014152,宿口陽一,マ,13.7,3/4車輪,,1,0
122520261002,2026100225,12,3,2,015475,伊藤旭,,13.5,1/2車身,,0,0
122520261002,2026100225,12,4,5,015296,上田尭弥,,13.4,3/4車輪,,0,0
122520261002,2026100225,12,5,4,014500,竹村勇祐,,13.8,3/4車身,,0,0
122520261002,2026100225,12,6,6,014239,鈴木裕,,14.9,大差,,0,0
122520261002,2026100225,12,7,3,015173,格清洋介,,16.2,9車身,,0,1
013420261002,2026100234,1,1,6,015281,増田仁,捲,12.2,,,0,1
013420261002,2026100234,1,2,3,013494,土井勲,マ,12.1,3/4車身,,0,0
013420261002,2026100234,1,3,2,014269,梶原恵介,,12.4,4車身,,0,0
013420261002,2026100234,1,4,4,015829,油谷蒼,,12.3,1/2車身,,0,0
013420261002,2026100234,1,5,1,013384,金子兼久,,12.4,タイヤ,,1,0
013420261002,2026100234,1,6,7,013273,西徹,,12.2,1/2車輪,,0,0
013420261002,2026100234,1,7,5,015740,櫻木雄太,,12.7,1車身,,0,0
023420261002,2026100234,2,1,5,014012,関智晴,差,12.0,,,0,0
023420261002,2026100234,2,2,3,013729,堺文人,マ,11.9,1/2車身,,0,0
023420261002,2026100234,2,3,7,015820,岩元叶馬,,12.4,1/2車輪,,0,0
023420261002,2026100234,2,4,4,013047,田中俊充,,12.3,3/4車輪,,0,0
023420261002,2026100234,2,5,2,015264,渡邉直弥,,12.3,3/4車身,,1,0
023420261002,2026100234,2,6,1,015743,丸林駿太,,12.8,2車身,,0,1
023420261002,2026100234,2,7,6,012914,武市和人,,14.1,大差,,0,0
033420261002,2026100234,3,1,5,015872,池田充槻,捲,11.4,,,0,1
033420261002,2026100234,3,2,1,014235,鈴木庸之,差,12.1,8車身,,0,0
033420261002,2026100234,3,3,4,013311,根本雄紀,,12.1,1車身,,0,0
033420261002,2026100234,3,4,2,015194,船瀬惇平,,12.3,1/4車輪,,0,0
033420261002,2026100234,3,5,3,014740,須藤悟,,12.2,1/2車輪,,1,0
033420261002,2026100234,3,6,6,014520,伊藤彰規,,12.1,1車身,,0,0
033420261002,2026100234,3,7,7,012380,近藤修康,,12.2,2車身,,0,0
043420261002,2026100234,4,1,3,015880,吉岡優太,捲,11.8,,,1,0
043420261002,2026100234,4,2,5,014144,石川雅望,マ,11.7,3/4車輪,,0,0
043420261002,2026100234,4,3,1,014981,磯島康祐,,11.6,1/4車輪,,0,0
043420261002,2026100234,4,4,4,014822,関根健太郎,,11.7,2車身,,0,0
043420261002,2026100234,4,5,2,014336,八尋翔平,,12.2,1車身1/2,,0,0
043420261002,2026100234,4,6,6,013896,安東英博,,12.1,1/4車輪,,0,0
043420261002,2026100234,4,7,7,015904,辻田祥大,,12.4,3/4車身,,0,1
053420261002,2026100234,5,1,3,015554,近藤翔馬,捲,11.5,,,0,0
053420261002,2026100234,5,2,5,014634,寺崎祐樹,マ,11.5,1車身,,0,0
053420261002,2026100234,5,3,4,013929,宮内善光,,11.8,3車身,,0,0
053420261002,2026100234,5,4,6,013616,渡邉高志,,11.7,1車輪,,0,0
053420261002,2026100234,5,5,7,014302,武田憲祐,,11.9,タイヤ,,0,0
053420261002,2026100234,5,6,1,015116,池野健太,,12.1,3/4車身,,1,1
053420261002,2026100234,5,7,2,014077,古屋琢晶,,12.4,5車身,,0,0
063420261002,2026100234,6,1,4,014450,金子哲大,差,11.6,,,0,0
063420261002,2026100234,6,2,1,015528,新村穣,差,11.8,3/4車輪,,1,0
063420261002,2026100234,6,3,5,015616,齋藤雄行,,12.0,3/4車身,,0,1
063420261002,2026100234,6,4,2,014606,稲毛健太,,11.6,1/2車身,,0,0
063420261002,2026100234,6,5,6,014026,高橋成英,,11.6,3/4車身,,0,0
063420261002,2026100234,6,6,3,015430,岡田亮太,,12.6,7車身,,0,0
073420261002,2026100234,7,1,2,014465,村上直久,捲,11.5,,,0,0
073420261002,2026100234,7,2,1,015730,黒瀬浩太郎,差,11.4,1車輪,,1,0
073420261002,2026100234,7,3,6,015612,小榑佑弥,,11.5,1/4車輪,,0,0
073420261002,2026100234,7,4,7,013498,西田雅志,,11.5,1車身1/2,,0,0
073420261002,2026100234,7,5,3,013537,谷津田将吾,,11.8,3/4車身,,0,0
073420261002,2026100234,7,6,5,015687,立花昌也,,11.9,1/2車身,,0,1
073420261002,2026100234,7,7,4,015615,荒川仁,,11.8,1/2車身,,0,0
083420261002,2026100234,8,1,3,014322,片岡迪之,差,11.7,,,0,0
083420261002,2026100234,8,2,7,015276,佐伯亮輔,逃,12.0,3/4車輪,,0,1
083420261002,2026100234,8,3,4,014259,戸田洋平,,11.7,1/2車身,,0,0
083420261002,2026100234,8,4,5,013724,渡辺十夢,,11.4,1/2車輪,,0,0
083420261002,2026100234,8,5,2,013726,川村晃司,,11.6,1/2車身,,0,0
083420261002,2026100234,8,6,1,013368,牧剛央,,11.4,3/4車身,,1,0
083420261002,2026100234,8,7,6,014043,中園和剛,,11.5,3/4車身,,0,0
093420261002,2026100234,9,1,4,014081,田中晴基,差,11.9,,,0,0
093420261002,2026100234,9,2,6,015340,幸田望夢,逃,12.1,3/4車輪,,0,1
093420261002,2026100234,9,3,3,014833,高久保雄介,,11.8,1/2車輪,,0,0
093420261002,2026100234,9,4,1,014645,三浦翔大,,11.9,3/4車身,,1,0
093420261002,2026100234,9,5,2,013070,高木和仁,,11.7,1/8車輪,,0,0
093420261002,2026100234,9,6,5,013966,大崎飛雄馬,,11.6,3/4車輪,,0,0
093420261002,2026100234,9,7,7,015183,小森貴大,,14.7,大差,,0,0
103420261002,2026100234,10,1,7,013920,山崎芳仁,差,11.9,,,0,0
103420261002,2026100234,10,2,5,014117,小岩大介,差,11.8,3/4車身,,0,0
103420261002,2026100234,10,3,3,015129,林大悟,,11.9,1/4車輪,,0,0
103420261002,2026100234,10,4,1,015121,太田竜馬,,11.6,1/4車輪,,1,0
103420261002,2026100234,10,5,4,014553,久米良,,11.6,1車身,,0,0
103420261002,2026100234,10,6,6,014175,柴崎俊光,,12.1,1車身1/2,,0,0
103420261002,2026100234,10,7,2,015598,大川剛,,12.6,4車身,,0,1
113420261002,2026100234,11,1,2,015243,小林泰正,捲,11.6,,,0,1
113420261002,2026100234,11,2,6,014664,志村龍己,マ,11.6,1/2車身,,1,0
113420261002,2026100234,11,3,1,014029,上田国広,,11.5,3/4車輪,,0,0
113420261002,2026100234,11,4,3,015645,室井蓮太朗,,11.5,1車身,,0,0
113420261002,2026100234,11,5,5,012450,山口富生,,11.7,1/4車輪,,0,0
113420261002,2026100234,11,6,4,015647,真鍋智寛,,11.5,3/4車身,,0,0
113420261002,2026100234,11,7,7,015716,尾方祐仁,,13.1,大差,,0,0
123420261002,2026100234,12,1,1,013628,石毛克幸,差,11.7,,,0,0
123420261002,2026100234,12,2,4,014462,小原太樹,差,12.0,1/2車身,,1,0
123420261002,2026100234,12,3,2,014955,市橋司優人,,12.0,1/4車輪,,0,0
123420261002,2026100234,12,4,7,014505,雨谷一樹,,11.7,3/4車輪,,0,0
123420261002,2026100234,12,5,5,015324,小原佑太,,12.1,1/2車身,,0,1
123420261002,2026100234,12,6,6,013741,高原仁志,,12.3,4車身,,0,0
123420261002,2026100234,12,7,3,015614,治田知也,,13.2,大差,,0,0
014720261002,2026100247,1,1,1,014942,清水剛志,捲,11.8,,,1,0
014720261002,2026100247,1,2,8,014096,伊藤成紀,マ,11.7,1/4車輪,,0,0
014720261002,2026100247,1,3,5,014613,黒田淳,,11.6,3/4車身,,0,0
014720261002,2026100247,1,4,6,014137,房州輝也,,11.9,1車身1/2,,0,0
014720261002,2026100247,1,5,2,014017,大塚玲,,12.1,3/4車身,,0,0
014720261002,2026100247,1,6,9,015014,西田将士,,11.9,3/4車身,,0,0
014720261002,2026100247,1,7,3,015842,松本定,,12.0,1車身1/2,,0,0
014720261002,2026100247,1,8,4,015525,鈴木浩太,,13.4,9車身,,0,1
014720261002,2026100247,1,9,7,014835,窓場千加頼,,13.6,5車身,,0,0
024720261002,2026100247,2,1,1,015347,武田亮,捲,11.5,,,0,0
024720261002,2026100247,2,2,4,013443,大坪功一,差,12.1,2車身,,0,0
024720261002,2026100247,2,3,8,014108,山中貴雄,,11.9,1/4車輪,,0,0
024720261002,2026100247,2,4,9,015342,福田滉,,11.6,3/4車輪,,0,0
024720261002,2026100247,2,5,6,015816,伊東佑晟,,11.5,1/4車輪,,0,0
024720261002,2026100247,2,6,2,015066,原口昌平,,12.3,3/4車輪,,0,1
024720261002,2026100247,2,7,7,013328,萩原孝之,,11.9,1/2車身,,0,0
024720261002,2026100247,2,8,3,014177,小堺浩二,,11.4,1/2車身,,0,0
024720261002,2026100247,2,9,5,015169,野口裕史,,14.8,大差,,0,0
034720261002,2026100247,3,1,2,014168,高橋和也,捲,11.4,,,0,0
034720261002,2026100247,3,2,6,014978,谷口明正,マ,11.3,3/4車身,,0,0
034720261002,2026100247,3,3,9,015896,丸山留依,,11.8,1車身1/2,,0,1
034720261002,2026100247,3,4,1,015416,小笠原光,,11.6,6車身,,1,0
034720261002,2026100247,3,5,3,015046,山本紳貴,,12.0,3/4車輪,,0,0
034720261002,2026100247,3,6,5,014018,内藤秀久,,12.1,1/4車輪,,0,0
034720261002,2026100247,3,7,8,014264,松尾信太郎,,11.6,1/2車身,,0,0
034720261002,2026100247,3,8,4,014221,古川尚耶,,12.0,3/4車身,,0,0
034720261002,2026100247,3,9,7,015608,山口多聞,,12.4,3車身,,0,0
044720261002,2026100247,4,1,1,015179,皿屋豊,差,11.7,,,0,0
044720261002,2026100247,4,2,9,015717,児玉虎之介,捲,11.9,1/2車身,,0,0
044720261002,2026100247,4,3,2,015122,島川将貴,,11.5,2車身,,1,0
044720261002,2026100247,4,4,4,013762,吉田勇人,,11.8,1車身,,0,0
044720261002,2026100247,4,5,6,015802,中島竜誠,,12.3,1車身,,0,1
044720261002,2026100247,4,6,8,013245,佐藤真一,,12.2,4車身,,0,0
044720261002,2026100247,4,7,5,013864,伊藤世哉,,12.4,4車身,,0,0
044720261002,2026100247,4,0,3,015195,久保田泰弘,,0.0,,落車,0,0
044720261002,2026100247,4,0,7,014105,阿竹智史,,0.0,,落車,0,0
054720261002,2026100247,5,1,7,015199,田尾駿介,差,11.5,,,0,0
054720261002,2026100247,5,2,3,014599,松岡篤哉,捲,11.2,1/2車輪,,0,0
054720261002,2026100247,5,3,9,015643,小川将二郎,,11.7,3/4車輪,,0,1
054720261002,2026100247,5,4,6,013335,坂上樹大,,11.2,1車身,,0,0
054720261002,2026100247,5,5,4,014839,山本巨樹,,11.5,4車身,,0,0
054720261002,2026100247,5,6,8,013230,開坂秀明,,11.6,1車身,,0,0
054720261002,2026100247,5,7,5,015789,山崎歩夢,,12.4,2車身,,0,0
054720261002,2026100247,5,8,1,013604,庄子信弘,,12.5,6車身,,1,0
054720261002,2026100247,5,9,2,015733,都築巧,,13.2,7車身,,0,0
064720261002,2026100247,6,1,2,014545,岡崎智哉,差,11.7,,,0,0
064720261002,2026100247,6,2,1,015037,鈴木竜士,差,11.6,1/2車輪,,1,0
064720261002,2026100247,6,3,7,015822,谷内健太,,11.9,1/2車輪,,0,1
064720261002,2026100247,6,4,9,014809,恩田淳平,,11.6,3/4車身,,0,0
064720261002,2026100247,6,5,5,014588,柿澤大貴,,11.6,3/4車身,,0,0
064720261002,2026100247,6,6,4,014944,栗山俊介,,12.0,7車身,,0,0
064720261002,2026100247,6,7,8,014576,中田雄喜,,11.9,3車身,,0,0
064720261002,2026100247,6,8,6,014350,佐藤雅春,,11.9,2車身,,0,0
064720261002,2026100247,6,9,3,015329,板垣昴,,12.5,3車身,,0,0
074720261002,2026100247,7,1,2,015690,斉藤樂,差,11.3,,,0,0
074720261002,2026100247,7,2,7,015125,佐々木豪,差,11.5,1/2車輪,,0,0
074720261002,2026100247,7,3,3,015261,松井宏佑,,11.7,1車身1/2,,0,1
074720261002,2026100247,7,4,5,013982,五日市誠,,11.3,1/8車輪,,0,0
074720261002,2026100247,7,5,1,013963,柏野智典,,11.3,1車身,,0,0
074720261002,2026100247,7,6,9,013772,岡村潤,,11.5,3車身,,1,0
074720261002,2026100247,7,7,6,015366,張野幸聖,,11.3,1/2車身,,0,0
074720261002,2026100247,7,8,4,013410,伊勢崎彰大,,11.5,3/4車輪,,0,0
074720261002,2026100247,7,9,8,015269,佐山寛明,,11.2,1/2車身,,0,0
084720261002,2026100247,8,1,4,014691,東矢昇太,差,11.3,,,0,0
084720261002,2026100247,8,2,3,014113,北津留翼,捲,11.2,1/4車輪,,0,0
084720261002,2026100247,8,3,7,014122,松岡貴久,,11.5,1/2車身,,0,0
084720261002,2026100247,8,4,1,014537,西村光太,,11.8,3/4車身,,1,0
084720261002,2026100247,8,5,2,014860,吉澤純平,,11.9,3/4車身,,0,0
084720261002,2026100247,8,6,6,014208,安部貴之,,11.8,1/2車身,,0,0
084720261002,2026100247,8,7,9,015826,久田朔,,12.1,1/2車身,,0,0
084720261002,2026100247,8,8,8,014370,阿部大樹,,12.1,4車身,,0,0
084720261002,2026100247,8,9,5,015334,朝倉智仁,,12.5,1/4車輪,,0,1
094720261002,2026100247,9,1,1,014794,阿部力也,差,11.7,,,1,0
094720261002,2026100247,9,2,5,015034,新山響平,逃,11.8,3/4車輪,,0,1
094720261002,2026100247,9,3,7,015006,石塚輪太郎,,11.4,3車身,,0,0
094720261002,2026100247,9,4,2,015620,纐纈洸翔,,11.4,3/4車身,,0,0
094720261002,2026100247,9,5,4,015002,神田龍,,11.3,3/4車輪,,0,0
094720261002,2026100247,9,6,3,014398,藤田勝也,,11.3,1車身,,0,0
094720261002,2026100247,9,7,6,015198,今村麟太郎,,11.9,1車身,,0,0
094720261002,2026100247,9,8,9,015378,今野有樹,,12.5,9車身,,0,0
094720261002,2026100247,9,9,8,014712,泉慶輔,,13.6,8車身,,0,0
104720261002,2026100247,10,1,1,014089,浅井康太,差,12.0,,,1,0
104720261002,2026100247,10,2,9,014940,谷口遼平,逃,12.2,3/4車身,,0,1
104720261002,2026100247,10,3,4,012669,伊藤正樹,,12.0,1/4車輪,,0,0
104720261002,2026100247,10,4,2,013737,筒井敦史,,11.9,1/8車輪,,0,0
104720261002,2026100247,10,5,7,015638,昼田達哉,,12.0,3/4車輪,,0,0
104720261002,2026100247,10,6,3,015441,鈴木陸来,,11.9,1/2車身,,0,0
104720261002,2026100247,10,7,6,013622,白岩大助,,12.0,1/2車輪,,0,0
104720261002,2026100247,10,8,5,014995,渡邉雄太,,11.9,1車身,,0,0
104720261002,2026100247,10,9,8,014053,鈴木謙太郎,,12.6,5車身,,0,0
114720261002,2026100247,11,1,3,015035,阿部拓真,差,11.6,,,0,0
114720261002,2026100247,11,2,9,015356,杉浦侑吾,逃,11.7,1車輪,,0,1
114720261002,2026100247,11,3,5,012339,内藤宣彦,,11.5,1/2車輪,,0,0
114720261002,2026100247,11,4,7,015383,原井博斗,,11.2,1車身1/2,,0,0
114720261002,2026100247,11,5,2,013637,笠松信幸,,11.4,3/4車身,,0,0
114720261002,2026100247,11,6,4,015628,村田祐樹,,11.6,3/4車身,,0,0
114720261002,2026100247,11,7,8,015067,瀬戸晋作,,11.3,1車輪,,0,0
114720261002,2026100247,11,8,1,015476,緒方将樹,,11.6,1/2車身,,1,0
114720261002,2026100247,11,9,6,014249,鷲田幸司,,11.7,2車身,,0,0
124720261002,2026100247,12,1,5,015439,佐々木眞也,差,11.6,,,0,0
124720261002,2026100247,12,2,1,014741,郡司浩平,捲,11.7,3/4車身,,1,0
124720261002,2026100247,12,3,9,014523,東龍之介,,11.6,1/2車輪,,0,0
124720261002,2026100247,12,4,7,015832,角宗哉,,11.9,1/4車輪,,0,1
124720261002,2026100247,12,5,3,014182,大川龍二,,11.8,1/2車身,,0,0
124720261002,2026100247,12,6,6,014286,関貴之,,11.4,1/2車身,,0,0
124720261002,2026100247,12,7,8,014617,西岡拓朗,,11.6,1車輪,,0,0
124720261002,2026100247,12,8,4,015609,安倍大成,,12.0,1車輪,,0,0
124720261002,2026100247,12,9,2,014441,芦澤辰弘,,11.7,1車身1/2,,0,0
018320261002,2026100283,1,1,2,016017,白濱蓮,逃,12.3,,,0,1
018320261002,2026100283,1,2,6,015571,吉田悟,マ,12.3,1車身1/2,,1,0
018320261002,2026100283,1,3,3,014948,斎藤敦,,12.5,3/4車輪,,0,0
018320261002,2026100283,1,4,5,014275,喜納隆志,,12.4,3/4車身,,0,0
018320261002,2026100283,1,5,4,014555,水木裕聡,,12.4,3/4車身,,0,0
018320261002,2026100283,1,6,7,014765,樫村伸平,,12.6,3/4車輪,,0,0
018320261002,2026100283,1,7,1,012754,小野祐作,,12.4,3/4車身,,0,0
028320261002,2026100283,2,1,5,015542,中嶋樹,逃,12.3,,,0,1
028320261002,2026100283,2,2,4,015900,花田雄飛,捲,11.6,1/2車輪,,0,0
028320261002,2026100283,2,3,1,013206,岡崎和久,,12.3,1/2車身,,1,0
028320261002,2026100283,2,4,3,015300,ラモスレオ,,12.1,1/2車身,,0,0
028320261002,2026100283,2,5,7,015295,篠田樹,,12.2,1/4車輪,,0,0
028320261002,2026100283,2,6,2,012618,武智尚之,,11.7,1/2車輪,,0,0
028320261002,2026100283,2,7,6,013513,南和夫,,13.0,大差,,0,0
038320261002,2026100283,3,1,7,016008,久保田智之,逃,12.2,,,0,1
038320261002,2026100283,3,2,1,014046,秋山貴宏,マ,12.1,1/2車輪,,0,0
038320261002,2026100283,3,3,4,012832,仙石淳,,12.1,1車身,,0,0
038320261002,2026100283,3,4,6,011622,杉山正和,,11.9,タイヤ,,0,0
038320261002,2026100283,3,5,2,012976,中井修,,11.8,1/8車輪,,1,0
038320261002,2026100283,3,6,3,013802,大林亮介,,12.2,3車身,,0,0
038320261002,2026100283,3,7,5,014780,古川大輔,,12.3,3/4車輪,,0,0
048320261002,2026100283,4,1,1,015993,西澤優聖,逃,11.9,,,0,1
048320261002,2026100283,4,2,2,015637,近藤雄太,捲,11.5,1/2車身,,0,0
048320261002,2026100283,4,3,6,014407,森佑樹,,11.6,4車身,,0,0
048320261002,2026100283,4,4,3,014093,窪田陽介,,12.0,3/4車身,,1,0
048320261002,2026100283,4,5,4,013796,陶器一馬,,11.9,1車身1/2,,0,0
048320261002,2026100283,4,6,7,012208,鰐渕正利,,12.4,1車身1/2,,0,0
048320261002,2026100283,4,7,5,013505,住村実,,11.8,1車輪,,0,0
058320261002,2026100283,5,1,2,015666,畠山ひすい,逃,12.8,,,0,1
058320261002,2026100283,5,2,4,015139,板根茜弥,マ,12.7,3/4車輪,,0,0
058320261002,2026100283,5,3,6,015679,又多風緑,,12.6,3/4車輪,,0,0
058320261002,2026100283,5,4,5,016032,栗山百花,,12.5,1車身1/2,,0,0
058320261002,2026100283,5,5,3,015773,枝光美奈,,12.5,3/4車身,,1,0
058320261002,2026100283,5,6,7,015314,向井円,,12.7,3車身,,0,0
058320261002,2026100283,5,7,1,016038,仲井リコ,,12.9,3車身,,0,0
068320261002,2026100283,6,1,4,015080,児玉碧衣,逃,12.6,,,0,1
068320261002,2026100283,6,2,6,014896,野口諭実可,マ,12.7,1車身,,0,0
068320261002,2026100283,6,3,2,015220,鈴木美教,,12.6,1車輪,,1,0
068320261002,2026100283,6,4,7,015671,小泉夢菜,,12.7,1/2車身,,0,0
068320261002,2026100283,6,5,3,014925,大和久保美,,12.7,1車身,,0,0
068320261002,2026100283,6,6,5,015079,日野友葵,,12.5,1車身1/2,,0,0
068320261002,2026100283,6,7,1,015082,高橋朋恵,,12.8,3/4車身,,0,0
078320261002,2026100283,7,1,1,015210,白濱一平,逃,11.9,,,0,1
078320261002,2026100283,7,2,4,014449,片折勇輝,マ,11.9,1/4車輪,,1,0
078320261002,2026100283,7,3,5,012681,辻力,,11.6,3車身,,0,0
078320261002,2026100283,7,4,3,014615,藤原亮太,,11.5,1車輪,,0,0
078320261002,2026100283,7,5,7,013587,船曳義之,,11.5,3/4車身,,0,0
078320261002,2026100283,7,6,2,013201,北川紋部,,12.1,4車身,,0,0
078320261002,2026100283,7,7,6,012242,穴井利久,,12.9,8車身,,0,0
088320261002,2026100283,8,1,5,015214,境啓亨,差,13.1,,,0,0
088320261002,2026100283,8,2,1,013155,四元慎也,差,13.3,1/2車身,,0,0
088320261002,2026100283,8,3,3,014563,興呂木雄治,,13.1,1/2車輪,,1,0
088320261002,2026100283,8,4,2,013041,三浦稔希,,13.3,1車身,,0,0
088320261002,2026100283,8,5,4,014094,有馬雄二,,13.2,3/4車輪,,0,0
088320261002,2026100283,8,6,7,015753,枝村弘樹,,13.7,1車輪,,0,1
088320261002,2026100283,8,7,6,015534,牛田樹希斗,,0.0,大差,,0,0
098320261002,2026100283,9,1,4,012829,西浦仙哉,捲,11.8,,,0,0
098320261002,2026100283,9,2,5,014565,中村健志,差,11.9,1/2車身,,0,0
098320261002,2026100283,9,3,7,015545,橋本凌汰,,11.9,3/4車身,,0,0
098320261002,2026100283,9,4,6,014749,山田哲也,,12.0,1車身1/2,,1,0
098320261002,2026100283,9,5,3,014953,和田誠寿,,12.0,1車輪,,0,0
098320261002,2026100283,9,6,2,015560,林昴,,12.4,1/2車輪,,0,1
098320261002,2026100283,9,7,1,015914,西森一稀,,11.8,1/4車輪,,0,0
108320261002,2026100283,10,1,5,015204,吉田智哉,差,12.4,,,0,0
108320261002,2026100283,10,2,4,012742,山田雅之,差,12.4,3/4車輪,,0,0
108320261002,2026100283,10,3,3,014614,高橋清太郎,,12.3,3/4車輪,,0,0
108320261002,2026100283,10,4,7,012598,大庭正紀,,12.7,1車身,,0,0
108320261002,2026100283,10,5,1,015926,諸隈健太郎,,12.9,3/4車身,,0,0
108320261002,2026100283,10,6,2,015809,高野信元,,13.0,2車身,,1,1
108320261002,2026100283,10,7,6,013348,内藤敦,,13.9,大差,,0,0
118320261002,2026100283,11,1,5,015632,常次勇人,逃,11.7,,,0,1
118320261002,2026100283,11,2,1,015751,半田誠,捲,11.6,3/4車輪,,1,0
118320261002,2026100283,11,3,2,014193,玉手翔,,11.7,3/4車身,,0,0
118320261002,2026100283,11,4,7,011854,紫原政文,,11.5,1/2車輪,,0,0
118320261002,2026100283,11,5,4,014333,阿部兼士,,11.4,1/2車身,,0,0
118320261002,2026100283,11,6,3,015377,蒋野翔太,,11.3,3/4車身,,0,0
118320261002,2026100283,11,7,6,013363,宇根秀俊,,11.3,1車身,,0,0
012520261003,2026100325,1,1,5,015898,岩原健馬,逃,15.3,,,0,0
012520261003,2026100325,1,2,3,013142,黒田大介,差,15.1,1/4車輪,,0,0
012520261003,2026100325,1,3,1,015693,松田昂己,,15.4,1/8車輪,,0,1
012520261003,2026100325,1,4,7,013690,伊藤大理,,15.4,1/2車身,,0,0
012520261003,2026100325,1,5,4,013099,大橋直人,,15.3,3/4車輪,,0,0
012520261003,2026100325,1,6,6,012473,清水邦章,,15.1,1/4車輪,,0,0
012520261003,2026100325,1,7,2,014169,富安保充,,15.3,1/8車輪,,1,0
022520261003,2026100325,2,1,4,013660,徳吉広紀,差,15.0,,,1,0
022520261003,2026100325,2,2,3,015748,田中会心,逃,15.3,3/4車輪,,0,1
022520261003,2026100325,2,3,1,013484,表大暁,,15.0,1/2車身,,0,0
022520261003,2026100325,2,4,7,015897,森飛龍,,14.7,1/2車輪,,0,0
022520261003,2026100325,2,5,2,014464,中西司,,14.6,1/2車身,,0,0
022520261003,2026100325,2,6,5,012861,小坂敏之,,15.0,1車輪,,0,0
022520261003,2026100325,2,7,6,015112,日浦崇道,,15.2,3車身,,0,0
032520261003,2026100325,3,1,4,014178,伊原克彦,捲,14.4,,,0,0
032520261003,2026100325,3,2,1,012747,布居寛幸,マ,14.5,2車身,,0,0
032520261003,2026100325,3,3,3,015387,緒方慎太朗,,14.7,1/2車輪,,0,0
032520261003,2026100325,3,4,2,013465,春日勇人,,14.9,1車輪,,1,0
032520261003,2026100325,3,5,5,015245,尾崎悠生,,15.0,3/4車輪,,0,1
032520261003,2026100325,3,5,6,015157,高橋大輝,,14.8,3/4車輪,,0,0
032520261003,2026100325,3,7,7,013507,吉岡篤志,,14.7,4車身,,0,0
042520261003,2026100325,4,1,2,014779,名川豊,差,14.5,,,0,0
042520261003,2026100325,4,2,7,015182,吉川希望,逃,14.6,1/2車輪,,0,1
042520261003,2026100325,4,3,6,014227,緒方剛,,14.5,1車身,,0,0
042520261003,2026100325,4,4,3,014204,大崎和也,,14.5,3/4車輪,,0,0
042520261003,2026100325,4,5,5,014181,藤原悠斗,,14.5,2車身,,0,0
042520261003,2026100325,4,6,1,015918,土井慎二,,15.0,3車身,,0,0
042520261003,2026100325,4,7,4,014572,赤塚悠人,,16.5,大差,,1,0
052520261003,2026100325,5,1,2,014076,志村太賀,差,14.4,,,1,0
052520261003,2026100325,5,2,3,013514,山口貴嗣,差,14.9,1車輪,,0,0
052520261003,2026100325,5,3,6,015251,柿本大貴,,14.6,1/4車輪,,0,0
052520261003,2026100325,5,4,5,013497,藤田昌宏,,15.1,1/2車輪,,0,1
052520261003,2026100325,5,5,1,013944,桐山敬太郎,,14.4,1/2車輪,,0,0
052520261003,2026100325,5,6,4,013855,近藤俊明,,14.6,3車身,,0,0
062520261003,2026100325,6,1,3,014163,内田英介,差,14.4,,,1,0
062520261003,2026100325,6,2,4,013883,高津晃治,差,14.6,1/4車輪,,0,0
062520261003,2026100325,6,3,5,014792,坂本周輝,,14.1,1/2車身,,0,0
062520261003,2026100325,6,4,6,015524,栗本武典,,14.4,1/4車輪,,0,0
062520261003,2026100325,6,5,1,014752,竹内雄作,,14.8,1/2車輪,,0,1
062520261003,2026100325,6,6,2,012786,佐藤康紀,,14.1,1/2車輪,,0,0
072520261003,2026100325,7,1,3,014720,高橋広大,差,14.5,,,0,0
072520261003,2026100325,7,2,2,014292,丸山直樹,マ,14.5,1車輪,,1,0
072520261003,2026100325,7,3,4,015787,中村龍吉,,14.8,1/8車輪,,0,1
072520261003,2026100325,7,4,6,015823,西岡利起,,14.3,3/4車輪,,0,0
072520261003,2026100325,7,5,5,013719,吉田敏洋,,14.3,1/2車身,,0,0
072520261003,2026100325,7,6,1,013357,近藤誠二,,14.2,1/2車輪,,0,0
082520261003,2026100325,8,1,5,015173,格清洋介,差,13.8,,,0,0
082520261003,2026100325,8,2,1,015096,大石剣士,捲,14.0,3/4車輪,,1,0
082520261003,2026100325,8,3,6,014239,鈴木裕,,13.8,3/4車身,,0,0
082520261003,2026100325,8,4,2,015381,岩谷拓磨,,13.6,1/2車身,,0,0
082520261003,2026100325,8,5,7,015296,上田尭弥,,13.6,2車身,,0,0
082520261003,2026100325,8,6,3,013118,山内卓也,,14.5,1/2車輪,,0,0
082520261003,2026100325,8,7,4,015836,遠藤拓巳,,14.7,1車輪,,0,1
092520261003,2026100325,9,1,7,015475,伊藤旭,差,14.4,,,0,0
092520261003,2026100325,9,2,4,013821,中村圭志,マ,14.3,1/2車輪,,0,0
092520261003,2026100325,9,3,6,015697,熊崎麻人,,14.2,1車身1/2,,1,0
092520261003,2026100325,9,4,3,014506,磯田旭,,14.2,1/4車輪,,0,0
092520261003,2026100325,9,5,1,015651,中川聖大,,14.8,微差,,0,1
092520261003,2026100325,9,6,2,014500,竹村勇祐,,13.9,3/4車輪,,0,0
092520261003,2026100325,9,7,5,014800,伊東翔貴,,14.1,1車身,,0,0
102520261003,2026100325,10,1,1,014795,櫻井正孝,差,14.1,,,0,0
102520261003,2026100325,10,2,2,014484,河端朋之,差,13.9,1/2車輪,,1,0
102520261003,2026100325,10,3,4,015417,櫻井祐太郎,,14.3,1/4車輪,,0,1
102520261003,2026100325,10,4,7,014846,久米康平,,14.1,1車輪,,0,0
102520261003,2026100325,10,5,5,014886,山本伸一,,13.8,1/4車輪,,0,0
102520261003,2026100325,10,6,6,013878,松岡健介,,14.0,3車身,,0,0
102520261003,2026100325,10,7,3,015723,稲毛知也,,14.8,5車身,,0,0
112520261003,2026100325,11,1,7,015346,鈴木薫,捲,14.3,,,0,0
112520261003,2026100325,11,2,1,014139,小田倉勇二,差,14.2,3/4車輪,,1,0
112520261003,2026100325,11,3,4,012785,小橋明紀,,14.2,1/8車輪,,0,0
112520261003,2026100325,11,4,2,013885,柳谷崇,,14.5,3/4車身,,0,0
112520261003,2026100325,11,5,3,015508,菅野航基,,14.5,1/4車輪,,0,0
112520261003,2026100325,11,6,5,013716,佐藤亙,,15.4,大差,,0,0
112520261003,2026100325,11,7,6,015550,山崎航,,15.9,1車身1/2,,0,1
122520261003,2026100325,12,1,4,015341,坂井洋,捲,13.5,,,0,0
122520261003,2026100325,12,2,3,015248,森田優弥,捲,14.1,3/4車身,,0,0
122520261003,2026100325,12,3,1,014152,宿口陽一,,14.0,3/4車身,,1,0
122520261003,2026100325,12,4,6,015328,星野洋輝,,13.8,2車身,,0,0
122520261003,2026100325,12,5,7,015051,簗田一輝,,14.1,3/4車身,,0,0
122520261003,2026100325,12,6,5,014020,松坂洋平,,13.7,2車身,,0,0
122520261003,2026100325,12,7,2,014380,根田空史,,14.9,2車身,,0,1
013420261003,2026100334,1,1,3,013273,西徹,差,12.1,,,0,0
013420261003,2026100334,1,2,1,015829,油谷蒼,マ,12.0,1/2車輪,,1,0
013420261003,2026100334,1,3,5,015820,岩元叶馬,,12.3,3/4車身,,0,1
013420261003,2026100334,1,4,7,013729,堺文人,,12.0,3/4車輪,,0,0
013420261003,2026100334,1,5,4,012380,近藤修康,,11.9,4車身,,0,0
013420261003,2026100334,1,6,6,012914,武市和人,,12.0,3車身,,0,0
013420261003,2026100334,1,7,2,015740,櫻木雄太,,12.8,5車身,,0,0
023420261003,2026100334,2,1,2,015904,辻田祥大,逃,12.7,,,0,1
023420261003,2026100334,2,2,4,014077,古屋琢晶,捲,12.5,3/4車身,,0,0
023420261003,2026100334,2,3,1,015264,渡邉直弥,,12.4,1/4車輪,,1,0
023420261003,2026100334,2,4,5,013047,田中俊充,,12.7,1車輪,,0,0
023420261003,2026100334,2,5,7,013384,金子兼久,,12.3,3/4車身,,0,0
023420261003,2026100334,2,6,6,015743,丸林駿太,,12.6,1/2車輪,,0,0
023420261003,2026100334,2,7,3,014269,梶原恵介,,12.8,4車身,,0,0
033420261003,2026100334,3,1,7,013929,宮内善光,差,12.4,,,0,0
033420261003,2026100334,3,2,1,014302,武田憲祐,差,12.6,3/4車身,,1,0
033420261003,2026100334,3,3,2,014012,関智晴,,12.4,1車輪,,0,0
033420261003,2026100334,3,4,4,014336,八尋翔平,,12.1,3/4車輪,,0,0
033420261003,2026100334,3,5,5,014822,関根健太郎,,12.8,1/8車輪,,0,1
033420261003,2026100334,3,6,6,013896,安東英博,,12.1,3/4車身,,0,0
033420261003,2026100334,3,7,3,015194,船瀬惇平,,12.4,1/2車輪,,0,0
043420261003,2026100334,4,1,7,015116,池野健太,捲,11.8,,,1,1
043420261003,2026100334,4,2,4,014740,須藤悟,マ,11.8,3/4車身,,0,0
043420261003,2026100334,4,3,2,014520,伊藤彰規,,11.8,3/4車身,,0,0
043420261003,2026100334,4,4,5,013311,根本雄紀,,11.8,3/4車身,,0,0
043420261003,2026100334,4,5,1,013494,土井勲,,11.9,1/2車輪,,0,0
043420261003,2026100334,4,6,3,013616,渡邉高志,,11.8,1/2車身,,0,0
043420261003,2026100334,4,7,6,015281,増田仁,,13.5,大差,,0,0
053420261003,2026100334,5,1,4,013724,渡辺十夢,差,12.1,,,0,0
053420261003,2026100334,5,2,3,014606,稲毛健太,捲,12.3,1/2車身,,0,1
053420261003,2026100334,5,3,6,013537,谷津田将吾,,12.2,3/4車身,,0,0
053420261003,2026100334,5,4,1,014043,中園和剛,,12.1,1/2車身,,1,0
053420261003,2026100334,5,5,5,013498,西田雅志,,12.2,1/2車輪,,0,0
053420261003,2026100334,5,6,2,015687,立花昌也,,12.9,5車身,,0,0
063420261003,2026100334,6,1,7,014833,高久保雄介,差,12.1,,,0,0
063420261003,2026100334,6,2,3,013966,大崎飛雄馬,差,11.8,1/4車輪,,0,0
063420261003,2026100334,6,3,4,015730,黒瀬浩太郎,,12.0,3/4車輪,,0,0
063420261003,2026100334,6,4,5,013368,牧剛央,,11.8,3/4車輪,,0,0
063420261003,2026100334,6,5,1,015183,小森貴大,,12.4,1車身,,1,1
063420261003,2026100334,6,6,6,015615,荒川仁,,12.0,1車身,,0,0
063420261003,2026100334,6,7,2,015616,齋藤雄行,,12.1,1/4車輪,,0,0
073420261003,2026100334,7,1,7,014645,三浦翔大,差,11.7,,,0,0
073420261003,2026100334,7,2,2,015528,新村穣,捲,11.8,1車輪,,0,0
073420261003,2026100334,7,3,4,013070,高木和仁,,11.7,3/4車身,,0,0
073420261003,2026100334,7,4,3,013726,川村晃司,,11.6,1車身,,0,0
073420261003,2026100334,7,5,6,014026,高橋成英,,11.7,1車身1/2,,0,0
073420261003,2026100334,7,6,1,015612,小榑佑弥,,12.2,2車身,,1,0
073420261003,2026100334,7,7,5,015430,岡田亮太,,12.8,5車身,,0,1
083420261003,2026100334,8,1,3,014505,雨谷一樹,差,12.1,,,1,0
083420261003,2026100334,8,2,4,015645,室井蓮太朗,捲,12.1,1車輪,,0,0
083420261003,2026100334,8,3,1,014081,田中晴基,,11.9,1/4車輪,,0,0
083420261003,2026100334,8,4,2,014553,久米良,,12.1,1/2車身,,0,0
083420261003,2026100334,8,5,6,013741,高原仁志,,12.1,3車身,,0,0
083420261003,2026100334,8,6,7,015340,幸田望夢,,12.6,1/4車輪,,0,1
083420261003,2026100334,8,7,5,014465,村上直久,,12.4,3/4車身,,0,0
093420261003,2026100334,9,1,1,015129,林大悟,捲,11.6,,,1,0
093420261003,2026100334,9,2,6,014450,金子哲大,差,12.0,1/4車輪,,0,0
093420261003,2026100334,9,3,5,014955,市橋司優人,,11.6,3/4車身,,0,0
093420261003,2026100334,9,4,4,015121,太田竜馬,,11.9,3/4車輪,,0,0
093420261003,2026100334,9,5,3,015614,治田知也,,12.2,1/2車輪,,0,1
093420261003,2026100334,9,6,2,015647,真鍋智寛,,11.9,1/2車輪,,0,0
093420261003,2026100334,9,7,7,014259,戸田洋平,,11.9,1車身1/2,,0,0
103420261003,2026100334,10,1,2,015324,小原佑太,差,11.9,,,1,0
103420261003,2026100334,10,2,5,015716,尾方祐仁,捲,11.8,1車身,,0,0
103420261003,2026100334,10,3,1,014322,片岡迪之,,11.8,1/4車輪,,0,0
103420261003,2026100334,10,4,3,012450,山口富生,,11.7,1/4車輪,,0,0
103420261003,2026100334,10,5,4,015598,大川剛,,12.3,3/4車輪,,0,1
103420261003,2026100334,10,6,7,014175,柴崎俊光,,11.7,3/4車身,,0,0
103420261003,2026100334,10,7,6,015276,佐伯亮輔,,12.2,1車身1/2,,0,0
113420261003,2026100334,11,1,7,014235,鈴木庸之,差,11.8,,,0,0
113420261003,2026100334,11,2,4,014144,石川雅望,マ,11.7,1/2車身,,0,0
113420261003,2026100334,11,3,3,015872,池田充槻,,12.1,1/4車輪,,0,1
113420261003,2026100334,11,4,2,015554,近藤翔馬,,11.6,3/4車身,,0,0
113420261003,2026100334,11,5,5,014981,磯島康祐,,12.1,1車輪,,0,0
113420261003,2026100334,11,6,1,015880,吉岡優太,,12.2,3/4車身,,1,0
113420261003,2026100334,11,7,6,014634,寺崎祐樹,,11.7,1/2車身,,0,0
123420261003,2026100334,12,1,5,013920,山崎芳仁,捲,11.3,,,0,0
123420261003,2026100334,12,2,1,014462,小原太樹,捲,11.7,1車身1/2,,1,1
123420261003,2026100334,12,3,2,014029,上田国広,,11.4,1/8車輪,,0,0
123420261003,2026100334,12,4,4,014117,小岩大介,,11.6,1車輪,,0,0
123420261003,2026100334,12,5,7,013628,石毛克幸,,11.4,1/8車輪,,0,0
123420261003,2026100334,12,6,3,015243,小林泰正,,11.7,1車身,,0,0
123420261003,2026100334,12,7,6,014664,志村龍己,,11.7,3/4車身,,0,0
014720261003,2026100347,1,1,4,015608,山口多聞,逃,12.0,,,0,1
014720261003,2026100347,1,2,8,013245,佐藤真一,差,11.7,3/4車身,,0,0
014720261003,2026100347,1,3,5,015733,都築巧,,11.9,3/4車身,,0,0
014720261003,2026100347,1,4,1,013762,吉田勇人,,11.9,2車身,,0,0
014720261003,2026100347,1,5,6,015816,伊東佑晟,,11.9,3/4車身,,0,0
014720261003,2026100347,1,6,2,013864,伊藤世哉,,12.0,1/2車身,,1,0
014720261003,2026100347,1,7,7,015842,松本定,,0.0,大差,,0,0
014720261003,2026100347,1,0,3,014264,松尾信太郎,,0.0,,落車,0,0
024720261003,2026100347,2,1,2,014835,窓場千加頼,捲,11.5,,,0,0
024720261003,2026100347,2,2,7,015169,野口裕史,逃,11.7,1/2車輪,,0,1
024720261003,2026100347,2,3,5,014839,山本巨樹,,11.5,1車輪,,0,0
024720261003,2026100347,2,4,1,015046,山本紳貴,,11.7,3/4車輪,,1,0
024720261003,2026100347,2,5,4,013045,岩本和也,,11.4,1/2車輪,,0,0
024720261003,2026100347,2,6,8,014221,古川尚耶,,11.3,1車身,,0,0
024720261003,2026100347,2,7,6,015802,中島竜誠,,11.6,3車身,,0,0
024720261003,2026100347,2,8,3,015416,小笠原光,,11.6,2車身,,0,0
034720261003,2026100347,3,1,7,015066,原口昌平,捲,11.8,,,0,0
034720261003,2026100347,3,2,2,013604,庄子信弘,差,11.6,1/2車身,,0,0
034720261003,2026100347,3,3,1,015014,西田将士,,11.7,1車輪,,1,0
034720261003,2026100347,3,4,6,013230,開坂秀明,,11.7,1/2車身,,0,0
034720261003,2026100347,3,5,4,014177,小堺浩二,,11.6,1/2車輪,,0,0
034720261003,2026100347,3,6,5,014017,大塚玲,,11.7,2車身,,0,0
034720261003,2026100347,3,7,3,013328,萩原孝之,,11.9,1/2車身,,0,0
034720261003,2026100347,3,8,8,015525,鈴木浩太,,13.0,7車身,,0,1
044720261003,2026100347,4,1,9,014441,芦澤辰弘,差,11.9,,,0,0
044720261003,2026100347,4,2,7,014613,黒田淳,差,11.7,1/2車輪,,0,0
044720261003,2026100347,4,3,5,015378,今野有樹,,11.9,1車身,,1,0
044720261003,2026100347,4,4,1,015717,児玉虎之介,,12.6,1/4車輪,,0,1
044720261003,2026100347,4,5,8,014249,鷲田幸司,,12.3,1/2車身,,0,0
044720261003,2026100347,4,6,6,014978,谷口明正,,12.4,1/4車輪,,0,0
044720261003,2026100347,4,7,4,014350,佐藤雅春,,12.1,3/4車輪,,0,0
044720261003,2026100347,4,0,2,015334,朝倉智仁,,0.0,,失格,0,0
044720261003,2026100347,4,0,3,015643,小川将二郎,,0.0,,落車,0,0
054720261003,2026100347,5,1,3,015609,安倍大成,捲,11.5,,,1,0
054720261003,2026100347,5,2,2,015329,板垣昴,逃,11.8,3車身,,0,1
054720261003,2026100347,5,3,1,015269,佐山寛明,,11.4,1車身,,0,0
054720261003,2026100347,5,4,4,014712,泉慶輔,,11.9,1/2車身,,0,0
054720261003,2026100347,5,5,8,014096,伊藤成紀,,11.6,1/4車輪,,0,0
054720261003,2026100347,5,6,7,014370,阿部大樹,,11.8,3/4車輪,,0,0
054720261003,2026100347,5,7,5,013443,大坪功一,,11.6,1車輪,,0,0
054720261003,2026100347,5,8,6,014137,房州輝也,,11.7,1車身1/2,,0,0
054720261003,2026100347,5,9,9,015476,緒方将樹,,11.9,1/2車身,,0,0
064720261003,2026100347,6,1,7,013410,伊勢崎彰大,差,11.7,,,0,0
064720261003,2026100347,6,2,9,014995,渡邉雄太,差,11.8,1/2車輪,,0,0
064720261003,2026100347,6,3,4,014108,山中貴雄,,11.5,1/2車輪,,0,0
064720261003,2026100347,6,4,1,015896,丸山留依,,12.2,1車身1/2,,1,1
064720261003,2026100347,6,5,2,014599,松岡篤哉,,11.4,1/4車輪,,0,0
064720261003,2026100347,6,6,3,015122,島川将貴,,11.8,3/4車身,,0,0
064720261003,2026100347,6,7,6,014053,鈴木謙太郎,,11.5,3/4車輪,,0,0
064720261003,2026100347,6,8,8,013335,坂上樹大,,11.4,1/2車身,,0,0
064720261003,2026100347,6,9,5,015342,福田滉,,11.6,3/4車身,,0,0
074720261003,2026100347,7,1,1,014860,吉澤純平,差,11.8,,,0,0
074720261003,2026100347,7,2,8,014576,中田雄喜,マ,11.7,1/2車身,,0,0
074720261003,2026100347,7,3,7,013637,笠松信幸,,11.7,1車身1/2,,0,0
074720261003,2026100347,7,4,5,014942,清水剛志,,11.6,1/8車輪,,1,0
074720261003,2026100347,7,5,4,015347,武田亮,,12.2,1車輪,,0,1
074720261003,2026100347,7,6,6,015366,張野幸聖,,11.8,3/4車身,,0,0
074720261003,2026100347,7,7,9,013737,筒井敦史,,11.5,1/4車輪,,0,0
074720261003,2026100347,7,8,2,014182,大川龍二,,11.9,2車身,,0,0
074720261003,2026100347,7,9,3,014168,高橋和也,,12.6,4車身,,0,0
084720261003,2026100347,8,1,7,015179,皿屋豊,差,11.7,,,0,0
084720261003,2026100347,8,2,1,015628,村田祐樹,逃,11.9,3/4車輪,,1,1
084720261003,2026100347,8,3,9,015441,鈴木陸来,,11.6,1車身,,0,0
084720261003,2026100347,8,4,2,013772,岡村潤,,11.5,1/4車輪,,0,0
084720261003,2026100347,8,5,3,015199,田尾駿介,,11.1,1車身,,0,0
084720261003,2026100347,8,6,6,014208,安部貴之,,11.6,1車身,,0,0
084720261003,2026100347,8,7,5,015067,瀬戸晋作,,11.5,3/4車輪,,0,0
084720261003,2026100347,8,8,4,015002,神田龍,,11.3,1車身,,0,0
084720261003,2026100347,8,9,8,015198,今村麟太郎,,11.9,5車身,,0,0
094720261003,2026100347,9,1,7,013963,柏野智典,差,11.9,,,0,0
094720261003,2026100347,9,2,1,015638,昼田達哉,逃,12.0,3/4車輪,,1,1
094720261003,2026100347,9,3,2,014588,柿澤大貴,,11.7,1/2車輪,,0,0
094720261003,2026100347,9,4,4,014617,西岡拓朗,,11.8,1/8車輪,,0,0
094720261003,2026100347,9,5,8,014286,関貴之,,11.6,1/4車輪,,0,0
094720261003,2026100347,9,6,9,014398,藤田勝也,,11.9,1車身1/2,,0,0
094720261003,2026100347,9,7,6,013622,白岩大助,,11.7,1/4車輪,,0,0
094720261003,2026100347,9,8,5,014944,栗山俊介,,11.9,1車身,,0,0
094720261003,2026100347,9,9,3,015826,久田朔,,12.6,4車身,,0,0
104720261003,2026100347,10,1,9,014794,阿部力也,差,11.3,,,0,0
104720261003,2026100347,10,2,7,015037,鈴木竜士,差,11.7,1車輪,,0,0
104720261003,2026100347,10,3,2,015356,杉浦侑吾,,11.8,1車輪,,0,1
104720261003,2026100347,10,4,3,013982,五日市誠,,11.2,1/2車輪,,0,0
104720261003,2026100347,10,5,1,014940,谷口遼平,,11.0,3/4車輪,,1,0
104720261003,2026100347,10,6,4,015620,纐纈洸翔,,10.9,1/4車輪,,0,0
104720261003,2026100347,10,7,5,014809,恩田淳平,,11.7,3/4車身,,0,0
104720261003,2026100347,10,8,8,014122,松岡貴久,,11.4,5車身,,0,0
104720261003,2026100347,10,9,6,015690,斉藤樂,,12.6,6車身,,0,0
114720261003,2026100347,11,1,5,015035,阿部拓真,差,11.6,,,0,0
114720261003,2026100347,11,2,1,015034,新山響平,逃,11.8,1/2車輪,,0,1
114720261003,2026100347,11,3,4,014523,東龍之介,,11.1,3/4車輪,,0,0
114720261003,2026100347,11,4,2,015439,佐々木眞也,,11.3,1車輪,,1,0
114720261003,2026100347,11,5,7,012339,内藤宣彦,,11.6,1/2車輪,,0,0
114720261003,2026100347,11,6,6,012669,伊藤正樹,,11.0,1/2車身,,0,0
114720261003,2026100347,11,7,3,015006,石塚輪太郎,,11.1,1/2車輪,,0,0
114720261003,2026100347,11,8,9,015261,松井宏佑,,11.5,1/8車輪,,0,0
114720261003,2026100347,11,9,8,014691,東矢昇太,,11.8,2車身,,0,0
124720261003,2026100347,12,1,5,014089,浅井康太,差,11.3,,,0,0
124720261003,2026100347,12,2,1,014741,郡司浩平,捲,11.5,1/2車身,,1,1
124720261003,2026100347,12,3,6,014537,西村光太,,11.3,1/8車輪,,0,0
124720261003,2026100347,12,4,7,014113,北津留翼,,11.2,3/4車身,,0,0
124720261003,2026100347,12,5,3,015383,原井博斗,,11.2,1/2車身,,0,0
124720261003,2026100347,12,6,4,014545,岡崎智哉,,11.5,1/2車身,,0,0
124720261003,2026100347,12,7,2,015125,佐々木豪,,11.5,1/2車輪,,0,0
124720261003,2026100347,12,8,8,015832,角宗哉,,11.9,2車身,,0,0
124720261003,2026100347,12,9,9,015822,谷内健太,,12.3,5車身,,0,0
018320261003,2026100383,1,1,4,014765,樫村伸平,差,12.3,,,0,0
018320261003,2026100383,1,2,3,014780,古川大輔,逃,12.8,3/4車身,,0,1
018320261003,2026100383,1,3,2,014275,喜納隆志,,12.6,1/2車身,,0,0
018320261003,2026100383,1,4,7,012754,小野祐作,,12.7,1/8車輪,,0,0
018320261003,2026100383,1,5,6,013513,南和夫,,12.5,1車身,,0,0
018320261003,2026100383,1,6,1,014948,斎藤敦,,13.1,3車身,,1,0
018320261003,2026100383,1,7,5,015295,篠田樹,,14.4,大差,,0,0
028320261003,2026100383,2,1,1,014686,秋永昂人,差,12.1,,,0,0
028320261003,2026100383,2,2,6,015571,吉田悟,逃,12.5,1/2車輪,,0,1
028320261003,2026100383,2,3,2,013206,岡崎和久,,12.0,3/4車身,,0,0
028320261003,2026100383,2,4,3,014555,水木裕聡,,12.2,1/2車輪,,0,0
028320261003,2026100383,2,5,7,015900,花田雄飛,,12.2,3/4車身,,0,0
028320261003,2026100383,2,6,4,013505,住村実,,12.0,1/8車輪,,1,0
028320261003,2026100383,2,7,5,015300,ラモスレオ,,12.7,4車身,,0,0
038320261003,2026100383,3,1,3,013796,陶器一馬,差,12.2,,,0,0
038320261003,2026100383,3,2,6,015542,中嶋樹,差,12.4,1/4車輪,,0,0
038320261003,2026100383,3,3,5,016017,白濱蓮,,12.8,3/4車輪,,0,1
038320261003,2026100383,3,4,4,014093,窪田陽介,,12.3,3/4車身,,1,0
038320261003,2026100383,3,5,2,012208,鰐渕正利,,12.3,3/4車身,,0,0
038320261003,2026100383,3,6,1,013802,大林亮介,,12.4,タイヤ,,0,0
038320261003,2026100383,3,7,7,012976,中井修,,12.5,2車身,,0,0
048320261003,2026100383,4,1,4,016032,栗山百花,逃,13.0,,,0,1
048320261003,2026100383,4,2,5,014925,大和久保美,マ,13.1,1車輪,,0,0
048320261003,2026100383,4,3,7,015773,枝光美奈,,12.9,1/2車身,,1,0
048320261003,2026100383,4,4,2,015314,向井円,,13.0,2車身,,0,0
048320261003,2026100383,4,5,1,015079,日野友葵,,13.0,2車身,,0,0
048320261003,2026100383,4,6,6,016038,仲井リコ,,13.4,8車身,,0,0
048320261003,2026100383,4,0,3,015082,高橋朋恵,,0.0,,落車,0,0
058320261003,2026100383,5,1,4,015534,牛田樹希斗,捲,12.1,,,0,0
058320261003,2026100383,5,2,5,014449,片折勇輝,差,12.1,1車輪,,1,0
058320261003,2026100383,5,3,7,013041,三浦稔希,,12.0,1車身1/2,,0,0
058320261003,2026100383,5,4,1,013587,船曳義之,,12.1,1/4車輪,,0,0
058320261003,2026100383,5,5,3,012681,辻力,,12.0,1車身1/2,,0,0
058320261003,2026100383,5,6,2,015753,枝村弘樹,,12.6,1車輪,,0,1
058320261003,2026100383,5,7,6,012242,穴井利久,,12.4,2車身,,0,0
068320261003,2026100383,6,1,5,015914,西森一稀,逃,12.1,,,0,1
068320261003,2026100383,6,2,4,013363,宇根秀俊,差,11.9,7車身,,0,0
068320261003,2026100383,6,3,7,014615,藤原亮太,,12.2,1/4車輪,,0,0
068320261003,2026100383,6,4,1,013348,内藤敦,,12.1,1/4車輪,,1,0
068320261003,2026100383,6,5,2,014563,興呂木雄治,,12.0,1車身1/2,,0,0
068320261003,2026100383,6,6,6,013201,北川紋部,,12.1,2車身,,0,0
068320261003,2026100383,6,7,3,014094,有馬雄二,,12.2,1車身1/2,,0,0
078320261003,2026100383,7,1,5,015926,諸隈健太郎,逃,12.0,,,0,1
078320261003,2026100383,7,2,1,015560,林昴,マ,11.9,3/4車輪,,0,0
078320261003,2026100383,7,3,7,013155,四元慎也,,11.9,1車身1/2,,0,0
078320261003,2026100383,7,4,4,011854,紫原政文,,12.0,1/2車身,,0,0
078320261003,2026100383,7,5,3,014193,玉手翔,,12.0,3/4車身,,0,0
078320261003,2026100383,7,6,6,014749,山田哲也,,12.1,3車身,,0,0
078320261003,2026100383,7,7,2,014953,和田誠寿,,12.9,5車身,,1,0
088320261003,2026100383,8,1,3,015377,蒋野翔太,捲,12.1,,,0,0
088320261003,2026100383,8,2,4,015809,高野信元,捲,11.7,3/4車輪,,0,0
088320261003,2026100383,8,3,1,012598,大庭正紀,,11.6,1車輪,,1,0
088320261003,2026100383,8,4,2,014333,阿部兼士,,12.3,3/4車輪,,0,0
088320261003,2026100383,8,5,5,014614,高橋清太郎,,12.1,1/2車身,,0,0
088320261003,2026100383,8,6,6,015214,境啓亨,,12.4,3/4車身,,0,0
088320261003,2026100383,8,7,7,015210,白濱一平,,12.7,3/4車身,,0,1
098320261003,2026100383,9,1,2,015993,西澤優聖,捲,11.6,,,0,0
098320261003,2026100383,9,2,1,016008,久保田智之,逃,11.7,3/4車輪,,1,1
098320261003,2026100383,9,3,5,014046,秋山貴宏,,11.7,3/4車身,,0,0
098320261003,2026100383,9,4,7,012832,仙石淳,,11.6,1/4車輪,,0,0
098320261003,2026100383,9,5,4,011622,杉山正和,,11.6,1車身1/2,,0,0
098320261003,2026100383,9,6,6,014407,森佑樹,,11.5,1車身1/2,,0,0
098320261003,2026100383,9,7,3,015637,近藤雄太,,11.8,1車身1/2,,0,0
108320261003,2026100383,10,1,1,015080,児玉碧衣,捲,12.0,,,0,0
108320261003,2026100383,10,2,3,015220,鈴木美教,マ,12.2,3車身,,1,0
108320261003,2026100383,10,3,6,015139,板根茜弥,,12.4,3/4車身,,0,0
108320261003,2026100383,10,4,7,015666,畠山ひすい,,12.6,1/8車輪,,0,1
108320261003,2026100383,10,5,2,015671,小泉夢菜,,12.2,1/4車輪,,0,0
108320261003,2026100383,10,6,5,015679,又多風緑,,12.1,1車身,,0,0
108320261003,2026100383,10,7,4,014896,野口諭実可,,12.4,3車身,,0,0
118320261003,2026100383,11,1,4,015632,常次勇人,捲,11.4,,,0,1
118320261003,2026100383,11,2,1,014565,中村健志,差,11.3,3車身,,1,0
118320261003,2026100383,11,3,2,012829,西浦仙哉,,11.6,1/2車輪,,0,0
118320261003,2026100383,11,4,6,012742,山田雅之,,11.5,1/8車輪,,0,0
118320261003,2026100383,11,5,7,015204,吉田智哉,,11.3,1車身,,0,0
118320261003,2026100383,11,6,5,015751,半田誠,,11.5,1車輪,,0,0
118320261003,2026100383,11,7,3,015545,橋本凌汰,,12.0,4車身,,0,0
013120261003,2026100331,1,1,1,015981,小川佑希也,捲,10.0,,,0,0
013120261003,2026100331,1,2,5,015164,菱沼元樹,逃,10.5,3/4車身,,0,1
013120261003,2026100331,1,3,6,011427,川口秀人,,10.4,1車身,,0,0
013120261003,2026100331,1,4,2,014986,三浦綾,,10.3,1/8車輪,,0,0
013120261003,2026100331,1,5,3,012634,大薗宏,,10.5,1/4車輪,,1,0
013120261003,2026100331,1,6,4,013676,塚本諭,,10.3,1車身1/2,,0,0
013120261003,2026100331,1,7,7,011803,植田誠,,10.6,6車身,,0,0
023120261003,2026100331,2,1,3,014885,戸田康平,逃,10.5,,,0,1
023120261003,2026100331,2,2,7,013359,吉田彰久,マ,10.4,1/2車輪,,0,0
023120261003,2026100331,2,3,2,015260,國井裕樹,,10.2,1/2車身,,1,0
023120261003,2026100331,2,4,4,013588,齋藤仁,,10.4,3/4車身,,0,0
023120261003,2026100331,2,5,6,014301,齋藤輝彦,,10.2,1車輪,,0,0
023120261003,2026100331,2,6,5,016010,駒壽直人,,10.2,2車身,,0,0
023120261003,2026100331,2,0,1,012321,檀雄二,,0.0,,失格,0,0
033120261003,2026100331,3,1,1,015873,十文字悠真,捲,9.8,,,1,1
033120261003,2026100331,3,2,2,015044,平川雅晃,逃,10.2,8車身,,0,0
033120261003,2026100331,3,3,7,011993,深井高志,,10.2,1/4車輪,,0,0
033120261003,2026100331,3,4,4,012876,湯浅弘光,,10.3,1車身1/2,,0,0
033120261003,2026100331,3,5,3,011198,大竹慎吾,,10.2,1車輪,,0,0
033120261003,2026100331,3,6,6,011599,和泉田喜一,,10.2,1/4車輪,,0,0
033120261003,2026100331,3,7,5,013212,岡田浩太,,10.2,2車身,,0,0
043120261003,2026100331,4,1,5,015935,佐藤魁皇,捲,10.2,,,0,1
043120261003,2026100331,4,2,4,014418,安部龍文,マ,10.1,3/4車輪,,0,0
043120261003,2026100331,4,3,1,015974,山下季秦,,10.1,2車身,,1,0
043120261003,2026100331,4,4,7,014363,中川昌久,,10.0,3/4車身,,0,0
043120261003,2026100331,4,5,3,014719,佐川拓也,,10.0,3/4車身,,0,0
043120261003,2026100331,4,6,6,015710,鈴木康平,,9.9,3/4車身,,0,0
043120261003,2026100331,4,7,2,014042,徳吉正治,,11.7,大差,,0,0
053120261003,2026100331,5,1,4,016003,吉岡竜太,逃,9.6,,,0,1
053120261003,2026100331,5,2,7,012910,塩川真一郎,マ,9.6,3/4車身,,0,0
053120261003,2026100331,5,3,1,014550,龍門慎太郎,,9.6,1車身,,1,0
053120261003,2026100331,5,4,2,015253,清水健次,,9.5,1車身,,0,0
053120261003,2026100331,5,5,5,014049,廣田樹里,,9.5,3/4車身,,0,0
053120261003,2026100331,5,6,3,012550,荒木真慈,,9.5,1車身,,0,0
053120261003,2026100331,5,7,6,011790,廣川貞治,,10.7,大差,,0,0
063120261003,2026100331,6,1,5,015866,高木萌那,捲,10.4,,,0,0
063120261003,2026100331,6,2,2,015485,青木美保,差,10.6,1車身1/2,,0,0
063120261003,2026100331,6,3,1,015491,當銘沙恵美,,10.8,1車身1/2,,1,0
063120261003,2026100331,6,4,7,014909,浦部郁里,,10.6,3/4車身,,0,0
063120261003,2026100331,6,5,4,015670,萩原瑞生,,10.5,1/2車身,,0,0
063120261003,2026100331,6,6,6,015585,山本さくら,,11.0,1車輪,,0,1
063120261003,2026100331,6,7,3,014967,杉沢毛伊子,,10.5,3/4車身,,0,0
073120261003,2026100331,7,1,4,015578,飯田風音,捲,10.6,,,0,0
073120261003,2026100331,7,2,2,015313,豊岡英子,マ,10.5,3/4車身,,1,0
073120261003,2026100331,7,3,6,015070,尾崎睦,,10.4,タイヤ,,0,0
073120261003,2026100331,7,4,1,014905,加瀬加奈子,,10.8,1/2車身,,0,1
073120261003,2026100331,7,5,7,015682,渡部遥,,10.2,タイヤ,,0,0
073120261003,2026100331,7,6,3,015133,佐藤友香,,10.5,1車身1/2,,0,0
073120261003,2026100331,7,7,5,015954,北津留千羽,,10.5,1/4車輪,,0,0
013520261003,2026100335,1,1,1,015486,岡本二菜,捲,12.3,,,0,1
013520261003,2026100335,1,2,3,015153,林真奈美,マ,12.2,1/2車身,,0,0
013520261003,2026100335,1,3,2,015308,當銘直美,,12.3,3/4車身,,0,0
013520261003,2026100335,1,4,6,015777,谷元音羽,,12.2,3/4車身,,0,0
013520261003,2026100335,1,5,4,015134,藤巻絵里佳,,12.4,1車身,,0,0
013520261003,2026100335,1,6,5,015851,片岡美奈,,12.3,3/4車身,,0,0
013520261003,2026100335,1,7,7,015766,宮西令奈,,12.4,3/4車輪,,1,0
023520261003,2026100335,2,1,1,015400,久米詩,逃,12.8,,,0,1
023520261003,2026100335,2,2,2,015076,元砂七夕美,マ,12.7,1/4車輪,,0,0
023520261003,2026100335,2,3,4,015310,梶原百香,,12.7,1車身,,0,0
023520261003,2026100335,2,4,6,015071,佐藤亜貴子,,12.7,1/2車身,,1,0
023520261003,2026100335,2,5,7,015945,橋本のこ,,12.7,1車身,,0,0
023520261003,2026100335,2,6,3,015684,安東莉奈,,13.2,2車身,,0,0
023520261003,2026100335,2,7,5,015852,普久原美海,,13.2,1車身,,0,0
033520261003,2026100335,3,1,5,014772,細田純平,差,12.1,,,0,0
033520261003,2026100335,3,2,3,015708,山口直樹,差,12.3,1/4車輪,,0,0
033520261003,2026100335,3,3,2,015890,中秀平,,12.4,3/4車輪,,1,1
033520261003,2026100335,3,4,6,013647,光畑政志,,12.2,1車身,,0,0
033520261003,2026100335,3,5,4,014218,邊見斎,,12.2,2車身,,0,0
033520261003,2026100335,3,6,7,013840,高瀬卓,,12.9,5車身,,0,0
033520261003,2026100335,3,7,1,014216,田村純一,,14.5,大差,,0,0
043520261003,2026100335,4,1,4,013375,五反田豊和,差,12.9,,,0,0
043520261003,2026100335,4,2,1,015936,下山聖斗,逃,13.0,タイヤ,,1,1
043520261003,2026100335,4,3,5,012402,時松正,,12.8,3/4車身,,0,0
043520261003,2026100335,4,4,2,011574,坂本英一,,12.8,3/4車身,,0,0
043520261003,2026100335,4,5,6,013927,高橋由記,,12.7,3/4車身,,0,0
043520261003,2026100335,4,6,3,015977,齊藤宏樹,,13.6,6車身,,0,0
043520261003,2026100335,4,7,7,012986,近藤直幹,,15.9,大差,,0,0
053520261003,2026100335,5,1,2,013743,藤田剣次,差,12.5,,,0,0
053520261003,2026100335,5,2,1,016016,西原裕太郎,逃,12.7,1/4車輪,,1,1
053520261003,2026100335,5,3,7,011665,倉岡慎太郎,,12.5,1車身,,0,0
053520261003,2026100335,5,4,4,014349,佐藤純嘉,,12.3,1/2車輪,,0,0
053520261003,2026100335,5,5,3,014124,石田宏樹,,12.5,1/2車身,,0,0
053520261003,2026100335,5,6,5,014064,吉松賢二,,12.3,1車身1/2,,0,0
053520261003,2026100335,5,7,6,013684,吉橋秀城,,12.4,2車身,,0,0
063520261003,2026100335,6,1,1,015523,邊見祐太,逃,11.9,,,0,1
063520261003,2026100335,6,2,2,016013,森下龍之介,逃,11.7,3/4車輪,,1,0
063520261003,2026100335,6,3,3,014774,阿部弘,,11.6,1/2車身,,0,0
063520261003,2026100335,6,4,5,013965,岡田雅也,,11.6,1車身,,0,0
063520261003,2026100335,6,5,4,014516,村松俊弥,,11.5,1車身,,0,0
063520261003,2026100335,6,6,6,014015,米倉剛志,,11.5,1/2車身,,0,0
063520261003,2026100335,6,7,7,013847,小林大能,,11.7,3車身,,0,0
073520261003,2026100335,7,1,1,015371,田上晃也,逃,12.1,,,1,1
073520261003,2026100335,7,2,2,014261,作田悦章,マ,12.0,1/4車輪,,0,0
073520261003,2026100335,7,3,6,012626,原司,,12.0,3/4車身,,0,0
073520261003,2026100335,7,4,3,015984,藤岡祐馬,,11.9,3/4車身,,0,0
073520261003,2026100335,7,5,5,014357,佐藤康恭,,11.9,1/4車輪,,0,0
073520261003,2026100335,7,6,4,012432,石井孝,,11.9,1車身1/2,,0,0
073520261003,2026100335,7,7,7,011994,藤光健一,,12.0,2車身,,0,0
017320261003,2026100373,1,1,4,015879,西本健三郎,逃,12.4,,,1,1
017320261003,2026100373,1,2,2,014230,山田義彦,マ,12.3,微差,,0,0
017320261003,2026100373,1,3,5,015330,伊藤奎,,12.2,1車身,,0,0
017320261003,2026100373,1,4,1,015561,原井剣也,,12.5,1/2車身,,0,0
017320261003,2026100373,1,5,7,014695,山口茂,,12.1,1/4車輪,,0,0
017320261003,2026100373,1,6,3,014623,飯田裕次,,12.5,3/4車輪,,0,0
017320261003,2026100373,1,7,6,015481,山川奨太,,12.3,1/4車輪,,0,0
027320261003,2026100373,2,1,4,015568,田川翔琉,差,12.1,,,0,0
027320261003,2026100373,2,2,1,013834,平石浩之,差,12.4,3/4車身,,1,0
027320261003,2026100373,2,3,2,015792,貝原涼太,,12.5,微差,,0,1
027320261003,2026100373,2,4,3,013971,内山拓,,12.0,1/8車輪,,0,0
027320261003,2026100373,2,5,5,012823,遠藤勝行,,12.0,3/4車身,,0,0
027320261003,2026100373,2,6,6,013179,飯島淳,,12.4,1車輪,,0,0
027320261003,2026100373,2,7,7,015100,渡邊颯太,,13.9,大差,,0,0
037320261003,2026100373,3,1,2,015929,鶴淳志,捲,11.7,,,0,1
037320261003,2026100373,3,2,3,015084,菅田謙仁,マ,11.7,3/4車身,,1,0
037320261003,2026100373,3,3,7,013984,栗林巧,,11.5,1/4車輪,,0,0
037320261003,2026100373,3,4,6,015011,吉岡伸太郎,,11.4,2車身,,0,0
037320261003,2026100373,3,5,1,014270,小原将通,,11.5,1/8車輪,,0,0
037320261003,2026100373,3,6,4,013075,平総一,,11.5,1/2車身,,0,0
037320261003,2026100373,3,7,5,013434,石黒健,,11.4,3/4車身,,0,0
047320261003,2026100373,4,1,1,014525,三ッ井武,差,12.5,,,1,0
047320261003,2026100373,4,2,3,013353,吉永好宏,マ,12.3,1車輪,,0,0
047320261003,2026100373,4,3,2,015353,松坂侑亮,,12.7,1車輪,,0,1
047320261003,2026100373,4,4,5,014784,萱島大介,,12.3,1/2車身,,0,0
047320261003,2026100373,4,5,4,014320,在本直樹,,12.3,1車身,,0,0
047320261003,2026100373,4,6,6,013925,黒田篤,,12.3,タイヤ,,0,0
047320261003,2026100373,4,7,7,015699,助川翔太郎,,13.0,9車身,,0,0
057320261003,2026100373,5,1,4,013979,竹内優也,捲,12.0,,,0,0
057320261003,2026100373,5,2,2,015607,中山拓人,逃,12.6,3/4車輪,,0,1
057320261003,2026100373,5,3,1,014452,長井優斗,,12.4,1/8車輪,,0,0
057320261003,2026100373,5,4,3,014845,表原周,,12.3,3/4車輪,,1,0
057320261003,2026100373,5,5,6,014887,板崎佑矢,,12.2,1車身,,0,0
057320261003,2026100373,5,6,5,015831,三木健正,,12.6,1車輪,,0,0
057320261003,2026100373,5,7,7,013668,佐々木孝司,,12.5,7車身,,0,0
067320261003,2026100373,6,1,2,015010,吉川嘉斗,差,12.5,,,0,0
067320261003,2026100373,6,2,4,015658,長松大祐,逃,12.8,1車身,,0,1
067320261003,2026100373,6,3,1,015505,荻原寿嗣,,12.7,1/4車輪,,0,0
067320261003,2026100373,6,4,3,012546,神開将暢,,12.7,1/2車輪,,0,0
067320261003,2026100373,6,5,7,012844,米澤大輔,,12.9,4車身,,0,0
067320261003,2026100373,6,6,6,014411,小谷文康,,12.9,1車身,,0,0
067320261003,2026100373,6,0,5,013069,白川有司,,0.0,,落車,0,0
077320261003,2026100373,7,1,3,015120,竹内翼,捲,12.1,,,0,0
077320261003,2026100373,7,2,4,015280,藤井將,マ,12.1,3/4車身,,0,0
077320261003,2026100373,7,3,6,012811,江守昇,,12.3,2車身,,0,0
077320261003,2026100373,7,4,5,012728,飯田辰哉,,12.4,微差,,0,0
077320261003,2026100373,7,5,7,014119,中村雅仁,,11.8,1車身1/2,,0,0
077320261003,2026100373,7,6,1,014714,橋本智昭,,12.1,3/4車輪,,1,0
077320261003,2026100373,7,7,2,015176,望月一成,,12.8,1車身,,0,1
018420261003,2026100384,1,1,4,014300,上野真吾,差,12.0,,,0,0
018420261003,2026100384,1,2,1,015345,浅見隼,捲,11.9,1車輪,,0,0
018420261003,2026100384,1,3,2,015483,谷元奎心,,11.8,1/4車輪,,0,0
018420261003,2026100384,1,4,5,014891,小岩哲也,,11.8,3/4車身,,0,0
018420261003,2026100384,1,5,6,015181,栗田万生,,12.3,1/4車輪,,0,1
018420261003,2026100384,1,5,7,012779,田川辰二,,11.7,1/4車輪,,0,0
018420261003,2026100384,1,7,3,012763,内村泰三,,11.9,3/4車身,,1,0
028420261003,2026100384,2,1,3,014331,栗田貴徳,差,11.9,,,0,0
028420261003,2026100384,2,2,2,015726,龍野琳太郎,逃,11.9,1/4車輪,,1,1
028420261003,2026100384,2,3,7,013594,高田真幸,,11.7,1/2車身,,0,0
028420261003,2026100384,2,4,1,013473,大塚英伸,,11.4,1車輪,,0,0
028420261003,2026100384,2,5,4,013423,増田利明,,11.5,微差,,0,0
028420261003,2026100384,2,6,5,014985,竹山慶太,,11.5,2車身,,0,0
028420261003,2026100384,2,7,6,014075,松根真,,11.4,3/4車身,,0,0
038420261003,2026100384,3,1,1,015750,徳永泰粋,捲,12.1,,,0,1
038420261003,2026100384,3,2,3,015294,小原亮哉,マ,12.0,3/4車輪,,0,0
038420261003,2026100384,3,3,2,013259,望月紀男,,11.8,1車身1/2,,0,0
038420261003,2026100384,3,4,4,015175,桜井大地,,11.9,1/2車輪,,0,0
038420261003,2026100384,3,5,6,014492,飯塚隼人,,11.8,2車身,,0,0
038420261003,2026100384,3,6,7,015284,田村裕也,,12.1,7車身,,1,0
038420261003,2026100384,3,7,5,015287,山中崇弘,,12.2,2車身,,0,0
048420261003,2026100384,4,1,1,015611,長谷川飛向,差,11.9,,,1,0
048420261003,2026100384,4,2,3,014843,峰重祐之介,差,12.1,1/2車身,,0,0
048420261003,2026100384,4,3,5,014155,佐藤政利,,12.0,1車身,,0,0
048420261003,2026100384,4,4,4,012937,十文字菊雄,,12.0,1/4車輪,,0,0
048420261003,2026100384,4,5,7,015915,柏野健吾,,12.4,1/2車身,,0,1
048420261003,2026100384,4,6,6,014236,本田拓也,,12.0,3/4車輪,,0,0
048420261003,2026100384,4,7,2,015237,太田将成,,13.5,大差,,0,0
058420261003,2026100384,5,1,3,015565,入江航太,捲,11.9,,,1,0
058420261003,2026100384,5,2,6,014687,井上将志,マ,11.8,1/2車身,,0,0
058420261003,2026100384,5,3,2,013568,大木雅也,,11.6,1/2車輪,,0,0
058420261003,2026100384,5,4,4,013652,隅直幸,,12.1,1/4車輪,,0,0
058420261003,2026100384,5,5,1,015797,中島淳,,11.8,1/2車身,,0,0
058420261003,2026100384,5,6,7,012850,渡邉満,,11.8,1車輪,,0,0
058420261003,2026100384,5,7,5,015379,下野義城,,12.3,1/8車輪,,0,1
068420261003,2026100384,6,1,2,013005,小笠原昭太,差,11.7,,,0,0
068420261003,2026100384,6,2,1,015788,平根優大,逃,11.8,1/2車輪,,1,1
068420261003,2026100384,6,3,6,014125,坂本昌宏,,11.6,1/4車輪,,0,0
068420261003,2026100384,6,4,7,014584,井上嵩,,11.7,3車身,,0,0
068420261003,2026100384,6,5,5,013192,平田徹,,11.8,3/4車身,,0,0
068420261003,2026100384,6,6,4,015200,谷口幸司,,12.1,2車身,,0,0
068420261003,2026100384,6,7,3,015737,火島裕輝,,12.2,1/8車輪,,0,0
078420261003,2026100384,7,1,4,015805,山下祐輔,捲,11.3,,,0,0
078420261003,2026100384,7,2,6,015602,比佐宝太,捲,11.8,1車身,,0,0
078420261003,2026100384,7,3,3,014361,真船圭一郎,,11.6,1/8車輪,,0,0
078420261003,2026100384,7,4,5,015424,中村隆生,,11.8,1/4車輪,,0,1
078420261003,2026100384,7,5,1,014339,成松春樹,,11.3,1/2車輪,,0,0
078420261003,2026100384,7,6,2,013693,藤原憲征,,11.8,3/4車輪,,1,0
078420261003,2026100384,7,7,7,014258,片山智晴,,11.8,4車身,,0,0
014720261004,2026100447,1,1,2,015525,鈴木浩太,逃,11.5,,,0,1
014720261004,2026100447,1,2,6,015046,山本紳貴,マ,11.4,タイヤ,,0,0
014720261004,2026100447,1,3,4,013328,萩原孝之,,11.3,3/4車身,,0,0
014720261004,2026100447,1,4,1,015816,伊東佑晟,,11.3,2車身,,1,0
014720261004,2026100447,1,5,5,013045,岩本和也,,11.2,1/4車輪,,0,0
014720261004,2026100447,1,6,3,014137,房州輝也,,11.5,3車身,,0,0
024720261004,2026100447,2,1,7,015476,緒方将樹,逃,11.8,,,0,1
024720261004,2026100447,2,2,3,014017,大塚玲,マ,11.8,1車身,,0,0
024720261004,2026100447,2,3,2,015342,福田滉,,11.4,1車輪,,1,0
024720261004,2026100447,2,4,1,013443,大坪功一,,11.9,1/4車輪,,0,0
024720261004,2026100447,2,5,5,014825,稲葉一真,,11.7,1/2車輪,,0,0
024720261004,2026100447,2,6,4,013864,伊藤世哉,,11.8,1/8車輪,,0,0
024720261004,2026100447,2,7,6,015802,中島竜誠,,11.8,1車身1/2,,0,0
034720261004,2026100447,3,1,1,014221,古川尚耶,差,11.6,,,0,0
034720261004,2026100447,3,2,3,013230,開坂秀明,差,11.3,1/8車輪,,0,0
034720261004,2026100447,3,3,2,014177,小堺浩二,,11.4,1/2車輪,,0,0
034720261004,2026100447,3,4,5,014053,鈴木謙太郎,,11.8,1/2車身,,0,1
034720261004,2026100447,3,5,4,013335,坂上樹大,,11.3,3/4車身,,0,0
034720261004,2026100447,3,6,6,013762,吉田勇人,,11.5,3車身,,0,0
034720261004,2026100447,3,7,7,015416,小笠原光,,12.8,7車身,,1,0
044720261004,2026100447,4,1,7,013737,筒井敦史,差,11.9,,,0,0
044720261004,2026100447,4,2,4,015002,神田龍,マ,11.8,1/2車身,,0,0
044720261004,2026100447,4,3,1,015122,島川将貴,,12.1,1車輪,,0,1
044720261004,2026100447,4,4,9,015014,西田将士,,11.9,1車身,,0,0
044720261004,2026100447,4,5,8,013245,佐藤真一,,11.9,2車身,,0,0
044720261004,2026100447,4,6,3,013604,庄子信弘,,11.8,3/4車輪,,0,0
044720261004,2026100447,4,7,2,015717,児玉虎之介,,12.5,4車身,,1,0
044720261004,2026100447,4,8,6,014978,谷口明正,,12.7,3車身,,0,0
044720261004,2026100447,4,9,5,015896,丸山留依,,12.8,5車身,,0,0
054720261004,2026100447,5,1,5,014182,大川龍二,差,11.5,,,0,0
054720261004,2026100447,5,2,9,014835,窓場千加頼,差,11.4,1車身,,0,0
054720261004,2026100447,5,3,8,014370,阿部大樹,,11.5,微差,,0,0
054720261004,2026100447,5,4,3,015066,原口昌平,,11.8,3/4車身,,0,1
054720261004,2026100447,5,5,2,014168,高橋和也,,11.5,1/2車身,,1,0
054720261004,2026100447,5,6,7,014599,松岡篤哉,,11.4,3/4車輪,,0,0
054720261004,2026100447,5,7,6,014096,伊藤成紀,,11.5,3/4車輪,,0,0
054720261004,2026100447,5,8,1,014944,栗山俊介,,11.5,1車身,,0,0
054720261004,2026100447,5,9,4,015608,山口多聞,,12.1,2車身,,0,0
064720261004,2026100447,6,1,2,015826,久田朔,差,12.2,,,1,0
064720261004,2026100447,6,2,3,015733,都築巧,マ,12.1,1車輪,,0,0
064720261004,2026100447,6,3,4,015198,今村麟太郎,,12.5,1/2車輪,,0,1
064720261004,2026100447,6,4,7,014839,山本巨樹,,12.1,3/4車身,,0,0
064720261004,2026100447,6,5,8,014249,鷲田幸司,,12.0,1/8車輪,,0,0
064720261004,2026100447,6,6,9,015067,瀬戸晋作,,12.0,1車身1/2,,0,0
064720261004,2026100447,6,7,6,013622,白岩大助,,12.0,1車身1/2,,0,0
064720261004,2026100447,6,8,5,015169,野口裕史,,13.7,大差,,0,0
064720261004,2026100447,6,9,1,014712,泉慶輔,,13.5,9車身,,0,0
074720261004,2026100447,7,1,7,014122,松岡貴久,差,11.7,,,0,0
074720261004,2026100447,7,2,2,015006,石塚輪太郎,捲,11.6,1/2車身,,0,0
074720261004,2026100447,7,3,3,014995,渡邉雄太,,11.5,3/4車輪,,0,0
074720261004,2026100447,7,4,4,014691,東矢昇太,,11.7,1/2車輪,,0,0
074720261004,2026100447,7,5,5,015690,斉藤樂,,12.1,1/2車輪,,0,1
074720261004,2026100447,7,6,9,014942,清水剛志,,11.5,1/2車身,,0,0
074720261004,2026100447,7,7,8,015378,今野有樹,,11.6,1車輪,,1,0
074720261004,2026100447,7,8,6,014108,山中貴雄,,11.8,3車身,,0,0
074720261004,2026100447,7,9,1,015832,角宗哉,,12.3,3車身,,0,0
084720261004,2026100447,8,1,7,015347,武田亮,捲,11.5,,,0,0
084720261004,2026100447,8,2,3,014441,芦澤辰弘,マ,11.5,1車身,,1,0
084720261004,2026100447,8,3,5,015261,松井宏佑,,11.3,3/4車輪,,0,0
084720261004,2026100447,8,4,1,013772,岡村潤,,11.2,1車輪,,0,0
084720261004,2026100447,8,5,4,014617,西岡拓朗,,11.6,1/2車輪,,0,0
084720261004,2026100447,8,6,9,014398,藤田勝也,,11.7,3/4車輪,,0,0
084720261004,2026100447,8,7,2,015822,谷内健太,,11.8,1/4車輪,,0,1
084720261004,2026100447,8,8,8,014286,関貴之,,11.6,1/2車身,,0,0
084720261004,2026100447,8,9,6,014208,安部貴之,,11.5,3車身,,0,0
094720261004,2026100447,9,1,9,015199,田尾駿介,差,11.2,,,0,0
094720261004,2026100447,9,2,1,015125,佐々木豪,捲,11.3,1/2車輪,,0,0
094720261004,2026100447,9,3,2,014809,恩田淳平,,11.6,3車身,,0,0
094720261004,2026100447,9,4,8,014613,黒田淳,,11.5,1車身1/2,,0,0
094720261004,2026100447,9,5,6,015366,張野幸聖,,11.6,3/4車身,,1,0
094720261004,2026100447,9,6,4,015269,佐山寛明,,11.5,3/4車輪,,0,0
094720261004,2026100447,9,7,7,015609,安倍大成,,11.9,タイヤ,,0,1
094720261004,2026100447,9,8,5,013410,伊勢崎彰大,,11.2,1/8車輪,,0,0
094720261004,2026100447,9,9,3,015329,板垣昴,,11.4,3/4車身,,0,0
104720261004,2026100447,10,1,7,015620,纐纈洸翔,差,11.4,,,0,0
104720261004,2026100447,10,2,8,015628,村田祐樹,逃,11.7,3/4車輪,,0,1
104720261004,2026100447,10,3,3,013637,笠松信幸,,11.3,3/4車輪,,1,0
104720261004,2026100447,10,4,9,015439,佐々木眞也,,10.9,1/8車輪,,0,0
104720261004,2026100447,10,5,6,014576,中田雄喜,,11.2,1/2車輪,,0,0
104720261004,2026100447,10,6,1,014113,北津留翼,,10.6,タイヤ,,0,0
104720261004,2026100447,10,7,4,015441,鈴木陸来,,11.1,1車身,,0,0
104720261004,2026100447,10,8,2,013982,五日市誠,,11.5,1/2車身,,0,0
104720261004,2026100447,10,9,5,013963,柏野智典,,10.8,2車身,,0,0
114720261004,2026100447,11,1,1,015179,皿屋豊,差,11.6,,,1,0
114720261004,2026100447,11,2,7,014545,岡崎智哉,捲,11.3,1/2車身,,0,0
114720261004,2026100447,11,3,2,012339,内藤宣彦,,11.2,3/4車身,,0,0
114720261004,2026100447,11,4,9,015383,原井博斗,,11.0,1車輪,,0,0
114720261004,2026100447,11,5,3,014860,吉澤純平,,11.7,3/4車身,,0,0
114720261004,2026100447,11,6,5,014940,谷口遼平,,11.9,1/4車輪,,0,1
114720261004,2026100447,11,7,4,015638,昼田達哉,,11.3,3/4車身,,0,0
114720261004,2026100447,11,8,8,014588,柿澤大貴,,11.7,1/4車輪,,0,0
114720261004,2026100447,11,9,6,012669,伊藤正樹,,12.0,2車身,,0,0
124720261004,2026100447,12,1,1,014741,郡司浩平,捲,11.0,,,0,0
124720261004,2026100447,12,2,7,015034,新山響平,逃,11.3,3/4車輪,,0,1
124720261004,2026100447,12,3,3,014794,阿部力也,,11.1,1車輪,,1,0
124720261004,2026100447,12,4,9,015035,阿部拓真,,11.3,1車輪,,0,0
124720261004,2026100447,12,5,2,014089,浅井康太,,11.0,3/4車身,,0,0
124720261004,2026100447,12,6,8,014523,東龍之介,,11.1,1/2車輪,,0,0
124720261004,2026100447,12,7,6,014537,西村光太,,11.0,3/4車身,,0,0
124720261004,2026100447,12,8,5,015037,鈴木竜士,,11.2,3車身,,0,0
124720261004,2026100447,12,9,4,015356,杉浦侑吾,,12.4,8車身,,0,0
013120261004,2026100431,1,1,2,014049,廣田樹里,捲,10.5,,,0,0
013120261004,2026100431,1,2,3,015710,鈴木康平,逃,10.7,1/4車輪,,0,1
013120261004,2026100431,1,3,5,011599,和泉田喜一,,10.5,3/4車身,,0,0
013120261004,2026100431,1,4,1,014301,齋藤輝彦,,10.6,1/4車輪,,1,0
013120261004,2026100431,1,5,4,014042,徳吉正治,,10.7,3車身,,0,0
023120261004,2026100431,2,1,3,016010,駒壽直人,逃,10.1,,,0,1
023120261004,2026100431,2,2,4,012550,荒木真慈,マ,10.0,1/2車輪,,0,0
023120261004,2026100431,2,3,6,011198,大竹慎吾,,10.0,1車身1/2,,0,0
023120261004,2026100431,2,4,5,013676,塚本諭,,10.0,2車身,,0,0
023120261004,2026100431,2,5,1,014719,佐川拓也,,12.6,大差,,1,0
023120261004,2026100431,2,0,2,011790,廣川貞治,,0.0,,欠車,0,0
033120261004,2026100431,3,1,7,014885,戸田康平,逃,10.2,,,0,1
033120261004,2026100431,3,2,1,012910,塩川真一郎,マ,10.2,1/2車身,,1,0
033120261004,2026100431,3,3,2,015873,十文字悠真,,10.0,1/2車身,,0,0
033120261004,2026100431,3,4,3,015974,山下季秦,,10.1,1/2車輪,,0,0
033120261004,2026100431,3,5,5,014550,龍門慎太郎,,10.2,1車輪,,0,0
033120261004,2026100431,3,6,6,014986,三浦綾,,10.0,1車身,,0,0
033120261004,2026100431,3,7,4,012634,大薗宏,,12.7,大差,,0,0
043120261004,2026100431,4,1,7,015935,佐藤魁皇,逃,10.2,,,1,1
043120261004,2026100431,4,2,3,014418,安部龍文,マ,10.1,1/2車輪,,0,0
043120261004,2026100431,4,3,5,015981,小川佑希也,,9.8,3/4車輪,,0,0
043120261004,2026100431,4,4,6,011427,川口秀人,,10.2,1車身1/2,,0,0
043120261004,2026100431,4,5,1,012876,湯浅弘光,,9.9,1車輪,,0,0
043120261004,2026100431,4,6,2,014363,中川昌久,,10.1,1車身1/2,,0,0
043120261004,2026100431,4,7,4,015044,平川雅晃,,10.5,3車身,,0,0
053120261004,2026100431,5,1,2,016003,吉岡竜太,捲,10.0,,,1,1
053120261004,2026100431,5,2,3,015260,國井裕樹,捲,10.0,4車身,,0,0
053120261004,2026100431,5,3,1,015164,菱沼元樹,,10.5,2車身,,0,0
053120261004,2026100431,5,4,7,015253,清水健次,,10.5,1/2車身,,0,0
053120261004,2026100431,5,5,5,011993,深井高志,,10.4,1車身,,0,0
053120261004,2026100431,5,6,4,013359,吉田彰久,,10.5,1車身,,0,0
053120261004,2026100431,5,7,6,013588,齋藤仁,,10.5,1車輪,,0,0
063120261004,2026100431,6,1,3,015866,高木萌那,逃,10.5,,,0,1
063120261004,2026100431,6,2,6,015954,北津留千羽,マ,10.5,3/4車身,,1,0
063120261004,2026100431,6,3,2,015670,萩原瑞生,,10.6,3車身,,0,0
063120261004,2026100431,6,4,1,014909,浦部郁里,,10.4,1/2車身,,0,0
063120261004,2026100431,6,5,7,015313,豊岡英子,,10.6,1/4車輪,,0,0
063120261004,2026100431,6,6,4,015491,當銘沙恵美,,10.6,1車身,,0,0
063120261004,2026100431,6,7,5,015133,佐藤友香,,10.5,3/4車輪,,0,0
073120261004,2026100431,7,1,5,015070,尾崎睦,差,10.3,,,0,0
073120261004,2026100431,7,2,6,015578,飯田風音,捲,10.4,1/4車輪,,0,0
073120261004,2026100431,7,3,3,015682,渡部遥,,10.3,3/4車身,,0,0
073120261004,2026100431,7,4,1,015585,山本さくら,,10.6,1/2車輪,,1,0
073120261004,2026100431,7,5,7,014905,加瀬加奈子,,10.7,1/8車輪,,0,1
073120261004,2026100431,7,6,4,015485,青木美保,,10.7,1車身1/2,,0,0
073120261004,2026100431,7,7,2,014967,杉沢毛伊子,,10.7,1/8車輪,,0,0
013520261004,2026100435,1,1,1,015486,岡本二菜,捲,12.6,,,0,0
013520261004,2026100435,1,2,3,015684,安東莉奈,捲,12.9,1/4車輪,,1,0
013520261004,2026100435,1,3,5,015310,梶原百香,,12.8,1/2車輪,,0,0
013520261004,2026100435,1,4,2,015076,元砂七夕美,,12.7,3/4車身,,0,0
013520261004,2026100435,1,5,7,015766,宮西令奈,,12.4,1/2車身,,0,0
013520261004,2026100435,1,6,4,015134,藤巻絵里佳,,12.6,3/4車輪,,0,0
013520261004,2026100435,1,7,6,015071,佐藤亜貴子,,13.4,3車身,,0,1
023520261004,2026100435,2,1,1,015400,久米詩,逃,12.8,,,0,1
023520261004,2026100435,2,2,2,015308,當銘直美,マ,12.7,3/4車輪,,0,0
023520261004,2026100435,2,3,6,015777,谷元音羽,,12.7,3/4車身,,1,0
023520261004,2026100435,2,4,3,015153,林真奈美,,12.8,1/4車輪,,0,0
023520261004,2026100435,2,5,5,015851,片岡美奈,,12.6,1/2車身,,0,0
023520261004,2026100435,2,6,4,015852,普久原美海,,12.6,1車身1/2,,0,0
023520261004,2026100435,2,7,7,015945,橋本のこ,,12.6,3/4車身,,0,0
033520261004,2026100435,3,1,3,014064,吉松賢二,逃,12.2,,,0,1
033520261004,2026100435,3,2,1,014216,田村純一,捲,11.9,3/4車輪,,0,0
033520261004,2026100435,3,3,5,013927,高橋由記,,12.1,1/2車輪,,0,0
033520261004,2026100435,3,4,2,014218,邊見斎,,11.8,1車輪,,1,0
033520261004,2026100435,3,5,7,013840,高瀬卓,,12.0,1/2車身,,0,0
033520261004,2026100435,3,6,4,014357,佐藤康恭,,11.8,3/4車身,,0,0
033520261004,2026100435,3,7,6,011994,藤光健一,,12.0,1/2車輪,,0,0
043520261004,2026100435,4,1,1,015977,齊藤宏樹,逃,12.5,,,0,1
043520261004,2026100435,4,2,5,013684,吉橋秀城,マ,12.5,3/4車身,,0,0
043520261004,2026100435,4,3,3,014516,村松俊弥,,12.5,3/4車身,,1,0
043520261004,2026100435,4,4,4,014015,米倉剛志,,12.6,1/2車輪,,0,0
043520261004,2026100435,4,5,6,012986,近藤直幹,,12.4,3/4車輪,,0,0
043520261004,2026100435,4,6,7,013847,小林大能,,12.4,1車身,,0,0
043520261004,2026100435,4,7,2,012432,石井孝,,12.8,3車身,,0,0
053520261004,2026100435,5,1,1,016013,森下龍之介,捲,12.1,,,0,0
053520261004,2026100435,5,2,5,014772,細田純平,差,12.4,3車身,,0,0
053520261004,2026100435,5,3,3,014124,石田宏樹,,12.3,3/4車身,,0,0
053520261004,2026100435,5,4,4,013375,五反田豊和,,12.5,2車身,,0,0
053520261004,2026100435,5,5,2,015890,中秀平,,13.3,5車身,,1,1
053520261004,2026100435,5,6,6,013647,光畑政志,,12.9,1/4車輪,,0,0
053520261004,2026100435,5,7,7,012626,原司,,12.8,1車輪,,0,0
063520261004,2026100435,6,1,1,015523,邊見祐太,逃,12.6,,,0,1
063520261004,2026100435,6,2,3,011574,坂本英一,マ,12.6,1車身,,0,0
063520261004,2026100435,6,3,2,016016,西原裕太郎,,12.4,3/4車身,,0,0
063520261004,2026100435,6,4,5,014349,佐藤純嘉,,12.5,1/2車輪,,1,0
063520261004,2026100435,6,5,6,013965,岡田雅也,,12.5,1車輪,,0,0
063520261004,2026100435,6,6,7,011665,倉岡慎太郎,,12.5,1車身1/2,,0,0
063520261004,2026100435,6,7,4,013743,藤田剣次,,12.6,2車身,,0,0
073520261004,2026100435,7,1,3,015936,下山聖斗,捲,11.8,,,0,1
073520261004,2026100435,7,2,5,015708,山口直樹,差,11.8,3車身,,0,0
073520261004,2026100435,7,3,1,015371,田上晃也,,11.9,3/4車身,,1,0
073520261004,2026100435,7,4,6,014774,阿部弘,,11.6,1車身,,0,0
073520261004,2026100435,7,5,4,015984,藤岡祐馬,,12.1,1/8車輪,,0,0
073520261004,2026100435,7,6,7,012402,時松正,,0.0,,,0,0
073520261004,2026100435,7,0,2,014261,作田悦章,,0.0,,失格,0,0
017320261004,2026100473,1,1,1,014623,飯田裕次,差,12.3,,,0,0
017320261004,2026100473,1,2,2,015831,三木健正,逃,12.6,1/2車身,,1,1
017320261004,2026100473,1,3,4,015699,助川翔太郎,,12.2,1/2車輪,,0,0
017320261004,2026100473,1,4,6,014695,山口茂,,12.4,1/2車身,,0,0
017320261004,2026100473,1,5,7,015100,渡邊颯太,,12.6,1/2車身,,0,0
017320261004,2026100473,1,6,3,013654,滝山実,,12.4,3/4車輪,,0,0
017320261004,2026100473,1,7,5,013179,飯島淳,,12.3,1/2車身,,0,0
027320261004,2026100473,2,1,1,015838,森柾斗,逃,12.5,,,0,1
027320261004,2026100473,2,2,7,012844,米澤大輔,マ,12.5,1/2車身,,0,0
027320261004,2026100473,2,3,2,013075,平総一,,12.1,1/4車輪,,0,0
027320261004,2026100473,2,4,4,015481,山川奨太,,12.2,3/4車輪,,0,0
027320261004,2026100473,2,5,3,013434,石黒健,,12.3,3/4車輪,,1,0
027320261004,2026100473,2,6,5,013925,黒田篤,,12.2,2車身,,0,0
027320261004,2026100473,2,7,6,013668,佐々木孝司,,12.9,大差,,0,0
037320261004,2026100473,3,1,4,014845,表原周,捲,11.8,,,0,0
037320261004,2026100473,3,2,3,015330,伊藤奎,差,12.0,3/4車身,,0,0
037320261004,2026100473,3,3,2,013971,内山拓,,11.8,1車身,,0,0
037320261004,2026100473,3,4,6,014887,板崎佑矢,,11.9,1/2車身,,0,0
037320261004,2026100473,3,5,5,014784,萱島大介,,11.7,1/8車輪,,0,0
037320261004,2026100473,3,6,7,013984,栗林巧,,12.1,3/4車身,,0,0
037320261004,2026100473,3,7,1,015792,貝原涼太,,12.4,1車身1/2,,1,1
047320261004,2026100473,4,1,4,015353,松坂侑亮,逃,12.2,,,1,1
047320261004,2026100473,4,2,6,012823,遠藤勝行,マ,12.1,3/4車身,,0,0
047320261004,2026100473,4,3,3,012546,神開将暢,,12.0,1/2車身,,0,0
047320261004,2026100473,4,4,1,015561,原井剣也,,12.3,1/2車身,,0,0
047320261004,2026100473,4,5,7,015011,吉岡伸太郎,,12.0,1/2車身,,0,0
047320261004,2026100473,4,6,2,014270,小原将通,,12.1,1/2車身,,0,0
047320261004,2026100473,4,7,5,014320,在本直樹,,12.1,2車身,,0,0
057320261004,2026100473,5,1,3,012811,江守昇,差,11.9,,,0,0
057320261004,2026100473,5,2,1,015176,望月一成,逃,12.1,1/2車輪,,0,1
057320261004,2026100473,5,3,2,015280,藤井將,,11.9,3/4車身,,0,0
057320261004,2026100473,5,4,6,013353,吉永好宏,,11.9,3/4車身,,0,0
057320261004,2026100473,5,5,7,015658,長松大祐,,12.0,1/2車身,,0,0
057320261004,2026100473,5,6,5,015568,田川翔琉,,11.9,1/4車輪,,1,0
057320261004,2026100473,5,7,4,014452,長井優斗,,11.8,3/4車身,,0,0
067320261004,2026100473,6,1,1,014714,橋本智昭,捲,12.3,,,0,0
067320261004,2026100473,6,2,4,013834,平石浩之,マ,12.1,1/2車身,,0,0
067320261004,2026100473,6,3,5,014230,山田義彦,,12.2,1車身1/2,,0,0
067320261004,2026100473,6,4,3,015505,荻原寿嗣,,12.9,2車身,,0,1
067320261004,2026100473,6,5,2,014119,中村雅仁,,12.2,1車輪,,0,0
067320261004,2026100473,6,6,6,015879,西本健三郎,,12.7,1/2車輪,,0,0
067320261004,2026100473,6,7,7,015929,鶴淳志,,13.1,7車身,,0,0
077320261004,2026100473,7,1,1,015120,竹内翼,捲,11.9,,,0,0
077320261004,2026100473,7,2,2,012728,飯田辰哉,差,12.0,3車身,,0,0
077320261004,2026100473,7,3,5,014525,三ッ井武,,12.0,3/4車身,,1,0
077320261004,2026100473,7,4,4,015607,中山拓人,,12.3,1/2車身,,0,1
077320261004,2026100473,7,5,3,015010,吉川嘉斗,,12.0,1車身,,0,0
077320261004,2026100473,7,6,6,015084,菅田謙仁,,12.0,1/2車輪,,0,0
077320261004,2026100473,7,7,7,013979,竹内優也,,11.9,1車輪,,0,0
018420261004,2026100484,1,1,3,015200,谷口幸司,差,11.8,,,0,0
018420261004,2026100484,1,2,4,015379,下野義城,差,11.9,3/4車輪,,0,0
018420261004,2026100484,1,3,2,015237,太田将成,,11.7,1/2車輪,,0,0
018420261004,2026100484,1,4,5,014075,松根真,,11.7,1車身1/2,,0,0
018420261004,2026100484,1,5,1,012763,内村泰三,,11.6,3/4車輪,,0,0
018420261004,2026100484,1,6,6,015915,柏野健吾,,12.0,2車身,,0,0
018420261004,2026100484,1,7,7,015284,田村裕也,,12.7,1車輪,,1,1
028420261004,2026100484,2,1,6,014492,飯塚隼人,差,12.0,,,0,0
028420261004,2026100484,2,2,1,015737,火島裕輝,差,12.3,1/2車輪,,1,0
028420261004,2026100484,2,3,4,015287,山中崇弘,,12.2,1/2車身,,0,0
028420261004,2026100484,2,4,5,012779,田川辰二,,12.0,1車身,,0,0
028420261004,2026100484,2,5,3,014236,本田拓也,,11.9,1車輪,,0,0
028420261004,2026100484,2,6,7,012850,渡邉満,,12.0,3/4車身,,0,0
028420261004,2026100484,2,7,2,014985,竹山慶太,,12.8,1車身,,0,1
038420261004,2026100484,3,1,1,013473,大塚英伸,差,11.9,,,0,0
038420261004,2026100484,3,2,2,015175,桜井大地,逃,12.0,3/4車輪,,1,1
038420261004,2026100484,3,3,6,014125,坂本昌宏,,11.7,1/2車身,,0,0
038420261004,2026100484,3,4,5,013192,平田徹,,11.9,1/4車輪,,0,0
038420261004,2026100484,3,5,3,013652,隅直幸,,11.9,3/4車身,,0,0
038420261004,2026100484,3,6,4,014891,小岩哲也,,11.6,微差,,0,0
038420261004,2026100484,3,7,7,013594,高田真幸,,14.0,大差,,0,0
048420261004,2026100484,4,1,1,015797,中島淳,逃,11.9,,,1,1
048420261004,2026100484,4,2,5,014155,佐藤政利,マ,11.8,3/4車輪,,0,0
048420261004,2026100484,4,3,4,012937,十文字菊雄,,11.8,3/4車輪,,0,0
048420261004,2026100484,4,4,2,013259,望月紀男,,11.8,1車身,,0,0
048420261004,2026100484,4,5,3,013423,増田利明,,12.0,1/2車身,,0,0
048420261004,2026100484,4,6,6,015181,栗田万生,,12.2,3/4車身,,0,0
048420261004,2026100484,4,7,7,014584,井上嵩,,12.0,4車身,,0,0
058420261004,2026100484,5,1,3,015424,中村隆生,捲,11.6,,,0,0
058420261004,2026100484,5,2,1,014361,真船圭一郎,差,11.8,1車身1/2,,0,0
058420261004,2026100484,5,3,7,014843,峰重祐之介,,11.5,1/2車身,,1,0
058420261004,2026100484,5,4,4,014258,片山智晴,,11.7,1/2車輪,,0,0
058420261004,2026100484,5,5,2,015788,平根優大,,11.9,1/4車輪,,0,1
058420261004,2026100484,5,6,6,014300,上野真吾,,12.0,3車身,,0,0
058420261004,2026100484,5,7,5,015726,龍野琳太郎,,12.4,4車身,,0,0
068420261004,2026100484,6,1,5,015565,入江航太,差,12.0,,,1,0
068420261004,2026100484,6,2,6,015294,小原亮哉,マ,11.9,1/2車身,,0,0
068420261004,2026100484,6,3,4,015345,浅見隼,,12.4,1車身1/2,,0,1
068420261004,2026100484,6,4,3,013568,大木雅也,,11.9,微差,,0,0
068420261004,2026100484,6,5,1,015805,山下祐輔,,12.0,1/2車身,,0,0
068420261004,2026100484,6,6,7,013005,小笠原昭太,,12.0,1車身,,0,0
068420261004,2026100484,6,7,2,015602,比佐宝太,,12.3,1車身,,0,0
078420261004,2026100484,7,1,1,014339,成松春樹,差,11.5,,,1,0
078420261004,2026100484,7,2,2,013693,藤原憲征,差,11.9,1/2車身,,0,0
078420261004,2026100484,7,3,5,015483,谷元奎心,,11.8,1/4車輪,,0,0
078420261004,2026100484,7,4,6,014331,栗田貴徳,,11.8,3/4車身,,0,0
078420261004,2026100484,7,5,7,014687,井上将志,,11.6,1/2車輪,,0,0
078420261004,2026100484,7,6,3,015611,長谷川飛向,,12.3,3/4車身,,0,1
078420261004,2026100484,7,7,4,015750,徳永泰粋,,12.7,8車身,,0,0
011320261004,2026100413,1,1,1,015985,山本真,捲,11.7,,,0,0
011320261004,2026100413,1,2,4,014738,櫻川雅彦,マ,11.8,1車身1/2,,0,0
011320261004,2026100413,1,3,5,014158,本間慎吾,,12.3,1/8車輪,,0,0
011320261004,2026100413,1,4,3,015884,秋山太洋,,12.4,1/8車輪,,1,1
011320261004,2026100413,1,5,7,014388,水野悟志,,11.8,1車身,,0,0
011320261004,2026100413,1,6,6,011346,野崎修一,,12.7,7車身,,0,0
011320261004,2026100413,1,7,2,014154,長岡豪,,13.3,5車身,,0,0
021320261004,2026100413,2,1,2,015958,庄子琢心,逃,12.2,,,1,1
021320261004,2026100413,2,2,5,012858,亀井宏佳,マ,12.2,1車身,,0,0
021320261004,2026100413,2,3,7,014678,樋口有樹郎,,12.0,3/4車身,,0,0
021320261004,2026100413,2,4,3,014099,坂本佳憲,,12.2,3/4車身,,0,0
021320261004,2026100413,2,5,1,013314,鈴木宏章,,12.5,4車身,,0,0
021320261004,2026100413,2,6,4,014931,横田政直,,14.0,大差,,0,0
021320261004,2026100413,2,7,6,014650,佐藤裕輝,,14.8,大差,,0,0
031320261004,2026100413,3,1,7,015968,渡邉拓,差,12.5,,,0,0
031320261004,2026100413,3,2,2,013013,武田靖夫,マ,12.4,3/4車身,,0,0
031320261004,2026100413,3,3,5,013867,樋口奨平,,12.4,3車身,,0,0
031320261004,2026100413,3,4,4,013421,富澤洋祐,,12.7,1車身,,0,0
031320261004,2026100413,3,5,3,014595,瀧本匡平,,13.3,2車身,,0,1
031320261004,2026100413,3,6,1,013776,小塚潤,,12.9,3車身,,1,0
031320261004,2026100413,3,7,6,013531,伊藤司,,13.0,1/2車身,,0,0
041320261004,2026100413,4,1,5,015874,角田吏,逃,12.3,,,0,1
041320261004,2026100413,4,2,1,014802,渡邉正人,マ,12.2,1/2車輪,,1,0
041320261004,2026100413,4,3,6,012559,相良勝美,,12.2,1車身,,0,0
041320261004,2026100413,4,4,4,014866,櫻井利之,,12.1,3/4車身,,0,0
041320261004,2026100413,4,5,3,013255,安坂洋一,,12.2,2車身,,0,0
041320261004,2026100413,4,6,2,011821,中川博文,,12.1,3/4車輪,,0,0
041320261004,2026100413,4,7,7,015053,廣田敦士,,12.7,5車身,,0,0
051320261004,2026100413,5,1,7,015224,太田美穂,捲,12.4,,,0,1
051320261004,2026100413,5,2,1,015757,戸邉香奈実,マ,12.4,3/4車身,,0,0
051320261004,2026100413,5,3,6,014963,石井寛子,,12.5,1/2車身,,0,0
051320261004,2026100413,5,4,2,015763,山口優依,,12.5,1車身1/2,,0,0
051320261004,2026100413,5,5,3,015867,是永ゆうき,,12.6,1車身1/2,,1,0
051320261004,2026100413,5,6,5,015401,清水彩那,,13.0,2車身,,0,0
051320261004,2026100413,5,7,4,015496,布居光,,12.8,3/4車輪,,0,0
061320261004,2026100413,6,1,7,014974,山原さくら,逃,12.5,,,0,1
061320261004,2026100413,6,2,4,015317,佐伯智恵,マ,12.5,1車身,,1,0
061320261004,2026100413,6,3,1,016035,伊藤梨里花,,12.3,1/2車輪,,0,0
061320261004,2026100413,6,4,3,015018,高橋梨香,,12.4,1/8車輪,,0,0
061320261004,2026100413,6,5,6,015576,菅原ななこ,,12.5,1車身1/2,,0,0
061320261004,2026100413,6,6,2,015776,高本美穂,,12.4,1/4車輪,,0,0
061320261004,2026100413,6,7,5,016034,古山稀絵,,12.6,1車身1/2,,0,0
071320261004,2026100413,7,0,1,013902,岩崎将士,,0.0,,中止,0,0
071320261004,2026100413,7,0,2,015265,井田晶之,,0.0,,中止,0,0
071320261004,2026100413,7,0,3,015894,大塚城,,0.0,,中止,0,0
071320261004,2026100413,7,0,4,013233,小松剛之,,0.0,,中止,0,0
071320261004,2026100413,7,0,5,014933,奥原亨,,0.0,,中止,0,0
071320261004,2026100413,7,0,6,014703,一ノ瀬貴将,,0.0,,中止,0,0
071320261004,2026100413,7,0,7,013933,藤田竜矢,,0.0,,中止,0,0
081320261004,2026100413,8,1,7,015535,佐藤竜太,捲,11.7,,,0,0
081320261004,2026100413,8,2,4,014748,山口智弘,マ,11.8,1車身1/2,,1,0
081320261004,2026100413,8,3,3,014102,篠塚光一,,12.0,4車身,,0,0
081320261004,2026100413,8,4,6,014205,日当泰之,,12.6,1車身,,0,1
081320261004,2026100413,8,5,2,014823,渡辺聖,,12.5,1/2車輪,,0,0
081320261004,2026100413,8,6,5,014057,松田優一,,12.5,1車身,,0,0
081320261004,2026100413,8,7,1,013760,矢口啓一郎,,12.7,1車身,,0,0
091320261004,2026100413,9,1,5,013915,坂口卓士,差,12.1,,,0,0
091320261004,2026100413,9,2,1,014473,重倉高史,逃,12.2,微差,,1,1
091320261004,2026100413,9,3,3,014281,寺林正秋,,12.1,3/4車身,,0,0
091320261004,2026100413,9,4,6,014240,須藤誠,,12.0,1/2車身,,0,0
091320261004,2026100413,9,5,7,015165,寺沼将彦,,12.1,3/4車輪,,0,0
091320261004,2026100413,9,6,4,014859,小林申太,,12.2,1/4車輪,,0,0
091320261004,2026100413,9,7,2,014732,和田禎嗣,,12.0,2車身,,0,0
101320261004,2026100413,10,1,5,013471,松坂英司,差,12.4,,,0,0
101320261004,2026100413,10,2,2,014206,金野俊秋,捲,12.5,1/8車輪,,0,0
101320261004,2026100413,10,3,1,013582,肥後尚己,,12.0,微差,,1,0
101320261004,2026100413,10,4,7,015911,松田安綱,,12.1,1/2車輪,,0,0
101320261004,2026100413,10,5,4,012719,篠崎高志,,12.3,1車身1/2,,0,0
101320261004,2026100413,10,6,3,014171,深見仁哉,,12.7,2車身,,0,0
101320261004,2026100413,10,7,6,015621,長谷川裕一,,13.8,9車身,,0,1
111320261004,2026100413,11,1,5,015791,岡部陸斗,逃,12.4,,,0,1
111320261004,2026100413,11,2,6,015344,荒木貴大,マ,12.3,1/8車輪,,0,0
111320261004,2026100413,11,3,2,015042,高橋泰裕,,12.2,1車身,,0,0
111320261004,2026100413,11,4,4,014454,上原龍,,12.2,1車身1/2,,0,0
111320261004,2026100413,11,5,1,014466,二藤元太,,12.3,1車身1/2,,1,0
111320261004,2026100413,11,6,3,014716,猪狩祐樹,,12.2,3/4車身,,0,0
111320261004,2026100413,11,7,7,015415,坂本紘規,,12.7,3車身,,0,0
016320261004,2026100463,1,1,5,013447,坂本晃輝,差,9.9,,,0,0
016320261004,2026100463,1,2,4,015538,村瀬大和,捲,9.9,3/4車輪,,0,0
016320261004,2026100463,1,3,7,013374,川野正芳,,9.8,2車身,,0,0
016320261004,2026100463,1,4,2,012679,坂上忠克,,9.8,1車身,,0,0
016320261004,2026100463,1,5,6,011634,中澤央治,,10.1,3/4車身,,0,0
016320261004,2026100463,1,6,1,015633,中釜健次,,10.3,1/2車身,,1,0
016320261004,2026100463,1,7,3,014715,高橋幸司,,10.6,1車身1/2,,0,1
026320261004,2026100463,2,1,1,014850,岡田啓渡,差,10.5,,,1,0
026320261004,2026100463,2,2,2,014601,小竹洋平,捲,10.3,3/4車身,,0,0
026320261004,2026100463,2,3,3,014997,下岡優季,,10.8,1車輪,,0,1
026320261004,2026100463,2,4,6,010900,三浦靖,,10.4,3/4車身,,0,0
026320261004,2026100463,2,5,5,014374,屋良朝春,,10.4,1車輪,,0,0
026320261004,2026100463,2,6,7,013742,葛西雄太郎,,0.0,大差,,0,0
026320261004,2026100463,2,0,4,013477,宮司周郎,,0.0,,失格,0,0
036320261004,2026100463,3,1,5,015192,藤原俊太郎,逃,10.7,,,1,1
036320261004,2026100463,3,2,2,014403,櫻井太士,マ,10.6,1車輪,,0,0
036320261004,2026100463,3,3,1,014166,倉野隆太郎,,10.4,3/4車身,,0,0
036320261004,2026100463,3,4,6,012298,星島太,,10.6,3/4車輪,,0,0
036320261004,2026100463,3,5,7,014393,柴田祐也,,10.4,1/2車身,,0,0
036320261004,2026100463,3,6,4,014612,工藤文彦,,10.4,1/8車輪,,0,0
036320261004,2026100463,3,7,3,014783,魚屋周成,,10.5,1/4車輪,,0,0
046320261004,2026100463,4,1,7,014495,下沖功児,捲,9.7,,,0,0
046320261004,2026100463,4,2,2,014688,西田大志,マ,9.6,1/8車輪,,0,0
046320261004,2026100463,4,3,4,013121,山田晃久,,10.0,3車身,,0,0
046320261004,2026100463,4,4,5,014115,原田礼,,9.8,1/8車輪,,0,0
046320261004,2026100463,4,5,6,013738,眞鍋伸也,,10.2,2車身,,0,0
046320261004,2026100463,4,6,1,015108,吉田篤史,,10.4,1/2車輪,,1,1
046320261004,2026100463,4,7,3,015119,佐伯辰哉,,10.7,大差,,0,0
056320261004,2026100463,5,1,3,013792,辰己豊,差,10.3,,,0,0
056320261004,2026100463,5,2,7,015634,末廣快理,逃,10.5,1/8車輪,,0,1
056320261004,2026100463,5,3,2,011619,疋田敏,,10.2,1/2車身,,0,0
056320261004,2026100463,5,4,5,015533,岩城佑典,,10.4,3/4車身,,1,0
056320261004,2026100463,5,5,1,014638,川又裕樹,,10.4,3/4車輪,,0,0
056320261004,2026100463,5,6,6,013893,片山直人,,10.3,1/4車輪,,0,0
056320261004,2026100463,5,7,4,015209,中野真吾,,10.2,1車身1/2,,0,0
066320261004,2026100463,6,1,4,014486,大瀬戸潤一郎,差,10.5,,,0,0
066320261004,2026100463,6,2,1,015920,吉野太晟,逃,10.6,1/4車輪,,1,1
066320261004,2026100463,6,3,7,014494,山崎翼,,10.4,1/2車身,,0,0
066320261004,2026100463,6,4,6,014351,田口守,,10.5,1/4車輪,,0,0
066320261004,2026100463,6,5,2,012920,山崎岳志,,10.2,3/4車身,,0,0
066320261004,2026100463,6,6,5,015273,中武三四郎,,10.5,1/2車輪,,0,0
066320261004,2026100463,6,7,3,014841,井上将志,,10.3,3/4車身,,0,0
076320261004,2026100463,7,1,1,012705,那須久幸,差,10.9,,,0,0
076320261004,2026100463,7,2,4,013884,守谷陽介,マ,10.7,3/4車身,,0,0
076320261004,2026100463,7,3,5,015625,真鍋顕汰,,11.1,1車身,,1,1
076320261004,2026100463,7,4,6,014952,多田晃紀,,11.1,1/2車身,,0,0
076320261004,2026100463,7,5,3,014672,吉田茂生,,11.2,1/4車輪,,0,0
076320261004,2026100463,7,6,7,014104,池田憲昭,,11.0,1車身1/2,,0,0
076320261004,2026100463,7,0,2,015835,藤井優希,,0.0,,落車,0,0
017520261004,2026100475,1,1,2,015934,吉田航,捲,12.2,,,0,0
017520261004,2026100475,1,2,5,013811,池田浩士,マ,12.1,1/4車輪,,0,0
017520261004,2026100475,1,3,7,014999,水谷将司,,12.3,2車身,,0,0
017520261004,2026100475,1,4,3,011800,三住博昭,,12.1,3/4車輪,,0,0
017520261004,2026100475,1,5,1,014476,乾庄平,,12.2,1/4車輪,,0,0
017520261004,2026100475,1,6,6,013399,塚本勝士,,12.1,1車身,,0,0
017520261004,2026100475,1,7,4,014474,山崎晃,,12.7,1/2車輪,,0,1
027520261004,2026100475,2,1,3,014003,須賀和彦,差,12.0,,,1,0
027520261004,2026100475,2,2,7,014858,小原唯志,差,12.1,1/8車輪,,0,0
027520261004,2026100475,2,3,4,013970,三好陽一,,12.1,1/4車輪,,0,0
027520261004,2026100475,2,4,2,014297,田中勝仁,,12.4,3/4車身,,0,1
027520261004,2026100475,2,5,5,013110,法月成祐,,12.0,1/8車輪,,0,0
027520261004,2026100475,2,6,6,013371,足達重満,,11.9,1/2車輪,,0,0
027520261004,2026100475,2,7,1,015372,野上竜太,,12.0,1車身,,0,0
037520261004,2026100475,3,1,5,013969,武田良太,差,11.9,,,0,0
037520261004,2026100475,3,2,2,014619,木村浩宣,逃,12.0,微差,,1,1
037520261004,2026100475,3,3,3,013571,小林信晴,,11.9,1車身,,0,0
037520261004,2026100475,3,4,6,013056,山本貴章,,11.9,1/4車輪,,0,0
037520261004,2026100475,3,5,4,013907,佐藤正吾,,11.9,1車身1/2,,0,0
037520261004,2026100475,3,6,7,015910,土生智徳,,12.9,7車身,,0,0
037520261004,2026100475,3,7,1,014665,小峰烈,,0.0,大差,,0,0
047520261004,2026100475,4,1,4,015099,吉竹尚城,捲,11.8,,,0,0
047520261004,2026100475,4,2,1,013695,岡本英之,マ,11.8,3/4車身,,1,0
047520261004,2026100475,4,3,5,013910,高橋秀吉,,11.7,1車輪,,0,0
047520261004,2026100475,4,4,7,015419,黒滝大翔,,12.2,3車身,,0,0
047520261004,2026100475,4,5,2,014116,安東宏高,,12.2,1車身,,0,0
047520261004,2026100475,4,6,6,014412,宮崎康司,,12.2,2車身,,0,0
047520261004,2026100475,4,7,3,015163,戸塚涼介,,12.6,3/4車輪,,0,1
057520261004,2026100475,5,1,7,015278,田中和磨,捲,11.8,,,0,1
057520261004,2026100475,5,2,2,015060,滝本泰行,マ,11.7,3/4車輪,,0,0
057520261004,2026100475,5,3,5,014657,野中祐志,,11.5,3/4車身,,0,0
057520261004,2026100475,5,4,3,015532,石田拓真,,11.4,1/4車輪,,0,0
057520261004,2026100475,5,5,4,015299,曽我圭佑,,11.6,1/2車輪,,0,0
057520261004,2026100475,5,6,1,015781,齊藤英伊須,,11.7,1/8車輪,,0,0
057520261004,2026100475,5,7,6,015721,内山慧大,,12.0,3車身,,1,0
067520261004,2026100475,6,1,3,015128,嶋田誠也,差,11.9,,,0,0
067520261004,2026100475,6,2,5,014109,吉松直人,差,11.8,1/2車輪,,0,0
067520261004,2026100475,6,3,4,015793,川上隆義,,12.2,1車輪,,0,1
067520261004,2026100475,6,4,7,015389,宮崎大空,,12.1,3/4車身,,0,0
067520261004,2026100475,6,5,1,014881,山崎泰己,,11.8,1車輪,,1,0
067520261004,2026100475,6,6,2,013407,大矢将大,,11.9,3/4車身,,0,0
067520261004,2026100475,6,7,6,015648,森本桂太郎,,12.5,4車身,,0,0
077520261004,2026100475,7,1,5,014786,本郷雄三,捲,11.5,,,0,0
077520261004,2026100475,7,2,2,013808,坂本健太郎,マ,11.3,3/4車輪,,0,0
077520261004,2026100475,7,3,4,012889,丸山啓一,,11.5,3/4車身,,0,0
077520261004,2026100475,7,4,1,015877,三澤優樹,,11.7,1/2車輪,,0,0
077520261004,2026100475,7,5,3,015539,上杉嘉槻,,11.9,3/4車身,,0,1
077520261004,2026100475,7,6,7,014710,花田将司,,11.5,1/4車輪,,0,0
077520261004,2026100475,7,7,6,015543,福元啓太,,12.3,5車身,,1,0
087520261004,2026100475,8,1,1,013252,中村浩士,差,11.8,,,0,0
087520261004,2026100475,8,2,4,015891,野中龍之介,逃,11.9,1/8車輪,,0,1
087520261004,2026100475,8,3,5,014683,藤岡隆治,,11.3,1/2車身,,0,0
087520261004,2026100475,8,4,2,015818,佐藤大地,,11.2,3/4車輪,,0,0
087520261004,2026100475,8,5,3,014769,坂本修一,,11.6,3/4車輪,,0,0
087520261004,2026100475,8,6,7,015728,保田浩輔,,11.7,1/2車身,,0,0
087520261004,2026100475,8,7,6,014090,竹澤浩司,,11.6,5車身,,0,0
097520261004,2026100475,9,1,1,015745,小柳智徳,逃,12.0,,,0,1
097520261004,2026100475,9,2,5,014888,佐藤健太,マ,11.9,1/4車輪,,0,0
097520261004,2026100475,9,3,4,015703,牧田悠生,,11.8,1/4車輪,,0,0
097520261004,2026100475,9,4,3,015322,磯島成介,,11.6,1車身,,0,0
097520261004,2026100475,9,5,6,015258,栗本尚宗,,11.7,1車身,,0,0
097520261004,2026100475,9,6,2,014371,岡光良,,11.8,3/4車身,,0,0
097520261004,2026100475,9,7,7,013990,荻原尚人,,11.5,3/4車輪,,1,0
107520261004,2026100475,10,1,4,015466,久田裕也,捲,11.5,,,0,0
107520261004,2026100475,10,2,6,015127,野村典嗣,差,11.3,1/4車輪,,0,0
107520261004,2026100475,10,3,7,014692,森山智徳,,11.4,1車輪,,0,0
107520261004,2026100475,10,4,3,014337,佐々木翔一,,11.3,1/4車輪,,0,0
107520261004,2026100475,10,5,1,014685,掛水泰範,,11.5,1/2車身,,0,0
107520261004,2026100475,10,6,5,014051,早坂秀悟,,11.7,3/4車身,,0,1
107520261004,2026100475,10,7,2,014515,城幸弘,,11.7,1/2車身,,0,0
117520261004,2026100475,11,1,2,015782,佐々木亮太,逃,11.5,,,0,1
117520261004,2026100475,11,2,7,015274,福永大智,マ,11.3,1/2車輪,,1,0
117520261004,2026100475,11,3,6,013912,金成和幸,,11.3,1車身,,0,0
117520261004,2026100475,11,4,4,015104,中川勝貴,,11.2,1/2車身,,0,0
117520261004,2026100475,11,5,1,012592,水谷良和,,11.6,8車身,,0,0
117520261004,2026100475,11,6,5,015249,磯川勝裕,,11.7,1/4車輪,,0,0
117520261004,2026100475,11,7,3,014372,内田玄希,,12.6,大差,,0,0
127520261004,2026100475,12,1,3,015473,青柳靖起,逃,11.3,,,0,1
127520261004,2026100475,12,2,7,015086,酒井雄多,マ,11.3,1/2車身,,0,0
127520261004,2026100475,12,3,1,013656,渡部哲男,,11.2,3/4車輪,,1,0
127520261004,2026100475,12,4,2,015038,山岸佳太,,11.3,1車身,,0,0
127520261004,2026100475,12,5,5,013815,井上昌己,,11.4,1/4車輪,,0,0
127520261004,2026100475,12,6,6,015106,大石崇晴,,11.2,3/4車身,,0,0
127520261004,2026100475,12,7,4,013850,山賀雅仁,,11.4,1/2車身,,0,0
013120261005,2026100531,1,1,3,015044,平川雅晃,逃,10.7,,,1,1
013120261005,2026100531,1,2,4,013676,塚本諭,差,10.5,2車身,,0,0
013120261005,2026100531,1,3,1,012634,大薗宏,,10.7,3/4車身,,0,0
013120261005,2026100531,1,4,5,014932,浦野慈生,,10.5,1/2車身,,0,0
013120261005,2026100531,1,5,2,014301,齋藤輝彦,,10.5,3/4車身,,0,0
023120261005,2026100531,2,1,5,011599,和泉田喜一,差,10.6,,,1,0
023120261005,2026100531,2,2,2,015710,鈴木康平,逃,10.8,1/2車輪,,0,1
023120261005,2026100531,2,3,1,013588,齋藤仁,,10.6,1/2車身,,0,0
023120261005,2026100531,2,4,4,011198,大竹慎吾,,10.4,2車身,,0,0
023120261005,2026100531,2,5,3,014042,徳吉正治,,10.7,2車身,,0,0
033120261005,2026100531,3,1,1,015981,小川佑希也,逃,10.3,,,0,1
033120261005,2026100531,3,2,5,012876,湯浅弘光,マ,10.2,1/2車身,,1,0
033120261005,2026100531,3,3,4,015974,山下季秦,,10.3,4車身,,0,0
033120261005,2026100531,3,4,2,011993,深井高志,,10.2,3/4車身,,0,0
033120261005,2026100531,3,5,3,014049,廣田樹里,,10.3,3/4車輪,,0,0
033120261005,2026100531,3,6,6,011427,川口秀人,,10.2,1/4車輪,,0,0
033120261005,2026100531,3,7,7,012550,荒木真慈,,10.3,1車身,,0,0
043120261005,2026100531,4,1,2,015164,菱沼元樹,捲,10.4,,,0,1
043120261005,2026100531,4,2,6,015253,清水健次,マ,10.4,3/4車身,,0,0
043120261005,2026100531,4,3,1,016010,駒壽直人,,10.9,5車身,,0,0
043120261005,2026100531,4,4,5,013359,吉田彰久,,10.9,3/4車身,,1,0
043120261005,2026100531,4,5,7,014550,龍門慎太郎,,10.8,1/4車輪,,0,0
043120261005,2026100531,4,6,3,014986,三浦綾,,10.8,1車身1/2,,0,0
043120261005,2026100531,4,7,4,014363,中川昌久,,11.0,3車身,,0,0
053120261005,2026100531,5,1,5,016003,吉岡竜太,逃,10.2,,,0,1
053120261005,2026100531,5,2,3,012910,塩川真一郎,マ,10.2,1車身,,0,0
053120261005,2026100531,5,3,1,015873,十文字悠真,,9.8,1/2車輪,,0,0
053120261005,2026100531,5,4,2,015935,佐藤魁皇,,10.2,1/2車身,,1,0
053120261005,2026100531,5,5,7,014418,安部龍文,,10.1,3/4車輪,,0,0
053120261005,2026100531,5,6,4,014885,戸田康平,,10.0,3/4車身,,0,0
053120261005,2026100531,5,7,6,015260,國井裕樹,,10.0,2車身,,0,0
063120261005,2026100531,6,1,5,015485,青木美保,捲,10.7,,,0,1
063120261005,2026100531,6,2,7,015491,當銘沙恵美,マ,10.6,1/2車身,,0,0
063120261005,2026100531,6,3,1,014905,加瀬加奈子,,10.6,1車身1/2,,0,0
063120261005,2026100531,6,4,3,015585,山本さくら,,11.2,4車身,,0,0
063120261005,2026100531,6,5,6,014967,杉沢毛伊子,,10.9,1/2車身,,0,0
063120261005,2026100531,6,6,2,014909,浦部郁里,,11.1,3/4車輪,,1,0
063120261005,2026100531,6,7,4,015133,佐藤友香,,10.9,3/4車身,,0,0
073120261005,2026100531,7,1,6,015866,高木萌那,差,10.4,,,0,0
073120261005,2026100531,7,2,1,015070,尾崎睦,逃,10.5,1/4車輪,,1,1
073120261005,2026100531,7,3,5,015313,豊岡英子,,10.4,1車身,,0,0
073120261005,2026100531,7,4,4,015682,渡部遥,,10.3,3/4車身,,0,0
073120261005,2026100531,7,5,2,015954,北津留千羽,,10.5,1/2車輪,,0,0
073120261005,2026100531,7,6,3,015578,飯田風音,,10.2,1車輪,,0,0
073120261005,2026100531,7,7,7,015670,萩原瑞生,,11.3,大差,,0,0
013520261005,2026100535,1,1,5,015777,谷元音羽,差,13.0,,,1,0
013520261005,2026100535,1,2,7,015945,橋本のこ,差,12.8,1/4車輪,,0,0
013520261005,2026100535,1,3,2,015852,普久原美海,,13.3,1/2車身,,0,1
013520261005,2026100535,1,4,1,015134,藤巻絵里佳,,13.0,1/2車輪,,0,0
013520261005,2026100535,1,5,4,015071,佐藤亜貴子,,12.9,3/4車輪,,0,0
013520261005,2026100535,1,6,6,015766,宮西令奈,,12.6,1/4車輪,,0,0
013520261005,2026100535,1,7,3,015851,片岡美奈,,12.9,3/4車身,,0,0
023520261005,2026100535,2,1,5,012626,原司,差,11.7,,,0,0
023520261005,2026100535,2,2,4,014357,佐藤康恭,差,12.1,3/4車身,,0,0
023520261005,2026100535,2,3,6,011994,藤光健一,,12.2,1/4車輪,,0,0
023520261005,2026100535,2,4,3,012432,石井孝,,11.7,3/4車輪,,0,0
023520261005,2026100535,2,5,7,013847,小林大能,,12.5,1/2車身,,0,1
023520261005,2026100535,2,6,2,014218,邊見斎,,12.2,1/2車輪,,1,0
023520261005,2026100535,2,7,1,013743,藤田剣次,,12.6,6車身,,0,0
033520261005,2026100535,3,1,3,014015,米倉剛志,逃,12.3,,,0,1
033520261005,2026100535,3,2,1,012656,柴田健,マ,12.2,3/4車輪,,0,0
033520261005,2026100535,3,3,6,012986,近藤直幹,,12.1,1車身,,0,0
033520261005,2026100535,3,4,5,013927,高橋由記,,12.2,1/2車輪,,0,0
033520261005,2026100535,3,5,7,013840,高瀬卓,,12.1,1車身,,0,0
033520261005,2026100535,3,6,4,013684,吉橋秀城,,12.4,1/2車輪,,0,0
033520261005,2026100535,3,0,2,014516,村松俊弥,,0.0,,失格,1,0
043520261005,2026100535,4,1,7,013965,岡田雅也,差,12.5,,,0,0
043520261005,2026100535,4,2,2,015890,中秀平,差,11.8,1/4車輪,,1,0
043520261005,2026100535,4,3,4,013375,五反田豊和,,12.7,3/4車輪,,0,1
043520261005,2026100535,4,4,3,015984,藤岡祐馬,,11.9,タイヤ,,0,0
043520261005,2026100535,4,5,1,015977,齊藤宏樹,,12.4,1/2車身,,0,0
043520261005,2026100535,4,6,5,014774,阿部弘,,12.2,1車輪,,0,0
043520261005,2026100535,4,7,6,014064,吉松賢二,,12.5,1車身1/2,,0,0
053520261005,2026100535,5,1,1,016016,西原裕太郎,逃,12.1,,,1,0
053520261005,2026100535,5,2,3,014124,石田宏樹,差,12.1,1/2車身,,0,0
053520261005,2026100535,5,3,7,011665,倉岡慎太郎,,12.0,1/2車輪,,0,0
053520261005,2026100535,5,4,6,012402,時松正,,12.1,タイヤ,,0,0
053520261005,2026100535,5,5,4,014349,佐藤純嘉,,12.2,1車身1/2,,0,0
053520261005,2026100535,5,6,5,013647,光畑政志,,12.1,3/4車身,,0,0
053520261005,2026100535,5,7,2,014216,田村純一,,12.6,1車身,,0,1
063520261005,2026100535,6,1,2,015400,久米詩,逃,12.9,,,0,1
063520261005,2026100535,6,2,3,015076,元砂七夕美,差,12.7,1/2車身,,0,0
063520261005,2026100535,6,3,4,015308,當銘直美,,12.8,1/8車輪,,1,0
063520261005,2026100535,6,4,5,015153,林真奈美,,12.7,3/4車身,,0,0
063520261005,2026100535,6,5,1,015486,岡本二菜,,13.0,1/4車輪,,0,0
063520261005,2026100535,6,6,6,015684,安東莉奈,,12.6,1/2車身,,0,0
063520261005,2026100535,6,7,7,015310,梶原百香,,12.9,3/4車輪,,0,0
073520261005,2026100535,7,1,1,015371,田上晃也,差,11.5,,,0,0
073520261005,2026100535,7,2,2,015523,邊見祐太,逃,11.7,1/2車身,,0,1
073520261005,2026100535,7,3,7,014772,細田純平,,11.6,1車身,,0,0
073520261005,2026100535,7,4,5,011574,坂本英一,,11.6,2車身,,0,0
073520261005,2026100535,7,5,4,016013,森下龍之介,,11.6,3/4車輪,,0,0
073520261005,2026100535,7,6,6,015708,山口直樹,,11.7,1車身,,0,0
073520261005,2026100535,7,7,3,015936,下山聖斗,,11.6,1車身1/2,,1,0
017320261005,2026100573,1,1,1,015792,貝原涼太,逃,12.6,,,1,1
017320261005,2026100573,1,2,7,013179,飯島淳,マ,12.5,1/4車輪,,0,0
017320261005,2026100573,1,3,3,014784,萱島大介,,12.2,1/2車輪,,0,0
017320261005,2026100573,1,4,2,013075,平総一,,12.5,3/4車輪,,0,0
017320261005,2026100573,1,5,6,015011,吉岡伸太郎,,12.5,3/4車輪,,0,0
017320261005,2026100573,1,6,4,013434,石黒健,,12.2,1/8車輪,,0,0
017320261005,2026100573,1,7,5,014887,板崎佑矢,,12.4,1車身1/2,,0,0
027320261005,2026100573,2,1,4,015481,山川奨太,差,11.6,,,0,0
027320261005,2026100573,2,2,1,013971,内山拓,捲,11.7,1/8車輪,,0,0
027320261005,2026100573,2,3,3,013654,滝山実,,12.4,1/4車輪,,1,0
027320261005,2026100573,2,4,7,015100,渡邊颯太,,11.7,1車身,,0,0
027320261005,2026100573,2,5,2,014320,在本直樹,,12.7,1/2車身,,0,1
027320261005,2026100573,2,6,5,013925,黒田篤,,12.0,1/2車身,,0,0
027320261005,2026100573,2,7,6,015699,助川翔太郎,,12.3,1車身,,0,0
037320261005,2026100573,3,1,1,015561,原井剣也,差,12.2,,,0,0
037320261005,2026100573,3,2,2,014270,小原将通,マ,12.2,2車身,,0,0
037320261005,2026100573,3,3,3,015831,三木健正,,12.6,1/2車輪,,1,1
037320261005,2026100573,3,4,6,014695,山口茂,,12.0,1/2車輪,,0,0
037320261005,2026100573,3,5,7,012844,米澤大輔,,12.5,1/8車輪,,0,0
037320261005,2026100573,3,6,4,013984,栗林巧,,12.2,1車身1/2,,0,0
037320261005,2026100573,3,7,5,013668,佐々木孝司,,14.0,大差,,0,0
047320261005,2026100573,4,1,2,014230,山田義彦,差,11.7,,,0,0
047320261005,2026100573,4,2,1,015607,中山拓人,捲,11.8,1/2車輪,,0,0
047320261005,2026100573,4,3,4,014845,表原周,,11.6,1車輪,,0,0
047320261005,2026100573,4,4,3,012546,神開将暢,,12.1,3車身,,0,0
047320261005,2026100573,4,5,6,013353,吉永好宏,,11.7,1/2車輪,,1,0
047320261005,2026100573,4,6,7,015084,菅田謙仁,,11.7,1車身,,0,0
047320261005,2026100573,4,7,5,015929,鶴淳志,,12.3,1/2車輪,,0,1
057320261005,2026100573,5,1,6,015658,長松大祐,捲,12.0,,,0,0
057320261005,2026100573,5,2,3,014623,飯田裕次,マ,11.9,1/8車輪,,0,0
057320261005,2026100573,5,3,5,015838,森柾斗,,11.8,1/8車輪,,0,0
057320261005,2026100573,5,4,1,015010,吉川嘉斗,,11.8,1車身1/2,,0,0
057320261005,2026100573,5,5,2,014452,長井優斗,,12.2,1/2車身,,0,0
057320261005,2026100573,5,6,4,015879,西本健三郎,,12.3,3/4車身,,0,1
057320261005,2026100573,5,7,7,013979,竹内優也,,12.5,4車身,,1,0
067320261005,2026100573,6,1,3,014525,三ッ井武,差,12.4,,,1,0
067320261005,2026100573,6,2,4,015353,松坂侑亮,逃,12.6,1車輪,,0,1
067320261005,2026100573,6,3,7,012823,遠藤勝行,,12.3,1車輪,,0,0
067320261005,2026100573,6,4,6,015330,伊藤奎,,12.1,3/4車身,,0,0
067320261005,2026100573,6,5,1,014119,中村雅仁,,12.4,3/4車身,,0,0
067320261005,2026100573,6,6,5,015568,田川翔琉,,12.4,1/4車輪,,0,0
067320261005,2026100573,6,7,2,015505,荻原寿嗣,,12.4,1車身1/2,,0,0
077320261005,2026100573,7,1,5,012728,飯田辰哉,差,12.1,,,0,0
077320261005,2026100573,7,2,6,012811,江守昇,マ,12.0,3/4車輪,,0,0
077320261005,2026100573,7,3,1,014714,橋本智昭,,12.1,3/4車輪,,0,0
077320261005,2026100573,7,4,7,013834,平石浩之,,12.1,3/4車輪,,0,0
077320261005,2026100573,7,5,2,015176,望月一成,,12.4,1/8車輪,,1,1
077320261005,2026100573,7,6,4,015280,藤井將,,11.9,1車輪,,0,0
077320261005,2026100573,7,7,3,015120,竹内翼,,12.0,2車身,,0,0
018420261005,2026100584,1,1,1,015237,太田将成,差,12.4,,,0,0
018420261005,2026100584,1,2,2,012937,十文字菊雄,マ,12.3,1/4車輪,,0,0
018420261005,2026100584,1,3,5,012779,田川辰二,,12.1,1/4車輪,,0,0
018420261005,2026100584,1,4,7,015284,田村裕也,,12.5,1/8車輪,,1,1
018420261005,2026100584,1,5,4,015287,山中崇弘,,12.2,1/2車輪,,0,0
018420261005,2026100584,1,6,3,015379,下野義城,,12.4,1車身1/2,,0,0
018420261005,2026100584,1,7,6,013594,高田真幸,,13.3,大差,,0,0
028420261005,2026100584,2,1,1,013259,望月紀男,差,12.4,,,0,0
028420261005,2026100584,2,2,5,014236,本田拓也,差,12.2,3/4車輪,,0,0
028420261005,2026100584,2,3,4,013652,隅直幸,,12.3,3/4車輪,,0,0
028420261005,2026100584,2,4,2,013423,増田利明,,12.6,3/4車輪,,1,1
028420261005,2026100584,2,5,6,014075,松根真,,12.2,3/4車身,,0,0
028420261005,2026100584,2,6,3,014985,竹山慶太,,12.6,1車身,,0,0
028420261005,2026100584,2,7,7,015915,柏野健吾,,12.8,3/4車身,,0,0
038420261005,2026100584,3,1,5,015181,栗田万生,捲,12.0,,,0,0
038420261005,2026100584,3,2,1,012763,内村泰三,差,12.2,1/2車輪,,1,0
038420261005,2026100584,3,3,2,015737,火島裕輝,,12.4,1車輪,,0,1
038420261005,2026100584,3,4,3,014891,小岩哲也,,12.2,3/4車身,,0,0
038420261005,2026100584,3,5,7,014584,井上嵩,,12.0,1車輪,,0,0
038420261005,2026100584,3,6,4,013192,平田徹,,12.0,3/4車身,,0,0
038420261005,2026100584,3,7,6,012850,渡邉満,,12.5,2車身,,0,0
048420261005,2026100584,4,1,1,015602,比佐宝太,捲,11.5,,,0,1
048420261005,2026100584,4,2,4,014843,峰重祐之介,マ,11.5,2車身,,0,0
048420261005,2026100584,4,3,3,014300,上野真吾,,11.9,5車身,,0,0
048420261005,2026100584,4,4,5,015175,桜井大地,,12.1,1/2車身,,1,0
048420261005,2026100584,4,5,6,014125,坂本昌宏,,11.7,1/4車輪,,0,0
048420261005,2026100584,4,6,2,015750,徳永泰粋,,11.6,1/4車輪,,0,0
048420261005,2026100584,4,7,7,014492,飯塚隼人,,11.6,2車身,,0,0
058420261005,2026100584,5,1,1,015788,平根優大,捲,12.0,,,1,0
058420261005,2026100584,5,2,5,015726,龍野琳太郎,逃,12.2,3/4車身,,0,1
058420261005,2026100584,5,3,6,013005,小笠原昭太,,11.9,1車輪,,0,0
058420261005,2026100584,5,4,3,015611,長谷川飛向,,12.2,1車輪,,0,0
058420261005,2026100584,5,5,4,013568,大木雅也,,12.1,1/2車輪,,0,0
058420261005,2026100584,5,6,2,014258,片山智晴,,12.3,3/4車身,,0,0
058420261005,2026100584,5,7,7,015200,谷口幸司,,12.4,2車身,,0,0
068420261005,2026100584,6,1,1,015805,山下祐輔,捲,11.5,,,1,0
068420261005,2026100584,6,2,2,015797,中島淳,逃,11.8,タイヤ,,0,1
068420261005,2026100584,6,3,4,015483,谷元奎心,,11.6,1/2車身,,0,0
068420261005,2026100584,6,4,6,014155,佐藤政利,,11.8,1/8車輪,,0,0
068420261005,2026100584,6,5,5,014331,栗田貴徳,,11.6,1/8車輪,,0,0
068420261005,2026100584,6,6,7,014687,井上将志,,11.5,1車身1/2,,0,0
068420261005,2026100584,6,7,3,013473,大塚英伸,,11.5,1/2車輪,,0,0
078420261005,2026100584,7,1,4,015424,中村隆生,差,11.9,,,1,0
078420261005,2026100584,7,2,1,014339,成松春樹,捲,12.0,1/2車輪,,0,0
078420261005,2026100584,7,3,3,014361,真船圭一郎,,11.7,3/4車身,,0,0
078420261005,2026100584,7,4,2,013693,藤原憲征,,11.8,1/4車輪,,0,0
078420261005,2026100584,7,5,6,015565,入江航太,,12.9,9車身,,0,0
078420261005,2026100584,7,6,7,015294,小原亮哉,,13.1,7車身,,0,0
078420261005,2026100584,7,7,5,015345,浅見隼,,14.4,7車身,,0,1
011320261005,2026100513,1,1,2,014866,櫻井利之,差,11.8,,,0,0
011320261005,2026100513,1,2,5,011821,中川博文,差,12.0,1/2車輪,,0,0
011320261005,2026100513,1,3,1,014595,瀧本匡平,,12.1,1/2車輪,,1,1
011320261005,2026100513,1,4,7,013255,安坂洋一,,11.7,3/4車輪,,0,0
011320261005,2026100513,1,5,4,014388,水野悟志,,11.7,1車身,,0,0
011320261005,2026100513,1,6,3,014154,長岡豪,,11.9,4車身,,0,0
011320261005,2026100513,1,7,6,013531,伊藤司,,13.8,大差,,0,0
021320261005,2026100513,2,1,4,015053,廣田敦士,逃,12.4,,,0,1
021320261005,2026100513,2,2,7,013776,小塚潤,マ,12.3,3/4車身,,0,0
021320261005,2026100513,2,3,2,014099,坂本佳憲,,12.1,3/4車輪,,1,0
021320261005,2026100513,2,4,5,013314,鈴木宏章,,12.2,3/4車身,,0,0
021320261005,2026100513,2,5,3,011346,野崎修一,,12.3,1車身1/2,,0,0
021320261005,2026100513,2,6,6,014650,佐藤裕輝,,12.1,1/2車輪,,0,0
021320261005,2026100513,2,7,1,014931,横田政直,,12.8,2車身,,0,0
031320261005,2026100513,3,1,4,014802,渡邉正人,差,12.8,,,0,0
031320261005,2026100513,3,2,1,015958,庄子琢心,逃,13.1,3/4車身,,1,1
031320261005,2026100513,3,3,6,012559,相良勝美,,12.9,1車身1/2,,0,0
031320261005,2026100513,3,4,2,013867,樋口奨平,,12.9,1車身,,0,0
031320261005,2026100513,3,5,7,015884,秋山太洋,,13.3,2車身,,0,0
031320261005,2026100513,3,0,3,013013,武田靖夫,,0.0,,落車,0,0
031320261005,2026100513,3,0,5,014678,樋口有樹郎,,0.0,,落車,0,0
041320261005,2026100513,4,1,3,015968,渡邉拓,捲,11.0,,,0,1
041320261005,2026100513,4,2,2,015874,角田吏,捲,11.0,3車身,,0,0
041320261005,2026100513,4,3,4,014158,本間慎吾,,11.4,1車身1/2,,0,0
041320261005,2026100513,4,4,7,015985,山本真,,11.6,4車身,,0,0
041320261005,2026100513,4,5,5,014738,櫻川雅彦,,11.5,1車身,,1,0
041320261005,2026100513,4,6,1,013421,富澤洋祐,,11.5,3/4車身,,0,0
041320261005,2026100513,4,7,6,012858,亀井宏佳,,11.8,5車身,,0,0
051320261005,2026100513,5,1,2,014963,石井寛子,差,12.8,,,0,0
051320261005,2026100513,5,2,3,015224,太田美穂,逃,13.0,1車輪,,0,1
051320261005,2026100513,5,3,4,015018,高橋梨香,,12.7,3車身,,1,0
051320261005,2026100513,5,4,5,015496,布居光,,12.6,1車身1/2,,0,0
051320261005,2026100513,5,5,6,015401,清水彩那,,12.9,1/8車輪,,0,0
051320261005,2026100513,5,6,1,015576,菅原ななこ,,12.5,1/2車身,,0,0
051320261005,2026100513,5,7,7,015317,佐伯智恵,,13.3,6車身,,0,0
061320261005,2026100513,6,1,4,014974,山原さくら,捲,12.4,,,0,0
061320261005,2026100513,6,2,5,015776,高本美穂,マ,12.4,1/2車身,,0,0
061320261005,2026100513,6,3,2,015867,是永ゆうき,,12.4,1/2車身,,0,0
061320261005,2026100513,6,4,7,016035,伊藤梨里花,,12.5,1/4車輪,,0,0
061320261005,2026100513,6,5,6,015763,山口優依,,12.7,1車身,,0,1
061320261005,2026100513,6,6,3,015757,戸邉香奈実,,12.4,3/4車輪,,1,0
061320261005,2026100513,6,7,1,016034,古山稀絵,,12.5,1/2車身,,0,0
071320261005,2026100513,7,1,3,015165,寺沼将彦,捲,12.2,,,1,0
071320261005,2026100513,7,2,2,013233,小松剛之,差,11.9,タイヤ,,0,0
071320261005,2026100513,7,3,7,012719,篠崎高志,,12.2,3/4車身,,0,0
071320261005,2026100513,7,4,1,014171,深見仁哉,,12.3,3/4車身,,0,0
071320261005,2026100513,7,5,4,014823,渡辺聖,,12.3,1車身,,0,0
071320261005,2026100513,7,6,6,015621,長谷川裕一,,12.8,2車身,,0,1
071320261005,2026100513,7,7,5,013760,矢口啓一郎,,13.2,6車身,,0,0
091320261005,2026100513,9,1,7,015791,岡部陸斗,逃,11.5,,,0,1
091320261005,2026100513,9,2,5,014454,上原龍,マ,11.3,タイヤ,,0,0
091320261005,2026100513,9,3,2,014933,奥原亨,,11.3,1車身,,1,0
091320261005,2026100513,9,4,6,014703,一ノ瀬貴将,,11.3,1/2車輪,,0,0
091320261005,2026100513,9,5,3,014748,山口智弘,,11.0,3/4車身,,0,0
091320261005,2026100513,9,6,4,015535,佐藤竜太,,11.2,1/2車輪,,0,0
091320261005,2026100513,9,7,1,014102,篠塚光一,,11.4,4車身,,0,0
101320261005,2026100513,10,1,1,014716,猪狩祐樹,捲,11.3,,,0,0
101320261005,2026100513,10,2,6,015265,井田晶之,差,11.8,5車身,,0,0
101320261005,2026100513,10,3,2,015344,荒木貴大,,11.8,3/4車輪,,1,0
101320261005,2026100513,10,4,3,014473,重倉高史,,12.0,1/2車輪,,0,1
101320261005,2026100513,10,5,5,015042,高橋泰裕,,11.8,1/4車輪,,0,0
101320261005,2026100513,10,6,4,014281,寺林正秋,,11.6,3/4車身,,0,0
101320261005,2026100513,10,7,7,013902,岩崎将士,,11.6,1/8車輪,,0,0
111320261005,2026100513,11,1,2,015415,坂本紘規,差,11.8,,,0,0
111320261005,2026100513,11,2,5,015911,松田安綱,逃,12.2,1車身1/2,,0,1
111320261005,2026100513,11,3,3,013582,肥後尚己,,12.1,1/2車輪,,1,0
111320261005,2026100513,11,4,4,014466,二藤元太,,11.7,1車身1/2,,0,0
111320261005,2026100513,11,5,7,014206,金野俊秋,,12.0,3/4車輪,,0,0
111320261005,2026100513,11,6,6,013915,坂口卓士,,11.8,1/2車輪,,0,0
111320261005,2026100513,11,7,1,013471,松坂英司,,11.7,3/4車身,,0,0
016320261005,2026100563,1,1,2,014612,工藤文彦,差,10.2,,,1,0
016320261005,2026100563,1,2,7,014715,高橋幸司,捲,10.5,1/2車身,,0,1
016320261005,2026100563,1,3,4,014841,井上将志,,10.1,3/4車身,,0,0
016320261005,2026100563,1,4,1,015273,中武三四郎,,10.2,1/4車輪,,0,0
016320261005,2026100563,1,5,6,013738,眞鍋伸也,,10.2,2車身,,0,0
016320261005,2026100563,1,6,3,015281,増田仁,,10.4,3車身,,0,0
016320261005,2026100563,1,7,5,015209,中野真吾,,11.3,2車身,,0,0
026320261005,2026100563,2,1,7,015108,吉田篤史,差,10.4,,,0,0
026320261005,2026100563,2,2,2,014783,魚屋周成,捲,10.1,1/4車輪,,0,0
026320261005,2026100563,2,3,3,015633,中釜健次,,10.6,1車輪,,1,1
026320261005,2026100563,2,4,6,015119,佐伯辰哉,,10.2,1/4車輪,,0,0
026320261005,2026100563,2,5,1,013742,葛西雄太郎,,10.4,1車身,,0,0
026320261005,2026100563,2,6,5,014181,藤原悠斗,,10.2,1/4車輪,,0,0
026320261005,2026100563,2,7,4,013893,片山直人,,10.2,1/2車輪,,0,0
036320261005,2026100563,3,1,7,014115,原田礼,差,10.2,,,0,0
036320261005,2026100563,3,2,3,014393,柴田祐也,差,10.5,3/4車身,,0,0
036320261005,2026100563,3,3,6,012298,星島太,,10.1,3/4車輪,,0,0
036320261005,2026100563,3,4,5,012679,坂上忠克,,10.7,1車身1/2,,0,0
036320261005,2026100563,3,5,2,015533,岩城佑典,,11.0,3/4車身,,1,1
036320261005,2026100563,3,6,1,013374,川野正芳,,11.2,9車身,,0,0
036320261005,2026100563,3,0,4,014374,屋良朝春,,0.0,,失格,0,0
046320261005,2026100563,4,1,7,014638,川又裕樹,差,10.3,,,0,0
046320261005,2026100563,4,2,2,014494,山崎翼,逃,10.4,1/8車輪,,1,1
046320261005,2026100563,4,3,5,011634,中澤央治,,10.2,3/4車身,,0,0
046320261005,2026100563,4,4,3,014166,倉野隆太郎,,10.0,タイヤ,,0,0
046320261005,2026100563,4,5,4,012920,山崎岳志,,10.2,1/4車輪,,0,0
046320261005,2026100563,4,6,6,010900,三浦靖,,10.0,1車身1/2,,0,0
046320261005,2026100563,4,7,1,014351,田口守,,10.3,5車身,,0,0
056320261005,2026100563,5,1,2,014952,多田晃紀,捲,10.2,,,0,1
056320261005,2026100563,5,2,5,014486,大瀬戸潤一郎,マ,10.1,3/4車輪,,0,0
056320261005,2026100563,5,2,7,014850,岡田啓渡,差,9.9,3/4車輪,,0,0
056320261005,2026100563,5,4,1,011619,疋田敏,,10.0,2車身,,0,0
056320261005,2026100563,5,5,4,014495,下沖功児,,9.9,3/4車輪,,0,0
056320261005,2026100563,5,6,3,012705,那須久幸,,9.8,1/4車輪,,0,0
056320261005,2026100563,5,7,6,015538,村瀬大和,,11.0,6車身,,0,0
066320261005,2026100563,6,1,5,013884,守谷陽介,捲,9.8,,,0,0
066320261005,2026100563,6,2,4,014672,吉田茂生,差,10.0,2車身,,0,0
066320261005,2026100563,6,3,7,013447,坂本晃輝,,10.0,3/4車身,,0,0
066320261005,2026100563,6,4,2,014997,下岡優季,,10.5,2車身,,1,1
066320261005,2026100563,6,5,6,014403,櫻井太士,,10.1,1/4車輪,,0,0
066320261005,2026100563,6,6,1,014601,小竹洋平,,9.9,3/4車輪,,0,0
066320261005,2026100563,6,7,3,015920,吉野太晟,,10.8,6車身,,0,0
076320261005,2026100563,7,1,3,015625,真鍋顕汰,捲,9.9,,,0,1
076320261005,2026100563,7,2,1,015634,末廣快理,逃,10.3,3車身,,1,0
076320261005,2026100563,7,3,4,014688,西田大志,,10.1,3/4車身,,0,0
076320261005,2026100563,7,4,6,013121,山田晃久,,10.3,3/4車身,,0,0
076320261005,2026100563,7,5,2,014104,池田憲昭,,10.1,1車身1/2,,0,0
076320261005,2026100563,7,6,5,013792,辰己豊,,10.5,3車身,,0,0
076320261005,2026100563,7,7,7,015192,藤原俊太郎,,11.1,7車身,,0,0
017520261005,2026100575,1,1,5,011800,三住博昭,差,12.4,,,0,0
017520261005,2026100575,1,2,4,013110,法月成祐,差,12.6,1/2車身,,0,0
017520261005,2026100575,1,3,3,013371,足達重満,,12.3,1車輪,,0,0
017520261005,2026100575,1,4,2,015163,戸塚涼介,,12.8,微差,,1,1
017520261005,2026100575,1,5,6,014412,宮崎康司,,12.2,1車輪,,0,0
017520261005,2026100575,1,6,7,014476,乾庄平,,12.2,1車身,,0,0
017520261005,2026100575,1,7,1,015910,土生智徳,,15.6,大差,,0,0
027520261005,2026100575,2,1,5,014116,安東宏高,差,11.8,,,0,0
027520261005,2026100575,2,2,7,015372,野上竜太,逃,12.3,1/2車輪,,0,1
027520261005,2026100575,2,3,3,014474,山崎晃,,12.0,タイヤ,,0,0
027520261005,2026100575,2,4,4,014665,小峰烈,,11.5,1車身,,0,0
027520261005,2026100575,2,5,6,013399,塚本勝士,,11.8,1/4車輪,,0,0
027520261005,2026100575,2,6,1,013907,佐藤正吾,,11.8,1/4車輪,,1,0
027520261005,2026100575,2,7,2,013056,山本貴章,,12.3,1/4車輪,,0,0
037520261005,2026100575,3,1,3,015060,滝本泰行,差,12.0,,,0,0
037520261005,2026100575,3,2,4,014657,野中祐志,差,11.9,1車輪,,0,0
037520261005,2026100575,3,3,7,015934,吉田航,,12.2,1車輪,,0,1
037520261005,2026100575,3,4,1,014858,小原唯志,,12.0,3/4車輪,,0,0
037520261005,2026100575,3,5,2,015721,内山慧大,,12.0,1/2車身,,1,0
037520261005,2026100575,3,6,5,014999,水谷将司,,12.0,1車輪,,0,0
037520261005,2026100575,3,7,6,014297,田中勝仁,,12.0,1/2車輪,,0,0
047520261005,2026100575,4,1,6,013970,三好陽一,差,11.8,,,0,0
047520261005,2026100575,4,2,1,015278,田中和磨,差,11.9,1/4車輪,,0,0
047520261005,2026100575,4,3,3,015532,石田拓真,,12.2,3/4車身,,0,1
047520261005,2026100575,4,4,5,013571,小林信晴,,11.8,3/4車身,,1,0
047520261005,2026100575,4,5,4,013695,岡本英之,,11.9,1/4車輪,,0,0
047520261005,2026100575,4,6,7,014003,須賀和彦,,11.9,1/2車身,,0,0
047520261005,2026100575,4,7,2,015099,吉竹尚城,,13.3,大差,,0,0
057520261005,2026100575,5,1,7,015781,齊藤英伊須,捲,11.9,,,0,1
057520261005,2026100575,5,2,3,013910,高橋秀吉,マ,11.9,1車輪,,0,0
057520261005,2026100575,5,3,2,015299,曽我圭佑,,11.7,3/4車身,,1,0
057520261005,2026100575,5,4,4,013811,池田浩士,,11.7,1車輪,,0,0
057520261005,2026100575,5,5,5,015419,黒滝大翔,,11.6,1車輪,,0,0
057520261005,2026100575,5,6,6,013969,武田良太,,11.6,3/4車身,,0,0
057520261005,2026100575,5,7,1,014619,木村浩宣,,11.5,1車身1/2,,0,0
067520261005,2026100575,6,1,2,015249,磯川勝裕,捲,11.8,,,0,0
067520261005,2026100575,6,2,7,013407,大矢将大,マ,11.6,1/2車輪,,0,0
067520261005,2026100575,6,3,3,014710,花田将司,,11.7,1/2車身,,1,0
067520261005,2026100575,6,4,5,014515,城幸弘,,11.8,1車身,,0,0
067520261005,2026100575,6,5,6,015258,栗本尚宗,,12.1,1車身,,0,0
067520261005,2026100575,6,6,1,014090,竹澤浩司,,11.9,3車身,,0,0
067520261005,2026100575,6,7,4,015539,上杉嘉槻,,12.9,5車身,,0,1
077520261005,2026100575,7,1,1,015648,森本桂太郎,捲,11.9,,,0,0
077520261005,2026100575,7,2,2,013990,荻原尚人,マ,11.9,1車身1/2,,0,0
077520261005,2026100575,7,3,6,015543,福元啓太,,11.9,1/2車身,,0,0
077520261005,2026100575,7,4,7,014371,岡光良,,11.6,1/2車輪,,0,0
077520261005,2026100575,7,5,5,014372,内田玄希,,11.7,2車身,,0,0
077520261005,2026100575,7,6,4,015728,保田浩輔,,12.4,3/4車輪,,1,1
077520261005,2026100575,7,7,3,014051,早坂秀悟,,12.3,4車身,,0,0
087520261005,2026100575,8,1,7,014685,掛水泰範,差,11.7,,,0,0
087520261005,2026100575,8,2,3,014683,藤岡隆治,マ,11.7,1/2車輪,,0,0
087520261005,2026100575,8,3,2,015104,中川勝貴,,11.7,1/2車身,,0,0
087520261005,2026100575,8,4,4,014337,佐々木翔一,,11.6,3/4車輪,,0,0
087520261005,2026100575,8,5,1,015322,磯島成介,,11.9,1/4車輪,,1,1
087520261005,2026100575,8,6,5,012592,水谷良和,,11.6,3/4車身,,0,0
087520261005,2026100575,8,7,6,015818,佐藤大地,,13.6,大差,,0,0
097520261005,2026100575,9,1,4,015389,宮崎大空,差,11.6,,,0,0
097520261005,2026100575,9,2,1,014692,森山智徳,逃,11.8,1/2車輪,,1,1
097520261005,2026100575,9,3,2,014769,坂本修一,,11.6,1/2車輪,,0,0
097520261005,2026100575,9,4,5,015877,三澤優樹,,11.6,2車身,,0,0
097520261005,2026100575,9,5,3,012889,丸山啓一,,11.4,1車身,,0,0
097520261005,2026100575,9,6,7,014881,山崎泰己,,11.6,3/4車輪,,0,0
097520261005,2026100575,9,7,6,013912,金成和幸,,11.6,3/4車身,,0,0
107520261005,2026100575,10,1,6,015782,佐々木亮太,差,11.4,,,0,0
107520261005,2026100575,10,2,5,015703,牧田悠生,捲,11.5,タイヤ,,0,0
107520261005,2026100575,10,3,2,015473,青柳靖起,,11.8,3車身,,0,0
107520261005,2026100575,10,4,4,013808,坂本健太郎,,11.8,1車身1/2,,1,0
107520261005,2026100575,10,5,7,015038,山岸佳太,,12.2,1/4車輪,,0,0
107520261005,2026100575,10,6,3,014109,吉松直人,,11.8,1/2車身,,0,0
107520261005,2026100575,10,7,1,015793,川上隆義,,12.5,2車身,,0,1
117520261005,2026100575,11,1,4,015086,酒井雄多,差,11.4,,,0,0
117520261005,2026100575,11,2,3,015274,福永大智,逃,11.5,1/2車身,,1,1
117520261005,2026100575,11,3,2,013252,中村浩士,,11.4,1/8車輪,,0,0
117520261005,2026100575,11,4,1,013815,井上昌己,,11.2,1/2車身,,0,0
117520261005,2026100575,11,5,6,014888,佐藤健太,,11.1,1/2車輪,,0,0
117520261005,2026100575,11,6,5,015106,大石崇晴,,10.9,1/2車身,,0,0
117520261005,2026100575,11,7,7,014786,本郷雄三,,12.5,大差,,0,0
127520261005,2026100575,12,1,4,013656,渡部哲男,差,11.7,,,0,0
127520261005,2026100575,12,2,2,013850,山賀雅仁,マ,11.6,1/4車輪,,0,0
127520261005,2026100575,12,3,1,015466,久田裕也,,11.9,1/2車身,,0,1
127520261005,2026100575,12,4,6,015127,野村典嗣,,11.6,3/4車身,,0,0
127520261005,2026100575,12,5,7,015128,嶋田誠也,,11.5,1/4車輪,,0,0
127520261005,2026100575,12,6,5,015891,野中龍之介,,12.0,2車身,,0,0
127520261005,2026100575,12,7,3,015745,小柳智徳,,11.9,3/4車身,,0,0
015320261005,2026100553,1,1,1,014954,日野博幸,逃,10.1,,,0,1
015320261005,2026100553,1,2,5,013589,佐竹和也,マ,10.0,3/4車輪,,0,0
015320261005,2026100553,1,3,3,015665,福田要,,9.9,1/2車身,,0,0
015320261005,2026100553,1,4,2,014530,栗田雄矢,,9.7,1車身1/2,,0,0
015320261005,2026100553,1,5,4,014816,齋藤宗徳,,9.9,1/2車身,,0,0
015320261005,2026100553,1,6,7,015742,堀越翔己,,9.7,1車身,,1,0
015320261005,2026100553,1,7,6,013646,日浅保幸,,10.8,9車身,,0,0
025320261005,2026100553,2,1,7,012708,野木義規,差,10.1,,,0,0
025320261005,2026100553,2,2,2,014951,後藤祐貴,捲,10.0,1/2車身,,0,0
025320261005,2026100553,2,3,1,014044,八尋英輔,,9.7,1/4車輪,,1,0
025320261005,2026100553,2,4,3,014980,田原宥明,,10.2,1/8車輪,,0,1
025320261005,2026100553,2,5,6,014755,奥出健士郎,,9.9,1/2車身,,0,0
025320261005,2026100553,2,6,5,012992,吉良勝信,,9.7,3/4車身,,0,0
025320261005,2026100553,2,7,4,014422,前田義和,,10.2,2車身,,0,0
035320261005,2026100553,3,1,1,015899,加藤駿,差,9.8,,,1,0
035320261005,2026100553,3,2,7,015548,白井優太朗,逃,10.0,1/4車輪,,0,1
035320261005,2026100553,3,3,4,012603,大川栄二,,9.8,1/2車身,,0,0
035320261005,2026100553,3,4,6,012216,武田哲二,,9.8,1車身,,0,0
035320261005,2026100553,3,5,3,014070,秋葉大輔,,9.7,1/2車身,,0,0
035320261005,2026100553,3,6,5,015102,奥出良,,9.7,1車輪,,0,0
035320261005,2026100553,3,7,2,012924,太田黒大心,,10.1,5車身,,0,0
045320261005,2026100553,4,1,5,015795,今井希,捲,10.0,,,0,1
045320261005,2026100553,4,2,2,014305,大谷靖茂,差,9.9,4車身,,0,0
045320261005,2026100553,4,3,3,015924,利川寛太,,10.2,1/8車輪,,1,0
045320261005,2026100553,4,4,6,014323,連佛康浩,,9.9,2車身,,0,0
045320261005,2026100553,4,5,4,014742,河野淳吾,,9.8,3/4車身,,0,0
045320261005,2026100553,4,6,7,013117,鳥越靖弘,,10.2,3車身,,0,0
045320261005,2026100553,4,0,1,013924,阿久津修,,0.0,,故障,0,0
055320261005,2026100553,5,1,6,015048,志佐明,差,10.2,,,0,0
055320261005,2026100553,5,2,2,015003,小笹隼人,差,10.3,1/4車輪,,0,0
055320261005,2026100553,5,3,5,015457,村田瑞季,,10.5,1車輪,,0,1
055320261005,2026100553,5,4,3,014646,三浦雄大,,10.3,1/2車身,,1,0
055320261005,2026100553,5,5,4,014066,池田勇人,,10.3,1/4車輪,,0,0
055320261005,2026100553,5,6,7,015685,小笠原一真,,10.6,2車身,,0,0
055320261005,2026100553,5,7,1,014080,近藤隆司,,11.5,大差,,0,0
065320261005,2026100553,6,1,3,014143,天田裕輝,捲,9.4,,,0,0
065320261005,2026100553,6,2,1,015370,城戸俊潔,逃,9.9,3車身,,1,1
065320261005,2026100553,6,3,2,015170,川越勇星,,9.9,3/4車身,,0,0
065320261005,2026100553,6,4,7,012948,小林潤二,,9.6,1車輪,,0,0
065320261005,2026100553,6,5,4,013295,佐々木則幸,,9.9,1/8車輪,,0,0
065320261005,2026100553,6,6,5,013115,望月永悟,,9.8,1/4車輪,,0,0
065320261005,2026100553,6,7,6,012478,加倉正義,,9.9,2車身,,0,0
075320261005,2026100553,7,1,3,015610,永井哉多,捲,9.6,,,0,1
075320261005,2026100553,7,2,4,015630,原田翔真,マ,9.5,1/8車輪,,0,0
075320261005,2026100553,7,3,7,014394,不破将登,,9.5,1車身,,0,0
075320261005,2026100553,7,4,1,013274,八日市屋浩之,,9.5,3/4車身,,1,0
075320261005,2026100553,7,5,5,014864,土屋壮登,,9.7,1/2車身,,0,0
075320261005,2026100553,7,6,2,014141,中川貴徳,,9.6,1車身1/2,,0,0
075320261005,2026100553,7,7,6,015191,奥村諭志,,11.3,大差,,0,0
085320261005,2026100553,8,1,6,015641,富武大,逃,10.0,,,1,1
085320261005,2026100553,8,2,7,014730,中田健太,差,9.8,1/2車輪,,0,0
085320261005,2026100553,8,3,1,015426,太田龍希,,9.9,3/4車輪,,0,0
085320261005,2026100553,8,4,3,014330,坂田章,,9.9,1/2車輪,,0,0
085320261005,2026100553,8,5,4,014114,坂本亮馬,,9.7,1車身,,0,0
085320261005,2026100553,8,6,2,015653,坂田康季,,9.9,1車身1/2,,0,0
085320261005,2026100553,8,7,5,013306,齋藤登志信,,10.2,3車身,,0,0
095320261005,2026100553,9,1,1,015663,松本秀之慎,捲,9.8,,,0,0
095320261005,2026100553,9,2,5,015291,山口敦也,マ,9.8,1/2車身,,0,0
095320261005,2026100553,9,3,3,013533,佐藤愼太郎,,9.6,1車輪,,0,0
095320261005,2026100553,9,4,6,015058,中西大,,10.0,1/2車身,,0,1
095320261005,2026100553,9,5,7,014791,木村弘,,9.6,1/2車輪,,0,0
095320261005,2026100553,9,6,2,013800,中村一将,,9.6,3/4車身,,0,0
095320261005,2026100553,9,7,4,014313,小谷実,,9.6,2車身,,1,0
105320261005,2026100553,10,1,1,014052,飯野祐太,差,9.1,,,1,0
105320261005,2026100553,10,2,4,015418,原大智,逃,9.3,1/8車輪,,0,1
105320261005,2026100553,10,3,3,014307,谷田泰平,,9.1,1車身,,0,0
105320261005,2026100553,10,4,2,014882,山本直,,9.0,1/2車身,,0,0
105320261005,2026100553,10,5,7,015041,伊藤慶太郎,,9.4,3車身,,0,0
105320261005,2026100553,10,6,5,015646,塩崎隼秀,,9.2,1/2車身,,0,0
105320261005,2026100553,10,7,6,013722,宝満大作,,9.3,2車身,,0,0
115320261005,2026100553,11,1,5,015715,平野想真,逃,9.7,,,0,1
115320261005,2026100553,11,2,1,014946,元砂勇雪,マ,9.7,3/4車身,,1,0
115320261005,2026100553,11,3,4,013744,菅原晃,,9.6,3/4車身,,0,0
115320261005,2026100553,11,4,6,014478,内山貴裕,,9.6,1/8車輪,,0,0
115320261005,2026100553,11,5,3,015660,河崎正晴,,9.7,1/4車輪,,0,0
115320261005,2026100553,11,6,2,015118,木村幸希,,9.6,1車輪,,0,0
115320261005,2026100553,11,7,7,015201,門田凌,,9.6,2車身,,0,0
125320261005,2026100553,12,1,3,014682,原田研太朗,捲,9.8,,,0,0
125320261005,2026100553,12,2,5,015297,上野優太,マ,9.8,1車身,,0,0
125320261005,2026100553,12,3,1,013851,和田健太郎,,10.2,3車身,,1,0
125320261005,2026100553,12,4,4,014497,川津悠揮,,10.1,タイヤ,,0,0
125320261005,2026100553,12,5,7,015349,寺沼拓摩,,10.3,1車身,,0,1
125320261005,2026100553,12,6,2,014700,川口公太朗,,10.1,1/4車輪,,0,0
125320261005,2026100553,12,7,6,014757,藤井昭吾,,10.4,1車身,,0,0
011320261006,2026100613,1,1,5,014595,瀧本匡平,逃,12.4,,,0,1
011320261006,2026100613,1,2,2,013314,鈴木宏章,差,12.4,4車身,,0,0
011320261006,2026100613,1,3,3,013776,小塚潤,,12.6,1/2車身,,0,0
011320261006,2026100613,1,4,4,013255,安坂洋一,,12.3,1/4車輪,,0,0
011320261006,2026100613,1,5,6,011821,中川博文,,12.6,1車身1/2,,0,0
011320261006,2026100613,1,6,1,014388,水野悟志,,14.2,大差,,1,0
021320261006,2026100613,2,1,4,015158,猪野泰介,差,11.9,,,0,0
021320261006,2026100613,2,2,2,011346,野崎修一,差,12.3,1/2車身,,0,0
021320261006,2026100613,2,3,7,014931,横田政直,,12.6,1/8車輪,,0,1
021320261006,2026100613,2,4,3,014099,坂本佳憲,,12.3,1/2車身,,1,0
021320261006,2026100613,2,5,5,014154,長岡豪,,12.6,3/4車身,,0,0
021320261006,2026100613,2,6,1,014650,佐藤裕輝,,12.0,2車身,,0,0
021320261006,2026100613,2,7,6,013531,伊藤司,,13.0,7車身,,0,0
031320261006,2026100613,3,1,3,014738,櫻川雅彦,差,12.2,,,0,0
031320261006,2026100613,3,2,5,014866,櫻井利之,逃,12.3,3/4車身,,0,1
031320261006,2026100613,3,3,2,015884,秋山太洋,,12.3,3/4車輪,,1,0
031320261006,2026100613,3,4,7,013421,富澤洋祐,,12.2,6車身,,0,0
031320261006,2026100613,3,5,6,012858,亀井宏佳,,12.3,1/2車身,,0,0
031320261006,2026100613,3,6,4,013867,樋口奨平,,12.1,1車身1/2,,0,0
031320261006,2026100613,3,7,1,015053,廣田敦士,,12.4,2車身,,0,0
041320261006,2026100613,4,1,4,015763,山口優依,逃,12.8,,,1,1
041320261006,2026100613,4,2,1,015317,佐伯智恵,マ,12.7,3/4車輪,,0,0
041320261006,2026100613,4,3,2,015401,清水彩那,,12.6,1車輪,,0,0
041320261006,2026100613,4,4,6,016034,古山稀絵,,12.6,1車身1/2,,0,0
041320261006,2026100613,4,5,5,015576,菅原ななこ,,12.7,1/2車輪,,0,0
041320261006,2026100613,4,6,7,015757,戸邉香奈実,,12.6,1/2車身,,0,0
041320261006,2026100613,4,7,3,015496,布居光,,12.9,2車身,,0,0
051320261006,2026100613,5,1,6,015621,長谷川裕一,逃,12.0,,,0,1
051320261006,2026100613,5,2,1,014102,篠塚光一,マ,11.9,1/2車身,,1,0
051320261006,2026100613,5,3,7,013760,矢口啓一郎,,11.8,1/8車輪,,0,0
051320261006,2026100613,5,4,4,013471,松坂英司,,12.0,1車身1/2,,0,0
051320261006,2026100613,5,5,3,013933,藤田竜矢,,12.1,3/4車輪,,0,0
051320261006,2026100613,5,6,2,014823,渡辺聖,,11.9,3/4車身,,0,0
051320261006,2026100613,5,7,5,012719,篠崎高志,,12.3,3車身,,0,0
061320261006,2026100613,6,1,3,014057,松田優一,差,12.0,,,0,0
061320261006,2026100613,6,2,2,013902,岩崎将士,差,12.6,3/4車身,,1,0
061320261006,2026100613,6,3,5,014732,和田禎嗣,,12.0,1車輪,,0,0
061320261006,2026100613,6,4,4,014240,須藤誠,,12.5,1/2車身,,0,0
061320261006,2026100613,6,5,6,014205,日当泰之,,12.8,1/2車輪,,0,1
061320261006,2026100613,6,6,1,014171,深見仁哉,,12.5,1/2車身,,0,0
061320261006,2026100613,6,7,7,014859,小林申太,,12.4,1/2車身,,0,0
071320261006,2026100613,7,1,3,015535,佐藤竜太,逃,12.4,,,0,1
071320261006,2026100613,7,2,1,015165,寺沼将彦,マ,12.3,3/4車輪,,1,0
071320261006,2026100613,7,3,7,013582,肥後尚己,,12.0,3/4車輪,,0,0
071320261006,2026100613,7,4,4,015042,高橋泰裕,,12.2,1/8車輪,,0,0
071320261006,2026100613,7,5,5,013233,小松剛之,,12.1,1車身1/2,,0,0
071320261006,2026100613,7,6,2,014281,寺林正秋,,11.9,1/2車身,,0,0
071320261006,2026100613,7,7,6,014703,一ノ瀬貴将,,12.0,2車身,,0,0
081320261006,2026100613,8,1,7,014466,二藤元太,差,12.1,,,0,0
081320261006,2026100613,8,2,1,014206,金野俊秋,差,12.2,1/4車輪,,0,0
081320261006,2026100613,8,3,4,014933,奥原亨,,12.2,1車身,,0,0
081320261006,2026100613,8,4,5,014473,重倉高史,,12.6,3/4車身,,0,1
081320261006,2026100613,8,5,2,014748,山口智弘,,12.4,3/4車身,,1,0
081320261006,2026100613,8,6,3,013915,坂口卓士,,13.0,大差,,0,0
081320261006,2026100613,8,7,6,014651,須永勝太,,13.5,5車身,,0,0
091320261006,2026100613,9,1,1,015874,角田吏,捲,11.8,,,0,1
091320261006,2026100613,9,2,7,015968,渡邉拓,捲,11.7,1車輪,,0,0
091320261006,2026100613,9,3,3,015985,山本真,,11.8,1車身,,0,0
091320261006,2026100613,9,4,5,014802,渡邉正人,,11.7,1車身,,0,0
091320261006,2026100613,9,5,2,014158,本間慎吾,,12.1,6車身,,0,0
091320261006,2026100613,9,6,4,015958,庄子琢心,,12.7,3/4車身,,1,0
091320261006,2026100613,9,7,6,012559,相良勝美,,12.3,1/4車輪,,0,0
101320261006,2026100613,10,1,1,014974,山原さくら,捲,12.2,,,0,0
101320261006,2026100613,10,2,2,015224,太田美穂,マ,12.2,1車身1/2,,0,0
101320261006,2026100613,10,3,4,014963,石井寛子,,12.6,2車身,,0,0
101320261006,2026100613,10,4,6,015018,高橋梨香,,12.5,1車身,,0,0
101320261006,2026100613,10,5,7,015867,是永ゆうき,,12.4,3/4車輪,,1,0
101320261006,2026100613,10,6,3,016035,伊藤梨里花,,12.9,1車身1/2,,0,1
101320261006,2026100613,10,7,5,015776,高本美穂,,12.6,3/4車身,,0,0
111320261006,2026100613,11,1,7,015344,荒木貴大,差,11.9,,,0,0
111320261006,2026100613,11,2,4,015791,岡部陸斗,逃,12.0,3/4車輪,,0,1
111320261006,2026100613,11,3,3,015911,松田安綱,,11.6,1/4車輪,,0,0
111320261006,2026100613,11,4,2,014454,上原龍,,11.8,3/4車身,,1,0
111320261006,2026100613,11,5,6,015265,井田晶之,,11.6,1車身,,0,0
111320261006,2026100613,11,6,5,014716,猪狩祐樹,,13.3,大差,,0,0
111320261006,2026100613,11,7,1,015415,坂本紘規,,13.6,3車身,,0,0
016320261006,2026100663,1,1,4,014166,倉野隆太郎,差,10.3,,,0,0
016320261006,2026100663,1,2,1,015533,岩城佑典,捲,10.4,3/4車輪,,0,0
016320261006,2026100663,1,3,2,014715,高橋幸司,,10.2,1車身1/2,,0,0
016320261006,2026100663,1,4,5,012920,山崎岳志,,10.1,1/2車身,,0,0
016320261006,2026100663,1,5,3,013742,葛西雄太郎,,10.9,3/4車身,,0,1
016320261006,2026100663,1,6,6,013738,眞鍋伸也,,11.4,6車身,,1,0
026320261006,2026100663,2,1,1,014783,魚屋周成,逃,10.3,,,0,1
026320261006,2026100663,2,2,5,013374,川野正芳,マ,10.2,タイヤ,,0,0
026320261006,2026100663,2,3,3,012679,坂上忠克,,10.2,1車身1/2,,1,0
026320261006,2026100663,2,4,4,010900,三浦靖,,10.2,1/2車身,,0,0
026320261006,2026100663,2,5,7,015273,中武三四郎,,10.5,1/2車身,,0,0
026320261006,2026100663,2,6,2,014181,藤原悠斗,,10.4,2車身,,0,0
026320261006,2026100663,2,7,6,015119,佐伯辰哉,,10.5,6車身,,0,0
036320261006,2026100663,3,1,6,014351,田口守,差,10.4,,,0,0
036320261006,2026100663,3,2,1,015281,増田仁,逃,10.5,1/4車輪,,0,1
036320261006,2026100663,3,3,5,013893,片山直人,,10.3,1車輪,,0,0
036320261006,2026100663,3,4,3,011634,中澤央治,,10.1,1/2車輪,,0,0
036320261006,2026100663,3,5,7,014841,井上将志,,10.1,1車身,,0,0
036320261006,2026100663,3,6,2,015209,中野真吾,,10.8,2車身,,0,0
036320261006,2026100663,3,7,4,015633,中釜健次,,10.7,2車身,,1,0
046320261006,2026100663,4,1,7,014997,下岡優季,逃,10.4,,,0,1
046320261006,2026100663,4,2,3,013121,山田晃久,マ,10.3,1/4車輪,,0,0
046320261006,2026100663,4,3,1,014688,西田大志,,10.0,1/4車輪,,0,0
046320261006,2026100663,4,4,6,014494,山崎翼,,10.1,1/4車輪,,0,0
046320261006,2026100663,4,5,4,013447,坂本晃輝,,9.9,1/2車身,,0,0
046320261006,2026100663,4,6,5,014403,櫻井太士,,10.2,4車身,,0,0
046320261006,2026100663,4,7,2,015192,藤原俊太郎,,11.6,大差,,1,0
056320261006,2026100663,5,1,1,013792,辰己豊,差,10.5,,,0,0
056320261006,2026100663,5,2,6,012298,星島太,差,10.3,1/4車輪,,0,0
056320261006,2026100663,5,3,4,014115,原田礼,,10.2,1/4車輪,,0,0
056320261006,2026100663,5,4,7,012705,那須久幸,,10.4,1/8車輪,,0,0
056320261006,2026100663,5,5,3,015108,吉田篤史,,10.6,3/4車身,,1,1
056320261006,2026100663,5,6,5,014393,柴田祐也,,10.7,2車身,,0,0
056320261006,2026100663,5,7,2,014495,下沖功児,,11.8,大差,,0,0
066320261006,2026100663,6,1,1,014104,池田憲昭,差,10.2,,,0,0
066320261006,2026100663,6,2,5,015920,吉野太晟,逃,10.3,1/8車輪,,1,1
066320261006,2026100663,6,3,2,014638,川又裕樹,,10.1,1車身,,0,0
066320261006,2026100663,6,4,7,014612,工藤文彦,,10.1,1/2車輪,,0,0
066320261006,2026100663,6,5,3,011619,疋田敏,,10.0,3/4車身,,0,0
066320261006,2026100663,6,6,6,015538,村瀬大和,,9.9,1/2車身,,0,0
066320261006,2026100663,6,7,4,014601,小竹洋平,,10.3,3/4車身,,0,0
076320261006,2026100663,7,1,2,015625,真鍋顕汰,捲,9.9,,,0,0
076320261006,2026100663,7,2,5,014672,吉田茂生,マ,9.8,1/2車身,,0,0
076320261006,2026100663,7,3,4,014952,多田晃紀,,9.8,1車身1/2,,0,0
076320261006,2026100663,7,4,6,014850,岡田啓渡,,10.1,1/2車身,,1,0
076320261006,2026100663,7,5,1,013884,守谷陽介,,9.9,1車身1/2,,0,0
076320261006,2026100663,7,6,7,014486,大瀬戸潤一郎,,9.9,2車身,,0,0
076320261006,2026100663,7,7,3,015634,末廣快理,,10.6,3/4車身,,0,1
017520261006,2026100675,1,1,7,014619,木村浩宣,捲,11.8,,,0,0
017520261006,2026100675,1,2,3,014412,宮崎康司,マ,11.8,1車身,,0,0
017520261006,2026100675,1,3,1,014474,山崎晃,,11.7,3/4車身,,0,0
017520261006,2026100675,1,4,2,014665,小峰烈,,12.0,3/4車輪,,1,0
017520261006,2026100675,1,5,6,013399,塚本勝士,,11.5,1/4車輪,,0,0
017520261006,2026100675,1,6,4,013371,足達重満,,12.4,5車身,,0,0
017520261006,2026100675,1,7,5,015163,戸塚涼介,,12.9,2車身,,0,1
027520261006,2026100675,2,1,7,015099,吉竹尚城,捲,11.2,,,0,0
027520261006,2026100675,2,2,1,014297,田中勝仁,マ,11.0,1/2車身,,1,0
027520261006,2026100675,2,3,3,015372,野上竜太,,11.8,3/4車身,,0,1
027520261006,2026100675,2,4,5,013907,佐藤正吾,,11.1,1/2車身,,0,0
027520261006,2026100675,2,5,2,014476,乾庄平,,11.4,5車身,,0,0
027520261006,2026100675,2,6,4,015910,土生智徳,,12.2,6車身,,0,0
027520261006,2026100675,2,7,6,013056,山本貴章,,14.2,大差,,0,0
037520261006,2026100675,3,1,1,014999,水谷将司,差,11.2,,,0,0
037520261006,2026100675,3,2,5,015721,内山慧大,捲,11.3,1/8車輪,,0,0
037520261006,2026100675,3,3,4,013571,小林信晴,,11.2,1車身,,0,0
037520261006,2026100675,3,4,2,015419,黒滝大翔,,11.7,1車身1/2,,0,0
037520261006,2026100675,3,5,3,015934,吉田航,,11.9,1車身,,1,1
037520261006,2026100675,3,6,6,013110,法月成祐,,11.7,微差,,0,0
037520261006,2026100675,3,7,7,013811,池田浩士,,11.6,1/2車輪,,0,0
047520261006,2026100675,4,1,6,011800,三住博昭,捲,12.1,,,0,0
047520261006,2026100675,4,2,1,015299,曽我圭佑,逃,12.5,1/2車輪,,1,1
047520261006,2026100675,4,3,4,013969,武田良太,,12.3,1/2車身,,0,0
047520261006,2026100675,4,4,7,014116,安東宏高,,12.5,1/4車輪,,0,0
047520261006,2026100675,4,5,2,014003,須賀和彦,,12.2,1/4車輪,,0,0
047520261006,2026100675,4,6,3,013695,岡本英之,,12.2,3/4車身,,0,0
047520261006,2026100675,4,7,5,014858,小原唯志,,12.7,4車身,,0,0
057520261006,2026100675,5,1,6,015258,栗本尚宗,捲,11.8,,,0,0
057520261006,2026100675,5,2,2,014710,花田将司,マ,11.6,1/2車輪,,1,0
057520261006,2026100675,5,3,1,013912,金成和幸,,11.6,3/4車身,,0,0
057520261006,2026100675,5,4,7,012592,水谷良和,,11.8,3/4車輪,,0,0
057520261006,2026100675,5,5,4,014051,早坂秀悟,,11.4,1/4車輪,,0,0
057520261006,2026100675,5,6,5,013407,大矢将大,,11.3,タイヤ,,0,0
057520261006,2026100675,5,7,3,014090,竹澤浩司,,12.2,2車身,,0,1
067520261006,2026100675,6,1,3,015818,佐藤大地,捲,11.3,,,0,0
067520261006,2026100675,6,2,5,015728,保田浩輔,捲,11.2,1車身,,0,0
067520261006,2026100675,6,3,4,013990,荻原尚人,,11.7,4車身,,0,0
067520261006,2026100675,6,4,7,015877,三澤優樹,,11.9,1/2車輪,,0,1
067520261006,2026100675,6,5,6,015543,福元啓太,,11.6,1/2車輪,,0,0
067520261006,2026100675,6,6,2,014372,内田玄希,,11.8,1/2車身,,1,0
067520261006,2026100675,6,7,1,014769,坂本修一,,11.8,3車身,,0,0
077520261006,2026100675,7,1,4,015322,磯島成介,差,11.6,,,0,0
077520261006,2026100675,7,2,7,012889,丸山啓一,マ,11.6,1/2車輪,,0,0
077520261006,2026100675,7,3,3,014371,岡光良,,11.7,2車身,,0,0
077520261006,2026100675,7,4,6,015539,上杉嘉槻,,11.9,1/8車輪,,0,1
077520261006,2026100675,7,5,1,014515,城幸弘,,11.7,1車身1/2,,0,0
077520261006,2026100675,7,6,5,014881,山崎泰己,,11.9,1/2車身,,0,0
077520261006,2026100675,7,7,2,014337,佐々木翔一,,12.3,3車身,,1,0
087520261006,2026100675,8,1,7,013815,井上昌己,差,11.9,,,0,0
087520261006,2026100675,8,2,6,015648,森本桂太郎,マ,11.8,3/4車身,,0,0
087520261006,2026100675,8,3,4,015745,小柳智徳,,12.2,3/4車輪,,0,1
087520261006,2026100675,8,4,5,014685,掛水泰範,,11.8,1/4車輪,,0,0
087520261006,2026100675,8,5,2,015128,嶋田誠也,,11.7,3/4車身,,1,0
087520261006,2026100675,8,6,1,014109,吉松直人,,11.9,1車身,,0,0
087520261006,2026100675,8,7,3,015249,磯川勝裕,,12.1,2車身,,0,0
097520261006,2026100675,9,1,2,015891,野中龍之介,捲,11.7,,,0,1
097520261006,2026100675,9,2,7,013252,中村浩士,マ,11.6,1/4車輪,,0,0
097520261006,2026100675,9,3,3,014786,本郷雄三,,12.1,5車身,,0,0
097520261006,2026100675,9,4,4,014888,佐藤健太,,12.1,1/8車輪,,0,0
097520261006,2026100675,9,5,6,015104,中川勝貴,,12.1,1車身1/2,,0,0
097520261006,2026100675,9,6,1,015106,大石崇晴,,12.5,5車身,,1,0
097520261006,2026100675,9,0,5,015389,宮崎大空,,0.0,,失格,0,0
107520261006,2026100675,10,1,1,015038,山岸佳太,差,11.7,,,1,0
107520261006,2026100675,10,2,7,015793,川上隆義,逃,11.9,1車輪,,0,1
107520261006,2026100675,10,3,5,015466,久田裕也,,11.6,1/8車輪,,0,0
107520261006,2026100675,10,4,2,014683,藤岡隆治,,11.5,1/2車輪,,0,0
107520261006,2026100675,10,5,4,014692,森山智徳,,11.7,1/2車身,,0,0
107520261006,2026100675,10,6,6,015127,野村典嗣,,11.6,3/4車輪,,0,0
107520261006,2026100675,10,7,3,013808,坂本健太郎,,11.7,1/2車身,,0,0
117520261006,2026100675,11,1,4,015781,齊藤英伊須,逃,12.0,,,0,1
117520261006,2026100675,11,2,1,015060,滝本泰行,差,11.8,3/4車輪,,1,0
117520261006,2026100675,11,3,6,013970,三好陽一,,11.7,3/4車身,,0,0
117520261006,2026100675,11,4,2,015532,石田拓真,,11.7,1/2車身,,0,0
117520261006,2026100675,11,5,3,014657,野中祐志,,11.7,1車身1/2,,0,0
117520261006,2026100675,11,6,5,015278,田中和磨,,12.3,1/2車身,,0,0
117520261006,2026100675,11,7,7,013910,高橋秀吉,,12.3,1/4車輪,,0,0
127520261006,2026100675,12,1,3,015086,酒井雄多,差,11.5,,,0,0
127520261006,2026100675,12,2,2,015703,牧田悠生,差,11.7,6車身,,0,0
127520261006,2026100675,12,3,6,015782,佐々木亮太,,12.3,3/4車身,,0,1
127520261006,2026100675,12,4,5,015473,青柳靖起,,13.9,大差,,0,0
127520261006,2026100675,12,5,7,013850,山賀雅仁,,0.0,,,0,0
127520261006,2026100675,12,6,1,013656,渡部哲男,,0.0,,,1,0
127520261006,2026100675,12,0,4,015274,福永大智,,0.0,,失格,0,0
015320261006,2026100653,1,1,5,013924,阿久津修,差,10.4,,,0,0
015320261006,2026100653,1,2,3,015742,堀越翔己,逃,10.7,1車身,,1,1
015320261006,2026100653,1,3,7,012992,吉良勝信,,10.7,1車輪,,0,0
015320261006,2026100653,1,4,1,014323,連佛康浩,,10.6,1/2車輪,,0,0
015320261006,2026100653,1,5,4,013117,鳥越靖弘,,10.5,1/2車身,,0,0
015320261006,2026100653,1,6,2,015102,奥出良,,10.5,1/2車身,,0,0
015320261006,2026100653,1,7,6,013646,日浅保幸,,12.8,大差,,0,0
025320261006,2026100653,2,1,1,014422,前田義和,捲,9.6,,,1,0
025320261006,2026100653,2,2,2,014816,齋藤宗徳,捲,10.0,1車輪,,0,0
025320261006,2026100653,2,3,7,012924,太田黒大心,,9.6,1車輪,,0,0
025320261006,2026100653,2,4,6,014755,奥出健士郎,,10.3,1/2車輪,,0,1
025320261006,2026100653,2,5,4,014070,秋葉大輔,,10.2,1/2車身,,0,0
025320261006,2026100653,2,6,3,012216,武田哲二,,10.3,3/4車身,,0,0
025320261006,2026100653,2,7,5,014742,河野淳吾,,10.1,3車身,,0,0
035320261006,2026100653,3,1,4,015685,小笠原一真,逃,10.1,,,0,1
035320261006,2026100653,3,2,7,014980,田原宥明,マ,10.0,1/2車輪,,0,0
035320261006,2026100653,3,3,3,014954,日野博幸,,9.7,1/4車輪,,0,0
035320261006,2026100653,3,4,2,012708,野木義規,,10.0,3/4車身,,0,0
035320261006,2026100653,3,5,5,014066,池田勇人,,9.8,1/2車身,,0,0
035320261006,2026100653,3,6,6,015924,利川寛太,,9.8,3/4車身,,0,0
035320261006,2026100653,3,7,1,015795,今井希,,10.5,5車身,,1,0
045320261006,2026100653,4,1,7,014080,近藤隆司,逃,10.1,,,0,1
045320261006,2026100653,4,2,1,014646,三浦雄大,マ,10.0,1/2車輪,,1,0
045320261006,2026100653,4,3,5,015665,福田要,,10.0,1/2車身,,0,0
045320261006,2026100653,4,4,3,015899,加藤駿,,10.0,1車身,,0,0
045320261006,2026100653,4,5,2,014044,八尋英輔,,9.9,1車身,,0,0
045320261006,2026100653,4,6,6,014951,後藤祐貴,,10.2,3/4車身,,0,0
045320261006,2026100653,4,7,4,014305,大谷靖茂,,11.3,大差,,0,0
055320261006,2026100653,5,1,3,015048,志佐明,捲,10.1,,,0,0
055320261006,2026100653,5,2,4,015457,村田瑞季,逃,10.2,1/4車輪,,0,1
055320261006,2026100653,5,3,2,015548,白井優太朗,,9.9,1/4車輪,,0,0
055320261006,2026100653,5,4,7,013589,佐竹和也,,9.9,1/2車身,,0,0
055320261006,2026100653,5,5,5,014530,栗田雄矢,,9.8,1/4車輪,,0,0
055320261006,2026100653,5,6,1,015003,小笹隼人,,10.2,1/2車輪,,1,0
055320261006,2026100653,5,7,6,012603,大川栄二,,9.9,2車身,,0,0
065320261006,2026100653,6,1,5,015201,門田凌,差,9.9,,,0,0
065320261006,2026100653,6,2,3,015646,塩崎隼秀,逃,10.1,1/2車輪,,0,1
065320261006,2026100653,6,3,2,013115,望月永悟,,9.9,3/4車身,,0,0
065320261006,2026100653,6,4,1,014313,小谷実,,9.9,1/4車輪,,1,0
065320261006,2026100653,6,5,7,013306,齋藤登志信,,9.8,3/4車身,,0,0
065320261006,2026100653,6,6,6,013722,宝満大作,,9.9,1/4車輪,,0,0
065320261006,2026100653,6,7,4,015660,河崎正晴,,10.7,5車身,,0,0
075320261006,2026100653,7,1,5,015118,木村幸希,差,9.8,,,0,0
075320261006,2026100653,7,2,7,014141,中川貴徳,差,9.6,1/8車輪,,0,0
075320261006,2026100653,7,3,6,012478,加倉正義,,9.8,3車身,,0,0
075320261006,2026100653,7,4,3,013800,中村一将,,10.2,1車身,,0,0
075320261006,2026100653,7,5,4,015041,伊藤慶太郎,,9.9,1車輪,,0,0
075320261006,2026100653,7,6,2,015191,奥村諭志,,10.7,3車身,,0,1
075320261006,2026100653,7,7,1,015653,坂田康季,,10.5,1/2車輪,,1,0
085320261006,2026100653,8,1,4,012948,小林潤二,差,9.9,,,0,0
085320261006,2026100653,8,2,2,013295,佐々木則幸,マ,9.8,1/8車輪,,1,0
085320261006,2026100653,8,3,1,014791,木村弘,,10.1,3/4車輪,,0,1
085320261006,2026100653,8,4,5,013274,八日市屋浩之,,9.8,3/4車身,,0,0
085320261006,2026100653,8,5,3,014394,不破将登,,9.7,3/4車輪,,0,0
085320261006,2026100653,8,6,7,014330,坂田章,,9.8,1車身,,0,0
085320261006,2026100653,8,7,6,014307,谷田泰平,,11.7,大差,,0,0
095320261006,2026100653,9,1,1,014864,土屋壮登,差,9.3,,,1,0
095320261006,2026100653,9,2,4,015426,太田龍希,逃,9.4,3/4車輪,,0,1
095320261006,2026100653,9,3,6,015058,中西大,,9.3,1車輪,,0,0
095320261006,2026100653,9,4,3,013744,菅原晃,,9.1,1車身1/2,,0,0
095320261006,2026100653,9,5,2,014478,内山貴裕,,9.3,1/2車輪,,0,0
095320261006,2026100653,9,6,5,014114,坂本亮馬,,9.5,3車身,,0,0
095320261006,2026100653,9,7,7,014882,山本直,,9.7,1/2車輪,,0,0
105320261006,2026100653,10,1,2,015349,寺沼拓摩,逃,9.5,,,0,1
105320261006,2026100653,10,2,4,014730,中田健太,マ,9.4,1/4車輪,,0,0
105320261006,2026100653,10,3,3,014052,飯野祐太,,9.3,1車身,,0,0
105320261006,2026100653,10,4,5,013533,佐藤愼太郎,,9.2,1/4車輪,,0,0
105320261006,2026100653,10,5,6,015641,富武大,,9.3,1/2車身,,0,0
105320261006,2026100653,10,6,1,015297,上野優太,,9.3,1車身,,1,0
105320261006,2026100653,10,7,7,015663,松本秀之慎,,9.7,5車身,,0,0
115320261006,2026100653,11,1,3,015418,原大智,捲,9.5,,,0,0
115320261006,2026100653,11,2,5,014497,川津悠揮,マ,9.4,1/4車輪,,0,0
115320261006,2026100653,11,3,4,014757,藤井昭吾,,9.7,微差,,0,0
115320261006,2026100653,11,4,6,014946,元砂勇雪,,9.7,1車身,,0,0
115320261006,2026100653,11,5,2,015291,山口敦也,,9.7,1車身1/2,,0,0
115320261006,2026100653,11,6,7,015370,城戸俊潔,,10.0,2車身,,0,0
115320261006,2026100653,11,7,1,015630,原田翔真,,10.7,6車身,,1,1
125320261006,2026100653,12,1,3,015715,平野想真,捲,9.8,,,1,1
125320261006,2026100653,12,2,6,014143,天田裕輝,マ,9.7,3/4車身,,0,0
125320261006,2026100653,12,3,5,013851,和田健太郎,,9.6,1/2車身,,0,0
125320261006,2026100653,12,4,4,014682,原田研太朗,,9.7,1車身1/2,,0,0
125320261006,2026100653,12,5,7,014700,川口公太朗,,10.2,3車身,,0,0
125320261006,2026100653,12,6,2,015610,永井哉多,,10.9,8車身,,0,0
125320261006,2026100653,12,0,1,015170,川越勇星,,0.0,,落車,0,0
012220261006,2026100622,1,1,2,015939,半田水晶,捲,10.4,,,0,1
012220261006,2026100622,1,2,1,015320,那須萌美,マ,10.3,1/2車身,,1,0
012220261006,2026100622,1,3,3,015315,渡口まりあ,,10.2,1/2車身,,0,0
012220261006,2026100622,1,4,5,015857,伊藤優里,,9.9,3車身,,0,0
012220261006,2026100622,1,5,4,014962,石井貴子,,10.6,1/2車輪,,0,0
012220261006,2026100622,1,6,7,015581,刈込奈那,,10.6,3/4車輪,,0,0
012220261006,2026100622,1,7,6,015147,佐々木恵理,,10.6,6車身,,0,0
022220261006,2026100622,2,1,1,015587,吉川美穂,捲,10.2,,,0,0
022220261006,2026100622,2,2,2,015504,西島叶子,逃,10.5,1車身,,0,1
022220261006,2026100622,2,3,3,015667,戸田瑞姫,,10.4,1車輪,,0,0
022220261006,2026100622,2,4,4,015149,中野咲,,10.1,1車輪,,0,0
022220261006,2026100622,2,5,5,015674,野寺楓,,10.4,1/2車身,,1,0
022220261006,2026100622,2,6,7,015217,南彩乃,,10.4,3/4車身,,0,0
022220261006,2026100622,2,7,6,015849,佐藤乃愛,,10.2,3/4車身,,0,0
032220261006,2026100622,3,1,3,015617,添田龍児,逃,10.3,,,0,1
032220261006,2026100622,3,2,1,013188,山田幸司,マ,10.2,1/2車身,,0,0
032220261006,2026100622,3,3,5,013106,赤井学,,10.1,3/4車身,,1,0
032220261006,2026100622,3,4,7,013761,新井剛央,,10.1,3/4車身,,0,0
032220261006,2026100622,3,5,2,013014,江連和洋,,10.0,3/4車身,,0,0
032220261006,2026100622,3,6,6,014282,石川恭規,,10.1,1/2車身,,0,0
032220261006,2026100622,3,7,4,014988,伊早坂駿一,,11.2,大差,,0,0
042220261006,2026100622,4,1,2,014818,田口裕一,差,10.3,,,1,0
042220261006,2026100622,4,2,3,015107,田頭寛之,逃,10.6,3/4車身,,0,1
042220261006,2026100622,4,3,1,014164,田中孝彦,,10.3,1/4車輪,,0,0
042220261006,2026100622,4,4,6,013036,深澤伸介,,10.3,1/4車輪,,0,0
042220261006,2026100622,4,5,4,015895,鈴木小次廊,,10.6,1車身,,0,0
042220261006,2026100622,4,6,7,012717,伊藤一貴,,10.1,3/4車輪,,0,0
042220261006,2026100622,4,7,5,014056,橋本紀彰,,12.6,大差,,0,0
052220261006,2026100622,5,1,3,014813,新井僚太郎,差,10.2,,,0,0
052220261006,2026100622,5,2,1,013827,佐藤雅彦,差,10.4,3/4車身,,1,0
052220261006,2026100622,5,3,2,015780,小田恭介,,10.6,1車輪,,0,1
052220261006,2026100622,5,4,5,014062,齋藤昌弘,,10.2,1/4車輪,,0,0
052220261006,2026100622,5,5,6,013171,岩橋則明,,9.8,1車輪,,0,0
052220261006,2026100622,5,6,4,012875,中曽直彦,,12.0,大差,,0,0
052220261006,2026100622,5,7,7,013629,福森慎太郎,,0.0,大差,,0,0
062220261006,2026100622,6,1,2,015803,西村剛,逃,10.0,,,0,1
062220261006,2026100622,6,2,1,013538,小林圭介,マ,9.8,タイヤ,,0,0
062220261006,2026100622,6,3,3,014347,外崎一成,,9.8,1車身1/2,,0,0
062220261006,2026100622,6,4,6,014083,成清謙二郎,,9.9,1車身1/2,,0,0
062220261006,2026100622,6,5,4,014587,鈴木謙二,,9.9,3/4車身,,0,0
062220261006,2026100622,6,6,5,015414,大森光明,,9.9,2車身,,0,0
062220261006,2026100622,6,7,7,011372,黒瀬浩一,,11.6,大差,,0,0
072220261006,2026100622,7,1,2,014225,伊藤亮,差,10.2,,,1,0
072220261006,2026100622,7,2,1,015700,吉田晏生,逃,10.3,1/4車輪,,0,1
072220261006,2026100622,7,3,3,013826,田原大広,,10.1,1車身,,0,0
072220261006,2026100622,7,4,7,015515,平山優太,,10.3,1/2車身,,0,0
072220261006,2026100622,7,5,5,014383,河野要,,10.2,6車身,,0,0
072220261006,2026100622,7,6,4,013416,飯尾主税,,10.3,3/4車輪,,0,0
072220261006,2026100622,7,7,6,015705,鳥海創,,12.4,大差,,0,0
082220261006,2026100622,8,1,6,013908,菅田和宏,差,10.0,,,1,0
082220261006,2026100622,8,2,2,015882,木村優駿,逃,10.2,3/4車輪,,0,1
082220261006,2026100622,8,3,1,012501,金子真也,,10.0,1/2車輪,,0,0
082220261006,2026100622,8,4,7,013983,大崎智久,,9.9,3/4車身,,0,0
082220261006,2026100622,8,5,4,014937,田中誇士,,9.9,1/2車身,,0,0
082220261006,2026100622,8,6,3,013859,荒木伸哉,,9.8,1車輪,,0,0
082220261006,2026100622,8,7,5,013615,山口貴弘,,10.4,5車身,,0,0
092220261006,2026100622,9,1,1,015162,蕗澤鴻太郎,捲,9.8,,,1,0
092220261006,2026100622,9,2,4,014136,金澤竜二,差,10.0,1/2車輪,,0,0
092220261006,2026100622,9,3,2,013747,伊藤大志,,9.9,1/4車輪,,0,0
092220261006,2026100622,9,4,7,015423,上川直紀,,9.6,1/4車輪,,0,0
092220261006,2026100622,9,5,5,015691,岡部伶音,,10.2,1/2車身,,0,1
092220261006,2026100622,9,6,6,014378,加賀山淳,,10.0,1/2車身,,0,0
092220261006,2026100622,9,7,3,014082,高橋雅之,,10.1,3車身,,0,0
012520261006,2026100625,1,1,1,013817,吉川裕二,差,14.8,,,0,0
012520261006,2026100625,1,2,7,015650,田代匠,捲,14.9,1/4車輪,,0,0
012520261006,2026100625,1,3,5,012800,豊田一馬,,14.9,3/4車身,,0,0
012520261006,2026100625,1,4,3,013275,渡辺航平,,15.0,3/4車輪,,0,0
012520261006,2026100625,1,5,4,014707,飯塚直人,,14.9,1/2車身,,0,0
012520261006,2026100625,1,6,2,015883,吉田夢希斗,,15.3,1車身,,1,1
012520261006,2026100625,1,7,6,012132,甲斐下智,,14.9,1/8車輪,,0,0
022520261006,2026100625,2,1,4,015185,布居大地,差,15.3,,,1,0
022520261006,2026100625,2,2,2,014079,江本博明,差,15.0,1車輪,,0,0
022520261006,2026100625,2,3,6,013468,勝俣亮,,15.2,1/4車輪,,0,0
022520261006,2026100625,2,4,5,015798,橋谷成海,,15.5,1/2車身,,0,1
022520261006,2026100625,2,0,1,013610,土屋仁,,0.0,,失格,0,0
022520261006,2026100625,2,0,3,013950,松山桂輔,,0.0,,落車,0,0
022520261006,2026100625,2,0,7,012794,宇賀神浩幸,,0.0,,落車,0,0
032520261006,2026100625,3,1,3,014267,一ノ瀬匠,逃,14.9,,,0,1
032520261006,2026100625,3,2,2,015507,上遠野拓馬,差,14.3,1/2車身,,1,0
032520261006,2026100625,3,3,7,012989,森岡正臣,,14.8,1/2車輪,,0,0
032520261006,2026100625,3,4,5,014528,落合達彦,,14.3,3/4車輪,,0,0
032520261006,2026100625,3,5,4,014329,阿部功,,14.7,1/2車身,,0,0
032520261006,2026100625,3,6,1,014828,川口聖翔,,14.5,3車身,,0,0
032520261006,2026100625,3,7,6,012602,吉村文隆,,14.4,1車身1/2,,0,0
042520261006,2026100625,4,1,3,013332,吉村和之,差,14.9,,,0,0
042520261006,2026100625,4,2,5,013645,川木敬大,マ,14.9,3/4車身,,0,0
042520261006,2026100625,4,3,4,014410,桶谷明誉,,14.6,1車身1/2,,0,0
042520261006,2026100625,4,4,1,015735,岡本翔,,14.7,1/4車輪,,1,0
042520261006,2026100625,4,5,6,015156,門脇翼,,14.6,1/4車輪,,0,0
042520261006,2026100625,4,6,2,015513,菊池翔,,15.8,大差,,0,0
042520261006,2026100625,4,0,7,015901,真木寛斗,,0.0,,失格,0,1
052520261006,2026100625,5,1,2,015285,久樹克門,差,13.5,,,0,0
052520261006,2026100625,5,2,5,015365,古賀勝大,捲,13.6,1/8車輪,,0,0
052520261006,2026100625,5,3,7,015559,神開一輝,,13.5,2車身,,0,0
052520261006,2026100625,5,4,4,015618,高本和也,,14.3,3車身,,0,1
052520261006,2026100625,5,5,1,013748,佐々木省司,,14.0,1/2車身,,1,0
052520261006,2026100625,5,6,6,015429,山田雄大,,14.3,3/4車身,,0,0
052520261006,2026100625,5,7,3,012886,中井達郎,,16.8,大差,,0,0
062520261006,2026100625,6,1,1,015311,柳原真緒,捲,15.5,,,0,0
062520261006,2026100625,6,2,2,015392,加藤舞,マ,15.4,1/2車輪,,0,0
062520261006,2026100625,6,3,3,015151,山本知佳,,15.8,4車身,,0,0
062520261006,2026100625,6,4,4,015402,鈴木樹里,,16.0,1車身1/2,,0,0
062520261006,2026100625,6,5,7,015944,赤池七虹,,16.2,3/4車身,,1,1
062520261006,2026100625,6,6,5,015677,浜地晴帆,,16.1,1車輪,,0,0
062520261006,2026100625,6,7,6,014908,藤原亜衣里,,16.3,3/4車身,,0,0
072520261006,2026100625,7,1,7,015218,太田りゆ,逃,15.6,,,1,1
072520261006,2026100625,7,2,3,015492,永禮美瑠,マ,15.5,3/4車身,,0,0
072520261006,2026100625,7,3,1,015399,高木佑真,,15.6,1車身1/2,,0,0
072520261006,2026100625,7,4,2,014902,中村由香里,,15.6,1車身1/2,,0,0
072520261006,2026100625,7,5,5,015498,國村美留莉,,15.9,1車身1/2,,0,0
072520261006,2026100625,7,6,4,015864,田野口佳奈,,16.0,2車身,,0,0
072520261006,2026100625,7,7,6,015774,金田舞夏,,17.1,8車身,,0,0
082520261006,2026100625,8,1,4,015794,福田稔希,逃,14.4,,,0,1
082520261006,2026100625,8,2,1,014071,朝倉佳弘,マ,14.3,1車輪,,0,0
082520261006,2026100625,8,3,5,014065,鰐淵圭佑,,14.2,3/4車輪,,0,0
082520261006,2026100625,8,4,2,013862,鈴木伸之,,14.0,3/4車身,,0,0
082520261006,2026100625,8,5,3,015211,平尾一晃,,13.8,1/4車輪,,1,0
082520261006,2026100625,8,6,6,015130,瀬戸栄作,,13.7,3/4車身,,0,0
082520261006,2026100625,8,7,7,014831,伊藤裕貴,,14.3,1車身1/2,,0,0
092520261006,2026100625,9,1,4,013669,荒澤貴史,差,13.8,,,0,0
092520261006,2026100625,9,2,3,015509,木村佑来,逃,13.9,1/4車輪,,1,1
092520261006,2026100625,9,3,1,015727,中原航大,,13.6,タイヤ,,0,0
092520261006,2026100625,9,4,5,015815,栗山和樹,,13.2,1/2車輪,,0,0
092520261006,2026100625,9,5,7,013438,前反祐一郎,,13.6,3/4車身,,0,0
092520261006,2026100625,9,6,2,014310,三谷政史,,13.4,2車身,,0,0
092520261006,2026100625,9,7,6,012688,佐藤成人,,13.4,3/4車身,,0,0
102520261006,2026100625,10,1,3,014622,高市訓但,差,14.5,,,0,0
102520261006,2026100625,10,2,7,015468,和泉尚吾,捲,14.6,3/4車輪,,1,0
102520261006,2026100625,10,3,1,015527,北井佑季,,14.7,1/2車輪,,0,0
102520261006,2026100625,10,4,2,013976,明田春喜,,14.7,2車身,,0,0
102520261006,2026100625,10,5,4,015097,長谷部翔,,14.8,1/2車身,,0,0
102520261006,2026100625,10,6,5,015706,山田駿斗,,15.3,2車身,,0,1
102520261006,2026100625,10,7,6,015786,角田光,,16.7,大差,,0,0
112520261006,2026100625,11,1,1,015799,森田一郎,捲,14.2,,,1,0
112520261006,2026100625,11,2,4,014811,笠松将太,マ,14.1,1/2車輪,,0,0
112520261006,2026100625,11,3,2,015197,川口雄太,,14.1,1車身1/2,,0,0
112520261006,2026100625,11,4,6,013394,飯嶋則之,,14.1,3/4車身,,0,0
112520261006,2026100625,11,5,5,014481,徳丸泰教,,14.6,2車身,,0,0
112520261006,2026100625,11,6,3,014604,菱田浩二,,14.7,1車輪,,0,1
112520261006,2026100625,11,7,7,014268,山口貴弘,,14.2,3/4車輪,,0,0
122520261006,2026100625,12,1,3,015444,渡邉雅也,差,14.1,,,0,0
122520261006,2026100625,12,2,5,015186,南潤,差,13.9,1車身,,0,0
122520261006,2026100625,12,3,4,013619,竹内智彦,,14.1,1/4車輪,,0,0
122520261006,2026100625,12,4,7,013804,湊聖二,,14.4,1/2車輪,,0,0
122520261006,2026100625,12,5,1,015474,阿部将大,,14.6,3/4車身,,0,1
122520261006,2026100625,12,6,2,014580,久木原洋,,13.7,3/4車輪,,1,0
122520261006,2026100625,12,7,6,015289,橋本瑠偉,,13.9,3/4車輪,,0,0
014420261006,2026100644,1,1,2,015963,福地晶,逃,11.8,,,0,1
014420261006,2026100644,1,2,1,015087,本馬鎌,マ,11.7,1/2車輪,,1,0
014420261006,2026100644,1,3,6,013244,小林高志,,11.6,3/4車身,,0,0
014420261006,2026100644,1,4,3,014743,鈴木広人,,11.3,1車身,,0,0
014420261006,2026100644,1,5,4,014033,藤縄洋介,,11.6,1/2車輪,,0,0
014420261006,2026100644,1,6,5,013109,志村正洋,,11.4,1車身1/2,,0,0
014420261006,2026100644,1,7,7,015824,中嶋響,,11.3,3/4車身,,0,0
024420261006,2026100644,2,1,3,013331,橋本大祐,差,12.3,,,0,0
024420261006,2026100644,2,2,1,015720,山元大夢,逃,12.5,3/4車身,,0,1
024420261006,2026100644,2,3,7,014482,松本琢也,,11.9,1/4車輪,,0,0
024420261006,2026100644,2,4,5,011712,金田健一郎,,12.3,1/4車輪,,0,0
024420261006,2026100644,2,0,2,015881,関口朗斗,,0.0,,落車,1,0
024420261006,2026100644,2,0,4,012946,亀井雅斗,,0.0,,落車,0,0
024420261006,2026100644,2,0,6,013541,高森圭介,,0.0,,落車,0,0
034420261006,2026100644,3,1,3,014667,藤本龍也,逃,12.4,,,0,1
034420261006,2026100644,3,2,2,015990,児玉東次郎,捲,12.1,1/4車輪,,1,0
034420261006,2026100644,3,3,5,013788,白崎芳典,,11.8,1車身1/2,,0,0
034420261006,2026100644,3,0,1,014699,小川大地,,0.0,,落車,0,0
034420261006,2026100644,3,0,4,014069,渡邊政幸,,0.0,,失格,0,0
034420261006,2026100644,3,0,6,013678,菊池崇訓,,0.0,,落車,0,0
034420261006,2026100644,3,0,7,012970,山内大作,,0.0,,落車,0,0
044420261006,2026100644,4,1,1,015965,篠原輝利,捲,11.5,,,1,0
044420261006,2026100644,4,2,2,014389,村本慎吾,マ,11.5,2車身,,0,0
044420261006,2026100644,4,3,3,014202,島田茂希,,12.1,3車身,,0,1
044420261006,2026100644,4,4,5,013027,戸ノ下太郎,,11.7,1車輪,,0,0
044420261006,2026100644,4,5,6,013525,亀井道佳,,12.1,3車身,,0,0
044420261006,2026100644,4,6,4,014429,千澤大輔,,13.1,8車身,,0,0
044420261006,2026100644,4,7,7,011364,遠澤健二,,13.4,大差,,0,0
054420261006,2026100644,5,1,4,014674,丹波孝佑,差,11.8,,,0,0
054420261006,2026100644,5,2,3,014024,櫻井丈,差,12.1,1/2車身,,0,0
054420261006,2026100644,5,3,2,014098,菊谷信一,,11.8,3/4車身,,0,0
054420261006,2026100644,5,4,1,015594,金田涼馬,,12.3,3/4車輪,,1,1
054420261006,2026100644,5,5,7,013112,佐藤明,,12.1,1/4車輪,,0,0
054420261006,2026100644,5,6,6,014220,山崎悟,,12.0,2車身,,0,0
054420261006,2026100644,5,7,5,013828,引地正人,,12.6,6車身,,0,0
064420261006,2026100644,6,1,3,013550,安部達也,差,12.3,,,0,0
064420261006,2026100644,6,2,6,013952,東鉄也,差,12.0,3/4車輪,,0,0
064420261006,2026100644,6,3,5,014091,伊原弘幸,,12.2,1/2車輪,,0,0
064420261006,2026100644,6,4,1,015339,土田武志,,12.5,3/4車輪,,0,1
064420261006,2026100644,6,5,4,013547,土屋宏,,11.9,1/4車輪,,0,0
064420261006,2026100644,6,6,2,015828,秋末蓮,,12.7,2車身,,1,0
064420261006,2026100644,6,7,7,013453,阿部宏之,,12.2,1車身1/2,,0,0
074420261006,2026100644,7,1,3,015447,小浦凪,差,12.1,,,0,0
074420261006,2026100644,7,2,1,015811,水谷亮太,逃,12.2,1/2車輪,,1,1
074420261006,2026100644,7,3,2,015234,八嶋稔真,,12.0,1/2車身,,0,0
074420261006,2026100644,7,4,4,013417,梅原大治,,11.8,1/4車輪,,0,0
074420261006,2026100644,7,5,5,013196,竹田和幸,,11.8,1車身1/2,,0,0
074420261006,2026100644,7,6,7,014366,阿久津浩之,,11.8,1車身1/2,,0,0
074420261006,2026100644,7,7,6,014362,岩崎大和,,11.8,1車身1/2,,0,0
084420261006,2026100644,8,1,1,015875,邊見竜馬,逃,12.0,,,1,1
084420261006,2026100644,8,2,3,014673,松田大,差,11.7,3/4車輪,,0,0
084420261006,2026100644,8,3,2,013382,成田直喜,,12.0,3/4車輪,,0,0
084420261006,2026100644,8,4,6,012891,朝日勇,,11.7,1車身,,0,0
084420261006,2026100644,8,5,7,012532,西郷剛,,12.0,4車身,,0,0
084420261006,2026100644,8,6,4,013285,吉川悟,,12.7,8車身,,0,0
084420261006,2026100644,8,7,5,015455,枠元一葵,,16.0,大差,,0,0
094420261006,2026100644,9,1,5,015434,片桐善也,捲,12.0,,,0,0
094420261006,2026100644,9,2,7,014444,星野辰也,マ,12.0,1車輪,,0,0
094420261006,2026100644,9,3,2,015536,疋田力也,,11.8,3/4車輪,,0,0
094420261006,2026100644,9,4,1,013901,山田敦也,,11.8,1車身,,0,0
094420261006,2026100644,9,5,4,014991,中島将尊,,12.1,1車輪,,1,0
094420261006,2026100644,9,6,6,014819,太刀川一成,,12.4,1/2車身,,0,0
094420261006,2026100644,9,7,3,015712,松本京太,,12.7,3車身,,0,1
015320261007,2026100753,1,1,6,014755,奥出健士郎,捲,10.2,,,0,0
015320261007,2026100753,1,2,2,012603,大川栄二,差,10.2,3/4車輪,,0,0
015320261007,2026100753,1,3,1,015742,堀越翔己,,10.5,1/2車身,,1,1
015320261007,2026100753,1,4,4,014323,連佛康浩,,10.4,1/4車輪,,0,0
015320261007,2026100753,1,5,5,012924,太田黒大心,,10.2,1車身,,0,0
015320261007,2026100753,1,6,7,014070,秋葉大輔,,10.5,1車身,,0,0
015320261007,2026100753,1,7,3,015795,今井希,,10.8,4車身,,0,0
025320261007,2026100753,2,1,4,015102,奥出良,差,10.0,,,0,0
025320261007,2026100753,2,2,7,014305,大谷靖茂,逃,10.3,3/4車身,,0,1
025320261007,2026100753,2,3,1,013117,鳥越靖弘,,10.1,1車身,,1,0
025320261007,2026100753,2,4,5,012216,武田哲二,,10.0,3/4車身,,0,0
025320261007,2026100753,2,5,3,012992,吉良勝信,,10.0,1車身,,0,0
025320261007,2026100753,2,6,2,014742,河野淳吾,,10.4,4車身,,0,0
025320261007,2026100753,2,7,6,013646,日浅保幸,,11.6,9車身,,0,0
035320261007,2026100753,3,1,2,014422,前田義和,逃,10.2,,,0,1
035320261007,2026100753,3,2,1,014066,池田勇人,差,9.8,1/2車輪,,1,0
035320261007,2026100753,3,3,3,015548,白井優太朗,,10.0,1/2車身,,0,0
035320261007,2026100753,3,4,7,014044,八尋英輔,,9.8,3/4車身,,0,0
035320261007,2026100753,3,5,5,014951,後藤祐貴,,9.7,1車輪,,0,0
035320261007,2026100753,3,6,6,014816,齋藤宗徳,,9.9,5車身,,0,0
035320261007,2026100753,3,7,4,014530,栗田雄矢,,10.0,1車身,,0,0
045320261007,2026100753,4,1,7,015003,小笹隼人,差,10.2,,,0,0
045320261007,2026100753,4,2,1,015899,加藤駿,捲,10.4,1/8車輪,,1,0
045320261007,2026100753,4,3,3,013589,佐竹和也,,10.3,1車身,,0,0
045320261007,2026100753,4,4,2,013924,阿久津修,,10.4,1/2車身,,0,0
045320261007,2026100753,4,5,5,012708,野木義規,,10.3,1車輪,,0,0
045320261007,2026100753,4,6,4,015665,福田要,,10.7,1/2車身,,0,1
045320261007,2026100753,4,7,6,015924,利川寛太,,11.1,9車身,,0,0
055320261007,2026100753,5,1,3,014882,山本直,捲,9.7,,,0,1
055320261007,2026100753,5,2,2,014394,不破将登,捲,9.5,1/4車輪,,0,0
055320261007,2026100753,5,3,5,013722,宝満大作,,9.4,3/4車身,,0,0
055320261007,2026100753,5,4,4,013306,齋藤登志信,,9.4,1/2車身,,0,0
055320261007,2026100753,5,5,7,013800,中村一将,,9.7,1/8車輪,,0,0
055320261007,2026100753,5,6,1,014478,内山貴裕,,9.6,3/4車輪,,1,0
055320261007,2026100753,5,7,6,012478,加倉正義,,9.4,1車身1/2,,0,0
065320261007,2026100753,6,1,2,015646,塩崎隼秀,捲,9.7,,,0,0
065320261007,2026100753,6,2,5,014330,坂田章,マ,9.6,1/2車身,,0,0
065320261007,2026100753,6,3,1,013744,菅原晃,,9.8,1/2車身,,1,0
065320261007,2026100753,6,4,7,013115,望月永悟,,9.7,1/2車身,,0,0
065320261007,2026100753,6,5,4,015653,坂田康季,,10.1,1車身,,0,1
065320261007,2026100753,6,6,6,014307,谷田泰平,,9.7,1/2車輪,,0,0
065320261007,2026100753,6,7,3,015041,伊藤慶太郎,,10.1,5車身,,0,0
075320261007,2026100753,7,1,2,014114,坂本亮馬,差,9.9,,,0,0
075320261007,2026100753,7,2,4,014141,中川貴徳,差,9.9,1車身,,0,0
075320261007,2026100753,7,3,1,014096,伊藤成紀,,10.0,2車身,,0,0
075320261007,2026100753,7,4,3,013274,八日市屋浩之,,10.0,3/4車身,,0,0
075320261007,2026100753,7,5,5,015660,河崎正晴,,10.5,1車身,,0,1
075320261007,2026100753,7,6,7,014313,小谷実,,10.1,3/4車輪,,1,0
075320261007,2026100753,7,7,6,015191,奥村諭志,,10.8,4車身,,0,0
085320261007,2026100753,8,1,5,014052,飯野祐太,差,10.2,,,0,0
085320261007,2026100753,8,2,1,014682,原田研太朗,捲,10.2,1車身1/2,,1,0
085320261007,2026100753,8,3,4,013533,佐藤愼太郎,,10.3,1車輪,,0,0
085320261007,2026100753,8,4,7,013295,佐々木則幸,,10.2,1車輪,,0,0
085320261007,2026100753,8,5,6,014946,元砂勇雪,,10.2,1車身,,0,0
085320261007,2026100753,8,6,2,015630,原田翔真,,10.4,1/2車輪,,0,0
085320261007,2026100753,8,7,3,014791,木村弘,,11.2,5車身,,0,1
095320261007,2026100753,9,1,4,015426,太田龍希,捲,9.8,,,0,0
095320261007,2026100753,9,2,2,015370,城戸俊潔,捲,9.6,1/2車身,,1,0
095320261007,2026100753,9,3,1,012948,小林潤二,,9.9,1車身,,0,0
095320261007,2026100753,9,4,6,015118,木村幸希,,9.6,1/2車輪,,0,0
095320261007,2026100753,9,5,7,015297,上野優太,,10.1,3/4車輪,,0,0
095320261007,2026100753,9,6,5,015663,松本秀之慎,,10.2,1/8車輪,,0,1
095320261007,2026100753,9,7,3,015291,山口敦也,,10.2,3車身,,0,0
105320261007,2026100753,10,1,1,014757,藤井昭吾,差,10.1,,,0,0
105320261007,2026100753,10,2,5,015641,富武大,捲,10.0,1車輪,,1,0
105320261007,2026100753,10,3,2,015201,門田凌,,9.9,1/2車身,,0,0
105320261007,2026100753,10,4,6,015058,中西大,,10.3,1車輪,,0,1
105320261007,2026100753,10,5,3,014864,土屋壮登,,9.7,1/8車輪,,0,0
105320261007,2026100753,10,6,4,014700,川口公太朗,,10.1,1/2車輪,,0,0
105320261007,2026100753,10,7,7,015610,永井哉多,,9.9,1/2車身,,0,0
115320261007,2026100753,11,1,1,015457,村田瑞季,差,10.2,,,0,0
115320261007,2026100753,11,2,4,015048,志佐明,差,10.1,1/2車輪,,0,0
115320261007,2026100753,11,3,2,014080,近藤隆司,,10.2,3/4車輪,,0,0
115320261007,2026100753,11,4,7,014646,三浦雄大,,10.0,1/8車輪,,0,0
115320261007,2026100753,11,5,6,014954,日野博幸,,10.1,1/4車輪,,0,0
115320261007,2026100753,11,6,3,015685,小笠原一真,,10.4,1/8車輪,,1,1
115320261007,2026100753,11,7,5,014980,田原宥明,,10.4,2車身,,0,0
125320261007,2026100753,12,1,1,015715,平野想真,逃,10.1,,,1,1
125320261007,2026100753,12,2,4,013851,和田健太郎,マ,10.0,1/2車輪,,0,0
125320261007,2026100753,12,3,2,014730,中田健太,,9.8,1/2車輪,,0,0
125320261007,2026100753,12,4,7,015418,原大智,,9.7,1/2車身,,0,0
125320261007,2026100753,12,5,3,014497,川津悠揮,,9.6,タイヤ,,0,0
125320261007,2026100753,12,6,6,014143,天田裕輝,,9.8,1/2車身,,0,0
125320261007,2026100753,12,7,5,015349,寺沼拓摩,,10.1,3/4車輪,,0,0
012220261007,2026100722,1,1,2,015939,半田水晶,逃,10.3,,,0,1
012220261007,2026100722,1,2,1,015320,那須萌美,マ,10.3,3/4車輪,,1,0
012220261007,2026100722,1,3,5,014962,石井貴子,,10.2,1車身1/2,,0,0
012220261007,2026100722,1,4,3,015667,戸田瑞姫,,10.1,3車身,,0,0
012220261007,2026100722,1,5,4,015149,中野咲,,10.3,3/4車輪,,0,0
012220261007,2026100722,1,6,6,015849,佐藤乃愛,,10.2,3車身,,0,0
012220261007,2026100722,1,7,7,015581,刈込奈那,,10.8,3車身,,0,0
022220261007,2026100722,2,1,1,015587,吉川美穂,捲,10.1,,,0,0
022220261007,2026100722,2,2,4,015674,野寺楓,差,10.5,4車身,,0,0
022220261007,2026100722,2,3,3,015315,渡口まりあ,,10.6,1/8車輪,,1,1
022220261007,2026100722,2,4,2,015504,西島叶子,,10.4,3/4車輪,,0,0
022220261007,2026100722,2,5,6,015147,佐々木恵理,,10.4,3/4車身,,0,0
022220261007,2026100722,2,6,7,015217,南彩乃,,10.3,1/2車身,,0,0
022220261007,2026100722,2,7,5,015857,伊藤優里,,10.2,3/4車身,,0,0
032220261007,2026100722,3,1,2,015414,大森光明,逃,10.1,,,0,1
032220261007,2026100722,3,2,5,012875,中曽直彦,差,9.6,1/2車輪,,0,0
032220261007,2026100722,3,3,4,014282,石川恭規,,10.0,3/4車輪,,0,0
032220261007,2026100722,3,4,7,013629,福森慎太郎,,9.8,3/4車輪,,0,0
032220261007,2026100722,3,5,6,013171,岩橋則明,,9.4,1/2車身,,0,0
032220261007,2026100722,3,6,1,014383,河野要,,9.6,1/2車輪,,1,0
032220261007,2026100722,3,7,3,013615,山口貴弘,,10.8,大差,,0,0
042220261007,2026100722,4,1,1,013859,荒木伸哉,差,10.1,,,1,0
042220261007,2026100722,4,2,5,015705,鳥海創,逃,10.3,3/4車輪,,0,1
042220261007,2026100722,4,3,2,013416,飯尾主税,,10.0,1/2車身,,0,0
042220261007,2026100722,4,4,7,011372,黒瀬浩一,,10.0,3/4車身,,0,0
042220261007,2026100722,4,5,6,012717,伊藤一貴,,10.0,1車身,,0,0
042220261007,2026100722,4,6,3,014056,橋本紀彰,,10.1,2車身,,0,0
042220261007,2026100722,4,7,4,014988,伊早坂駿一,,10.8,5車身,,0,0
052220261007,2026100722,5,1,3,015895,鈴木小次廊,逃,10.0,,,1,1
052220261007,2026100722,5,2,2,013014,江連和洋,捲,9.8,1車身1/2,,0,0
052220261007,2026100722,5,3,5,014062,齋藤昌弘,,9.9,2車身,,0,0
052220261007,2026100722,5,4,1,014347,外崎一成,,10.1,1車身1/2,,0,0
052220261007,2026100722,5,5,6,014083,成清謙二郎,,10.2,1車身1/2,,0,0
052220261007,2026100722,5,6,7,015515,平山優太,,10.4,3/4車輪,,0,0
052220261007,2026100722,5,7,4,013106,赤井学,,10.5,4車身,,0,0
062220261007,2026100722,6,1,2,013826,田原大広,差,10.0,,,0,0
062220261007,2026100722,6,2,1,015780,小田恭介,逃,10.2,3/4車輪,,0,1
062220261007,2026100722,6,3,3,014937,田中誇士,,9.8,1車輪,,0,0
062220261007,2026100722,6,4,5,013983,大崎智久,,10.0,1/2車身,,0,0
062220261007,2026100722,6,5,7,013036,深澤伸介,,9.8,1/8車輪,,0,0
062220261007,2026100722,6,6,4,014587,鈴木謙二,,10.0,3/4車身,,1,0
062220261007,2026100722,6,7,6,013761,新井剛央,,10.2,2車身,,0,0
072220261007,2026100722,7,1,7,015107,田頭寛之,捲,9.9,,,0,0
072220261007,2026100722,7,2,5,014818,田口裕一,差,10.1,2車身,,1,0
072220261007,2026100722,7,3,4,015803,西村剛,,10.4,1/8車輪,,0,1
072220261007,2026100722,7,4,3,015691,岡部伶音,,10.4,1/8車輪,,0,0
072220261007,2026100722,7,5,1,013747,伊藤大志,,10.4,3/4車身,,0,0
072220261007,2026100722,7,6,2,014082,高橋雅之,,10.4,3/4車身,,0,0
072220261007,2026100722,7,7,6,014813,新井僚太郎,,10.3,2車身,,0,0
082220261007,2026100722,8,1,1,014378,加賀山淳,捲,9.7,,,0,0
082220261007,2026100722,8,2,2,015423,上川直紀,捲,9.7,1車身1/2,,0,0
082220261007,2026100722,8,3,5,015882,木村優駿,,10.2,3/4車身,,1,1
082220261007,2026100722,8,4,6,013188,山田幸司,,10.3,7車身,,0,0
082220261007,2026100722,8,0,3,015700,吉田晏生,,0.0,,失格,0,0
082220261007,2026100722,8,0,4,013538,小林圭介,,0.0,,落車,0,0
082220261007,2026100722,8,0,7,013908,菅田和宏,,0.0,,失格,0,0
092220261007,2026100722,9,1,1,015162,蕗澤鴻太郎,逃,9.9,,,1,1
092220261007,2026100722,9,2,2,014136,金澤竜二,差,9.7,3/4車身,,0,0
092220261007,2026100722,9,3,5,012501,金子真也,,9.9,1/8車輪,,0,0
092220261007,2026100722,9,4,4,014225,伊藤亮,,9.8,1/2車輪,,0,0
092220261007,2026100722,9,5,3,013827,佐藤雅彦,,9.6,1車身,,0,0
092220261007,2026100722,9,6,6,014164,田中孝彦,,9.8,3車身,,0,0
092220261007,2026100722,9,7,7,015617,添田龍児,,10.7,大差,,0,0
012520261007,2026100725,1,1,7,015513,菊池翔,差,14.9,,,0,0
012520261007,2026100725,1,2,3,014575,鈴木達也,マ,14.9,3/4車輪,,0,0
012520261007,2026100725,1,3,5,013172,金子周一郎,,15.1,3/4車身,,0,0
012520261007,2026100725,1,4,1,015883,吉田夢希斗,,15.3,1/2車身,,1,1
012520261007,2026100725,1,5,4,014828,川口聖翔,,15.0,2車身,,0,0
012520261007,2026100725,1,6,6,012132,甲斐下智,,14.7,3/4車身,,0,0
012520261007,2026100725,1,7,2,014707,飯塚直人,,15.2,3車身,,0,0
022520261007,2026100725,2,1,3,015156,門脇翼,差,15.0,,,0,0
022520261007,2026100725,2,2,5,013553,小島雅章,差,15.1,1/4車輪,,0,0
022520261007,2026100725,2,3,2,015798,橋谷成海,,15.3,3/4車輪,,1,1
022520261007,2026100725,2,4,7,015735,岡本翔,,14.9,1車身,,0,0
022520261007,2026100725,2,5,1,014329,阿部功,,14.8,3/4車身,,0,0
022520261007,2026100725,2,6,4,013989,大泉英則,,15.1,1/8車輪,,0,0
022520261007,2026100725,2,7,6,012602,吉村文隆,,15.1,4車身,,0,0
032520261007,2026100725,3,1,3,014079,江本博明,差,14.7,,,0,0
032520261007,2026100725,3,2,4,015429,山田雄大,マ,14.5,1/2車輪,,0,0
032520261007,2026100725,3,3,1,013275,渡辺航平,,14.4,1/2車身,,0,0
032520261007,2026100725,3,4,2,015559,神開一輝,,14.1,1/2車輪,,1,0
032520261007,2026100725,3,5,5,015650,田代匠,,14.2,3/4車輪,,0,0
032520261007,2026100725,3,6,6,013468,勝俣亮,,14.9,1/8車輪,,0,1
032520261007,2026100725,3,7,7,012800,豊田一馬,,14.4,1/2車輪,,0,0
042520261007,2026100725,4,1,5,013817,吉川裕二,差,14.9,,,0,0
042520261007,2026100725,4,2,1,014267,一ノ瀬匠,逃,15.1,3/4車輪,,0,1
042520261007,2026100725,4,3,3,015185,布居大地,,14.8,1/2車輪,,0,0
042520261007,2026100725,4,4,6,014410,桶谷明誉,,14.8,3/4車身,,0,0
042520261007,2026100725,4,5,2,013748,佐々木省司,,14.9,1車輪,,1,0
042520261007,2026100725,4,6,4,013645,川木敬大,,14.6,微差,,0,0
042520261007,2026100725,4,7,7,015618,高本和也,,14.8,1/4車輪,,0,0
052520261007,2026100725,5,1,1,015365,古賀勝大,捲,14.9,,,1,0
052520261007,2026100725,5,2,3,015285,久樹克門,差,15.2,6車身,,0,0
052520261007,2026100725,5,3,6,012989,森岡正臣,,15.2,1車身,,0,0
052520261007,2026100725,5,4,2,012886,中井達郎,,15.5,1/8車輪,,0,0
052520261007,2026100725,5,5,4,013332,吉村和之,,15.1,1/2車身,,0,0
052520261007,2026100725,5,6,5,015507,上遠野拓馬,,15.7,3/4車身,,0,1
052520261007,2026100725,5,7,7,014528,落合達彦,,16.4,大差,,0,0
062520261007,2026100725,6,1,3,015311,柳原真緒,捲,15.8,,,0,1
062520261007,2026100725,6,2,2,015944,赤池七虹,マ,15.8,1/2車身,,0,0
062520261007,2026100725,6,3,7,014902,中村由香里,,15.6,1/2車身,,0,0
062520261007,2026100725,6,4,5,015492,永禮美瑠,,15.7,1/2車輪,,0,0
062520261007,2026100725,6,5,4,015151,山本知佳,,16.0,1車身1/2,,0,0
062520261007,2026100725,6,6,6,015864,田野口佳奈,,16.4,8車身,,0,0
062520261007,2026100725,6,7,1,014908,藤原亜衣里,,17.5,大差,,0,0
072520261007,2026100725,7,1,5,015218,太田りゆ,捲,14.7,,,1,0
072520261007,2026100725,7,2,4,015392,加藤舞,逃,15.8,7車身,,0,1
072520261007,2026100725,7,3,7,015402,鈴木樹里,,15.7,3/4車身,,0,0
072520261007,2026100725,7,4,6,015399,高木佑真,,15.7,1車身1/2,,0,0
072520261007,2026100725,7,5,3,015677,浜地晴帆,,15.5,1車身,,0,0
072520261007,2026100725,7,6,2,015774,金田舞夏,,15.1,3/4車輪,,0,0
072520261007,2026100725,7,7,1,015498,國村美留莉,,16.1,9車身,,0,0
082520261007,2026100725,8,1,5,015211,平尾一晃,捲,14.0,,,0,0
082520261007,2026100725,8,2,2,014268,山口貴弘,マ,14.1,3車身,,0,0
082520261007,2026100725,8,3,6,012688,佐藤成人,,14.4,3/4車身,,0,0
082520261007,2026100725,8,4,3,014310,三谷政史,,14.5,3/4車輪,,0,0
082520261007,2026100725,8,5,4,014604,菱田浩二,,14.7,1/2車身,,1,1
082520261007,2026100725,8,6,7,013976,明田春喜,,15.0,5車身,,0,0
082520261007,2026100725,8,7,1,015786,角田光,,16.0,9車身,,0,0
092520261007,2026100725,9,1,6,013394,飯嶋則之,差,14.7,,,0,0
092520261007,2026100725,9,2,3,013438,前反祐一郎,差,14.4,3/4車身,,1,0
092520261007,2026100725,9,3,7,015130,瀬戸栄作,,14.5,微差,,0,0
092520261007,2026100725,9,4,1,014831,伊藤裕貴,,14.2,1/4車輪,,0,0
092520261007,2026100725,9,5,5,015097,長谷部翔,,14.8,1/8車輪,,0,0
092520261007,2026100725,9,6,2,015706,山田駿斗,,15.0,1車輪,,0,1
092520261007,2026100725,9,7,4,014481,徳丸泰教,,14.2,1/2車輪,,0,0
102520261007,2026100725,10,1,3,013619,竹内智彦,差,14.2,,,0,0
102520261007,2026100725,10,2,2,015794,福田稔希,マ,14.3,1/2車身,,0,0
102520261007,2026100725,10,3,4,015509,木村佑来,,14.4,3/4車輪,,1,1
102520261007,2026100725,10,4,1,013804,湊聖二,,13.9,タイヤ,,0,0
102520261007,2026100725,10,5,5,013862,鈴木伸之,,14.2,1/2車輪,,0,0
102520261007,2026100725,10,6,6,014811,笠松将太,,14.3,2車身,,0,0
102520261007,2026100725,10,7,7,015474,阿部将大,,14.2,3/4車輪,,0,0
112520261007,2026100725,11,1,1,015444,渡邉雅也,差,14.3,,,1,0
112520261007,2026100725,11,2,3,015289,橋本瑠偉,逃,14.6,1/2車輪,,0,1
112520261007,2026100725,11,3,7,015197,川口雄太,,14.3,1車輪,,0,0
112520261007,2026100725,11,4,2,015468,和泉尚吾,,14.4,1車身1/2,,0,0
112520261007,2026100725,11,5,4,015527,北井佑季,,14.5,3/4車輪,,0,0
112520261007,2026100725,11,6,5,013669,荒澤貴史,,14.3,1車身1/2,,0,0
112520261007,2026100725,11,7,6,014071,朝倉佳弘,,15.0,3車身,,0,0
122520261007,2026100725,12,1,1,014580,久木原洋,差,14.1,,,1,0
122520261007,2026100725,12,2,4,014065,鰐淵圭佑,マ,14.0,1車輪,,0,0
122520261007,2026100725,12,3,3,015815,栗山和樹,,14.3,タイヤ,,0,0
122520261007,2026100725,12,4,5,015799,森田一郎,,14.3,1/2車輪,,0,0
122520261007,2026100725,12,5,2,014622,高市訓但,,14.0,1車身,,0,0
122520261007,2026100725,12,6,7,015186,南潤,,14.6,3/4車身,,0,1
122520261007,2026100725,12,7,6,015727,中原航大,,14.9,5車身,,0,0
014420261007,2026100744,1,1,3,013266,伊藤嘉浩,逃,12.7,,,0,1
014420261007,2026100744,1,2,5,015824,中嶋響,捲,12.6,3/4車輪,,0,0
014420261007,2026100744,1,3,2,013109,志村正洋,,12.7,1/8車輪,,0,0
014420261007,2026100744,1,4,1,014033,藤縄洋介,,12.6,3/4車輪,,1,0
014420261007,2026100744,1,5,4,013027,戸ノ下太郎,,12.4,3/4車輪,,0,0
024420261007,2026100744,2,1,2,013210,川本恵二,差,11.9,,,0,0
024420261007,2026100744,2,2,1,014316,山崎光展,逃,12.1,1/4車輪,,1,1
024420261007,2026100744,2,3,4,013525,亀井道佳,,11.9,3/4車身,,0,0
024420261007,2026100744,2,4,3,014429,千澤大輔,,11.9,2車身,,0,0
024420261007,2026100744,2,5,5,011364,遠澤健二,,13.0,大差,,0,0
034420261007,2026100744,3,1,2,015963,福地晶,捲,11.8,,,0,0
034420261007,2026100744,3,2,1,015087,本馬鎌,マ,11.7,1/2車輪,,0,0
034420261007,2026100744,3,3,5,014667,藤本龍也,,11.8,2車身,,0,0
034420261007,2026100744,3,4,4,013331,橋本大祐,,11.9,1/4車輪,,0,0
034420261007,2026100744,3,5,3,015990,児玉東次郎,,12.1,1/8車輪,,1,1
034420261007,2026100744,3,6,6,013244,小林高志,,11.8,3/4車身,,0,0
034420261007,2026100744,3,7,7,013788,白崎芳典,,12.0,3/4車身,,0,0
044420261007,2026100744,4,1,1,015965,篠原輝利,逃,12.3,,,1,1
044420261007,2026100744,4,2,3,014389,村本慎吾,マ,12.2,1/4車輪,,0,0
044420261007,2026100744,4,3,4,014743,鈴木広人,,12.2,1車身,,0,0
044420261007,2026100744,4,4,6,011712,金田健一郎,,12.2,2車身,,0,0
044420261007,2026100744,4,5,2,015720,山元大夢,,12.4,1車身,,0,0
044420261007,2026100744,4,6,7,014482,松本琢也,,12.2,1/8車輪,,0,0
044420261007,2026100744,4,7,5,014202,島田茂希,,13.0,7車身,,0,0
054420261007,2026100744,5,1,1,013828,引地正人,捲,11.7,,,0,0
054420261007,2026100744,5,2,2,013547,土屋宏,マ,11.7,1/2車輪,,0,0
054420261007,2026100744,5,3,4,014220,山崎悟,,11.7,1車身1/2,,1,0
054420261007,2026100744,5,4,7,012532,西郷剛,,12.0,2車身,,0,0
054420261007,2026100744,5,5,6,014362,岩崎大和,,11.9,1/4車輪,,0,0
054420261007,2026100744,5,6,3,013285,吉川悟,,12.2,1/4車輪,,0,0
054420261007,2026100744,5,7,5,015455,枠元一葵,,12.4,1車身,,0,1
064420261007,2026100744,6,1,5,012891,朝日勇,差,12.8,,,0,0
064420261007,2026100744,6,2,1,015828,秋末蓮,逃,13.0,1/4車輪,,1,1
064420261007,2026100744,6,3,3,013196,竹田和幸,,12.9,1/4車輪,,0,0
064420261007,2026100744,6,4,6,013453,阿部宏之,,12.9,2車身,,0,0
064420261007,2026100744,6,5,2,013417,梅原大治,,12.8,1/4車輪,,0,0
064420261007,2026100744,6,6,4,013112,佐藤明,,12.9,3車身,,0,0
064420261007,2026100744,6,7,7,014366,阿久津浩之,,16.4,大差,,0,0
074420261007,2026100744,7,1,5,015811,水谷亮太,捲,12.5,,,0,1
074420261007,2026100744,7,2,7,014091,伊原弘幸,マ,12.4,1/2車身,,0,0
074420261007,2026100744,7,3,4,013382,成田直喜,,12.1,1/4車輪,,0,0
074420261007,2026100744,7,4,1,015712,松本京太,,12.2,タイヤ,,0,0
074420261007,2026100744,7,5,3,015339,土田武志,,12.4,1/2車身,,0,0
074420261007,2026100744,7,6,2,014991,中島将尊,,12.3,3/4車輪,,1,0
074420261007,2026100744,7,7,6,013550,安部達也,,12.3,3/4車輪,,0,0
084420261007,2026100744,8,1,6,015447,小浦凪,差,12.0,,,0,0
084420261007,2026100744,8,2,1,015536,疋田力也,捲,12.1,3/4車輪,,0,0
084420261007,2026100744,8,3,2,014819,太刀川一成,,12.0,3/4車輪,,1,0
084420261007,2026100744,8,4,7,013952,東鉄也,,12.1,2車身,,0,0
084420261007,2026100744,8,5,4,014098,菊谷信一,,12.4,1/2車輪,,0,0
084420261007,2026100744,8,6,5,014674,丹波孝佑,,12.6,1車身1/2,,0,1
084420261007,2026100744,8,7,3,015594,金田涼馬,,12.5,3/4車輪,,0,0
094420261007,2026100744,9,1,2,015875,邊見竜馬,逃,11.8,,,1,1
094420261007,2026100744,9,2,1,013901,山田敦也,マ,11.8,1/2車身,,0,0
094420261007,2026100744,9,3,3,015434,片桐善也,,11.6,1/4車輪,,0,0
094420261007,2026100744,9,4,4,014444,星野辰也,,11.6,2車身,,0,0
094420261007,2026100744,9,5,5,014024,櫻井丈,,11.6,1車身,,0,0
094420261007,2026100744,9,6,6,014673,松田大,,11.6,3/4車身,,0,0
094420261007,2026100744,9,7,7,015234,八嶋稔真,,13.4,大差,,0,0
013820261007,2026100738,1,1,3,013926,早坂道義,差,12.4,,,1,0
013820261007,2026100738,1,2,7,015698,佐藤譲士郎,逃,12.5,3/4車輪,,0,1
013820261007,2026100738,1,3,4,015355,磯村蓮太,,12.2,微差,,0,0
013820261007,2026100738,1,4,1,012893,吉野猛,,12.1,1/2車身,,0,0
013820261007,2026100738,1,5,2,014994,野口修平,,12.4,1車輪,,0,0
013820261007,2026100738,1,6,5,014483,竜門孝宗,,12.0,1車輪,,0,0
013820261007,2026100738,1,7,6,012277,井上典善,,12.3,1/4車輪,,0,0
023820261007,2026100738,2,1,4,015998,木曽田晃大,捲,12.1,,,0,0
023820261007,2026100738,2,2,3,014434,山崎功也,差,12.4,1車身1/2,,1,0
023820261007,2026100738,2,3,1,011792,木下章,,12.4,1/2車身,,0,0
023820261007,2026100738,2,4,5,015241,山田祐太,,12.6,3/4車輪,,0,1
023820261007,2026100738,2,5,2,013049,南大輔,,12.2,1/2車身,,0,0
023820261007,2026100738,2,6,7,013728,伊狩知人,,12.7,9車身,,0,0
023820261007,2026100738,2,7,6,011990,茂木和臣,,15.7,大差,,0,0
033820261007,2026100738,3,1,4,014392,北村篤,差,12.0,,,0,0
033820261007,2026100738,3,2,6,014496,天沼雅貴,マ,11.9,1/2車輪,,0,0
033820261007,2026100738,3,3,3,015997,片岡遼真,,12.1,タイヤ,,1,1
033820261007,2026100738,3,4,1,014432,相澤恵一,,11.9,1車身1/2,,0,0
033820261007,2026100738,3,5,7,013998,桂馬将人,,11.9,4車身,,0,0
033820261007,2026100738,3,6,5,012092,高木隆弘,,12.3,2車身,,0,0
033820261007,2026100738,3,7,2,014382,伊藤翼,,0.0,大差,,0,0
043820261007,2026100738,4,1,4,013549,堀勝政,差,12.3,,,1,0
043820261007,2026100738,4,2,1,012885,田中智也,マ,12.2,1/2車身,,0,0
043820261007,2026100738,4,3,5,015967,田崎隼翔,,12.5,1/4車輪,,0,1
043820261007,2026100738,4,4,7,013521,中野良,,12.1,3/4車輪,,0,0
043820261007,2026100738,4,5,3,013261,柴田昌樹,,12.1,1/2車身,,0,0
043820261007,2026100738,4,6,6,015905,上野幸星,,12.4,1車身,,0,0
043820261007,2026100738,4,7,2,014276,坂本敏也,,12.8,3車身,,0,0
053820261007,2026100738,5,1,1,015986,鈴木那樹,逃,12.1,,,1,1
053820261007,2026100738,5,2,4,012878,安藤宜明,マ,12.1,3/4車身,,0,0
053820261007,2026100738,5,3,7,014179,肥後公允,,12.0,3/4車身,,0,0
053820261007,2026100738,5,4,6,014381,吉澤賢,,12.2,1車身,,0,0
053820261007,2026100738,5,5,3,012529,木本賢二,,12.0,1/2車輪,,0,0
053820261007,2026100738,5,6,2,013402,沼川夢久,,12.4,3車身,,0,0
053820261007,2026100738,5,7,5,014810,小川辰徳,,13.9,大差,,0,0
063820261007,2026100738,6,1,6,015892,山本和瑳,捲,12.1,,,1,0
063820261007,2026100738,6,2,2,014078,植草亮介,マ,12.0,1車身,,0,0
063820261007,2026100738,6,3,7,014314,中川繁樹,,12.4,1/2車輪,,0,1
063820261007,2026100738,6,4,4,014456,亀井久幸,,12.0,1車身,,0,0
063820261007,2026100738,6,5,5,012417,須藤直道,,12.4,1車身,,0,0
063820261007,2026100738,6,6,1,014400,志水祐彦,,12.5,3/4車身,,0,0
063820261007,2026100738,6,7,3,015796,川田真也,,13.3,7車身,,0,0
073820261007,2026100738,7,1,1,013980,森田康嗣,捲,11.7,,,1,1
073820261007,2026100738,7,2,5,014439,山崎司,マ,11.7,2車身,,0,0
073820261007,2026100738,7,3,3,014597,上田隼,,12.0,2車身,,0,0
073820261007,2026100738,7,4,4,013548,手島志誠,,12.0,2車身,,0,0
073820261007,2026100738,7,5,6,014941,江端隆司,,12.3,3/4車身,,0,0
073820261007,2026100738,7,6,7,012963,荻野哲,,11.8,1/4車輪,,0,0
073820261007,2026100738,7,7,2,013183,坂木田雄介,,12.5,9車身,,0,0
083820261007,2026100738,8,1,1,013775,鈴木良太,差,11.8,,,1,0
083820261007,2026100738,8,2,7,015704,坪内恒,逃,11.9,1/4車輪,,0,1
083820261007,2026100738,8,3,4,013601,工藤政志,,11.7,1/4車輪,,0,0
083820261007,2026100738,8,4,2,015266,福田真平,,11.4,1車身1/2,,0,0
083820261007,2026100738,8,5,6,015534,牛田樹希斗,,11.6,3/4車身,,0,0
083820261007,2026100738,8,6,5,015885,五輪拓巳,,12.0,1/2車輪,,0,0
083820261007,2026100738,8,7,3,012944,渡邊恭典,,0.0,大差,,0,0
093820261007,2026100738,9,1,1,014390,愛敬博之,差,12.2,,,0,0
093820261007,2026100738,9,2,4,015462,溝口葵,逃,12.3,1車輪,,1,1
093820261007,2026100738,9,2,7,013985,高橋陽介,マ,12.1,1車輪,,0,0
093820261007,2026100738,9,4,3,015088,神山尚,,12.0,1/2車輪,,0,0
093820261007,2026100738,9,5,2,014455,小野裕次,,12.1,3/4車輪,,0,0
093820261007,2026100738,9,6,6,013175,峠祐介,,12.0,3/4車身,,0,0
093820261007,2026100738,9,7,5,014459,根藤浩二,,12.4,3/4車輪,,0,0
103820261007,2026100738,10,1,2,015913,一守大葵,逃,11.9,,,0,1
103820261007,2026100738,10,2,4,014032,藤田真,マ,11.8,1/2車身,,0,0
103820261007,2026100738,10,3,6,015101,松岡晋乃介,,11.7,1車身,,1,0
103820261007,2026100738,10,4,3,013482,松崎貴久,,11.7,3/4車身,,0,0
103820261007,2026100738,10,5,7,013723,高谷進太郎,,11.6,1/2車身,,0,0
103820261007,2026100738,10,6,5,014224,矢島一弥,,11.6,3/4車身,,0,0
103820261007,2026100738,10,7,1,015247,小玉勇一,,13.0,大差,,0,0
113820261007,2026100738,11,1,2,014826,菅原裕太,差,12.1,,,0,0
113820261007,2026100738,11,2,5,015442,仁藤秀,差,12.3,1車輪,,1,0
113820261007,2026100738,11,3,1,014477,白上翔,,12.1,1/2車身,,0,0
113820261007,2026100738,11,4,7,012519,藤原誠,,12.0,3/4車輪,,0,0
113820261007,2026100738,11,5,3,015327,阿部架惟都,,12.8,1車身1/2,,0,1
113820261007,2026100738,11,6,6,014796,保科千春,,12.8,7車身,,0,0
113820261007,2026100738,11,7,4,015332,鈴木涼介,,13.8,6車身,,0,0
014820261007,2026100748,1,1,5,015603,小坂丈,差,12.0,,,0,0
014820261007,2026100748,1,2,2,014950,市村昌樹,差,11.9,1車身,,0,0
014820261007,2026100748,1,3,3,014058,佐藤謙,,12.1,3/4車輪,,0,0
014820261007,2026100748,1,4,7,014092,山出裕幸,,11.9,1車身,,0,0
014820261007,2026100748,1,5,1,014532,柴田竜史,,12.5,3/4車身,,1,0
014820261007,2026100748,1,6,4,014533,加藤正法,,11.9,1/2車身,,0,0
014820261007,2026100748,1,7,6,015045,大関祐也,,12.8,3/4車身,,0,1
024820261007,2026100748,2,1,5,015847,寺師幸成,捲,12.1,,,0,0
024820261007,2026100748,2,2,1,013270,中川貴史,差,12.1,1車身,,0,0
024820261007,2026100748,2,3,3,013493,立花成泰,,12.2,1車輪,,0,0
024820261007,2026100748,2,4,4,015187,鮫島康治,,12.4,微差,,0,0
024820261007,2026100748,2,5,7,013333,小西誠也,,12.3,3/4車身,,0,0
024820261007,2026100748,2,6,2,013385,鎌田聡,,12.3,2車身,,0,0
024820261007,2026100748,2,7,6,015506,佐藤啓斗,,14.3,大差,,0,1
034820261007,2026100748,3,1,4,013435,中石昌芳,差,12.3,,,0,0
034820261007,2026100748,3,2,2,015277,高井流星,逃,12.4,1車輪,,0,1
034820261007,2026100748,3,3,1,012421,小沼良,,11.9,3/4車身,,1,0
034820261007,2026100748,3,4,6,015459,中村泰輔,,12.3,3/4車輪,,0,0
034820261007,2026100748,3,5,3,015109,大利航平,,12.2,1/4車輪,,0,0
034820261007,2026100748,3,6,5,015531,深瀬泰我,,12.1,3/4車身,,0,0
034820261007,2026100748,3,7,7,012042,山原利秀,,13.6,大差,,0,0
044820261007,2026100748,4,1,7,015783,吉田優斗,捲,12.2,,,0,0
044820261007,2026100748,4,2,1,014625,藤野貴章,差,12.6,1車身,,0,0
044820261007,2026100748,4,3,5,015754,成海大聖,,12.9,1/2車輪,,0,1
044820261007,2026100748,4,4,6,014328,藤田洋平,,12.6,3/4車輪,,0,0
044820261007,2026100748,4,5,4,013932,井上雄三,,12.2,1/2車輪,,0,0
044820261007,2026100748,4,6,3,014782,山口幸太郎,,12.8,1/4車輪,,1,0
044820261007,2026100748,4,7,2,012721,梅山英樹,,12.3,1/8車輪,,0,0
054820261007,2026100748,5,1,7,014475,高間悠平,差,12.5,,,0,0
054820261007,2026100748,5,2,6,014561,高橋義秋,マ,12.3,1/8車輪,,0,0
054820261007,2026100748,5,3,3,015421,秋本耀太郎,,12.1,1/2車輪,,0,0
054820261007,2026100748,5,4,2,015445,内藤久文,,12.7,1/8車輪,,0,1
054820261007,2026100748,5,5,4,014036,篠原龍馬,,12.0,1車身,,0,0
054820261007,2026100748,5,6,1,013439,青井賢治,,12.0,1車身,,0,0
054820261007,2026100748,5,7,5,014711,相澤政宏,,12.3,タイヤ,,1,0
064820261007,2026100748,6,1,3,014188,原誠宏,差,12.0,,,0,0
064820261007,2026100748,6,2,5,015837,小川三士郎,逃,12.2,3/4車輪,,0,1
064820261007,2026100748,6,3,7,012813,成清貴之,,11.9,3/4車身,,0,0
064820261007,2026100748,6,4,2,015050,堀内俊介,,12.0,1/4車輪,,1,0
064820261007,2026100748,6,5,4,013420,土屋裕二,,11.9,1車身,,0,0
064820261007,2026100748,6,6,6,014026,高橋成英,,11.8,2車身,,0,0
064820261007,2026100748,6,7,1,014028,山口泰生,,12.2,2車身,,0,0
074820261007,2026100748,7,1,2,014222,木暮安由,差,12.3,,,0,0
074820261007,2026100748,7,2,1,015744,橋本宇宙,マ,12.2,1/2車輪,,0,0
074820261007,2026100748,7,3,3,014929,小酒大勇,,12.1,タイヤ,,1,0
074820261007,2026100748,7,4,5,013074,島田竜二,,12.1,1車身,,0,0
074820261007,2026100748,7,5,4,015517,橋本壮史,,12.6,1/2車輪,,0,1
074820261007,2026100748,7,6,7,014729,高橋昇平,,12.1,1/2車身,,0,0
074820261007,2026100748,7,7,6,013204,佐野梅一,,12.4,4車身,,0,0
084820261007,2026100748,8,1,7,015458,貴志修己,捲,11.9,,,0,1
084820261007,2026100748,8,2,1,014767,藤井栄二,マ,11.8,1/2車輪,,1,0
084820261007,2026100748,8,3,5,014830,大洞翔平,,11.8,1/2車身,,0,0
084820261007,2026100748,8,4,4,015117,野崎将史,,12.4,5車身,,0,0
084820261007,2026100748,8,5,3,015612,小榑佑弥,,12.0,1車輪,,0,0
084820261007,2026100748,8,6,6,014571,根本哲吏,,12.4,1車身,,0,0
084820261007,2026100748,8,7,2,015572,田村大,,12.7,3/4車身,,0,0
094820261007,2026100748,9,1,3,015440,長田龍拳,逃,11.9,,,0,1
094820261007,2026100748,9,2,1,014883,才迫開,マ,11.8,1/2車身,,1,0
094820261007,2026100748,9,3,7,015124,山本拳也,,11.8,1車身,,0,0
094820261007,2026100748,9,4,4,014592,小島歩,,11.8,1車身,,0,0
094820261007,2026100748,9,5,5,014720,高橋広大,,11.8,3車身,,0,0
094820261007,2026100748,9,6,2,015604,安彦統賀,,11.9,1/2車輪,,0,0
094820261007,2026100748,9,7,6,013852,五十嵐力,,12.4,8車身,,0,0
104820261007,2026100748,10,1,4,015004,畑段嵐士,差,12.4,,,0,0
104820261007,2026100748,10,2,7,013783,上田裕和,マ,12.3,1車輪,,0,0
104820261007,2026100748,10,3,1,015825,南部翔大,,12.6,1/2車身,,0,1
104820261007,2026100748,10,4,5,014212,山崎将幸,,12.4,1/2車身,,1,0
104820261007,2026100748,10,5,2,014723,石川裕二,,12.3,2車身,,0,0
104820261007,2026100748,10,6,6,015244,植原琢也,,12.6,2車身,,0,0
104820261007,2026100748,10,7,3,015325,後藤悠,,13.9,大差,,0,0
114820261007,2026100748,11,1,3,015917,猿樂楓樹,逃,11.8,,,0,1
114820261007,2026100748,11,2,5,014409,山本奨,マ,11.8,1/2車輪,,0,0
114820261007,2026100748,11,3,1,015036,尾形鉄馬,,11.5,1車身,,1,0
114820261007,2026100748,11,4,7,015326,照井拓成,,11.6,1/8車輪,,0,0
114820261007,2026100748,11,5,4,013798,木村直隆,,11.4,1車身1/2,,0,0
114820261007,2026100748,11,6,2,015113,酒井拳蔵,,11.8,2車身,,0,0
114820261007,2026100748,11,7,6,014325,蓮井祐輝,,12.4,8車身,,0,0
124820261007,2026100748,12,1,4,014045,吉本卓仁,差,12.0,,,0,0
124820261007,2026100748,12,2,5,014472,坂口晃輔,差,11.8,1/8車輪,,0,0
124820261007,2026100748,12,3,2,015518,吉田有希,,12.0,3/4車輪,,0,0
124820261007,2026100748,12,4,3,015385,立部楓真,,12.2,1/2車身,,0,1
124820261007,2026100748,12,5,1,014930,杉森輝大,,11.8,1/4車輪,,1,0
124820261007,2026100748,12,6,6,012987,堤洋,,11.7,1/2車輪,,0,0
124820261007,2026100748,12,7,7,015807,塩島嵩一朗,,12.9,7車身,,0,0
017420261007,2026100774,1,1,1,015964,柳沼鼓太朗,捲,15.0,,,0,0
017420261007,2026100774,1,2,5,015848,與古田龍門,逃,15.1,3/4車身,,0,1
017420261007,2026100774,1,3,3,012507,爲田学,,15.2,1車身,,0,0
017420261007,2026100774,1,4,4,014430,橋本祐司,,14.9,3/4車身,,0,0
017420261007,2026100774,1,5,2,014872,玉村元気,,15.2,1/4車輪,,1,0
017420261007,2026100774,1,6,7,014006,青木亮太,,15.0,1車身1/2,,0,0
017420261007,2026100774,1,7,6,012982,上原直樹,,14.8,1/8車輪,,0,0
027420261007,2026100774,2,1,5,014739,里見恒平,差,15.3,,,0,0
027420261007,2026100774,2,2,7,016014,森田瑞基,逃,15.8,1車身,,0,1
027420261007,2026100774,2,3,4,014275,喜納隆志,,15.5,3/4車輪,,0,0
027420261007,2026100774,2,4,1,014266,宮本龍一,,15.6,1/8車輪,,1,0
027420261007,2026100774,2,5,2,011341,黒崎直行,,15.4,3/4車輪,,0,0
027420261007,2026100774,2,6,6,012299,増成富夫,,15.6,6車身,,0,0
027420261007,2026100774,2,7,3,014880,野見泰要,,0.0,大差,,0,0
037420261007,2026100774,3,1,3,015970,田沼龍弥,捲,15.7,,,0,1
037420261007,2026100774,3,2,1,013061,小磯知也,差,15.5,1/4車輪,,1,0
037420261007,2026100774,3,3,4,014578,大越啓介,,15.6,1/2車身,,0,0
037420261007,2026100774,3,4,5,015732,宮道良輔,,15.8,1/4車輪,,0,0
037420261007,2026100774,3,5,7,012509,岡嵜浩一,,15.3,1/2車身,,0,0
037420261007,2026100774,3,6,2,012883,大沼孝行,,15.6,3/4車身,,0,0
037420261007,2026100774,3,7,6,014777,竹村達也,,15.8,4車身,,0,0
047420261007,2026100774,4,1,2,014487,才迫勇馬,逃,15.3,,,1,1
047420261007,2026100774,4,2,6,014463,久保将史,差,14.9,3車身,,0,0
047420261007,2026100774,4,3,5,015886,中川飛隆,,15.6,3/4車身,,0,0
047420261007,2026100774,4,4,1,013029,藤田晃英,,15.2,1/8車輪,,0,0
047420261007,2026100774,4,5,3,014447,三木翔太,,15.3,1/2車身,,0,0
047420261007,2026100774,4,6,7,013887,沖本尚織,,15.7,1/2車身,,0,0
047420261007,2026100774,4,7,4,013062,藤原義浩,,15.7,1車輪,,0,0
057420261007,2026100774,5,1,3,015959,中野楚樂,逃,15.3,,,1,1
057420261007,2026100774,5,2,4,012586,佐藤和典,マ,15.3,1車身1/2,,0,0
057420261007,2026100774,5,3,6,011142,小林宏年,,15.3,3/4車輪,,0,0
057420261007,2026100774,5,4,2,014855,東隆之,,15.2,1車身,,0,0
057420261007,2026100774,5,5,5,011935,高嶋一朗,,15.3,2車身,,0,0
057420261007,2026100774,5,6,7,014272,松田直也,,15.3,2車身,,0,0
057420261007,2026100774,5,7,1,014257,岡崎克政,,21.9,大差,,0,0
067420261007,2026100774,6,1,2,016019,沢田桂太郎,逃,14.4,,,1,1
067420261007,2026100774,6,2,5,014787,瀬口匠,マ,14.5,2車身,,0,0
067420261007,2026100774,6,3,7,013145,瓦田勝也,,14.8,5車身,,0,0
067420261007,2026100774,6,4,3,014503,真船拓磨,,14.5,1車身,,0,0
067420261007,2026100774,6,5,4,015160,牧田賢也,,14.7,1/2車身,,0,0
067420261007,2026100774,6,6,1,013023,吉田英二,,15.2,1車身,,0,0
067420261007,2026100774,6,7,6,014373,鈴木雄一朗,,17.1,大差,,0,0
077420261007,2026100774,7,1,1,016004,松本悠平,捲,15.7,,,1,0
077420261007,2026100774,7,2,4,014183,隅田幸助,差,15.6,1車身,,0,0
077420261007,2026100774,7,3,7,013063,赤松秀展,,15.8,3/4車輪,,0,0
077420261007,2026100774,7,4,2,014416,矢田晋,,15.6,3/4車身,,0,0
077420261007,2026100774,7,5,3,013470,畠山裕行,,16.4,3車身,,0,0
077420261007,2026100774,7,6,6,011328,川添輝彦,,15.8,3/4車身,,0,0
077420261007,2026100774,7,7,5,014868,小林寛弥,,16.8,2車身,,0,1
012220261008,2026100822,1,1,3,015857,伊藤優里,捲,10.8,,,1,0
012220261008,2026100822,1,2,1,015667,戸田瑞姫,マ,10.7,1/4車輪,,0,0
012220261008,2026100822,1,3,4,015147,佐々木恵理,,10.7,3/4車身,,0,0
012220261008,2026100822,1,4,6,015217,南彩乃,,10.6,1車身1/2,,0,0
012220261008,2026100822,1,5,5,015849,佐藤乃愛,,11.0,3/4車輪,,0,0
012220261008,2026100822,1,6,7,015581,刈込奈那,,11.2,3/4車輪,,0,1
012220261008,2026100822,1,7,2,015149,中野咲,,11.2,1車身1/2,,0,0
022220261008,2026100822,2,1,1,013416,飯尾主税,差,9.9,,,1,0
022220261008,2026100822,2,2,3,015705,鳥海創,逃,10.0,1/2車輪,,0,1
022220261008,2026100822,2,3,6,011372,黒瀬浩一,,10.0,2車身,,0,0
022220261008,2026100822,2,4,5,013171,岩橋則明,,9.9,1車身,,0,0
022220261008,2026100822,2,5,2,014587,鈴木謙二,,10.1,1/2車身,,0,0
022220261008,2026100822,2,6,4,013761,新井剛央,,10.1,1/2車身,,0,0
032220261008,2026100822,3,1,3,014988,伊早坂駿一,逃,9.6,,,0,1
032220261008,2026100822,3,2,5,013036,深澤伸介,マ,9.6,1車身,,0,0
032220261008,2026100822,3,3,1,014383,河野要,,10.1,大差,,1,0
032220261008,2026100822,3,4,4,014083,成清謙二郎,,10.0,1/2車輪,,0,0
032220261008,2026100822,3,5,6,012717,伊藤一貴,,10.0,3車身,,0,0
032220261008,2026100822,3,6,2,013615,山口貴弘,,10.1,1/8車輪,,0,0
042220261008,2026100822,4,1,1,014012,関智晴,捲,9.9,,,0,1
042220261008,2026100822,4,2,2,014056,橋本紀彰,捲,10.0,3車身,,0,0
042220261008,2026100822,4,3,5,012875,中曽直彦,,10.4,2車身,,0,0
042220261008,2026100822,4,4,4,014282,石川恭規,,10.3,3/4車身,,0,0
042220261008,2026100822,4,5,7,013629,福森慎太郎,,10.8,2車身,,0,0
042220261008,2026100822,4,6,6,015515,平山優太,,0.0,大差,,0,0
042220261008,2026100822,4,0,3,013106,赤井学,,0.0,,失格,1,0
052220261008,2026100822,5,1,1,014082,高橋雅之,差,10.0,,,0,0
052220261008,2026100822,5,2,5,015895,鈴木小次廊,逃,10.2,3/4車輪,,1,1
052220261008,2026100822,5,3,6,015414,大森光明,,10.0,1車身,,0,0
052220261008,2026100822,5,4,2,013188,山田幸司,,10.0,1/4車輪,,0,0
052220261008,2026100822,5,5,4,013014,江連和洋,,10.1,2車身,,0,0
052220261008,2026100822,5,6,3,014347,外崎一成,,10.1,3/4車身,,0,0
052220261008,2026100822,5,7,7,013983,大崎智久,,10.4,4車身,,0,0
062220261008,2026100822,6,1,5,014813,新井僚太郎,捲,9.9,,,0,0
062220261008,2026100822,6,2,2,013827,佐藤雅彦,差,10.1,3/4車身,,0,0
062220261008,2026100822,6,3,3,014225,伊藤亮,,9.9,3/4車身,,0,0
062220261008,2026100822,6,4,1,015691,岡部伶音,,10.2,1/2車輪,,1,1
062220261008,2026100822,6,5,4,014164,田中孝彦,,9.9,3/4車身,,0,0
062220261008,2026100822,6,6,6,015617,添田龍児,,10.1,1/2車輪,,0,0
062220261008,2026100822,6,7,7,013826,田原大広,,10.3,1車身,,0,0
072220261008,2026100822,7,1,6,014937,田中誇士,捲,9.8,,,0,0
072220261008,2026100822,7,2,4,013859,荒木伸哉,マ,9.8,3/4車身,,0,0
072220261008,2026100822,7,3,3,015882,木村優駿,,10.5,2車身,,1,1
072220261008,2026100822,7,4,7,014062,齋藤昌弘,,10.1,1/2車輪,,0,0
072220261008,2026100822,7,5,2,012501,金子真也,,10.2,1/2車輪,,0,0
072220261008,2026100822,7,6,1,013747,伊藤大志,,10.2,1車身1/2,,0,0
072220261008,2026100822,7,7,5,015780,小田恭介,,10.7,2車身,,0,0
082220261008,2026100822,8,1,1,015587,吉川美穂,差,10.3,,,0,0
082220261008,2026100822,8,2,3,015939,半田水晶,逃,10.4,1/2車輪,,0,1
082220261008,2026100822,8,3,2,015320,那須萌美,,10.4,2車身,,1,0
082220261008,2026100822,8,4,4,015504,西島叶子,,10.4,3/4車身,,0,0
082220261008,2026100822,8,5,7,015674,野寺楓,,10.2,1/2車身,,0,0
082220261008,2026100822,8,6,5,015315,渡口まりあ,,10.7,2車身,,0,0
082220261008,2026100822,8,7,6,014962,石井貴子,,10.6,2車身,,0,0
092220261008,2026100822,9,1,1,015162,蕗澤鴻太郎,差,9.8,,,1,0
092220261008,2026100822,9,2,4,015423,上川直紀,マ,9.6,1/2車輪,,0,0
092220261008,2026100822,9,3,7,015107,田頭寛之,,9.6,1車身1/2,,0,0
092220261008,2026100822,9,4,6,014818,田口裕一,,9.6,3/4車輪,,0,0
092220261008,2026100822,9,5,5,015803,西村剛,,10.2,1車輪,,0,1
092220261008,2026100822,9,6,3,014378,加賀山淳,,9.5,3/4車身,,0,0
092220261008,2026100822,9,7,2,014136,金澤竜二,,9.8,3車身,,0,0
012520261008,2026100825,1,1,4,012800,豊田一馬,差,15.2,,,0,0
012520261008,2026100825,1,2,7,013172,金子周一郎,差,15.3,1/2車輪,,0,0
012520261008,2026100825,1,3,1,015798,橋谷成海,,15.5,1/2車輪,,1,1
012520261008,2026100825,1,4,2,014828,川口聖翔,,15.2,1/2車身,,0,0
012520261008,2026100825,1,5,5,014329,阿部功,,15.1,2車身,,0,0
012520261008,2026100825,1,6,6,012132,甲斐下智,,15.4,2車身,,0,0
012520261008,2026100825,1,7,3,015735,岡本翔,,16.4,9車身,,0,0
022520261008,2026100825,2,1,3,015618,高本和也,捲,14.4,,,0,0
022520261008,2026100825,2,2,4,014528,落合達彦,マ,14.4,3/4車輪,,0,0
022520261008,2026100825,2,3,1,014707,飯塚直人,,14.8,1車身1/2,,0,0
022520261008,2026100825,2,4,7,013989,大泉英則,,14.5,1車身,,0,0
022520261008,2026100825,2,5,2,013553,小島雅章,,15.1,1/8車輪,,0,0
022520261008,2026100825,2,6,6,012602,吉村文隆,,14.5,2車身,,0,0
022520261008,2026100825,2,7,5,015883,吉田夢希斗,,15.4,1/4車輪,,1,1
032520261008,2026100825,3,1,2,013332,吉村和之,差,14.5,,,0,0
032520261008,2026100825,3,2,7,013645,川木敬大,マ,14.4,3/4車輪,,0,0
032520261008,2026100825,3,3,1,014575,鈴木達也,,14.6,1車輪,,1,0
032520261008,2026100825,3,4,5,015559,神開一輝,,14.7,1/2車身,,0,1
032520261008,2026100825,3,5,6,015156,門脇翼,,14.6,1車身1/2,,0,0
032520261008,2026100825,3,6,4,015513,菊池翔,,15.7,9車身,,0,0
032520261008,2026100825,3,7,3,015650,田代匠,,15.9,2車身,,0,0
042520261008,2026100825,4,1,4,013275,渡辺航平,差,15.1,,,0,0
042520261008,2026100825,4,2,7,013748,佐々木省司,差,15.2,1/8車輪,,0,0
042520261008,2026100825,4,3,2,015507,上遠野拓馬,,15.4,1/2車身,,1,1
042520261008,2026100825,4,4,1,014410,桶谷明誉,,15.0,3/4車輪,,0,0
042520261008,2026100825,4,5,5,012989,森岡正臣,,15.1,1車身1/2,,0,0
042520261008,2026100825,4,6,3,012886,中井達郎,,15.4,6車身,,0,0
042520261008,2026100825,4,7,6,013468,勝俣亮,,19.5,大差,,0,0
052520261008,2026100825,5,1,7,014905,加瀬加奈子,差,15.5,,,1,0
052520261008,2026100825,5,2,6,015498,國村美留莉,マ,15.5,1車身1/2,,0,0
052520261008,2026100825,5,3,4,015399,高木佑真,,15.8,3車身,,0,0
052520261008,2026100825,5,4,3,015774,金田舞夏,,16.2,1/4車輪,,0,1
052520261008,2026100825,5,5,1,015864,田野口佳奈,,15.7,1車輪,,0,0
052520261008,2026100825,5,6,5,015151,山本知佳,,15.8,1車身1/2,,0,0
052520261008,2026100825,5,0,2,015677,浜地晴帆,,0.0,,欠車,0,0
062520261008,2026100825,6,1,7,014071,朝倉佳弘,差,14.6,,,0,0
062520261008,2026100825,6,2,1,015706,山田駿斗,逃,14.8,1車輪,,1,1
062520261008,2026100825,6,3,3,015130,瀬戸栄作,,14.1,1/2車輪,,0,0
062520261008,2026100825,6,4,4,013976,明田春喜,,14.6,1/4車輪,,0,0
062520261008,2026100825,6,5,5,015727,中原航大,,14.4,3/4車身,,0,0
062520261008,2026100825,6,6,2,014831,伊藤裕貴,,14.5,1車身,,0,0
062520261008,2026100825,6,7,6,012688,佐藤成人,,14.4,1/8車輪,,0,0
072520261008,2026100825,7,1,5,014268,山口貴弘,差,14.4,,,0,0
072520261008,2026100825,7,2,2,015474,阿部将大,差,14.6,1/2車身,,1,0
072520261008,2026100825,7,3,3,015097,長谷部翔,,14.4,1車身,,0,0
072520261008,2026100825,7,4,4,014310,三谷政史,,14.9,3/4車輪,,0,0
072520261008,2026100825,7,5,1,014604,菱田浩二,,15.0,3/4車身,,0,1
072520261008,2026100825,7,6,6,014481,徳丸泰教,,14.6,1/4車輪,,0,0
072520261008,2026100825,7,7,7,015786,角田光,,16.4,大差,,0,0
082520261008,2026100825,8,1,1,014811,笠松将太,差,14.3,,,0,0
082520261008,2026100825,8,2,7,015799,森田一郎,逃,14.5,1/2車輪,,0,1
082520261008,2026100825,8,3,6,013394,飯嶋則之,,14.3,3/4車身,,0,0
082520261008,2026100825,8,4,2,013804,湊聖二,,14.1,1/4車輪,,0,0
082520261008,2026100825,8,5,5,015468,和泉尚吾,,14.3,3/4車身,,1,0
082520261008,2026100825,8,6,3,013862,鈴木伸之,,14.0,1/2車身,,0,0
082520261008,2026100825,8,7,4,015211,平尾一晃,,14.6,4車身,,0,0
092520261008,2026100825,9,1,1,015815,栗山和樹,差,14.2,,,0,0
092520261008,2026100825,9,2,4,015186,南潤,捲,14.3,1/2車輪,,1,1
092520261008,2026100825,9,3,7,013669,荒澤貴史,,14.0,3/4車身,,0,0
092520261008,2026100825,9,4,5,014622,高市訓但,,13.8,1/4車輪,,0,0
092520261008,2026100825,9,5,2,015527,北井佑季,,14.2,1/8車輪,,0,0
092520261008,2026100825,9,6,6,013438,前反祐一郎,,13.7,1車身,,0,0
092520261008,2026100825,9,7,3,015197,川口雄太,,14.1,1車身,,0,0
102520261008,2026100825,10,1,7,014267,一ノ瀬匠,捲,14.4,,,0,0
102520261008,2026100825,10,2,3,015365,古賀勝大,差,14.6,3/4車輪,,1,0
102520261008,2026100825,10,3,4,015285,久樹克門,,14.6,1/2車身,,0,0
102520261008,2026100825,10,4,2,013817,吉川裕二,,14.4,1/8車輪,,0,0
102520261008,2026100825,10,5,1,015429,山田雄大,,14.8,3/4車身,,0,0
102520261008,2026100825,10,6,6,014079,江本博明,,14.7,1/2車身,,0,0
102520261008,2026100825,10,7,5,015185,布居大地,,15.5,5車身,,0,1
112520261008,2026100825,11,1,1,015218,太田りゆ,捲,15.1,,,0,0
112520261008,2026100825,11,2,7,015311,柳原真緒,差,15.5,1車身1/2,,1,0
112520261008,2026100825,11,3,5,015944,赤池七虹,,15.5,3/4車身,,0,0
112520261008,2026100825,11,4,3,014902,中村由香里,,15.4,1車輪,,0,0
112520261008,2026100825,11,4,4,015492,永禮美瑠,,15.2,1車輪,,0,0
112520261008,2026100825,11,6,6,015392,加藤舞,,16.0,2車身,,0,1
112520261008,2026100825,11,7,2,015402,鈴木樹里,,16.7,大差,,0,0
122520261008,2026100825,12,1,5,015444,渡邉雅也,差,13.8,,,0,0
122520261008,2026100825,12,2,2,013619,竹内智彦,差,13.6,3/4車輪,,0,0
122520261008,2026100825,12,3,4,015289,橋本瑠偉,,14.2,2車身,,0,0
122520261008,2026100825,12,4,1,014580,久木原洋,,14.1,3/4車身,,0,0
122520261008,2026100825,12,5,7,015509,木村佑来,,14.1,3/4車身,,1,0
122520261008,2026100825,12,6,6,014065,鰐淵圭佑,,14.1,3/4車身,,0,0
122520261008,2026100825,12,7,3,015794,福田稔希,,15.5,大差,,0,1
014420261008,2026100844,1,1,3,014429,千澤大輔,差,12.3,,,0,0
014420261008,2026100844,1,2,2,014202,島田茂希,逃,12.5,3/4車身,,0,1
014420261008,2026100844,1,3,1,014316,山崎光展,,12.2,1/2車輪,,1,0
014420261008,2026100844,1,4,5,011364,遠澤健二,,12.5,4車身,,0,0
014420261008,2026100844,1,5,4,013788,白崎芳典,,12.5,1/2車輪,,0,0
024420261008,2026100844,2,1,1,014033,藤縄洋介,差,12.5,,,1,0
024420261008,2026100844,2,2,3,013109,志村正洋,マ,12.4,1/2車輪,,0,0
024420261008,2026100844,2,3,2,014595,瀧本匡平,,12.7,3/4車身,,0,1
024420261008,2026100844,2,4,5,013525,亀井道佳,,12.5,1車身1/2,,0,0
024420261008,2026100844,2,5,4,013027,戸ノ下太郎,,12.5,1車身1/2,,0,0
024420261008,2026100844,2,6,6,015824,中嶋響,,14.9,大差,,0,0
034420261008,2026100844,3,1,6,014482,松本琢也,差,12.7,,,0,0
034420261008,2026100844,3,2,3,013210,川本恵二,差,12.9,1/2車身,,0,0
034420261008,2026100844,3,3,5,013266,伊藤嘉浩,,12.7,3/4車身,,0,0
034420261008,2026100844,3,4,4,011712,金田健一郎,,12.6,1/2車輪,,0,0
034420261008,2026100844,3,5,2,015990,児玉東次郎,,12.8,微差,,1,0
034420261008,2026100844,3,6,1,015720,山元大夢,,13.2,タイヤ,,0,1
034420261008,2026100844,3,7,7,013244,小林高志,,12.6,3/4車身,,0,0
044420261008,2026100844,4,1,1,013550,安部達也,差,12.7,,,0,0
044420261008,2026100844,4,2,2,015234,八嶋稔真,逃,12.8,1車輪,,0,1
044420261008,2026100844,4,3,3,014220,山崎悟,,12.6,1/4車輪,,1,0
044420261008,2026100844,4,4,5,014362,岩崎大和,,12.6,1車身,,0,0
044420261008,2026100844,4,5,6,012532,西郷剛,,12.6,2車身,,0,0
044420261008,2026100844,4,6,7,014753,山田純也,,13.0,2車身,,0,0
044420261008,2026100844,4,7,4,015455,枠元一葵,,13.3,3車身,,0,0
054420261008,2026100844,5,1,4,013196,竹田和幸,差,12.6,,,0,0
054420261008,2026100844,5,2,1,015828,秋末蓮,逃,12.8,タイヤ,,1,1
054420261008,2026100844,5,3,2,013285,吉川悟,,12.8,1/2車身,,0,0
054420261008,2026100844,5,4,5,013112,佐藤明,,12.4,1/2車輪,,0,0
054420261008,2026100844,5,5,6,013453,阿部宏之,,12.6,1/2車輪,,0,0
054420261008,2026100844,5,6,3,013417,梅原大治,,12.9,4車身,,0,0
054420261008,2026100844,5,7,7,014366,阿久津浩之,,15.8,大差,,0,0
064420261008,2026100844,6,1,2,014444,星野辰也,差,11.9,,,0,0
064420261008,2026100844,6,2,3,015339,土田武志,逃,12.2,1車身,,0,1
064420261008,2026100844,6,3,4,014024,櫻井丈,,11.8,1/2車輪,,0,0
064420261008,2026100844,6,4,1,014991,中島将尊,,12.0,1/2車輪,,1,0
064420261008,2026100844,6,5,5,014673,松田大,,11.7,1車身,,0,0
064420261008,2026100844,6,6,7,013952,東鉄也,,11.8,2車身,,0,0
064420261008,2026100844,6,7,6,013828,引地正人,,12.9,7車身,,0,0
074420261008,2026100844,7,1,5,014674,丹波孝佑,捲,12.2,,,0,0
074420261008,2026100844,7,2,2,014819,太刀川一成,差,12.5,3車身,,1,0
074420261008,2026100844,7,3,4,013382,成田直喜,,12.4,1/2車輪,,0,0
074420261008,2026100844,7,4,6,013547,土屋宏,,12.4,1車身1/2,,0,0
074420261008,2026100844,7,5,7,012891,朝日勇,,12.5,1車身1/2,,0,0
074420261008,2026100844,7,6,1,015712,松本京太,,13.5,6車身,,0,1
074420261008,2026100844,7,7,3,014098,菊谷信一,,13.4,1車身,,0,0
084420261008,2026100844,8,1,1,015965,篠原輝利,逃,12.1,,,1,1
084420261008,2026100844,8,2,7,014667,藤本龍也,マ,12.0,1/2車身,,0,0
084420261008,2026100844,8,3,2,014389,村本慎吾,,11.9,3/4車身,,0,0
084420261008,2026100844,8,4,5,013331,橋本大祐,,11.7,3/4車身,,0,0
084420261008,2026100844,8,5,6,014743,鈴木広人,,11.9,3/4車輪,,0,0
084420261008,2026100844,8,6,3,015087,本馬鎌,,11.9,2車身,,0,0
084420261008,2026100844,8,7,4,015963,福地晶,,12.2,1車身,,0,0
094420261008,2026100844,9,1,2,015875,邊見竜馬,逃,11.8,,,1,1
094420261008,2026100844,9,2,1,013901,山田敦也,マ,11.8,1車身,,0,0
094420261008,2026100844,9,3,3,015536,疋田力也,,11.6,1/4車輪,,0,0
094420261008,2026100844,9,4,7,014091,伊原弘幸,,11.7,1/2車輪,,0,0
094420261008,2026100844,9,5,4,015434,片桐善也,,11.6,1/2車輪,,0,0
094420261008,2026100844,9,6,6,015447,小浦凪,,11.6,3/4車身,,0,0
094420261008,2026100844,9,7,5,015811,水谷亮太,,12.0,3車身,,0,0
013820261008,2026100838,1,1,1,014276,坂本敏也,逃,12.0,,,0,1
013820261008,2026100838,1,2,4,012092,高木隆弘,マ,12.1,2車身,,0,0
013820261008,2026100838,1,3,5,012529,木本賢二,,11.9,1/2車身,,0,0
013820261008,2026100838,1,4,2,013728,伊狩知人,,12.1,1/2車身,,1,0
013820261008,2026100838,1,5,7,013261,柴田昌樹,,11.9,3/4車身,,0,0
013820261008,2026100838,1,6,3,014810,小川辰徳,,12.4,4車身,,0,0
013820261008,2026100838,1,7,6,011990,茂木和臣,,0.0,大差,,0,0
023820261008,2026100838,2,1,1,013421,富澤洋祐,差,11.5,,,0,0
023820261008,2026100838,2,2,5,013049,南大輔,差,12.2,1/2車身,,0,0
023820261008,2026100838,2,3,2,015905,上野幸星,,12.3,1/2車輪,,1,1
023820261008,2026100838,2,4,7,014483,竜門孝宗,,12.1,1/2車身,,0,0
023820261008,2026100838,2,5,3,013998,桂馬将人,,12.1,1車身,,0,0
023820261008,2026100838,2,6,4,014382,伊藤翼,,12.3,4車身,,0,0
023820261008,2026100838,2,7,6,012277,井上典善,,0.0,大差,,0,0
033820261008,2026100838,3,1,2,015997,片岡遼真,逃,11.8,,,0,1
033820261008,2026100838,3,2,3,015698,佐藤譲士郎,逃,12.0,6車身,,0,0
033820261008,2026100838,3,3,7,013549,堀勝政,,11.9,微差,,1,0
033820261008,2026100838,3,4,6,011792,木下章,,11.9,1車身1/2,,0,0
033820261008,2026100838,3,5,1,014434,山崎功也,,11.9,3/4車身,,0,0
033820261008,2026100838,3,6,4,014432,相澤恵一,,11.9,1車身1/2,,0,0
033820261008,2026100838,3,7,5,014179,肥後公允,,12.4,8車身,,0,0
043820261008,2026100838,4,1,2,015967,田崎隼翔,捲,12.0,,,0,0
043820261008,2026100838,4,2,1,014392,北村篤,差,12.1,1/2車身,,1,0
043820261008,2026100838,4,3,7,012878,安藤宜明,,11.9,1/2車身,,0,0
043820261008,2026100838,4,4,6,014496,天沼雅貴,,11.9,3/4車輪,,0,0
043820261008,2026100838,4,5,3,014994,野口修平,,12.1,タイヤ,,0,0
043820261008,2026100838,4,6,5,015998,木曽田晃大,,12.3,1/2車輪,,0,1
043820261008,2026100838,4,7,4,013926,早坂道義,,12.3,2車身,,0,0
053820261008,2026100838,5,1,7,015986,鈴木那樹,逃,11.9,,,0,1
053820261008,2026100838,5,2,6,015355,磯村蓮太,差,11.6,1車身,,0,0
053820261008,2026100838,5,3,4,012885,田中智也,,11.9,1/4車輪,,1,0
053820261008,2026100838,5,4,1,014381,吉澤賢,,11.9,1車身,,0,0
053820261008,2026100838,5,5,2,012893,吉野猛,,11.7,1/2車輪,,0,0
053820261008,2026100838,5,6,5,013521,中野良,,11.6,1車身1/2,,0,0
053820261008,2026100838,5,7,3,015241,山田祐太,,11.9,1車身1/2,,0,0
063820261008,2026100838,6,1,4,014455,小野裕次,差,12.2,,,0,0
063820261008,2026100838,6,2,5,014400,志水祐彦,差,12.6,1車身1/2,,0,0
063820261008,2026100838,6,3,1,015101,松岡晋乃介,,12.9,3/4車身,,1,1
063820261008,2026100838,6,4,7,013183,坂木田雄介,,12.5,1/2車輪,,0,0
063820261008,2026100838,6,5,6,013175,峠祐介,,12.3,3/4車輪,,0,0
063820261008,2026100838,6,6,3,015247,小玉勇一,,12.7,2車身,,0,0
063820261008,2026100838,6,7,2,014456,亀井久幸,,13.1,7車身,,0,0
073820261008,2026100838,7,1,7,012417,須藤直道,差,12.1,,,0,0
073820261008,2026100838,7,2,5,013548,手島志誠,マ,12.0,3/4車輪,,0,0
073820261008,2026100838,7,3,3,015266,福田真平,,11.7,3/4車身,,1,0
073820261008,2026100838,7,4,4,012963,荻野哲,,11.9,1/2車身,,0,0
073820261008,2026100838,7,5,2,015885,五輪拓巳,,12.4,1/4車輪,,0,1
073820261008,2026100838,7,6,1,014459,根藤浩二,,12.0,1/2車輪,,0,0
073820261008,2026100838,7,7,6,014941,江端隆司,,12.0,1車身,,0,0
083820261008,2026100838,8,1,1,015088,神山尚,差,12.2,,,0,0
083820261008,2026100838,8,2,3,014224,矢島一弥,差,12.4,3/4車身,,0,0
083820261008,2026100838,8,3,4,012944,渡邊恭典,,12.2,3/4車輪,,0,0
083820261008,2026100838,8,4,5,013482,松崎貴久,,12.1,1車輪,,0,0
083820261008,2026100838,8,5,7,015796,川田真也,,12.7,1/2車身,,1,1
083820261008,2026100838,8,6,2,013723,高谷進太郎,,12.1,1/2車身,,0,0
083820261008,2026100838,8,7,6,015534,牛田樹希斗,,12.3,2車身,,0,0
093820261008,2026100838,9,1,5,012519,藤原誠,差,11.6,,,0,0
093820261008,2026100838,9,2,4,014796,保科千春,差,11.7,3/4車輪,,0,0
093820261008,2026100838,9,3,3,015462,溝口葵,,11.7,1/2車輪,,0,0
093820261008,2026100838,9,4,7,014597,上田隼,,11.5,1車身,,0,0
093820261008,2026100838,9,5,2,015704,坪内恒,,11.6,1/8車輪,,0,0
093820261008,2026100838,9,6,1,015327,阿部架惟都,,12.1,1車身1/2,,1,1
093820261008,2026100838,9,7,6,013775,鈴木良太,,11.7,1車身,,0,0
103820261008,2026100838,10,1,1,015913,一守大葵,捲,11.1,,,0,0
103820261008,2026100838,10,2,4,014477,白上翔,マ,11.1,3/4車身,,0,0
103820261008,2026100838,10,3,7,014390,愛敬博之,,11.1,3/4車身,,0,0
103820261008,2026100838,10,4,2,014439,山崎司,,12.1,7車身,,0,0
103820261008,2026100838,10,5,6,015892,山本和瑳,,11.9,1/4車輪,,1,0
103820261008,2026100838,10,6,5,015332,鈴木涼介,,12.2,1/2車身,,0,1
103820261008,2026100838,10,7,3,014078,植草亮介,,11.9,3/4車輪,,0,0
113820261008,2026100838,11,1,1,015442,仁藤秀,差,11.6,,,1,0
113820261008,2026100838,11,2,5,014826,菅原裕太,マ,11.5,1/8車輪,,0,0
113820261008,2026100838,11,3,4,013980,森田康嗣,,12.0,3車身,,0,1
113820261008,2026100838,11,4,2,014314,中川繁樹,,11.6,3/4車身,,0,0
113820261008,2026100838,11,5,6,013601,工藤政志,,11.5,1/4車輪,,0,0
113820261008,2026100838,11,6,7,014032,藤田真,,11.9,3車身,,0,0
113820261008,2026100838,11,7,3,013985,高橋陽介,,12.1,1車身1/2,,0,0
014820261008,2026100848,1,1,1,012721,梅山英樹,差,11.4,,,0,0
014820261008,2026100848,1,2,5,014533,加藤正法,差,11.7,1/8車輪,,0,0
014820261008,2026100848,1,3,4,015531,深瀬泰我,,11.6,1/2車身,,0,0
014820261008,2026100848,1,4,7,013932,井上雄三,,11.4,3/4車身,,0,0
014820261008,2026100848,1,5,2,015459,中村泰輔,,12.0,1/4車輪,,1,1
014820261008,2026100848,1,6,3,012042,山原利秀,,11.5,2車身,,0,0
014820261008,2026100848,1,7,6,015506,佐藤啓斗,,13.4,大差,,0,0
024820261008,2026100848,2,1,3,014532,柴田竜史,差,12.0,,,1,0
024820261008,2026100848,2,2,4,013385,鎌田聡,マ,11.9,1/2車身,,0,0
024820261008,2026100848,2,3,6,015045,大関祐也,,12.2,1/2車身,,0,1
024820261008,2026100848,2,4,5,013333,小西誠也,,12.1,1/2車身,,0,0
024820261008,2026100848,2,5,2,014328,藤田洋平,,12.0,3/4車身,,0,0
024820261008,2026100848,2,6,7,014782,山口幸太郎,,12.5,5車身,,0,0
024820261008,2026100848,2,7,1,015109,大利航平,,13.1,4車身,,0,0
034820261008,2026100848,3,1,1,015277,高井流星,捲,11.6,,,0,0
034820261008,2026100848,3,2,5,013439,青井賢治,マ,11.5,1/2車輪,,0,0
034820261008,2026100848,3,3,4,014475,高間悠平,,11.9,3車身,,1,0
034820261008,2026100848,3,4,6,014950,市村昌樹,,11.9,1車身,,0,0
034820261008,2026100848,3,5,7,014058,佐藤謙,,12.1,3車身,,0,0
034820261008,2026100848,3,6,2,015421,秋本耀太郎,,12.5,1車輪,,0,1
034820261008,2026100848,3,7,3,015187,鮫島康治,,13.2,大差,,0,0
044820261008,2026100848,4,1,2,015847,寺師幸成,逃,11.9,,,0,1
044820261008,2026100848,4,2,6,014625,藤野貴章,マ,11.9,3/4車身,,0,0
044820261008,2026100848,4,3,5,013435,中石昌芳,,11.7,1/2車身,,0,0
044820261008,2026100848,4,4,7,013493,立花成泰,,11.6,1/2車輪,,0,0
044820261008,2026100848,4,5,3,014036,篠原龍馬,,12.0,1車身1/2,,0,0
044820261008,2026100848,4,6,1,015783,吉田優斗,,11.8,1/2車輪,,1,0
044820261008,2026100848,4,7,4,014711,相澤政宏,,11.6,1車輪,,0,0
054820261008,2026100848,5,1,2,015603,小坂丈,逃,12.3,,,0,1
054820261008,2026100848,5,2,7,012421,小沼良,マ,12.3,1/2車身,,0,0
054820261008,2026100848,5,3,5,013270,中川貴史,,12.0,3/4車身,,0,0
054820261008,2026100848,5,4,3,014561,高橋義秋,,12.3,3/4車輪,,0,0
054820261008,2026100848,5,5,1,015445,内藤久文,,12.5,1/2車身,,0,0
054820261008,2026100848,5,6,6,014092,山出裕幸,,12.3,1/2車身,,0,0
054820261008,2026100848,5,0,4,015754,成海大聖,,0.0,,失格,0,0
064820261008,2026100848,6,1,2,014571,根本哲吏,差,11.5,,,0,0
064820261008,2026100848,6,2,5,015325,後藤悠,逃,11.8,3/4車輪,,0,1
064820261008,2026100848,6,3,6,013420,土屋裕二,,11.5,1/2車身,,0,0
064820261008,2026100848,6,4,3,014028,山口泰生,,11.6,2車身,,0,0
064820261008,2026100848,6,5,4,015113,酒井拳蔵,,11.5,1/2車身,,1,0
064820261008,2026100848,6,6,1,013204,佐野梅一,,11.4,1/2車身,,0,0
074820261008,2026100848,7,1,1,014729,高橋昇平,差,11.5,,,0,0
074820261008,2026100848,7,2,2,014325,蓮井祐輝,差,11.8,3/4車輪,,0,0
074820261008,2026100848,7,3,7,015572,田村大,,11.9,1/2車身,,0,1
074820261008,2026100848,7,4,3,013852,五十嵐力,,11.5,3/4車身,,0,0
074820261008,2026100848,7,5,4,015244,植原琢也,,11.8,1/4車輪,,1,0
074820261008,2026100848,7,6,5,015612,小榑佑弥,,11.5,1車身,,0,0
074820261008,2026100848,7,7,6,014026,高橋成英,,11.6,4車身,,0,0
084820261008,2026100848,8,1,3,015117,野崎将史,差,11.7,,,0,0
084820261008,2026100848,8,2,7,013798,木村直隆,差,11.6,2車身,,0,0
084820261008,2026100848,8,3,4,015050,堀内俊介,,12.1,1/4車輪,,0,1
084820261008,2026100848,8,4,6,014929,小酒大勇,,11.4,1車身1/2,,0,0
084820261008,2026100848,8,5,1,015124,山本拳也,,11.9,1車身,,1,0
084820261008,2026100848,8,0,2,014592,小島歩,,0.0,,落車,0,0
084820261008,2026100848,8,0,5,014723,石川裕二,,0.0,,落車,0,0
094820261008,2026100848,9,1,5,015326,照井拓成,差,11.4,,,0,0
094820261008,2026100848,9,2,2,014720,高橋広大,差,11.7,微差,,0,0
094820261008,2026100848,9,3,7,015517,橋本壮史,,11.9,3/4車輪,,0,1
094820261008,2026100848,9,4,3,014830,大洞翔平,,11.2,3/4車輪,,0,0
094820261008,2026100848,9,5,1,014212,山崎将幸,,11.3,1/4車輪,,1,0
094820261008,2026100848,9,6,4,012813,成清貴之,,11.7,3/4車輪,,0,0
094820261008,2026100848,9,7,6,013074,島田竜二,,11.7,6車身,,0,0
104820261008,2026100848,10,1,5,014930,杉森輝大,差,11.7,,,0,0
104820261008,2026100848,10,2,7,014767,藤井栄二,差,11.4,1/8車輪,,0,0
104820261008,2026100848,10,3,6,015036,尾形鉄馬,,11.7,1/2車身,,0,0
104820261008,2026100848,10,4,2,015440,長田龍拳,,11.9,1/2車輪,,0,1
104820261008,2026100848,10,5,1,014045,吉本卓仁,,11.5,3/4車身,,0,0
104820261008,2026100848,10,6,4,015385,立部楓真,,11.6,1/2車身,,0,0
104820261008,2026100848,10,7,3,015825,南部翔大,,11.8,1/2車輪,,1,0
114820261008,2026100848,11,1,7,015917,猿樂楓樹,逃,12.0,,,0,1
114820261008,2026100848,11,2,5,014188,原誠宏,マ,11.9,1/2車輪,,0,0
114820261008,2026100848,11,3,6,015458,貴志修己,,11.7,1/2車身,,0,0
114820261008,2026100848,11,4,4,014222,木暮安由,,11.8,1/8車輪,,0,0
114820261008,2026100848,11,5,2,015004,畑段嵐士,,11.6,3/4車輪,,0,0
114820261008,2026100848,11,6,1,015807,塩島嵩一朗,,11.9,1/2車輪,,1,0
114820261008,2026100848,11,7,3,012987,堤洋,,11.7,3/4車輪,,0,0
124820261008,2026100848,12,1,3,015744,橋本宇宙,捲,11.3,,,0,0
124820261008,2026100848,12,2,4,015518,吉田有希,逃,11.7,3車身,,0,1
124820261008,2026100848,12,3,1,014472,坂口晃輔,,11.6,1/2車身,,1,0
124820261008,2026100848,12,4,2,015837,小川三士郎,,11.4,1車輪,,0,0
124820261008,2026100848,12,5,6,013783,上田裕和,,11.6,1/8車輪,,0,0
124820261008,2026100848,12,6,5,014883,才迫開,,11.4,1/2車身,,0,0
124820261008,2026100848,12,7,7,014409,山本奨,,11.3,タイヤ,,0,0
017420261008,2026100874,1,1,7,012299,増成富夫,差,16.1,,,0,0
017420261008,2026100874,1,2,5,013887,沖本尚織,マ,16.1,1車身,,0,0
017420261008,2026100874,1,3,6,014777,竹村達也,,16.1,3/4車身,,1,0
017420261008,2026100874,1,4,3,014257,岡崎克政,,16.6,3/4車身,,0,1
017420261008,2026100874,1,5,2,011427,川口秀人,,16.2,3/4車身,,0,0
017420261008,2026100874,1,6,4,013023,吉田英二,,16.2,1車輪,,0,0
017420261008,2026100874,1,7,1,014868,小林寛弥,,17.1,8車身,,0,0
027420261008,2026100874,2,1,3,012883,大沼孝行,差,15.4,,,0,0
027420261008,2026100874,2,2,6,011328,川添輝彦,差,15.9,2車身,,0,0
027420261008,2026100874,2,3,1,013062,藤原義浩,,15.8,1/4車輪,,1,0
027420261008,2026100874,2,4,4,012982,上原直樹,,16.1,1/2車輪,,0,0
027420261008,2026100874,2,5,2,014272,松田直也,,16.2,1/2車身,,0,0
027420261008,2026100874,2,6,7,014880,野見泰要,,16.3,1/2車身,,0,1
027420261008,2026100874,2,7,5,014373,鈴木雄一朗,,16.3,2車身,,0,0
037420261008,2026100874,3,1,1,014430,橋本祐司,差,15.4,,,0,0
037420261008,2026100874,3,2,4,014503,真船拓磨,差,15.6,1/2車身,,0,0
037420261008,2026100874,3,3,3,014266,宮本龍一,,15.7,1車輪,,1,0
037420261008,2026100874,3,4,6,012509,岡嵜浩一,,15.4,3/4車輪,,0,0
037420261008,2026100874,3,5,5,014872,玉村元気,,15.9,1/2車輪,,0,1
037420261008,2026100874,3,6,7,015160,牧田賢也,,16.0,3/4車身,,0,0
037420261008,2026100874,3,7,2,013470,畠山裕行,,15.7,1車身,,0,0
047420261008,2026100874,4,1,2,015732,宮道良輔,逃,15.5,,,0,1
047420261008,2026100874,4,2,4,013029,藤田晃英,差,15.3,3/4車身,,0,0
047420261008,2026100874,4,3,3,014855,東隆之,,15.2,1/2車輪,,1,0
047420261008,2026100874,4,4,5,014447,三木翔太,,15.5,1/4車輪,,0,0
047420261008,2026100874,4,5,1,011341,黒崎直行,,15.5,1/2車身,,0,0
047420261008,2026100874,4,6,6,014416,矢田晋,,15.4,1/2車身,,0,0
047420261008,2026100874,4,7,7,011935,高嶋一朗,,17.3,大差,,0,0
057420261008,2026100874,5,1,7,015959,中野楚樂,捲,14.1,,,0,0
057420261008,2026100874,5,2,3,014578,大越啓介,マ,14.6,7車身,,0,0
057420261008,2026100874,5,3,1,014487,才迫勇馬,,15.1,3/4車身,,1,0
057420261008,2026100874,5,4,5,013063,赤松秀展,,15.2,2車身,,0,0
057420261008,2026100874,5,5,2,016014,森田瑞基,,15.4,1車身,,0,1
057420261008,2026100874,5,6,6,014463,久保将史,,14.7,1車輪,,0,0
057420261008,2026100874,5,7,4,012507,爲田学,,15.4,6車身,,0,0
067420261008,2026100874,6,1,3,016019,沢田桂太郎,捲,14.7,,,0,1
067420261008,2026100874,6,2,5,015964,柳沼鼓太朗,マ,14.6,1車輪,,0,0
067420261008,2026100874,6,3,2,015886,中川飛隆,,14.8,4車身,,0,0
067420261008,2026100874,6,4,6,011142,小林宏年,,14.8,1車身1/2,,0,0
067420261008,2026100874,6,5,4,014787,瀬口匠,,14.9,1車身1/2,,0,0
067420261008,2026100874,6,6,1,014739,里見恒平,,15.0,2車身,,1,0
067420261008,2026100874,6,7,7,014275,喜納隆志,,15.3,3/4車身,,0,0
077420261008,2026100874,7,1,3,012586,佐藤和典,差,14.6,,,0,0
077420261008,2026100874,7,2,5,016004,松本悠平,マ,14.6,1/4車輪,,0,0
077420261008,2026100874,7,3,2,015970,田沼龍弥,,14.8,1/2車身,,0,1
077420261008,2026100874,7,4,6,013061,小磯知也,,14.5,1/2車身,,0,0
077420261008,2026100874,7,5,4,013145,瓦田勝也,,14.4,1車輪,,0,0
077420261008,2026100874,7,6,7,015848,與古田龍門,,14.8,2車身,,0,0
077420261008,2026100874,7,7,1,014183,隅田幸助,,14.8,2車身,,1,0
013520261008,2026100835,1,1,1,015189,山本隼人,差,12.6,,,1,0
013520261008,2026100835,1,2,7,013041,三浦稔希,マ,12.5,3/4車輪,,0,0
013520261008,2026100835,1,3,3,015057,小林史也,,12.8,3/4車輪,,0,1
013520261008,2026100835,1,4,5,013560,小佐野文秀,,12.3,1/8車輪,,0,0
013520261008,2026100835,1,5,2,014992,楠野史尭,,12.7,3車身,,0,0
013520261008,2026100835,1,6,4,014713,鈴木裕斗,,12.8,3車身,,0,0
013520261008,2026100835,1,0,6,015382,竹元健竜,,0.0,,欠車,0,0
023520261008,2026100835,2,1,1,015833,野村賢,逃,12.6,,,0,1
023520261008,2026100835,2,2,6,013348,内藤敦,差,12.5,3/4車身,,0,0
023520261008,2026100835,2,3,4,014185,隅貴史,,12.6,1/2車輪,,0,0
023520261008,2026100835,2,4,5,015635,藤岡徹也,,12.4,1車身,,0,0
023520261008,2026100835,2,5,2,015785,福田健太,,12.7,1/2車輪,,1,0
023520261008,2026100835,2,6,3,013426,本村隆文,,13.0,8車身,,0,0
023520261008,2026100835,2,0,7,014354,大島将人,,0.0,,落車,0,0
033520261008,2026100835,3,1,1,014460,矢口大樹,捲,11.7,,,1,0
033520261008,2026100835,3,2,7,015214,境啓亨,差,12.0,2車身,,0,0
033520261008,2026100835,3,3,3,015932,生野優翔,,12.2,3/4車輪,,0,1
033520261008,2026100835,3,4,4,014513,樋口絢土,,12.0,1/2車身,,0,0
033520261008,2026100835,3,5,5,012882,鈴木愼二,,11.8,1/4車輪,,0,0
033520261008,2026100835,3,6,2,012130,石田洋秀,,11.8,1車身1/2,,0,0
033520261008,2026100835,3,7,6,014615,藤原亮太,,15.1,大差,,0,0
043520261008,2026100835,4,1,4,015893,岩辺陸,逃,11.8,,,0,1
043520261008,2026100835,4,2,7,014669,植木和広,マ,11.7,3/4車身,,0,0
043520261008,2026100835,4,3,5,014332,芳野匠,,11.7,1/8車輪,,0,0
043520261008,2026100835,4,4,1,013006,佐々木健司,,11.7,1車輪,,1,0
043520261008,2026100835,4,5,3,014630,利根正明,,12.0,3/4車身,,0,0
043520261008,2026100835,4,6,6,015180,下岡将也,,11.7,3/4車身,,0,0
043520261008,2026100835,4,7,2,014037,橋本勝弘,,11.8,1/2車輪,,0,0
053520261008,2026100835,5,1,1,015790,藤田祐大,逃,11.8,,,1,1
053520261008,2026100835,5,2,7,013242,尾崎剛,差,11.6,1/4車輪,,0,0
053520261008,2026100835,5,3,4,014728,三好恵一郎,,11.7,1/2車輪,,0,0
053520261008,2026100835,5,4,2,015288,薦田将伍,,11.6,1車身,,0,0
053520261008,2026100835,5,5,5,015817,梅澤忠秀,,11.9,3/4車身,,0,0
053520261008,2026100835,5,6,6,014084,小菅誠,,11.6,1/8車輪,,0,0
053520261008,2026100835,5,7,3,015005,野口正則,,11.9,1車身1/2,,0,0
063520261008,2026100835,6,1,7,015756,熊谷芽緯,捲,12.2,,,0,0
063520261008,2026100835,6,2,6,014900,小林莉子,マ,12.2,3/4車身,,0,0
063520261008,2026100835,6,3,1,015865,豊田美香,,12.2,3/4車身,,0,0
063520261008,2026100835,6,4,2,015853,中島瞳,,12.7,1車身1/2,,0,1
063520261008,2026100835,6,5,5,015942,齊藤由莉,,12.9,4車身,,0,0
063520261008,2026100835,6,6,3,015146,齊藤由紀,,12.7,3車身,,0,0
063520261008,2026100835,6,7,4,015314,向井円,,12.8,1/2車輪,,1,0
073520261008,2026100835,7,1,7,015225,坂口楓華,捲,12.0,,,0,1
073520261008,2026100835,7,2,2,015858,平子結菜,マ,12.0,3/4車身,,0,0
073520261008,2026100835,7,3,3,015495,下条未悠,,12.3,2車身,,0,0
073520261008,2026100835,7,4,4,014966,田中まい,,12.2,1/2車身,,0,0
073520261008,2026100835,7,5,5,015759,星野しほ,,12.1,1車身1/2,,0,0
073520261008,2026100835,7,6,6,015593,中村鈴花,,12.1,1/2車身,,0,0
073520261008,2026100835,7,7,1,015851,片岡美奈,,12.3,1車身,,0,0
083520261008,2026100835,8,1,1,015477,兼本将太,捲,11.4,,,0,0
083520261008,2026100835,8,2,7,015570,松本憲斗,マ,11.2,1/2車輪,,0,0
083520261008,2026100835,8,3,5,013514,山口貴嗣,,11.2,1車身1/2,,0,0
083520261008,2026100835,8,4,6,013604,庄子信弘,,11.5,2車身,,0,0
083520261008,2026100835,8,5,2,015784,高橋舜,,11.8,3/4車身,,1,1
083520261008,2026100835,8,6,3,013685,岡田征陽,,12.0,6車身,,0,0
083520261008,2026100835,8,0,4,015252,河合佑弥,,0.0,,落車,0,0
093520261008,2026100835,9,1,5,015363,田中大我,逃,11.6,,,0,1
093520261008,2026100835,9,2,4,015173,格清洋介,捲,11.2,1/2車輪,,0,0
093520261008,2026100835,9,3,2,013790,稲垣裕之,,11.4,1/2車輪,,0,0
093520261008,2026100835,9,4,3,014292,丸山直樹,,11.3,1車身,,0,0
093520261008,2026100835,9,5,7,014945,中井俊亮,,11.7,1/2車身,,0,0
093520261008,2026100835,9,6,1,013855,近藤俊明,,11.3,1/8車輪,,1,0
093520261008,2026100835,9,7,6,014982,坂本周作,,11.6,2車身,,0,0
103520261008,2026100835,10,1,2,013118,山内卓也,差,11.9,,,0,0
103520261008,2026100835,10,1,5,013442,濱田浩司,差,11.5,,,0,0
103520261008,2026100835,10,3,1,015555,林昌幸,,11.7,微差,,0,0
103520261008,2026100835,10,4,4,015540,徳田匠,,12.0,1/2車輪,,0,1
103520261008,2026100835,10,5,7,014879,月森亮輔,,11.4,3/4車輪,,1,0
103520261008,2026100835,10,6,3,015168,染谷幸喜,,11.8,3/4車身,,0,0
103520261008,2026100835,10,7,6,015046,山本紳貴,,11.9,2車身,,0,0
113520261008,2026100835,11,1,4,015814,岩井芯,捲,10.9,,,0,1
113520261008,2026100835,11,2,1,014246,森川大輔,マ,10.9,3/4車身,,1,0
113520261008,2026100835,11,3,5,014582,平原啓多,,11.4,6車身,,0,0
113520261008,2026100835,11,4,7,014259,戸田洋平,,11.2,1車身1/2,,0,0
113520261008,2026100835,11,5,2,015694,浮島知稀,,11.7,1/4車輪,,0,0
113520261008,2026100835,11,6,6,013803,三ツ石康洋,,11.2,1車身1/2,,0,0
113520261008,2026100835,11,7,3,015276,佐伯亮輔,,11.9,4車身,,0,0
123520261008,2026100835,12,1,7,015436,青野将大,逃,11.6,,,0,1
123520261008,2026100835,12,2,2,014190,木村隆弘,マ,11.6,3/4車身,,0,0
123520261008,2026100835,12,3,3,015337,佐藤礼文,,11.5,2車身,,1,0
123520261008,2026100835,12,4,5,015282,宮本隼輔,,11.5,1車身1/2,,0,0
123520261008,2026100835,12,5,6,012834,松田治之,,11.5,1車身,,0,0
123520261008,2026100835,12,6,4,015093,末木浩二,,11.8,1/2車輪,,0,0
123520261008,2026100835,12,0,1,015328,星野洋輝,,0.0,,欠車,0,0
013820261009,2026100938,1,1,2,015241,山田祐太,逃,12.2,,,0,1
013820261009,2026100938,1,2,4,013998,桂馬将人,マ,12.2,3/4車身,,0,0
013820261009,2026100938,1,3,1,014179,肥後公允,,12.1,3/4車身,,1,0
013820261009,2026100938,1,4,5,014483,竜門孝宗,,11.9,1/2車身,,0,0
013820261009,2026100938,1,5,7,012529,木本賢二,,12.1,3/4車身,,0,0
013820261009,2026100938,1,6,6,012277,井上典善,,12.6,9車身,,0,0
013820261009,2026100938,1,7,3,011990,茂木和臣,,0.0,大差,,0,0
023820261009,2026100938,2,1,1,014866,櫻井利之,逃,12.7,,,0,1
023820261009,2026100938,2,2,4,013261,柴田昌樹,差,12.4,1車身,,0,0
023820261009,2026100938,2,3,6,015905,上野幸星,,12.6,1車身,,0,0
023820261009,2026100938,2,4,2,014810,小川辰徳,,12.2,1/8車輪,,0,0
023820261009,2026100938,2,5,7,013926,早坂道義,,12.1,1/2車身,,0,0
023820261009,2026100938,2,6,3,013728,伊狩知人,,12.4,微差,,1,0
023820261009,2026100938,2,7,5,012092,高木隆弘,,12.3,3/4車身,,0,0
033820261009,2026100938,3,1,5,014276,坂本敏也,逃,12.2,,,0,1
033820261009,2026100938,3,2,2,013521,中野良,マ,12.1,1/2車身,,0,0
033820261009,2026100938,3,3,7,014434,山崎功也,,12.1,3/4車身,,1,0
033820261009,2026100938,3,4,1,014496,天沼雅貴,,12.1,1/8車輪,,0,0
033820261009,2026100938,3,5,3,012878,安藤宜明,,11.9,1/2車身,,0,0
033820261009,2026100938,3,6,6,011792,木下章,,12.1,1車身,,0,0
033820261009,2026100938,3,7,4,014381,吉澤賢,,11.9,1/2車身,,0,0
043820261009,2026100938,4,1,2,015998,木曽田晃大,逃,12.6,,,0,1
043820261009,2026100938,4,2,4,013049,南大輔,マ,12.5,3/4車輪,,0,0
043820261009,2026100938,4,3,5,013421,富澤洋祐,,12.5,1/2車身,,0,0
043820261009,2026100938,4,4,6,012885,田中智也,,12.5,2車身,,1,0
043820261009,2026100938,4,5,7,012893,吉野猛,,12.4,3/4車身,,0,0
043820261009,2026100938,4,6,3,014432,相澤恵一,,12.4,1車身,,0,0
043820261009,2026100938,4,7,1,014994,野口修平,,12.4,3/4車身,,0,0
053820261009,2026100938,5,1,4,015247,小玉勇一,差,12.9,,,0,0
053820261009,2026100938,5,2,1,013183,坂木田雄介,捲,12.7,1/2車身,,0,0
053820261009,2026100938,5,3,5,014456,亀井久幸,,12.6,1/2車身,,0,0
053820261009,2026100938,5,4,7,012944,渡邊恭典,,12.8,1/2車輪,,0,0
053820261009,2026100938,5,5,3,015796,川田真也,,13.2,1/2車身,,1,1
053820261009,2026100938,5,6,2,013482,松崎貴久,,12.8,1/2車身,,0,0
053820261009,2026100938,5,7,6,014941,江端隆司,,13.1,1/8車輪,,0,0
063820261009,2026100938,6,1,4,014459,根藤浩二,捲,11.7,,,0,1
063820261009,2026100938,6,2,5,013723,高谷進太郎,差,11.6,1車身1/2,,0,0
063820261009,2026100938,6,3,3,015885,五輪拓巳,,11.5,1/2車身,,0,0
063820261009,2026100938,6,4,2,012963,荻野哲,,11.8,1/2車輪,,0,0
063820261009,2026100938,6,5,7,015266,福田真平,,12.0,1車身,,0,0
063820261009,2026100938,6,6,6,013175,峠祐介,,12.1,7車身,,0,0
063820261009,2026100938,6,7,1,015534,牛田樹希斗,,13.5,8車身,,1,0
073820261009,2026100938,7,1,7,013980,森田康嗣,差,12.0,,,1,0
073820261009,2026100938,7,2,2,013601,工藤政志,マ,11.9,1車輪,,0,0
073820261009,2026100938,7,3,4,013548,手島志誠,,11.9,3/4車身,,0,0
073820261009,2026100938,7,4,5,015462,溝口葵,,12.3,1/2車輪,,0,0
073820261009,2026100938,7,5,1,013775,鈴木良太,,12.8,6車身,,0,0
073820261009,2026100938,7,6,6,015892,山本和瑳,,13.3,4車身,,0,1
073820261009,2026100938,7,7,3,014032,藤田真,,13.5,大差,,0,0
083820261009,2026100938,8,1,2,014455,小野裕次,差,11.6,,,1,0
083820261009,2026100938,8,2,5,015704,坪内恒,逃,11.8,1/2車身,,0,1
083820261009,2026100938,8,3,7,014078,植草亮介,,11.6,1/4車輪,,0,0
083820261009,2026100938,8,4,4,015327,阿部架惟都,,11.6,1車身,,0,0
083820261009,2026100938,8,5,6,015101,松岡晋乃介,,11.7,1車身1/2,,0,0
083820261009,2026100938,8,6,3,014439,山崎司,,11.5,1/8車輪,,0,0
083820261009,2026100938,8,7,1,014597,上田隼,,11.6,2車身,,0,0
093820261009,2026100938,9,1,5,014314,中川繁樹,差,11.7,,,0,0
093820261009,2026100938,9,2,4,013985,高橋陽介,差,11.9,3/4車輪,,0,0
093820261009,2026100938,9,3,2,015332,鈴木涼介,,12.1,3/4車輪,,1,1
093820261009,2026100938,9,4,3,014400,志水祐彦,,11.7,3/4車輪,,0,0
093820261009,2026100938,9,5,6,015088,神山尚,,11.6,1/2車身,,0,0
093820261009,2026100938,9,6,1,012417,須藤直道,,11.6,1車身,,0,0
093820261009,2026100938,9,7,7,014224,矢島一弥,,11.7,2車身,,0,0
103820261009,2026100938,10,1,7,015997,片岡遼真,捲,11.3,,,0,0
103820261009,2026100938,10,2,6,015355,磯村蓮太,マ,11.2,2車身,,0,0
103820261009,2026100938,10,3,1,015986,鈴木那樹,,11.7,1/2車身,,0,0
103820261009,2026100938,10,4,3,013549,堀勝政,,11.7,1車身,,1,0
103820261009,2026100938,10,5,2,014392,北村篤,,11.3,1/4車輪,,0,0
103820261009,2026100938,10,6,5,015698,佐藤譲士郎,,12.1,4車身,,0,0
103820261009,2026100938,10,7,4,015967,田崎隼翔,,12.8,6車身,,0,1
113820261009,2026100938,11,1,4,015442,仁藤秀,差,11.9,,,0,0
113820261009,2026100938,11,2,1,014826,菅原裕太,マ,11.8,3/4車輪,,1,0
113820261009,2026100938,11,3,5,015913,一守大葵,,12.2,1/2車身,,0,1
113820261009,2026100938,11,4,3,014796,保科千春,,11.8,3/4車身,,0,0
113820261009,2026100938,11,5,7,012519,藤原誠,,11.7,3車身,,0,0
113820261009,2026100938,11,6,2,014477,白上翔,,11.9,1車輪,,0,0
113820261009,2026100938,11,7,6,014390,愛敬博之,,11.8,1/4車輪,,0,0
014820261009,2026100948,1,1,3,013932,井上雄三,差,12.0,,,0,0
014820261009,2026100948,1,2,4,013333,小西誠也,差,11.8,3/4車輪,,0,0
014820261009,2026100948,1,3,1,015360,勝谷勝治,,11.9,1/2車輪,,0,0
014820261009,2026100948,1,4,5,015045,大関祐也,,12.2,1/2車輪,,1,1
014820261009,2026100948,1,5,7,014533,加藤正法,,11.8,1車身,,0,0
014820261009,2026100948,1,6,2,015109,大利航平,,12.2,1車身1/2,,0,0
014820261009,2026100948,1,7,6,015459,中村泰輔,,12.9,6車身,,0,0
024820261009,2026100948,2,1,2,013345,中村美千隆,捲,11.9,,,0,0
024820261009,2026100948,2,2,1,014782,山口幸太郎,差,11.9,1/2車輪,,1,0
024820261009,2026100948,2,3,7,014328,藤田洋平,,11.7,1/4車輪,,0,0
024820261009,2026100948,2,4,6,015506,佐藤啓斗,,11.9,1/2車身,,0,0
024820261009,2026100948,2,5,3,015531,深瀬泰我,,12.1,1/2車輪,,0,1
024820261009,2026100948,2,6,4,012042,山原利秀,,11.7,3/4車身,,0,0
024820261009,2026100948,2,7,5,015187,鮫島康治,,12.4,3車身,,0,0
034820261009,2026100948,3,1,3,014950,市村昌樹,捲,11.6,,,0,0
034820261009,2026100948,3,2,2,014036,篠原龍馬,逃,11.7,3/4車輪,,0,1
034820261009,2026100948,3,3,7,013435,中石昌芳,,11.6,1車輪,,0,0
034820261009,2026100948,3,4,5,012721,梅山英樹,,11.4,1/4車輪,,0,0
034820261009,2026100948,3,5,1,015421,秋本耀太郎,,11.6,3/4車輪,,0,0
034820261009,2026100948,3,6,4,014532,柴田竜史,,11.4,2車身,,1,0
034820261009,2026100948,3,7,6,014092,山出裕幸,,11.7,1/2車身,,0,0
044820261009,2026100948,4,1,3,015783,吉田優斗,逃,11.9,,,0,1
044820261009,2026100948,4,2,6,013385,鎌田聡,マ,11.8,1/2車輪,,1,0
044820261009,2026100948,4,3,5,014058,佐藤謙,,11.7,1車輪,,0,0
044820261009,2026100948,4,4,7,015445,内藤久文,,11.5,1/4車輪,,0,0
044820261009,2026100948,4,5,2,014561,高橋義秋,,11.4,3/4車輪,,0,0
044820261009,2026100948,4,6,4,013493,立花成泰,,11.6,1車輪,,0,0
044820261009,2026100948,4,7,1,013270,中川貴史,,11.7,6車身,,0,0
054820261009,2026100948,5,1,2,015517,橋本壮史,捲,11.6,,,0,1
054820261009,2026100948,5,2,1,014830,大洞翔平,逃,11.6,1/2車身,,1,0
054820261009,2026100948,5,3,6,014028,山口泰生,,11.5,1/2車身,,0,0
054820261009,2026100948,5,4,5,013204,佐野梅一,,11.5,1車身1/2,,0,0
054820261009,2026100948,5,5,3,013074,島田竜二,,11.5,1/2車身,,0,0
054820261009,2026100948,5,6,4,014723,石川裕二,,11.9,5車身,,0,0
064820261009,2026100948,6,1,4,015124,山本拳也,捲,11.7,,,0,0
064820261009,2026100948,6,2,7,015244,植原琢也,逃,12.2,1車身1/2,,0,1
064820261009,2026100948,6,3,5,015113,酒井拳蔵,,12.0,3/4車輪,,0,0
064820261009,2026100948,6,4,2,014313,小谷実,,12.1,3車身,,1,0
064820261009,2026100948,6,5,6,014026,高橋成英,,12.5,5車身,,0,0
064820261009,2026100948,6,0,1,013420,土屋裕二,,0.0,,落車,0,0
064820261009,2026100948,6,0,3,012813,成清貴之,,0.0,,失格,0,0
074820261009,2026100948,7,1,7,014212,山崎将幸,差,11.7,,,0,0
074820261009,2026100948,7,2,1,015325,後藤悠,逃,11.9,1車輪,,1,1
074820261009,2026100948,7,3,6,013852,五十嵐力,,11.7,3/4車身,,0,0
074820261009,2026100948,7,4,2,014929,小酒大勇,,11.6,1/2車輪,,0,0
074820261009,2026100948,7,5,5,014325,蓮井祐輝,,11.6,3/4車身,,0,0
074820261009,2026100948,7,6,4,015612,小榑佑弥,,11.8,1車身,,0,0
074820261009,2026100948,7,7,3,015572,田村大,,13.4,大差,,0,0
084820261009,2026100948,8,1,6,014571,根本哲吏,差,11.4,,,0,0
084820261009,2026100948,8,2,3,015050,堀内俊介,差,11.6,1/2車輪,,0,0
084820261009,2026100948,8,3,1,015458,貴志修己,,11.8,1/2車身,,0,1
084820261009,2026100948,8,4,5,015036,尾形鉄馬,,11.4,1/4車輪,,1,0
084820261009,2026100948,8,5,2,012987,堤洋,,11.3,3/4車輪,,0,0
084820261009,2026100948,8,6,7,015837,小川三士郎,,11.5,1車身,,0,0
084820261009,2026100948,8,7,4,013783,上田裕和,,12.0,4車身,,0,0
094820261009,2026100948,9,1,4,015807,塩島嵩一朗,捲,11.0,,,0,0
094820261009,2026100948,9,2,6,014729,高橋昇平,マ,11.0,1車輪,,0,0
094820261009,2026100948,9,3,1,015326,照井拓成,,11.2,3車身,,0,0
094820261009,2026100948,9,4,3,015004,畑段嵐士,,11.4,1/8車輪,,0,0
094820261009,2026100948,9,5,2,014045,吉本卓仁,,11.2,2車身,,0,0
094820261009,2026100948,9,6,7,014883,才迫開,,11.3,1/4車輪,,0,0
094820261009,2026100948,9,7,5,015825,南部翔大,,12.0,3車身,,1,1
104820261009,2026100948,10,1,5,015440,長田龍拳,逃,11.3,,,0,1
104820261009,2026100948,10,2,3,014222,木暮安由,マ,11.3,1車輪,,0,0
104820261009,2026100948,10,3,4,014409,山本奨,,11.1,3/4車輪,,0,0
104820261009,2026100948,10,4,6,015117,野崎将史,,11.1,1車身,,0,0
104820261009,2026100948,10,5,7,014720,高橋広大,,11.2,1車身,,0,0
104820261009,2026100948,10,6,1,015385,立部楓真,,11.5,3/4車身,,1,0
104820261009,2026100948,10,7,2,013798,木村直隆,,11.2,1/2車輪,,0,0
114820261009,2026100948,11,1,7,015277,高井流星,捲,11.7,,,0,0
114820261009,2026100948,11,2,3,014475,高間悠平,マ,11.5,3/4車輪,,0,0
114820261009,2026100948,11,3,1,015603,小坂丈,,11.8,4車身,,0,0
114820261009,2026100948,11,4,4,015847,寺師幸成,,12.2,1/2車身,,1,1
114820261009,2026100948,11,5,5,012421,小沼良,,11.8,1/4車輪,,0,0
114820261009,2026100948,11,6,6,014625,藤野貴章,,12.1,1/4車輪,,0,0
114820261009,2026100948,11,7,2,013439,青井賢治,,12.0,3車身,,0,0
124820261009,2026100948,12,1,1,015518,吉田有希,差,11.9,,,0,0
124820261009,2026100948,12,2,5,014767,藤井栄二,差,11.7,1/2車輪,,1,0
124820261009,2026100948,12,3,4,014472,坂口晃輔,,11.9,1/2車輪,,0,0
124820261009,2026100948,12,4,3,014930,杉森輝大,,11.7,1車身,,0,0
124820261009,2026100948,12,5,7,014188,原誠宏,,12.3,3/4車輪,,0,0
124820261009,2026100948,12,6,6,015744,橋本宇宙,,11.9,3/4車輪,,0,0
124820261009,2026100948,12,7,2,015917,猿樂楓樹,,12.5,1車身,,0,1
017420261009,2026100974,1,1,4,011935,高嶋一朗,差,15.3,,,0,0
017420261009,2026100974,1,2,1,014880,野見泰要,逃,15.5,1/4車輪,,0,1
017420261009,2026100974,1,3,7,011341,黒崎直行,,15.2,1車身,,0,0
017420261009,2026100974,1,4,6,014777,竹村達也,,15.4,1車輪,,1,0
017420261009,2026100974,1,5,2,013062,藤原義浩,,15.3,1/8車輪,,0,0
017420261009,2026100974,1,6,5,013470,畠山裕行,,15.0,3/4車輪,,0,0
017420261009,2026100974,1,7,3,015160,牧田賢也,,16.0,6車身,,0,0
027420261009,2026100974,2,1,1,014855,東隆之,差,15.0,,,0,0
027420261009,2026100974,2,2,6,014416,矢田晋,捲,15.7,1/2車身,,1,1
027420261009,2026100974,2,3,7,014447,三木翔太,,15.3,6車身,,0,0
027420261009,2026100974,2,4,5,013023,吉田英二,,15.2,1/2車身,,0,0
027420261009,2026100974,2,5,2,012982,上原直樹,,15.3,1車身1/2,,0,0
027420261009,2026100974,2,6,3,014868,小林寛弥,,15.7,1車輪,,0,0
027420261009,2026100974,2,7,4,014872,玉村元気,,15.5,1/4車輪,,0,0
037420261009,2026100974,3,1,7,014257,岡崎克政,捲,15.5,,,0,1
037420261009,2026100974,3,2,2,013887,沖本尚織,マ,15.5,1/2車身,,0,0
037420261009,2026100974,3,3,5,011427,川口秀人,,15.5,3/4車身,,0,0
037420261009,2026100974,3,4,1,012509,岡嵜浩一,,15.3,1/2車身,,1,0
037420261009,2026100974,3,5,6,011328,川添輝彦,,15.2,1車身1/2,,0,0
037420261009,2026100974,3,6,3,014272,松田直也,,15.5,2車身,,0,0
037420261009,2026100974,3,7,4,014373,鈴木雄一朗,,17.9,大差,,0,0
047420261009,2026100974,4,1,1,015732,宮道良輔,差,15.2,,,1,0
047420261009,2026100974,4,2,4,013063,赤松秀展,マ,15.1,3/4車身,,0,0
047420261009,2026100974,4,3,3,014275,喜納隆志,,15.1,1車輪,,0,0
047420261009,2026100974,4,4,2,014503,真船拓磨,,15.0,1車身1/2,,0,0
047420261009,2026100974,4,5,7,015886,中川飛隆,,15.7,3/4車輪,,0,1
047420261009,2026100974,4,6,6,014463,久保将史,,15.0,2車身,,0,0
047420261009,2026100974,4,7,5,014430,橋本祐司,,17.3,大差,,0,0
057420261009,2026100974,5,1,4,015848,與古田龍門,逃,15.3,,,0,1
057420261009,2026100974,5,2,7,014266,宮本龍一,マ,15.2,3/4車輪,,1,0
057420261009,2026100974,5,3,2,013145,瓦田勝也,,15.2,3/4車身,,0,0
057420261009,2026100974,5,4,1,015970,田沼龍弥,,15.0,3/4車輪,,0,0
057420261009,2026100974,5,5,3,013061,小磯知也,,14.9,タイヤ,,0,0
057420261009,2026100974,5,6,5,014739,里見恒平,,14.9,1車輪,,0,0
057420261009,2026100974,5,7,6,011142,小林宏年,,18.9,大差,,0,0
067420261009,2026100974,6,1,1,014787,瀬口匠,差,15.3,,,1,0
067420261009,2026100974,6,2,4,016014,森田瑞基,逃,15.4,1/2車輪,,0,1
067420261009,2026100974,6,3,6,012299,増成富夫,,15.1,1車身,,0,0
067420261009,2026100974,6,4,7,012507,爲田学,,15.4,1/2車身,,0,0
067420261009,2026100974,6,5,3,013029,藤田晃英,,14.8,3/4車輪,,0,0
067420261009,2026100974,6,6,2,014183,隅田幸助,,15.1,1/4車輪,,0,0
067420261009,2026100974,6,7,5,012883,大沼孝行,,15.5,6車身,,0,0
077420261009,2026100974,7,1,5,015959,中野楚樂,差,13.5,,,0,0
077420261009,2026100974,7,2,2,016019,沢田桂太郎,捲,13.7,3/4車身,,0,0
077420261009,2026100974,7,3,3,015964,柳沼鼓太朗,,13.4,1/8車輪,,0,0
077420261009,2026100974,7,4,7,014487,才迫勇馬,,14.1,4車身,,0,0
077420261009,2026100974,7,5,1,016004,松本悠平,,14.4,1車身,,1,1
077420261009,2026100974,7,6,4,012586,佐藤和典,,14.0,3車身,,0,0
077420261009,2026100974,7,7,6,014578,大越啓介,,14.2,3車身,,0,0
013520261009,2026100935,1,1,2,014615,藤原亮太,差,11.9,,,0,0
013520261009,2026100935,1,2,3,013006,佐々木健司,差,12.0,1/2車輪,,0,0
013520261009,2026100935,1,3,5,014037,橋本勝弘,,11.8,1/2車身,,0,0
013520261009,2026100935,1,4,1,015785,福田健太,,12.2,3/4車輪,,1,1
013520261009,2026100935,1,5,4,012882,鈴木愼二,,11.9,5車身,,0,0
013520261009,2026100935,1,6,6,014742,河野淳吾,,12.3,2車身,,0,0
023520261009,2026100935,2,1,4,013426,本村隆文,差,11.8,,,0,0
023520261009,2026100935,2,2,7,014630,利根正明,逃,11.9,1/2車輪,,0,1
023520261009,2026100935,2,3,2,013857,浅沼聖士,,11.7,1/2車身,,1,0
023520261009,2026100935,2,4,3,014513,樋口絢土,,11.7,3/4車身,,0,0
023520261009,2026100935,2,5,1,015180,下岡将也,,11.6,2車身,,0,0
023520261009,2026100935,2,6,6,014713,鈴木裕斗,,11.8,3/4車輪,,0,0
023520261009,2026100935,2,7,5,014992,楠野史尭,,12.9,9車身,,0,0
033520261009,2026100935,3,1,4,015005,野口正則,差,12.3,,,0,0
033520261009,2026100935,3,2,7,014084,小菅誠,差,12.2,3/4車身,,0,0
033520261009,2026100935,3,3,3,015288,薦田将伍,,12.0,1/4車輪,,0,0
033520261009,2026100935,3,4,1,015893,岩辺陸,,12.3,1車輪,,1,0
033520261009,2026100935,3,5,2,015057,小林史也,,12.7,3/4車身,,0,1
033520261009,2026100935,3,6,5,014185,隅貴史,,12.0,1/2車輪,,0,0
033520261009,2026100935,3,7,6,013348,内藤敦,,12.2,2車身,,0,0
043520261009,2026100935,4,1,3,015817,梅澤忠秀,捲,11.9,,,0,1
043520261009,2026100935,4,2,6,015635,藤岡徹也,マ,11.8,3/4車輪,,0,0
043520261009,2026100935,4,3,4,015189,山本隼人,,12.6,8車身,,1,0
043520261009,2026100935,4,4,5,014728,三好恵一郎,,13.0,4車身,,0,0
043520261009,2026100935,4,5,7,015833,野村賢,,13.8,7車身,,0,0
043520261009,2026100935,4,6,2,014332,芳野匠,,13.4,1車身1/2,,0,0
043520261009,2026100935,4,0,1,013560,小佐野文秀,,0.0,,落車,0,0
053520261009,2026100935,5,1,7,015790,藤田祐大,逃,11.9,,,0,1
053520261009,2026100935,5,2,3,013242,尾崎剛,マ,11.8,1/2車輪,,0,0
053520261009,2026100935,5,3,5,013041,三浦稔希,,11.8,3/4車身,,0,0
053520261009,2026100935,5,4,6,015214,境啓亨,,11.7,1車輪,,0,0
053520261009,2026100935,5,5,4,014669,植木和広,,11.6,1車輪,,0,0
053520261009,2026100935,5,6,2,014460,矢口大樹,,11.9,2車身,,0,0
053520261009,2026100935,5,7,1,015932,生野優翔,,12.3,5車身,,1,0
063520261009,2026100935,6,1,1,015756,熊谷芽緯,捲,12.5,,,0,0
063520261009,2026100935,6,2,4,014900,小林莉子,捲,12.7,3/4車身,,0,0
063520261009,2026100935,6,3,2,015495,下条未悠,,12.6,1/4車輪,,0,0
063520261009,2026100935,6,4,3,015759,星野しほ,,12.7,1/2車身,,0,0
063520261009,2026100935,6,5,6,014966,田中まい,,12.9,3/4車身,,0,1
063520261009,2026100935,6,6,5,015314,向井円,,12.6,1/2車輪,,0,0
063520261009,2026100935,6,7,7,015146,齊藤由紀,,12.6,3/4車身,,0,0
073520261009,2026100935,7,1,4,015225,坂口楓華,捲,12.4,,,0,1
073520261009,2026100935,7,2,7,015858,平子結菜,捲,12.8,8車身,,0,0
073520261009,2026100935,7,3,1,015942,齊藤由莉,,13.0,3/4車輪,,0,0
073520261009,2026100935,7,4,3,015853,中島瞳,,12.9,1車輪,,0,0
073520261009,2026100935,7,5,5,015865,豊田美香,,13.1,3/4車身,,0,0
073520261009,2026100935,7,6,6,015851,片岡美奈,,13.0,3/4車輪,,0,0
073520261009,2026100935,7,7,2,015593,中村鈴花,,13.0,1/2車輪,,1,0
083520261009,2026100935,8,1,6,014982,坂本周作,差,11.9,,,0,0
083520261009,2026100935,8,2,2,015046,山本紳貴,差,11.6,1/2車身,,0,0
083520261009,2026100935,8,3,3,015784,高橋舜,,12.2,3/4車身,,0,1
083520261009,2026100935,8,4,5,015168,染谷幸喜,,11.8,1/4車輪,,0,0
083520261009,2026100935,8,5,4,013803,三ツ石康洋,,11.4,1/2車身,,0,0
083520261009,2026100935,8,6,7,014710,花田将司,,11.7,1/4車輪,,0,0
083520261009,2026100935,8,7,1,014945,中井俊亮,,11.7,1車身1/2,,1,0
093520261009,2026100935,9,1,3,014879,月森亮輔,捲,11.6,,,1,0
093520261009,2026100935,9,2,5,015169,野口裕史,逃,12.2,3/4車身,,0,1
093520261009,2026100935,9,3,1,013685,岡田征陽,,12.0,1/2車身,,0,0
093520261009,2026100935,9,4,2,013855,近藤俊明,,12.1,1/2車輪,,0,0
093520261009,2026100935,9,5,4,014292,丸山直樹,,11.9,1/2車身,,0,0
093520261009,2026100935,9,6,7,015276,佐伯亮輔,,12.2,1車身1/2,,0,0
093520261009,2026100935,9,7,6,015694,浮島知稀,,13.5,大差,,0,0
103520261009,2026100935,10,1,7,015363,田中大我,捲,11.6,,,1,0
103520261009,2026100935,10,2,5,013118,山内卓也,差,11.6,2車身,,0,0
103520261009,2026100935,10,3,4,014190,木村隆弘,,11.8,1/4車輪,,0,0
103520261009,2026100935,10,4,2,012834,松田治之,,11.7,3/4車身,,0,0
103520261009,2026100935,10,5,1,015173,格清洋介,,11.6,1/2車輪,,0,0
103520261009,2026100935,10,6,3,015555,林昌幸,,12.2,2車身,,0,1
103520261009,2026100935,10,7,6,013514,山口貴嗣,,12.2,1車身1/2,,0,0
113520261009,2026100935,11,1,5,014246,森川大輔,差,11.3,,,0,0
113520261009,2026100935,11,2,3,015814,岩井芯,逃,11.4,1/2車輪,,0,1
113520261009,2026100935,11,3,2,015093,末木浩二,,11.3,1車身,,0,0
113520261009,2026100935,11,4,7,015282,宮本隼輔,,11.4,1/2車身,,0,0
113520261009,2026100935,11,5,1,013442,濱田浩司,,11.3,1車輪,,1,0
113520261009,2026100935,11,6,6,014582,平原啓多,,11.4,3/4車輪,,0,0
113520261009,2026100935,11,7,4,014259,戸田洋平,,11.3,1車身,,0,0
123520261009,2026100935,12,1,5,015436,青野将大,捲,11.4,,,0,0
123520261009,2026100935,12,2,1,015337,佐藤礼文,マ,11.4,1/2車身,,0,0
123520261009,2026100935,12,3,4,013604,庄子信弘,,11.4,3/4車身,,0,0
123520261009,2026100935,12,4,7,015477,兼本将太,,11.3,1車身,,0,0
123520261009,2026100935,12,5,3,015570,松本憲斗,,11.2,1車身,,1,0
123520261009,2026100935,12,6,2,015540,徳田匠,,12.2,4車身,,0,1
123520261009,2026100935,12,7,6,013790,稲垣裕之,,12.1,1/2車身,,0,0
012120261009,2026100921,1,1,7,015464,町田太我,逃,11.8,,,0,1
012120261009,2026100921,1,2,2,015125,佐々木豪,マ,11.7,3/4車輪,,0,0
012120261009,2026100921,1,3,6,015334,朝倉智仁,,11.7,1/2車身,,0,0
012120261009,2026100921,1,4,5,013904,佐藤友和,,11.5,1/4車輪,,0,0
012120261009,2026100921,1,5,9,014501,守澤太志,,11.7,3/4車輪,,0,0
012120261009,2026100921,1,6,8,014140,神山拓弥,,11.6,微差,,0,0
012120261009,2026100921,1,7,4,014939,長尾拳太,,11.5,3車身,,0,0
012120261009,2026100921,1,8,1,015789,山崎歩夢,,12.1,3/4車輪,,1,0
012120261009,2026100921,1,9,3,012596,志智俊夫,,11.5,3/4車身,,0,0
022120261009,2026100921,2,1,1,014860,吉澤純平,差,10.9,,,1,0
022120261009,2026100921,2,2,9,015341,坂井洋,捲,11.0,1/4車輪,,0,1
022120261009,2026100921,2,3,3,015475,伊藤旭,,10.8,3/4車輪,,0,0
022120261009,2026100921,2,4,4,014545,岡崎智哉,,11.1,2車身,,0,0
022120261009,2026100921,2,5,2,013162,佐藤慎太郎,,10.8,タイヤ,,0,0
022120261009,2026100921,2,6,5,014210,和田圭,,10.8,3/4車身,,0,0
022120261009,2026100921,2,7,7,013894,園田匠,,10.6,1/2車身,,0,0
022120261009,2026100921,2,8,8,013921,渡邉一成,,11.4,5車身,,0,0
022120261009,2026100921,2,9,6,015724,村上翔馬,,12.1,3車身,,0,0
032120261009,2026100921,3,1,2,014524,松谷秀幸,差,11.7,,,0,0
032120261009,2026100921,3,2,7,014380,根田空史,逃,11.9,3/4車身,,0,1
032120261009,2026100921,3,3,3,014002,渡部幸訓,,11.2,2車身,,0,0
032120261009,2026100921,3,4,9,015439,佐々木眞也,,11.5,1/4車輪,,0,0
032120261009,2026100921,3,5,1,014038,橋本強,,11.2,3/4車身,,0,0
032120261009,2026100921,3,6,6,015420,梁島邦友,,11.8,3/4車身,,0,0
032120261009,2026100921,3,7,4,014356,佐藤一伸,,12.8,大差,,0,0
032120261009,2026100921,3,0,5,015731,西田優大,,0.0,,落車,0,0
032120261009,2026100921,3,0,8,015520,桑名僚也,,0.0,,失格,0,0
042120261009,2026100921,4,1,5,015516,木村皆斗,差,11.4,,,0,0
042120261009,2026100921,4,2,3,014462,小原太樹,差,11.6,1/4車輪,,0,0
042120261009,2026100921,4,3,9,014377,岩本俊介,,11.8,1/4車輪,,0,1
042120261009,2026100921,4,4,8,014554,山形一気,,11.3,1車身1/2,,0,0
042120261009,2026100921,4,5,4,013917,成田和也,,11.5,1車輪,,0,0
042120261009,2026100921,4,6,7,013730,東口善朋,,11.6,2車身,,0,0
042120261009,2026100921,4,7,2,014873,三谷竜生,,12.1,3車身,,0,0
042120261009,2026100921,4,8,6,015730,黒瀬浩太郎,,0.0,,,0,0
042120261009,2026100921,4,0,1,014129,菅田壱道,,0.0,,落車,1,0
052120261009,2026100921,5,1,7,014317,山田久徳,差,11.7,,,0,0
052120261009,2026100921,5,2,4,014112,小川勇介,差,11.9,1/4車輪,,0,0
052120261009,2026100921,5,3,9,014935,嶋津拓弥,,11.5,3/4車身,,0,0
052120261009,2026100921,5,4,3,013673,大槻寛徳,,11.9,8車身,,0,0
052120261009,2026100921,5,5,5,015868,市田龍生都,,13.3,6車身,,0,0
052120261009,2026100921,5,6,6,015608,山口多聞,,14.3,大差,,0,0
052120261009,2026100921,5,0,1,015051,簗田一輝,,0.0,,落車,0,0
052120261009,2026100921,5,0,2,014097,稲川翔,,0.0,,落車,1,0
052120261009,2026100921,5,0,8,015840,阿部英斗,,0.0,,失格,0,1
062120261009,2026100921,6,1,5,014047,山田英明,差,11.1,,,0,0
062120261009,2026100921,6,2,1,015213,山崎賢人,捲,11.3,1/2車輪,,1,1
062120261009,2026100921,6,3,2,015094,佐々木龍,,11.0,1/2車身,,0,0
062120261009,2026100921,6,4,4,015696,荒川達郎,,11.1,1/2車輪,,0,0
062120261009,2026100921,6,5,7,014744,和田真久留,,11.1,1/2車輪,,0,0
062120261009,2026100921,6,6,9,014507,長島大介,,11.0,1/2車身,,0,0
062120261009,2026100921,6,7,3,014103,村田雅一,,11.5,3車身,,0,0
062120261009,2026100921,6,8,6,014677,角令央奈,,11.5,2車身,,0,0
062120261009,2026100921,6,9,8,015449,橋本優己,,12.4,6車身,,0,0
072120261009,2026100921,7,1,3,015061,取鳥雄吾,捲,11.5,,,0,0
072120261009,2026100921,7,2,1,014089,浅井康太,差,11.6,5車身,,0,0
072120261009,2026100921,7,3,8,014996,岡本総,,11.6,1/2車輪,,0,0
072120261009,2026100921,7,4,7,013963,柏野智典,,12.0,3/4車身,,0,0
072120261009,2026100921,7,5,2,014861,金子幸央,,12.2,3/4車輪,,1,0
072120261009,2026100921,7,6,4,015718,棚瀬義大,,12.0,1/2車身,,0,0
072120261009,2026100921,7,7,9,015356,杉浦侑吾,,12.3,1/4車輪,,0,1
072120261009,2026100921,7,8,6,014440,渡辺正光,,12.0,1/4車輪,,0,0
072120261009,2026100921,7,9,5,013532,佐々木雄一,,12.2,3/4車身,,0,0
082120261009,2026100921,8,1,1,015343,佐々木悠葵,差,11.2,,,1,0
082120261009,2026100921,8,2,5,014659,武藤龍生,マ,11.2,1/2車身,,0,0
082120261009,2026100921,8,3,2,014417,山田庸平,,11.5,1/4車輪,,0,0
082120261009,2026100921,8,4,6,014886,山本伸一,,11.4,3/4車輪,,0,0
082120261009,2026100921,8,5,7,015649,後藤大輝,,11.6,1/4車輪,,0,1
082120261009,2026100921,8,6,3,014252,三谷将太,,11.6,1/4車輪,,0,0
082120261009,2026100921,8,7,9,013920,山崎芳仁,,11.2,1/4車輪,,0,0
082120261009,2026100921,8,8,4,012339,内藤宣彦,,11.1,3/4車身,,0,0
082120261009,2026100921,8,9,8,015822,谷内健太,,12.1,3車身,,0,0
092120261009,2026100921,9,1,9,015465,石原颯,捲,11.7,,,0,1
092120261009,2026100921,9,2,2,014794,阿部力也,マ,11.6,1/4車輪,,0,0
092120261009,2026100921,9,3,1,015272,中釜章成,,11.5,3/4車身,,0,0
092120261009,2026100921,9,4,5,013791,村上博幸,,11.5,3/4車身,,0,0
092120261009,2026100921,9,5,7,014505,雨谷一樹,,11.5,1車身,,1,0
092120261009,2026100921,9,6,4,015692,松崎広太,,11.6,1/4車輪,,0,0
092120261009,2026100921,9,7,8,014318,椎木尾拓哉,,11.5,1/2車身,,0,0
092120261009,2026100921,9,8,3,013140,小倉竜二,,11.8,1/2車身,,0,0
092120261009,2026100921,9,9,6,014348,坂本貴史,,12.1,2車身,,0,0
102120261009,2026100921,10,1,2,015035,阿部拓真,差,11.6,,,0,0
102120261009,2026100921,10,2,3,013516,荒井崇博,差,11.2,1/2車輪,,0,0
102120261009,2026100921,10,3,9,015034,新山響平,,11.8,3/4車輪,,0,1
102120261009,2026100921,10,4,5,015412,菊池岳仁,,11.6,1/4車輪,,0,0
102120261009,2026100921,10,5,7,015298,嘉永泰斗,,11.5,タイヤ,,0,0
102120261009,2026100921,10,6,4,014484,河端朋之,,11.6,3/4車身,,0,0
102120261009,2026100921,10,7,1,014681,松浦悠士,,11.6,1/2車輪,,1,0
102120261009,2026100921,10,8,6,015647,真鍋智寛,,11.5,1車身1/2,,0,0
102120261009,2026100921,10,9,8,015645,室井蓮太朗,,11.9,3車身,,0,0
112120261009,2026100921,11,1,3,014534,深谷知広,捲,11.2,,,1,0
112120261009,2026100921,11,2,8,015362,脇本勇希,捲,11.7,3/4車輪,,0,1
112120261009,2026100921,11,3,1,013962,南修二,,11.6,1/4車輪,,0,0
112120261009,2026100921,11,4,7,015203,松本貴治,,11.6,1車身,,0,0
112120261009,2026100921,11,5,9,015009,清水裕友,,11.8,3/4車身,,0,0
112120261009,2026100921,11,6,5,013880,岩津裕介,,11.6,3/4車身,,0,0
112120261009,2026100921,11,7,4,015261,松井宏佑,,11.7,1/2車身,,0,0
112120261009,2026100921,11,8,2,015553,犬伏湧也,,12.4,8車身,,0,0
112120261009,2026100921,11,9,6,015629,岸田剛,,14.3,大差,,0,0
122120261009,2026100921,12,1,9,014396,脇本雄太,差,10.8,,,0,0
122120261009,2026100921,12,2,3,015413,寺崎浩平,捲,11.0,1/2車身,,0,0
122120261009,2026100921,12,3,5,014838,古性優作,,10.8,3/4車輪,,1,0
122120261009,2026100921,12,4,1,014741,郡司浩平,,10.6,3/4車身,,0,0
122120261009,2026100921,12,5,2,015039,吉田拓矢,,11.2,3/4車輪,,0,0
122120261009,2026100921,12,6,4,015451,山口拳矢,,10.8,1車輪,,0,0
122120261009,2026100921,12,7,8,014054,新田祐大,,11.1,3/4車輪,,0,0
122120261009,2026100921,12,8,7,015242,眞杉匠,,11.9,6車身,,0,1
122120261009,2026100921,12,9,6,015324,小原佑太,,12.5,9車身,,0,0
013420261009,2026100934,1,1,2,015889,大本隆也,逃,12.5,,,0,1
013420261009,2026100934,1,2,7,014213,岡田哲夫,差,12.2,3/4車輪,,0,0
013420261009,2026100934,1,3,1,014385,山本淳,,12.4,3/4車輪,,1,0
013420261009,2026100934,1,4,3,015425,藤野竜也,,12.0,微差,,0,0
013420261009,2026100934,1,5,6,014019,長崎達也,,12.3,1/4車輪,,0,0
013420261009,2026100934,1,6,4,014287,齋藤昌太,,12.0,2車身,,0,0
013420261009,2026100934,1,7,5,013105,松本一成,,12.9,大差,,0,0
023420261009,2026100934,2,1,3,013082,小泉俊也,差,11.7,,,0,0
023420261009,2026100934,2,2,2,012649,山本恵太郎,差,12.1,1/2車輪,,0,0
023420261009,2026100934,2,3,1,015976,勝沼遼,,12.2,1/2車輪,,1,1
023420261009,2026100934,2,4,7,014443,堀内昇,,12.0,1/2車身,,0,0
023420261009,2026100934,2,5,4,013768,旭啓介,,11.7,1/4車輪,,0,0
023420261009,2026100934,2,6,5,014357,佐藤康恭,,11.7,2車身,,0,0
023420261009,2026100934,2,7,6,014433,長田彰人,,11.9,4車身,,0,0
033420261009,2026100934,3,1,1,015961,榊枝天旺,逃,12.4,,,1,1
033420261009,2026100934,3,2,5,013378,小田桐義継,マ,12.3,1車身1/2,,0,0
033420261009,2026100934,3,3,2,015166,内田淳,,12.5,3/4車身,,0,0
033420261009,2026100934,3,4,3,013551,女屋文伸,,12.2,1車輪,,0,0
033420261009,2026100934,3,5,6,014697,相川巧,,12.3,1/4車輪,,0,0
033420261009,2026100934,3,6,4,012439,河合康晴,,12.4,3/4車輪,,0,0
033420261009,2026100934,3,7,7,014694,前島恭平,,13.5,大差,,0,0
043420261009,2026100934,4,1,1,015979,福田海響,逃,11.5,,,1,1
043420261009,2026100934,4,2,2,014369,中川拓也,マ,11.5,1車身,,0,0
043420261009,2026100934,4,3,4,014446,菅藤智,,11.4,3/4車身,,0,0
043420261009,2026100934,4,4,7,013320,村上順規,,11.4,3/4車身,,0,0
043420261009,2026100934,4,5,6,013324,市川博章,,11.3,1車身,,0,0
043420261009,2026100934,4,6,3,014644,高橋明久,,11.6,1車身1/2,,0,0
043420261009,2026100934,4,7,5,012938,鈴木規純,,13.5,大差,,0,0
053420261009,2026100934,5,1,2,014581,佐山俊樹,差,12.1,,,0,0
053420261009,2026100934,5,2,6,015293,中里福太郎,差,12.1,1/4車輪,,0,0
053420261009,2026100934,5,3,1,015806,山本天平,,12.6,3/4車身,,1,1
053420261009,2026100934,5,4,3,013942,大西健士,,12.5,3/4車輪,,0,0
053420261009,2026100934,5,5,4,014304,大竹哲也,,12.5,1車身,,0,0
053420261009,2026100934,5,6,7,013838,山田武,,12.2,3/4車身,,0,0
053420261009,2026100934,5,7,5,014457,北野良栄,,13.4,9車身,,0,0
063420261009,2026100934,6,1,1,015083,中村弘之輔,差,12.5,,,1,0
063420261009,2026100934,6,2,5,015871,三浦生誠,逃,12.8,1/2車輪,,0,1
063420261009,2026100934,6,3,2,012718,大橋徹,,12.5,1/2車身,,0,0
063420261009,2026100934,6,4,3,013899,山田和巧,,12.5,1車身1/2,,0,0
063420261009,2026100934,6,5,7,013613,宗景祐樹,,12.5,1車身1/2,,0,0
063420261009,2026100934,6,6,6,013860,藤原清隆,,12.4,1/4車輪,,0,0
063420261009,2026100934,6,7,4,015707,池邉聖,,13.2,大差,,0,0
073420261009,2026100934,7,1,1,015259,小林稜武,逃,12.6,,,0,1
073420261009,2026100934,7,2,3,012809,高峰賢治,マ,12.5,3/4車輪,,1,0
073420261009,2026100934,7,3,2,013916,白石大輔,,12.4,3/4車身,,0,0
073420261009,2026100934,7,4,4,014161,藤田大輔,,12.2,1車輪,,0,0
073420261009,2026100934,7,5,5,014797,佐々木吉徳,,12.6,3/4車輪,,0,0
073420261009,2026100934,7,6,7,015897,森飛龍,,12.4,3/4車身,,0,0
073420261009,2026100934,7,7,6,014737,河上陽一,,12.2,1/8車輪,,0,0
083420261009,2026100934,8,1,1,015878,椎名俊介,逃,11.8,,,1,1
083420261009,2026100934,8,2,2,014731,山崎輝夫,マ,11.7,3/4車輪,,0,0
083420261009,2026100934,8,3,3,013246,山崎充央,,11.7,1車身,,0,0
083420261009,2026100934,8,4,7,014087,高橋隆太,,11.7,1車身,,0,0
083420261009,2026100934,8,5,4,014572,赤塚悠人,,11.5,1/2車身,,0,0
083420261009,2026100934,8,6,5,014086,齋藤友幸,,11.5,3/4車身,,0,0
083420261009,2026100934,8,7,6,014438,緑川修平,,11.7,4車身,,0,0
093420261009,2026100934,9,1,7,015348,寺沼伊織,差,11.5,,,0,0
093420261009,2026100934,9,2,1,015262,内山雅貴,差,11.1,1/2車身,,1,0
093420261009,2026100934,9,3,4,015338,土田栄二,,11.8,1/2車輪,,0,1
093420261009,2026100934,9,4,5,011477,川口満宏,,11.5,1/2車輪,,0,0
093420261009,2026100934,9,5,3,013853,長田祐弥,,11.0,1/2車輪,,0,0
093420261009,2026100934,9,6,2,012785,小橋明紀,,11.4,1/2車輪,,0,0
093420261009,2026100934,9,7,6,013936,小埜正義,,11.1,1車身1/2,,0,0
015320261009,2026100953,1,1,2,016020,飯田怜治,捲,10.0,,,0,0
015320261009,2026100953,1,2,6,013492,坂本智哉,差,10.4,1/2車輪,,0,0
015320261009,2026100953,1,3,3,014780,古川大輔,,10.6,1/2車身,,0,1
015320261009,2026100953,1,4,1,013451,松本大地,,10.0,3/4車輪,,1,0
015320261009,2026100953,1,5,7,013651,井山和裕,,10.4,3/4車輪,,0,0
015320261009,2026100953,1,6,4,015542,中嶋樹,,10.4,3車身,,0,0
015320261009,2026100953,1,7,5,014319,中野彰人,,0.0,大差,,0,0
025320261009,2026100953,2,1,1,015000,藤井準也,捲,10.4,,,0,0
025320261009,2026100953,2,2,4,014979,黒川渉,マ,10.4,1/2車身,,0,0
025320261009,2026100953,2,3,3,015739,楠本政明,,10.6,3/4車輪,,0,1
025320261009,2026100953,2,4,2,013366,加藤昌平,,10.5,1/4車輪,,1,0
025320261009,2026100953,2,5,6,012530,池上孝之,,10.3,1/2車身,,0,0
025320261009,2026100953,2,6,5,015286,土居佑次,,10.2,1/2車身,,0,0
025320261009,2026100953,2,7,7,012537,取鳥敬一,,10.3,1車身1/2,,0,0
035320261009,2026100953,3,1,3,015900,花田雄飛,逃,10.3,,,0,1
035320261009,2026100953,3,2,1,016007,渡邊諒馬,マ,10.3,1/2車身,,1,0
035320261009,2026100953,3,3,2,014776,川上修平,,10.1,1車身,,0,0
035320261009,2026100953,3,4,6,014395,竹田慎一,,10.2,1/4車輪,,0,0
035320261009,2026100953,3,5,7,012406,濱田昭一郎,,10.2,3車身,,0,0
035320261009,2026100953,3,6,4,013663,中野功史,,12.1,大差,,0,0
035320261009,2026100953,3,0,5,012307,尾崎勝弘,,0.0,,失格,0,0
045320261009,2026100953,4,1,1,015637,近藤雄太,捲,10.1,,,1,0
045320261009,2026100953,4,2,2,014778,宮崎一彰,マ,10.0,1/4車輪,,0,0
045320261009,2026100953,4,3,3,013897,加藤大輔,,10.3,3車身,,0,0
045320261009,2026100953,4,4,4,012847,古閑良介,,10.1,3/4車身,,0,0
045320261009,2026100953,4,5,7,013272,古田義明,,10.5,1車身,,0,0
045320261009,2026100953,4,6,5,014559,田山誠,,10.7,3/4車身,,0,1
045320261009,2026100953,4,7,6,016002,宮田龍一,,10.6,タイヤ,,0,0
055320261009,2026100953,5,1,3,015903,谷澤優貴,捲,10.0,,,0,0
055320261009,2026100953,5,2,1,013640,西村豊,マ,10.0,3/4車身,,1,0
055320261009,2026100953,5,3,7,013575,渡会啓介,,9.9,1車身,,0,0
055320261009,2026100953,5,4,5,013667,田中洋輔,,10.5,1/2車身,,0,0
055320261009,2026100953,5,5,2,014321,石坂永伍,,10.3,1車身1/2,,0,0
055320261009,2026100953,5,6,4,015558,川野深,,10.8,1/4車輪,,0,1
055320261009,2026100953,5,7,6,015644,中野光太郎,,10.8,4車身,,0,0
065320261009,2026100953,6,1,1,015741,堀川敬太郎,逃,10.7,,,0,1
065320261009,2026100953,6,2,2,015556,上野恭哉,マ,10.6,1/8車輪,,0,0
065320261009,2026100953,6,3,4,014843,峰重祐之介,,10.6,1車身,,1,0
065320261009,2026100953,6,4,5,013142,黒田大介,,10.5,3/4車身,,0,0
065320261009,2026100953,6,5,6,013127,北浦弘幹,,10.7,3車身,,0,0
065320261009,2026100953,6,6,3,015114,谷口友真,,12.1,大差,,0,0
065320261009,2026100953,6,7,7,015112,日浦崇道,,12.8,大差,,0,0
075320261009,2026100953,7,1,2,015812,森崎英登,捲,10.0,,,0,0
075320261009,2026100953,7,2,7,014789,茅野寛史,差,10.5,4車身,,1,0
075320261009,2026100953,7,3,1,012760,櫻井宏智,,10.3,1/2車輪,,0,0
075320261009,2026100953,7,4,5,015933,山本康旗,,10.6,1/8車輪,,0,1
075320261009,2026100953,7,5,4,015126,高山雄丞,,10.6,1車身1/2,,0,0
075320261009,2026100953,7,6,6,014094,有馬雄二,,10.3,1車輪,,0,0
075320261009,2026100953,7,7,3,015056,田村風起,,10.5,3/4車輪,,0,0
085320261009,2026100953,8,1,1,015919,藤田楓,逃,10.5,,,0,1
085320261009,2026100953,8,2,2,014671,山田裕哉,差,10.2,1/2車輪,,0,0
085320261009,2026100953,8,3,6,015623,野崎翼,,10.4,1車身,,0,0
085320261009,2026100953,8,4,5,013895,松尾大樹,,10.0,3/4車輪,,1,0
085320261009,2026100953,8,5,4,015746,峯口司,,10.2,1/4車輪,,0,0
085320261009,2026100953,8,6,7,012242,穴井利久,,10.3,3車身,,0,0
085320261009,2026100953,8,7,3,013354,國村洋,,0.0,大差,,0,0
095320261009,2026100953,9,1,5,015208,金ヶ江勇気,捲,9.6,,,0,0
095320261009,2026100953,9,2,1,015202,今野大輔,差,9.7,1車身,,1,0
095320261009,2026100953,9,3,4,014775,小原周祐,,9.9,3/4車身,,0,1
095320261009,2026100953,9,4,3,013199,北野武史,,9.7,1車身,,0,0
095320261009,2026100953,9,5,6,015375,村上竜馬,,10.0,3/4車身,,0,0
095320261009,2026100953,9,6,7,014594,太田剛司,,9.7,1/2車身,,0,0
095320261009,2026100953,9,0,2,015116,池野健太,,0.0,,欠車,0,0
018420261009,2026100984,1,1,4,015855,大浦彩瑛,差,12.2,,,0,0
018420261009,2026100984,1,2,7,015955,岩元杏奈,捲,12.4,3/4車身,,1,0
018420261009,2026100984,1,3,2,014896,野口諭実可,,12.5,3車身,,0,0
018420261009,2026100984,1,4,1,015584,西脇美唯奈,,12.8,3/4車輪,,0,1
018420261009,2026100984,1,5,5,015027,長澤彩,,12.7,1/2車身,,0,0
018420261009,2026100984,1,6,3,015309,黒沢夢姫,,12.7,1車身,,0,0
018420261009,2026100984,1,7,6,015078,三宅玲奈,,12.5,3/4車輪,,0,0
028420261009,2026100984,2,1,6,015398,藤田まりあ,差,13.0,,,0,0
028420261009,2026100984,2,2,5,015755,神戸暖稀羽,マ,13.0,3/4車身,,0,0
028420261009,2026100984,2,3,3,015679,又多風緑,,13.2,3/4車身,,0,1
028420261009,2026100984,2,4,1,015856,野寺梓,,12.9,1車輪,,0,0
028420261009,2026100984,2,5,2,014904,渡辺ゆかり,,12.8,3/4車身,,0,0
028420261009,2026100984,2,6,4,015503,田中月菜,,12.9,1/2車身,,0,0
028420261009,2026100984,2,7,7,015761,吉村美有紀,,12.9,1車身,,0,0
038420261009,2026100984,3,1,5,015482,松本一志,逃,12.1,,,0,1
038420261009,2026100984,3,2,2,012832,仙石淳,マ,12.0,1/2車身,,0,0
038420261009,2026100984,3,3,7,013264,山中貴雄,,11.7,1車身,,0,0
038420261009,2026100984,3,4,3,012319,高尾剛文,,12.0,1/8車輪,,0,0
038420261009,2026100984,3,5,4,015110,小出慎也,,11.8,1/2車輪,,0,0
038420261009,2026100984,3,6,1,012597,塚本貴雄,,11.5,3/4車輪,,1,0
038420261009,2026100984,3,7,6,011431,梶應弘樹,,15.2,大差,,0,0
048420261009,2026100984,4,1,5,013131,藤野一良,差,11.5,,,0,0
048420261009,2026100984,4,2,3,014829,桜井雄太,捲,11.7,1/2車身,,0,1
048420261009,2026100984,4,3,1,014686,秋永昂人,,12.1,6車身,,0,0
048420261009,2026100984,4,4,7,013505,住村実,,12.1,1/2車身,,0,0
048420261009,2026100984,4,5,6,015571,吉田悟,,12.3,1/4車輪,,0,0
048420261009,2026100984,4,6,2,016005,清家大夢,,12.3,1車身1/2,,1,0
048420261009,2026100984,4,7,4,011715,黒木誠一,,14.1,大差,,0,0
058420261009,2026100984,5,1,5,015988,鴨下佳朋,捲,11.5,,,0,0
058420261009,2026100984,5,2,2,015270,元砂海人,マ,11.6,1車身1/2,,0,0
058420261009,2026100984,5,3,4,014765,樫村伸平,,11.9,4車身,,0,0
058420261009,2026100984,5,4,7,013735,井上剛,,12.0,3/4車身,,0,0
058420261009,2026100984,5,5,3,012754,小野祐作,,12.1,1車身1/2,,0,0
058420261009,2026100984,5,6,1,014842,川本琢也,,12.4,1/2車輪,,1,1
058420261009,2026100984,5,7,6,013513,南和夫,,12.3,3車身,,0,0
068420261009,2026100984,6,1,7,016008,久保田智之,逃,11.9,,,0,1
068420261009,2026100984,6,2,5,015215,照屋将貴,マ,11.9,1車身1/2,,0,0
068420261009,2026100984,6,3,3,015549,阿部龍也,,12.1,5車身,,0,0
068420261009,2026100984,6,4,4,015283,安本昇平,,11.9,1/2車輪,,1,0
068420261009,2026100984,6,5,2,012671,滝川秀嗣,,11.9,1車身,,0,0
068420261009,2026100984,6,6,6,012906,太田良政,,12.5,7車身,,0,0
068420261009,2026100984,6,7,1,013972,富永昌久,,14.0,大差,,0,0
078420261009,2026100984,7,1,3,016023,滿田光紀,差,12.4,,,1,0
078420261009,2026100984,7,2,2,014265,松永真太,マ,12.3,3/4車輪,,0,0
078420261009,2026100984,7,3,7,014652,原清孝,,12.6,1車輪,,0,1
078420261009,2026100984,7,4,5,013591,山本宏明,,12.6,2車身,,0,0
078420261009,2026100984,7,5,1,013588,齋藤仁,,13.0,4車身,,0,0
078420261009,2026100984,7,6,4,015923,右近陸人,,13.6,5車身,,0,0
078420261009,2026100984,7,7,6,011382,清水広幸,,0.0,大差,,0,0
013520261010,2026101035,1,1,1,015785,福田健太,逃,12.0,,,1,1
013520261010,2026101035,1,2,2,014630,利根正明,捲,11.6,3/4車輪,,0,0
013520261010,2026101035,1,3,3,012882,鈴木愼二,,11.8,1車身,,0,0
013520261010,2026101035,1,4,4,014037,橋本勝弘,,11.7,1車身1/2,,0,0
013520261010,2026101035,1,5,5,015180,下岡将也,,11.9,1車輪,,0,0
013520261010,2026101035,1,6,6,014742,河野淳吾,,12.2,1車身,,0,0
023520261010,2026101035,2,1,5,015932,生野優翔,逃,11.9,,,0,1
023520261010,2026101035,2,2,1,014992,楠野史尭,逃,12.0,5車身,,0,0
023520261010,2026101035,2,3,3,013348,内藤敦,,12.0,1車身,,0,0
023520261010,2026101035,2,4,4,013857,浅沼聖士,,11.8,3/4車輪,,1,0
023520261010,2026101035,2,5,7,014513,樋口絢土,,12.0,1/8車輪,,0,0
023520261010,2026101035,2,6,2,013036,深澤伸介,,12.0,1車身1/2,,0,0
023520261010,2026101035,2,0,6,014713,鈴木裕斗,,0.0,,欠車,0,0
033520261010,2026101035,3,1,3,013041,三浦稔希,差,11.7,,,0,0
033520261010,2026101035,3,2,7,015189,山本隼人,差,11.9,1/2車身,,1,0
033520261010,2026101035,3,3,4,015057,小林史也,,12.1,1/4車輪,,0,1
033520261010,2026101035,3,4,5,014460,矢口大樹,,11.8,1/2車輪,,0,0
033520261010,2026101035,3,5,2,014728,三好恵一郎,,11.7,1/2車身,,0,0
033520261010,2026101035,3,6,1,014332,芳野匠,,11.8,1車身,,0,0
033520261010,2026101035,3,7,6,014615,藤原亮太,,11.9,1/2車輪,,0,0
043520261010,2026101035,4,1,4,015833,野村賢,逃,12.5,,,0,1
043520261010,2026101035,4,2,5,013426,本村隆文,差,12.2,3/4車身,,0,0
043520261010,2026101035,4,3,2,015214,境啓亨,,12.3,1/8車輪,,0,0
043520261010,2026101035,4,4,3,014185,隅貴史,,12.5,微差,,1,0
043520261010,2026101035,4,5,6,013006,佐々木健司,,12.0,1車身,,0,0
043520261010,2026101035,4,6,1,014669,植木和広,,12.3,1/8車輪,,0,0
043520261010,2026101035,4,7,7,015893,岩辺陸,,12.4,1/8車輪,,0,0
053520261010,2026101035,5,1,1,014966,田中まい,捲,12.4,,,0,1
053520261010,2026101035,5,2,7,014967,杉沢毛伊子,逃,13.0,7車身,,0,0
053520261010,2026101035,5,3,5,015851,片岡美奈,,12.9,1車輪,,1,0
053520261010,2026101035,5,4,3,015593,中村鈴花,,12.8,1車身,,0,0
053520261010,2026101035,5,5,2,015314,向井円,,12.8,1車身1/2,,0,0
053520261010,2026101035,5,0,4,015759,星野しほ,,0.0,,欠車,0,0
053520261010,2026101035,5,0,6,015853,中島瞳,,0.0,,欠車,0,0
063520261010,2026101035,6,1,7,013514,山口貴嗣,差,11.3,,,0,0
063520261010,2026101035,6,2,5,014259,戸田洋平,差,11.5,1/2車輪,,0,0
063520261010,2026101035,6,3,3,013685,岡田征陽,,11.7,1/4車輪,,1,0
063520261010,2026101035,6,4,4,015784,高橋舜,,11.9,3/4車輪,,0,1
063520261010,2026101035,6,5,2,015168,染谷幸喜,,11.3,1/2車身,,0,0
063520261010,2026101035,6,6,6,014710,花田将司,,11.5,4車身,,0,0
063520261010,2026101035,6,7,1,015276,佐伯亮輔,,12.4,3車身,,0,0
073520261010,2026101035,7,1,4,013790,稲垣裕之,差,12.0,,,0,0
073520261010,2026101035,7,2,6,013803,三ツ石康洋,マ,11.9,3/4車身,,0,0
073520261010,2026101035,7,3,3,013855,近藤俊明,,12.0,1/2車身,,0,0
073520261010,2026101035,7,4,2,014945,中井俊亮,,12.2,1/8車輪,,0,1
073520261010,2026101035,7,5,5,014292,丸山直樹,,11.8,1車身1/2,,1,0
073520261010,2026101035,7,6,1,015694,浮島知稀,,12.1,2車身,,0,0
073520261010,2026101035,7,7,7,015169,野口裕史,,13.1,7車身,,0,0
083520261010,2026101035,8,1,3,015173,格清洋介,捲,11.1,,,0,0
083520261010,2026101035,8,2,5,014879,月森亮輔,捲,11.3,1/2車身,,0,0
083520261010,2026101035,8,3,1,012834,松田治之,,11.8,3/4車身,,0,0
083520261010,2026101035,8,4,7,015540,徳田匠,,11.9,3/4車輪,,1,1
083520261010,2026101035,8,5,6,015046,山本紳貴,,11.0,3/4車身,,0,0
083520261010,2026101035,8,6,4,015477,兼本将太,,11.7,1車輪,,0,0
083520261010,2026101035,8,7,2,015282,宮本隼輔,,11.9,4車身,,0,0
093520261010,2026101035,9,1,2,013604,庄子信弘,捲,11.1,,,0,0
093520261010,2026101035,9,2,3,013442,濱田浩司,差,11.5,1/2車輪,,1,0
093520261010,2026101035,9,2,5,015555,林昌幸,逃,11.6,1/2車輪,,0,1
093520261010,2026101035,9,4,7,015093,末木浩二,,11.1,3/4車身,,0,0
093520261010,2026101035,9,5,4,014582,平原啓多,,11.1,3/4車身,,0,0
093520261010,2026101035,9,6,1,015570,松本憲斗,,11.1,1車身1/2,,0,0
093520261010,2026101035,9,7,6,014982,坂本周作,,12.0,5車身,,0,0
103520261010,2026101035,10,1,3,015790,藤田祐大,逃,11.8,,,1,1
103520261010,2026101035,10,2,5,013242,尾崎剛,マ,11.7,3/4車輪,,0,0
103520261010,2026101035,10,3,1,014084,小菅誠,,11.6,3/4車身,,0,0
103520261010,2026101035,10,4,4,015288,薦田将伍,,11.6,1車身1/2,,0,0
103520261010,2026101035,10,5,7,015817,梅澤忠秀,,12.0,3/4車輪,,0,0
103520261010,2026101035,10,6,6,015635,藤岡徹也,,12.0,1車身,,0,0
103520261010,2026101035,10,7,2,015005,野口正則,,11.9,3/4車輪,,0,0
113520261010,2026101035,11,1,1,015225,坂口楓華,捲,12.1,,,0,1
113520261010,2026101035,11,2,2,014900,小林莉子,捲,12.2,1車身1/2,,0,0
113520261010,2026101035,11,3,5,015942,齊藤由莉,,12.2,3車身,,0,0
113520261010,2026101035,11,4,3,015858,平子結菜,,12.2,1車身1/2,,0,0
113520261010,2026101035,11,5,6,015865,豊田美香,,12.3,3/4車輪,,1,0
113520261010,2026101035,11,6,7,015495,下条未悠,,12.8,1/2車身,,0,0
113520261010,2026101035,11,7,4,015756,熊谷芽緯,,12.4,1/2車身,,0,0
123520261010,2026101035,12,1,1,015436,青野将大,捲,11.4,,,0,0
123520261010,2026101035,12,2,7,015337,佐藤礼文,マ,11.4,3/4車身,,0,0
123520261010,2026101035,12,3,5,015814,岩井芯,,11.7,1/2車輪,,0,1
123520261010,2026101035,12,4,6,013118,山内卓也,,11.6,1/2車輪,,0,0
123520261010,2026101035,12,5,3,014190,木村隆弘,,11.5,1/2車輪,,0,0
123520261010,2026101035,12,6,2,014246,森川大輔,,11.7,1/2車輪,,0,0
123520261010,2026101035,12,7,4,015363,田中大我,,13.0,大差,,1,0
012120261010,2026101021,1,1,5,012596,志智俊夫,差,11.7,,,0,0
012120261010,2026101021,1,2,9,015718,棚瀬義大,逃,11.8,1/2車身,,0,1
012120261010,2026101021,1,3,2,013917,成田和也,,11.3,1/8車輪,,0,0
012120261010,2026101021,1,4,4,014348,坂本貴史,,11.5,3/4車身,,0,0
012120261010,2026101021,1,5,6,014440,渡辺正光,,11.3,1/4車輪,,0,0
012120261010,2026101021,1,6,1,014744,和田真久留,,11.2,1/4車輪,,1,0
012120261010,2026101021,1,7,3,014038,橋本強,,11.2,1車身,,0,0
012120261010,2026101021,1,8,8,015730,黒瀬浩太郎,,11.2,1/2車輪,,0,0
012120261010,2026101021,1,9,7,014020,松坂洋平,,11.7,5車身,,0,0
022120261010,2026101021,2,1,9,015789,山崎歩夢,捲,11.7,,,0,0
022120261010,2026101021,2,2,6,015420,梁島邦友,捲,12.1,2車身,,0,0
022120261010,2026101021,2,3,1,015731,西田優大,,12.3,1/2車身,,0,1
022120261010,2026101021,2,4,2,014507,長島大介,,12.1,1車輪,,0,0
022120261010,2026101021,2,5,7,013140,小倉竜二,,12.3,1車輪,,0,0
022120261010,2026101021,2,6,4,013532,佐々木雄一,,12.2,3/4車身,,1,0
022120261010,2026101021,2,7,8,015822,谷内健太,,12.3,1/4車輪,,0,0
022120261010,2026101021,2,8,5,013730,東口善朋,,12.4,2車身,,0,0
022120261010,2026101021,2,0,3,013162,佐藤慎太郎,,0.0,,失格,0,0
032120261010,2026101021,3,1,5,015649,後藤大輝,逃,11.7,,,0,1
032120261010,2026101021,3,2,2,015051,簗田一輝,差,11.4,1/2車身,,0,0
032120261010,2026101021,3,3,9,013894,園田匠,,11.6,1/4車輪,,0,0
032120261010,2026101021,3,4,7,014873,三谷竜生,,11.3,3/4車輪,,0,0
032120261010,2026101021,3,5,4,013920,山崎芳仁,,11.1,3/4車身,,0,0
032120261010,2026101021,3,6,1,014103,村田雅一,,11.4,1車身1/2,,1,0
032120261010,2026101021,3,7,3,014861,金子幸央,,11.0,1/2車身,,0,0
032120261010,2026101021,3,8,8,015096,大石剣士,,11.8,3/4車輪,,0,0
032120261010,2026101021,3,9,6,015608,山口多聞,,11.2,3/4車身,,0,0
042120261010,2026101021,4,1,3,014318,椎木尾拓哉,差,11.8,,,0,0
042120261010,2026101021,4,2,2,014501,守澤太志,差,11.3,1/2車身,,0,0
042120261010,2026101021,4,3,5,015356,杉浦侑吾,,11.8,1/2車輪,,0,0
042120261010,2026101021,4,4,9,014356,佐藤一伸,,11.4,タイヤ,,0,0
042120261010,2026101021,4,5,1,014505,雨谷一樹,,11.7,3/4車身,,0,0
042120261010,2026101021,4,6,7,012339,内藤宣彦,,11.3,3/4車輪,,0,0
042120261010,2026101021,4,7,4,015661,東矢圭吾,,11.3,1/4車輪,,0,0
042120261010,2026101021,4,8,6,015724,村上翔馬,,12.1,1車身,,0,1
042120261010,2026101021,4,9,8,014677,角令央奈,,11.2,1/2車輪,,0,0
052120261010,2026101021,5,1,9,014210,和田圭,差,11.3,,,0,0
052120261010,2026101021,5,2,5,014252,三谷将太,差,11.7,1車輪,,0,0
052120261010,2026101021,5,3,3,015868,市田龍生都,,11.9,1車輪,,0,1
052120261010,2026101021,5,4,7,014129,菅田壱道,,11.5,3/4車輪,,0,0
052120261010,2026101021,5,5,2,015692,松崎広太,,11.5,タイヤ,,0,0
052120261010,2026101021,5,6,1,013921,渡邉一成,,11.6,1/4車輪,,1,0
052120261010,2026101021,5,7,8,014140,神山拓弥,,11.4,3/4車輪,,0,0
052120261010,2026101021,5,8,4,014939,長尾拳太,,11.1,3/4車身,,0,0
052120261010,2026101021,5,9,6,015449,橋本優己,,11.2,3/4車輪,,0,0
062120261010,2026101021,6,1,5,015009,清水裕友,差,11.3,,,0,0
062120261010,2026101021,6,2,1,015645,室井蓮太朗,捲,11.4,1/4車輪,,1,0
062120261010,2026101021,6,3,2,015475,伊藤旭,,11.5,1車身1/2,,0,0
062120261010,2026101021,6,4,9,013673,大槻寛徳,,11.2,3/4車身,,0,0
062120261010,2026101021,6,5,6,015334,朝倉智仁,,11.3,3/4車身,,0,0
062120261010,2026101021,6,6,8,014886,山本伸一,,11.4,3/4車輪,,0,0
062120261010,2026101021,6,7,3,015094,佐々木龍,,11.8,タイヤ,,0,0
062120261010,2026101021,6,8,7,014417,山田庸平,,12.0,4車身,,0,0
062120261010,2026101021,6,9,4,015261,松井宏佑,,13.0,8車身,,0,1
072120261010,2026101021,7,1,5,015439,佐々木眞也,差,11.2,,,0,0
072120261010,2026101021,7,2,2,013791,村上博幸,マ,11.2,1車身,,1,0
072120261010,2026101021,7,3,1,013963,柏野智典,,11.3,2車身,,0,0
072120261010,2026101021,7,4,9,014484,河端朋之,,11.7,1車輪,,0,1
072120261010,2026101021,7,5,4,014554,山形一気,,11.2,3/4車輪,,0,0
072120261010,2026101021,7,6,7,014935,嶋津拓弥,,12.0,8車身,,0,0
072120261010,2026101021,7,7,6,015629,岸田剛,,12.4,2車身,,0,0
072120261010,2026101021,7,8,8,015647,真鍋智寛,,12.5,1/4車輪,,0,0
072120261010,2026101021,7,0,3,014377,岩本俊介,,0.0,,失格,0,0
082120261010,2026101021,8,1,4,014545,岡崎智哉,差,11.2,,,0,0
082120261010,2026101021,8,2,9,015553,犬伏湧也,逃,11.5,1/2車輪,,0,1
082120261010,2026101021,8,3,8,014996,岡本総,,11.3,2車身,,1,0
082120261010,2026101021,8,4,1,014002,渡部幸訓,,11.5,3/4車輪,,0,0
082120261010,2026101021,8,5,2,013880,岩津裕介,,11.6,3/4車輪,,0,0
082120261010,2026101021,8,6,7,013904,佐藤友和,,11.4,1/4車輪,,0,0
082120261010,2026101021,8,7,6,015696,荒川達郎,,11.8,2車身,,0,0
082120261010,2026101021,8,8,3,015272,中釜章成,,12.0,2車身,,0,0
082120261010,2026101021,8,0,5,014681,松浦悠士,,0.0,,失格,0,0
092120261010,2026101021,9,1,9,015343,佐々木悠葵,捲,11.7,,,0,1
092120261010,2026101021,9,2,2,015341,坂井洋,マ,11.6,1/4車輪,,0,0
092120261010,2026101021,9,3,7,014054,新田祐大,,11.4,1車輪,,0,0
092120261010,2026101021,9,4,4,014860,吉澤純平,,11.6,3/4車輪,,0,0
092120261010,2026101021,9,5,5,015061,取鳥雄吾,,11.5,1車身1/2,,1,0
092120261010,2026101021,9,6,1,015034,新山響平,,11.7,1/2車身,,0,0
092120261010,2026101021,9,7,3,013962,南修二,,11.7,3/4車身,,0,0
092120261010,2026101021,9,8,8,015464,町田太我,,12.8,大差,,0,0
092120261010,2026101021,9,9,6,014317,山田久徳,,13.4,大差,,0,0
102120261010,2026101021,10,1,3,015203,松本貴治,差,11.4,,,0,0
102120261010,2026101021,10,2,5,015465,石原颯,逃,11.6,1/2車輪,,0,1
102120261010,2026101021,10,3,6,015516,木村皆斗,,11.3,1/2車身,,0,0
102120261010,2026101021,10,4,2,015298,嘉永泰斗,,11.4,3/4車輪,,0,0
102120261010,2026101021,10,5,4,014659,武藤龍生,,11.3,3/4車身,,0,0
102120261010,2026101021,10,6,7,014089,浅井康太,,11.2,1車身,,0,0
102120261010,2026101021,10,7,8,014047,山田英明,,11.3,3車身,,0,0
102120261010,2026101021,10,8,1,015451,山口拳矢,,0.0,,,1,0
102120261010,2026101021,10,0,9,015125,佐々木豪,,0.0,,失格,0,0
112120261010,2026101021,11,1,1,015412,菊池岳仁,逃,12.1,,,0,1
112120261010,2026101021,11,2,2,015213,山崎賢人,差,11.5,3/4車輪,,0,0
112120261010,2026101021,11,3,3,014794,阿部力也,,12.0,1/2車身,,0,0
112120261010,2026101021,11,4,5,015242,眞杉匠,,11.9,1/2車身,,0,0
112120261010,2026101021,11,5,9,014462,小原太樹,,11.4,1車輪,,1,0
112120261010,2026101021,11,6,4,014380,根田空史,,11.5,微差,,0,0
112120261010,2026101021,11,7,7,014524,松谷秀幸,,11.4,1/2車輪,,0,0
112120261010,2026101021,11,8,8,014112,小川勇介,,11.4,タイヤ,,0,0
112120261010,2026101021,11,9,6,015324,小原佑太,,12.3,3/4車輪,,0,0
122120261010,2026101021,12,1,8,013516,荒井崇博,差,11.5,,,0,0
122120261010,2026101021,12,2,2,014838,古性優作,捲,11.6,3/4車輪,,0,0
122120261010,2026101021,12,3,3,015039,吉田拓矢,,11.7,1車身,,0,0
122120261010,2026101021,12,4,4,014534,深谷知広,,11.7,1/4車輪,,0,0
122120261010,2026101021,12,5,7,015035,阿部拓真,,11.6,3/4車身,,0,0
122120261010,2026101021,12,6,1,014741,郡司浩平,,12.0,1/2車輪,,1,1
122120261010,2026101021,12,7,5,014396,脇本雄太,,11.8,3車身,,0,0
122120261010,2026101021,12,8,9,015413,寺崎浩平,,12.4,3車身,,0,0
122120261010,2026101021,12,9,6,015362,脇本勇希,,12.9,大差,,0,0
013420261010,2026101034,1,1,2,012938,鈴木規純,差,12.3,,,0,0
013420261010,2026101034,1,2,3,014357,佐藤康恭,捲,12.4,1/4車輪,,0,0
013420261010,2026101034,1,3,1,012439,河合康晴,,12.3,1車身,,0,0
013420261010,2026101034,1,4,6,013320,村上順規,,12.5,1/2車身,,0,0
013420261010,2026101034,1,5,5,013105,松本一成,,12.6,3/4車身,,1,0
013420261010,2026101034,1,6,4,013324,市川博章,,12.5,3/4車身,,0,0
013420261010,2026101034,1,7,7,014694,前島恭平,,13.6,8車身,,0,1
023420261010,2026101034,2,1,1,014644,高橋明久,逃,12.4,,,1,1
023420261010,2026101034,2,2,2,013768,旭啓介,差,12.2,1/2車輪,,0,0
023420261010,2026101034,2,3,4,014433,長田彰人,,12.4,3/4車身,,0,0
023420261010,2026101034,2,4,7,014019,長崎達也,,12.3,1車身,,0,0
023420261010,2026101034,2,5,3,014287,齋藤昌太,,12.2,3/4車輪,,0,0
023420261010,2026101034,2,6,5,014443,堀内昇,,12.6,3車身,,0,0
023420261010,2026101034,2,7,6,014697,相川巧,,12.4,1車身1/2,,0,0
033420261010,2026101034,3,1,1,015976,勝沼遼,捲,12.1,,,1,1
033420261010,2026101034,3,2,2,014369,中川拓也,マ,12.0,1/2車身,,0,0
033420261010,2026101034,3,3,6,014446,菅藤智,,11.9,3/4車身,,0,0
033420261010,2026101034,3,4,5,015425,藤野竜也,,11.8,1/4車輪,,0,0
033420261010,2026101034,3,5,7,014213,岡田哲夫,,12.0,3車身,,0,0
033420261010,2026101034,3,6,4,015889,大本隆也,,12.6,1車身1/2,,0,0
033420261010,2026101034,3,7,3,014385,山本淳,,12.3,1車身,,0,0
043420261010,2026101034,4,1,1,015979,福田海響,逃,12.1,,,1,1
043420261010,2026101034,4,2,3,012649,山本恵太郎,マ,12.1,3/4車身,,0,0
043420261010,2026101034,4,3,5,013551,女屋文伸,,12.1,3/4車身,,0,0
043420261010,2026101034,4,4,4,015166,内田淳,,12.0,3車身,,0,0
043420261010,2026101034,4,5,6,013082,小泉俊也,,11.9,1車輪,,0,0
043420261010,2026101034,4,6,2,015961,榊枝天旺,,12.2,1車身,,0,0
043420261010,2026101034,4,7,7,013378,小田桐義継,,17.8,大差,,0,0
053420261010,2026101034,5,1,3,014457,北野良栄,逃,12.4,,,0,1
053420261010,2026101034,5,2,1,013899,山田和巧,差,12.1,1/8車輪,,0,0
053420261010,2026101034,5,3,4,015707,池邉聖,,12.5,2車身,,1,0
053420261010,2026101034,5,4,2,014086,齋藤友幸,,12.3,1/2車身,,0,0
053420261010,2026101034,5,5,7,013860,藤原清隆,,12.3,1車身,,0,0
053420261010,2026101034,5,0,5,014438,緑川修平,,0.0,,落車,0,0
053420261010,2026101034,5,0,6,013838,山田武,,0.0,,失格,0,0
063420261010,2026101034,6,1,3,014572,赤塚悠人,差,12.2,,,0,0
063420261010,2026101034,6,2,1,014797,佐々木吉徳,逃,12.4,1/2車輪,,0,1
063420261010,2026101034,6,3,4,014737,河上陽一,,12.2,1車身1/2,,0,0
063420261010,2026101034,6,4,6,015897,森飛龍,,12.2,1車身,,0,0
063420261010,2026101034,6,5,2,014304,大竹哲也,,12.1,1/2車輪,,1,0
063420261010,2026101034,6,6,7,013613,宗景祐樹,,12.2,微差,,0,0
063420261010,2026101034,6,7,5,014087,高橋隆太,,12.0,微差,,0,0
073420261010,2026101034,7,1,4,015083,中村弘之輔,差,12.6,,,0,0
073420261010,2026101034,7,2,1,012785,小橋明紀,マ,12.5,1/2車輪,,1,0
073420261010,2026101034,7,3,2,015338,土田栄二,,12.7,1/4車輪,,0,0
073420261010,2026101034,7,4,6,014581,佐山俊樹,,12.6,3車身,,0,0
073420261010,2026101034,7,5,3,011477,川口満宏,,12.9,1車身,,0,0
073420261010,2026101034,7,6,7,014161,藤田大輔,,13.2,3/4車身,,0,1
073420261010,2026101034,7,7,5,014731,山崎輝夫,,12.9,3/4車身,,0,0
083420261010,2026101034,8,1,1,015878,椎名俊介,捲,11.5,,,0,1
083420261010,2026101034,8,2,3,015348,寺沼伊織,マ,11.4,1/4車輪,,0,0
083420261010,2026101034,8,3,2,013936,小埜正義,,12.0,9車身,,0,0
083420261010,2026101034,8,4,7,015871,三浦生誠,,12.3,1車輪,,1,0
083420261010,2026101034,8,5,6,013246,山崎充央,,11.9,3/4車身,,0,0
083420261010,2026101034,8,6,5,015806,山本天平,,12.3,3/4車輪,,0,0
083420261010,2026101034,8,7,4,013916,白石大輔,,11.9,3/4車身,,0,0
093420261010,2026101034,9,1,1,015262,内山雅貴,捲,11.5,,,1,0
093420261010,2026101034,9,2,2,013853,長田祐弥,マ,11.5,3/4車身,,0,0
093420261010,2026101034,9,3,6,013942,大西健士,,11.7,4車身,,0,0
093420261010,2026101034,9,4,5,012718,大橋徹,,12.1,1車身,,0,0
093420261010,2026101034,9,5,3,015259,小林稜武,,12.2,1/8車輪,,0,1
093420261010,2026101034,9,6,4,012809,高峰賢治,,12.0,1/2車身,,0,0
093420261010,2026101034,9,7,7,015293,中里福太郎,,11.8,1/2車身,,0,0
015320261010,2026101053,1,1,4,016002,宮田龍一,逃,10.5,,,0,1
015320261010,2026101053,1,2,1,015286,土居佑次,マ,10.4,3/4車身,,1,0
015320261010,2026101053,1,3,6,012537,取鳥敬一,,10.2,1/2車身,,0,0
015320261010,2026101053,1,4,7,013651,井山和裕,,10.3,1/4車輪,,0,0
015320261010,2026101053,1,5,5,012406,濱田昭一郎,,10.1,1/2車身,,0,0
015320261010,2026101053,1,6,2,012847,古閑良介,,11.1,大差,,0,0
015320261010,2026101053,1,7,3,014319,中野彰人,,0.0,大差,,0,0
025320261010,2026101053,2,1,5,014559,田山誠,逃,10.7,,,0,1
025320261010,2026101053,2,2,7,013272,古田義明,差,10.4,3/4車身,,0,0
025320261010,2026101053,2,3,1,014033,藤縄洋介,,10.5,1/4車輪,,1,0
025320261010,2026101053,2,4,3,015542,中嶋樹,,10.7,1/2車輪,,0,0
025320261010,2026101053,2,5,4,012530,池上孝之,,10.5,1車身,,0,0
025320261010,2026101053,2,6,6,014395,竹田慎一,,10.8,4車身,,0,0
025320261010,2026101053,2,7,2,013663,中野功史,,0.0,大差,,0,0
035320261010,2026101053,3,1,2,014778,宮崎一彰,差,10.6,,,0,0
035320261010,2026101053,3,2,3,013451,松本大地,差,10.4,3/4車身,,1,0
035320261010,2026101053,3,3,1,016007,渡邊諒馬,,10.8,1/2車輪,,0,1
035320261010,2026101053,3,4,4,013897,加藤大輔,,10.4,3/4車身,,0,0
035320261010,2026101053,3,5,7,013492,坂本智哉,,10.2,1/2車輪,,0,0
035320261010,2026101053,3,6,6,015739,楠本政明,,10.7,3/4車身,,0,0
035320261010,2026101053,3,7,5,014780,古川大輔,,12.6,大差,,0,0
045320261010,2026101053,4,1,1,015637,近藤雄太,捲,10.0,,,1,0
045320261010,2026101053,4,2,3,015000,藤井準也,差,10.2,2車身,,0,0
045320261010,2026101053,4,3,2,016020,飯田怜治,,10.0,3/4車輪,,0,0
045320261010,2026101053,4,4,4,014776,川上修平,,10.1,1/2車輪,,0,0
045320261010,2026101053,4,5,7,014979,黒川渉,,10.2,3/4車身,,0,0
045320261010,2026101053,4,6,5,013366,加藤昌平,,10.0,1/4車輪,,0,0
045320261010,2026101053,4,7,6,015900,花田雄飛,,10.5,3/4車輪,,0,1
055320261010,2026101053,5,1,2,015558,川野深,逃,10.3,,,0,1
055320261010,2026101053,5,2,1,013354,國村洋,マ,10.2,1/8車輪,,1,0
055320261010,2026101053,5,3,3,015126,高山雄丞,,10.2,5車身,,0,0
055320261010,2026101053,5,4,6,013142,黒田大介,,10.1,1/8車輪,,0,0
055320261010,2026101053,5,5,5,014094,有馬雄二,,10.1,1車身,,0,0
055320261010,2026101053,5,6,4,015827,藤原夏志,,10.3,1車輪,,0,0
055320261010,2026101053,5,7,7,015112,日浦崇道,,0.0,大差,,0,0
065320261010,2026101053,6,1,3,015746,峯口司,捲,9.7,,,0,0
065320261010,2026101053,6,2,4,015056,田村風起,差,9.8,1車身1/2,,0,0
065320261010,2026101053,6,3,2,015114,谷口友真,,10.0,1/2車身,,0,1
065320261010,2026101053,6,4,5,015644,中野光太郎,,9.4,1車輪,,0,0
065320261010,2026101053,6,5,7,013127,北浦弘幹,,9.8,1車輪,,0,0
065320261010,2026101053,6,6,1,014321,石坂永伍,,9.4,3/4車身,,1,0
065320261010,2026101053,6,7,6,012242,穴井利久,,11.5,大差,,0,0
075320261010,2026101053,7,1,4,015903,谷澤優貴,逃,10.3,,,0,1
075320261010,2026101053,7,2,1,013199,北野武史,マ,10.2,1/8車輪,,1,0
075320261010,2026101053,7,3,5,014843,峰重祐之介,,10.1,3/4車身,,0,0
075320261010,2026101053,7,4,6,013575,渡会啓介,,10.1,3/4車身,,0,0
075320261010,2026101053,7,5,2,015208,金ヶ江勇気,,10.1,1車身,,0,0
075320261010,2026101053,7,6,7,014789,茅野寛史,,10.1,3/4車身,,0,0
075320261010,2026101053,7,7,3,015741,堀川敬太郎,,11.4,大差,,0,0
085320261010,2026101053,8,1,2,014594,太田剛司,捲,9.9,,,0,0
085320261010,2026101053,8,2,3,014671,山田裕哉,マ,9.9,1/2車身,,1,0
085320261010,2026101053,8,3,1,015375,村上竜馬,,10.5,3/4車身,,0,1
085320261010,2026101053,8,4,6,013895,松尾大樹,,10.3,3車身,,0,0
085320261010,2026101053,8,5,7,015933,山本康旗,,10.6,3/4車身,,0,0
085320261010,2026101053,8,6,5,015812,森崎英登,,10.4,1/2車身,,0,0
085320261010,2026101053,8,7,4,012760,櫻井宏智,,10.4,1/4車輪,,0,0
095320261010,2026101053,9,1,1,015202,今野大輔,差,10.1,,,1,0
095320261010,2026101053,9,2,2,015919,藤田楓,逃,10.2,1/8車輪,,0,1
095320261010,2026101053,9,3,3,014775,小原周祐,,10.1,1/2車身,,0,0
095320261010,2026101053,9,4,5,015556,上野恭哉,,10.0,1/2車身,,0,0
095320261010,2026101053,9,5,6,013667,田中洋輔,,9.9,1車身,,0,0
095320261010,2026101053,9,6,4,013640,西村豊,,10.4,5車身,,0,0
095320261010,2026101053,9,7,7,015623,野崎翼,,10.9,3車身,,0,0
018420261010,2026101084,1,1,5,015855,大浦彩瑛,逃,12.8,,,1,1
018420261010,2026101084,1,2,2,015755,神戸暖稀羽,マ,12.8,1/2車身,,0,0
018420261010,2026101084,1,3,4,015679,又多風緑,,12.8,1/2車身,,0,0
018420261010,2026101084,1,4,1,015027,長澤彩,,12.8,3/4車身,,0,0
018420261010,2026101084,1,5,3,015078,三宅玲奈,,12.8,3/4車身,,0,0
018420261010,2026101084,1,6,6,015856,野寺梓,,12.9,1/2車身,,0,0
028420261010,2026101084,2,1,7,015584,西脇美唯奈,差,12.2,,,0,0
028420261010,2026101084,2,2,2,015398,藤田まりあ,捲,12.3,1/2車輪,,0,1
028420261010,2026101084,2,3,6,015309,黒沢夢姫,,12.2,3/4車身,,0,0
028420261010,2026101084,2,4,4,015955,岩元杏奈,,12.5,1/2車身,,1,0
028420261010,2026101084,2,5,1,015761,吉村美有紀,,12.2,1/4車輪,,0,0
028420261010,2026101084,2,6,5,014896,野口諭実可,,12.4,1車身1/2,,0,0
028420261010,2026101084,2,7,3,014904,渡辺ゆかり,,12.3,3/4車身,,0,0
038420261010,2026101084,3,1,5,013972,富永昌久,差,12.3,,,0,0
038420261010,2026101084,3,2,1,015571,吉田悟,逃,12.5,3/4車輪,,0,1
038420261010,2026101084,3,3,4,013513,南和夫,,12.2,1/2車身,,0,0
038420261010,2026101084,3,4,2,012906,太田良政,,12.1,3/4車輪,,0,0
038420261010,2026101084,3,5,7,015923,右近陸人,,12.3,1車輪,,1,0
038420261010,2026101084,3,6,3,011715,黒木誠一,,12.1,1/2車身,,0,0
038420261010,2026101084,3,7,6,011431,梶應弘樹,,0.0,大差,,0,0
048420261010,2026101084,4,1,7,014842,川本琢也,捲,12.9,,,0,0
048420261010,2026101084,4,2,1,012671,滝川秀嗣,差,12.7,1/8車輪,,0,0
048420261010,2026101084,4,3,2,012754,小野祐作,,12.9,1車身,,1,0
048420261010,2026101084,4,4,3,016005,清家大夢,,13.2,1/8車輪,,0,1
048420261010,2026101084,4,5,4,012597,塚本貴雄,,13.0,1車身,,0,0
048420261010,2026101084,4,6,5,013588,齋藤仁,,13.5,4車身,,0,0
048420261010,2026101084,4,7,6,011382,清水広幸,,0.0,大差,,0,0
058420261010,2026101084,5,1,3,013131,藤野一良,差,11.6,,,0,0
058420261010,2026101084,5,2,7,015988,鴨下佳朋,捲,11.9,3/4車身,,0,1
058420261010,2026101084,5,3,1,014765,樫村伸平,,11.8,1車身1/2,,0,0
058420261010,2026101084,5,4,6,013591,山本宏明,,11.6,1車輪,,0,0
058420261010,2026101084,5,5,4,015482,松本一志,,12.0,1/2車輪,,0,0
058420261010,2026101084,5,6,5,012319,高尾剛文,,11.8,3/4車輪,,0,0
058420261010,2026101084,5,7,2,015215,照屋将貴,,12.1,3/4車身,,1,0
068420261010,2026101084,6,1,3,016008,久保田智之,逃,11.3,,,0,1
068420261010,2026101084,6,2,1,014265,松永真太,マ,11.3,1/2車身,,0,0
068420261010,2026101084,6,3,7,014686,秋永昂人,,11.4,4車身,,1,0
068420261010,2026101084,6,4,2,015110,小出慎也,,11.3,1/2車輪,,0,0
068420261010,2026101084,6,5,5,015283,安本昇平,,11.2,1/2車輪,,0,0
068420261010,2026101084,6,6,4,015270,元砂海人,,11.4,2車身,,0,0
068420261010,2026101084,6,7,6,013505,住村実,,11.5,5車身,,0,0
078420261010,2026101084,7,1,2,016023,滿田光紀,捲,11.6,,,1,1
078420261010,2026101084,7,2,5,014829,桜井雄太,捲,11.5,4車身,,0,0
078420261010,2026101084,7,3,6,015549,阿部龍也,,11.8,3車身,,0,0
078420261010,2026101084,7,4,1,013735,井上剛,,11.7,3/4車輪,,0,0
078420261010,2026101084,7,5,7,012832,仙石淳,,12.1,3/4車輪,,0,0
078420261010,2026101084,7,6,4,014652,原清孝,,11.6,3/4車身,,0,0
078420261010,2026101084,7,7,3,013264,山中貴雄,,11.7,2車身,,0,0
014320261010,2026101043,1,1,5,015841,中西勇,逃,12.7,,,1,1
014320261010,2026101043,1,2,7,013767,松丸裕紀,マ,12.5,1/4車輪,,0,0
014320261010,2026101043,1,3,1,014027,臼井昌巨,,12.4,3/4車身,,0,0
014320261010,2026101043,1,4,4,012208,鰐渕正利,,12.3,1/2車輪,,0,0
014320261010,2026101043,1,5,6,012913,増田鉄男,,12.4,3車身,,0,0
014320261010,2026101043,1,6,2,011198,大竹慎吾,,12.5,1車身1/2,,0,0
014320261010,2026101043,1,7,3,013794,川西亮介,,13.1,6車身,,0,0
024320261010,2026101043,2,1,4,016025,高佐龍太郎,捲,11.4,,,0,1
024320261010,2026101043,2,2,3,014120,永田修一,マ,11.4,1車身,,1,0
024320261010,2026101043,2,3,5,012383,田村光昭,,12.0,6車身,,0,0
024320261010,2026101043,2,4,2,014705,沢田勇治,,12.1,1/2車身,,0,0
024320261010,2026101043,2,5,7,012547,横瀬聡,,11.8,1車輪,,0,0
024320261010,2026101043,2,6,1,013964,高田大輔,,11.7,2車身,,0,0
024320261010,2026101043,2,7,6,014413,松本充生,,12.3,3車身,,0,0
034320261010,2026101043,3,1,1,015994,林欣司,捲,11.7,,,0,0
034320261010,2026101043,3,2,4,013480,林洋二,マ,11.7,1/2車身,,0,0
034320261010,2026101043,3,3,6,013861,岡田大門,,11.6,3/4車身,,0,0
034320261010,2026101043,3,4,2,014274,吉成晃一,,11.6,1車身1/2,,0,0
034320261010,2026101043,3,5,3,013802,大林亮介,,12.0,3/4車身,,1,0
034320261010,2026101043,3,6,5,011665,倉岡慎太郎,,11.5,1/2車輪,,0,0
034320261010,2026101043,3,7,7,014407,森佑樹,,12.3,2車身,,0,1
044320261010,2026101043,4,1,4,015912,安達豪太,差,12.0,,,0,0
044320261010,2026101043,4,2,3,016003,吉岡竜太,逃,12.3,3/4車身,,0,1
044320261010,2026101043,4,3,2,013796,陶器一馬,,12.0,1/2車身,,1,0
044320261010,2026101043,4,4,5,011417,小川巧,,12.3,1/2車輪,,0,0
044320261010,2026101043,4,5,6,011451,重一徳,,11.9,1車身,,0,0
044320261010,2026101043,4,6,7,013128,梶原秀庸,,12.1,1/4車輪,,0,0
044320261010,2026101043,4,7,1,015295,篠田樹,,12.7,5車身,,0,0
054320261010,2026101043,5,1,2,015765,竹野百香,逃,12.8,,,0,1
054320261010,2026101043,5,2,4,015408,高尾貴美歌,マ,12.7,1/4車輪,,0,0
054320261010,2026101043,5,3,7,014903,増茂るるこ,,12.6,1/2車身,,1,0
054320261010,2026101043,5,4,1,015071,佐藤亜貴子,,12.7,1車身,,0,0
054320261010,2026101043,5,5,5,015310,梶原百香,,12.8,1/2車身,,0,0
054320261010,2026101043,5,6,3,015307,田中千尋,,12.7,3/4車身,,0,0
054320261010,2026101043,5,7,6,016027,松下彩也香,,12.7,1/2車身,,0,0
064320261010,2026101043,6,1,4,016030,川上いちご,逃,13.0,,,0,1
064320261010,2026101043,6,2,6,015764,宇野紅音,マ,13.0,1車身1/2,,0,0
064320261010,2026101043,6,3,7,015948,西田美菜,,13.1,3車身,,1,0
064320261010,2026101043,6,4,1,015684,安東莉奈,,13.2,3/4車輪,,0,0
064320261010,2026101043,6,5,3,015940,千葉捺美,,13.2,3/4車身,,0,0
064320261010,2026101043,6,6,5,015938,牧田咲子,,13.1,1/4車輪,,0,0
064320261010,2026101043,6,7,2,015862,中原恭恵,,13.5,3車身,,0,0
074320261010,2026101043,7,1,5,015810,瀧川幸広,逃,12.1,,,1,1
074320261010,2026101043,7,2,2,014747,猪俣康一,マ,12.0,3/4車身,,0,0
074320261010,2026101043,7,3,1,014340,古川貴之,,12.0,1/4車輪,,0,0
074320261010,2026101043,7,4,7,014414,是永幸寛,,11.9,3/4車輪,,0,0
074320261010,2026101043,7,5,4,013119,松尾淳,,12.0,1/2車輪,,0,0
074320261010,2026101043,7,6,6,014335,中園朋亨,,11.9,3/4車身,,0,0
074320261010,2026101043,7,7,3,013892,梶山裕次郎,,11.8,タイヤ,,0,0
084320261010,2026101043,8,1,2,014258,片山智晴,差,12.1,,,0,0
084320261010,2026101043,8,2,3,012971,小川将人,差,11.8,3/4車身,,0,0
084320261010,2026101043,8,2,5,015372,野上竜太,逃,12.3,3/4車身,,0,1
084320261010,2026101043,8,4,1,013641,竹内一暢,,11.9,3/4車輪,,1,0
084320261010,2026101043,8,4,7,014133,高橋紀史,,12.1,3/4車輪,,0,0
084320261010,2026101043,8,6,6,012681,辻力,,11.8,1車身,,0,0
084320261010,2026101043,8,7,4,015910,土生智徳,,13.4,大差,,0,0
094320261010,2026101043,9,1,4,014598,岡崎祥伍,差,11.9,,,0,0
094320261010,2026101043,9,2,7,015820,岩元叶馬,逃,12.2,1/2車輪,,0,1
094320261010,2026101043,9,3,3,014556,小川祐司,,12.1,1車身,,0,0
094320261010,2026101043,9,4,2,012766,立石拓也,,11.8,1車身,,0,0
094320261010,2026101043,9,5,6,015563,久保光司,,13.0,大差,,0,0
094320261010,2026101043,9,0,1,014600,山田祥明,,0.0,,失格,1,0
094320261010,2026101043,9,0,5,013652,隅直幸,,0.0,,落車,0,0
104320261010,2026101043,10,1,5,015734,岡崎陸登,逃,12.1,,,0,1
104320261010,2026101043,10,2,1,014704,阿部充宏,マ,12.1,1/2車身,,1,0
104320261010,2026101043,10,3,4,014408,守安政雄,,12.0,3/4車輪,,0,0
104320261010,2026101043,10,4,3,015929,鶴淳志,,11.8,3/4車輪,,0,0
104320261010,2026101043,10,5,2,013581,薮謙治,,11.9,3/4車輪,,0,0
104320261010,2026101043,10,6,7,014784,萱島大介,,11.9,1車身1/2,,0,0
104320261010,2026101043,10,7,6,015722,竹澤雅也,,12.2,1/2車輪,,0,0
114320261010,2026101043,11,1,1,014178,伊原克彦,差,11.3,,,0,0
114320261010,2026101043,11,2,5,015184,中野雄喜,捲,11.4,3/4車輪,,0,0
114320261010,2026101043,11,3,4,013653,森安崇之,,11.3,1/2車身,,0,0
114320261010,2026101043,11,4,2,015751,半田誠,,11.2,3/4車身,,0,0
114320261010,2026101043,11,5,7,013824,上吹越直樹,,11.1,3/4車身,,0,0
114320261010,2026101043,11,6,6,013483,宮越孝治,,11.7,1車身,,1,0
114320261010,2026101043,11,7,3,015535,佐藤竜太,,11.8,1/2車身,,0,1
014620261010,2026101046,1,1,2,015888,水澤秀哉,逃,10.1,,,1,1
014620261010,2026101046,1,2,4,011800,三住博昭,マ,9.9,1/2車身,,0,0
014620261010,2026101046,1,3,5,015752,石川航大,,9.9,1/2車輪,,0,0
014620261010,2026101046,1,4,6,015831,三木健正,,9.8,3/4車輪,,0,0
014620261010,2026101046,1,5,3,015212,山口龍也,,9.8,1/2車輪,,0,0
014620261010,2026101046,1,6,7,014687,井上将志,,9.8,1車身,,0,0
014620261010,2026101046,1,7,1,013349,三宅旬,,9.9,1/2車輪,,0,0
024620261010,2026101046,2,1,2,014845,表原周,逃,10.8,,,0,1
024620261010,2026101046,2,2,7,014192,野本翔太,マ,10.7,1/2車身,,0,0
024620261010,2026101046,2,3,1,012684,四宮哲郎,,10.5,1車輪,,0,0
024620261010,2026101046,2,4,5,014479,金子浩貴,,10.7,1/2車輪,,0,0
024620261010,2026101046,2,5,6,015906,林佳宗依,,11.6,大差,,0,0
024620261010,2026101046,2,0,3,015526,梅田加津也,,0.0,,落車,1,0
024620261010,2026101046,2,0,4,014823,渡辺聖,,0.0,,落車,0,0
034620261010,2026101046,3,1,2,015193,藏本徹二,差,10.2,,,0,0
034620261010,2026101046,3,2,5,015922,中田拓也,逃,10.3,1/2車輪,,0,1
034620261010,2026101046,3,3,7,014862,坂本将太郎,,10.1,3/4車身,,0,0
034620261010,2026101046,3,4,3,014334,高倉俊宏,,9.8,1/8車輪,,0,0
034620261010,2026101046,3,5,4,013155,四元慎也,,10.1,1車身,,0,0
034620261010,2026101046,3,6,6,013587,船曳義之,,10.0,3/4車輪,,0,0
034620261010,2026101046,3,7,1,015351,宮下一歩,,10.5,1/2車身,,1,0
044620261010,2026101046,4,1,1,013638,村上卓茂,差,10.0,,,0,0
044620261010,2026101046,4,2,7,013716,佐藤亙,逃,10.1,1/4車輪,,0,1
044620261010,2026101046,4,3,6,013298,井手健,,10.0,1/2車身,,0,0
044620261010,2026101046,4,4,3,014280,井上公利,,10.1,3/4車身,,0,0
044620261010,2026101046,4,5,4,013179,飯島淳,,10.1,3/4車身,,0,0
044620261010,2026101046,4,6,2,013845,加賀美智史,,10.1,2車身,,1,0
044620261010,2026101046,4,0,5,015907,上杉有弘,,0.0,,欠車,0,0
054620261010,2026101046,5,1,7,013994,杉山悠也,差,10.5,,,0,0
054620261010,2026101046,5,2,2,015821,志田愛希飛,捲,10.7,1/2車輪,,0,1
054620261010,2026101046,5,3,1,015689,菊地圭,,10.7,1/2車輪,,1,0
054620261010,2026101046,5,4,6,015446,林敬宏,,10.3,1車輪,,0,0
054620261010,2026101046,5,5,5,013959,鷲田佳史,,10.4,3/4車身,,0,0
054620261010,2026101046,5,6,4,013993,佐藤朋也,,10.6,1/4車輪,,0,0
054620261010,2026101046,5,0,3,015346,鈴木薫,,0.0,,落車,0,0
064620261010,2026101046,6,1,1,015144,鈴木奈央,捲,10.3,,,0,0
064620261010,2026101046,6,2,5,015020,奥井迪,逃,10.5,1車身,,0,1
064620261010,2026101046,6,3,4,015490,杉浦菜留,,10.4,3/4車身,,1,0
064620261010,2026101046,6,4,7,015957,成海綾香,,10.5,3/4車輪,,0,0
064620261010,2026101046,6,5,3,015075,溝口香奈,,10.2,1車身,,0,0
064620261010,2026101046,6,6,2,016037,森この芽,,10.4,1/2車輪,,0,0
064620261010,2026101046,6,7,6,015397,新井美菜,,10.4,3車身,,0,0
074620261010,2026101046,7,1,6,015947,北岡マリア,捲,10.5,,,0,0
074620261010,2026101046,7,2,2,015140,鈴木彩夏,差,10.4,1車身,,0,0
074620261010,2026101046,7,3,1,015863,磯村光舞,,10.7,1車身,,1,0
074620261010,2026101046,7,4,3,015573,蛯原杏奈,,10.5,1/8車輪,,0,0
074620261010,2026101046,7,5,5,016042,露谷菜々花,,10.8,1車輪,,0,1
074620261010,2026101046,7,6,7,015775,羽田野愛花,,10.8,1車身,,0,0
074620261010,2026101046,7,7,4,015951,今西瑠花,,10.5,タイヤ,,0,0
084620261010,2026101046,8,1,4,015546,山根将太,逃,10.1,,,0,1
084620261010,2026101046,8,2,1,015733,都築巧,マ,10.0,1/4車輪,,0,0
084620261010,2026101046,8,3,2,014606,稲毛健太,,9.8,3/4車輪,,0,0
084620261010,2026101046,8,4,3,015441,鈴木陸来,,9.7,1/4車輪,,1,0
084620261010,2026101046,8,5,7,015438,佐々木和紀,,9.6,1/4車輪,,0,0
084620261010,2026101046,8,6,5,014309,水谷好宏,,10.1,3車身,,0,0
084620261010,2026101046,8,7,6,015416,小笠原光,,10.5,9車身,,0,0
094620261010,2026101046,9,1,7,015340,幸田望夢,捲,9.7,,,0,0
094620261010,2026101046,9,2,3,014576,中田雄喜,マ,9.6,3/4車輪,,0,0
094620261010,2026101046,9,3,1,014168,高橋和也,,9.5,3/4車身,,1,0
094620261010,2026101046,9,4,4,014248,吉川起也,,9.5,3/4車身,,0,0
094620261010,2026101046,9,5,5,014399,佐川翔吾,,10.0,1車身,,0,0
094620261010,2026101046,9,6,6,014978,谷口明正,,9.5,1車身,,0,0
094620261010,2026101046,9,7,2,015366,張野幸聖,,10.4,1車身1/2,,0,1
104620261010,2026101046,10,1,4,014863,一戸康宏,捲,9.7,,,0,0
104620261010,2026101046,10,2,3,014108,山中貴雄,差,9.7,3/4車身,,0,0
104620261010,2026101046,10,3,2,015296,上田尭弥,,9.5,1/2車身,,0,0
104620261010,2026101046,10,4,1,014499,佐藤博紀,,9.2,1車輪,,0,0
104620261010,2026101046,10,5,7,014955,市橋司優人,,9.4,1/4車輪,,0,0
104620261010,2026101046,10,6,5,015725,青木瑞樹,,9.9,1/4車輪,,0,1
104620261010,2026101046,10,7,6,014186,網谷竜次,,9.6,1/2車輪,,0,0
114620261010,2026101046,11,1,3,015521,中島詩音,逃,9.8,,,0,1
114620261010,2026101046,11,2,5,014163,内田英介,差,9.7,1/2車身,,1,0
114620261010,2026101046,11,3,1,013410,伊勢崎彰大,,9.5,1車身,,0,0
114620261010,2026101046,11,4,2,015448,長屋秀明,,9.7,3/4車身,,0,0
114620261010,2026101046,11,5,6,015816,伊東佑晟,,9.9,3/4車身,,0,0
114620261010,2026101046,11,6,7,014147,柿沼信也,,10.1,3/4車輪,,0,0
114620261010,2026101046,11,7,4,015174,菊池竣太朗,,10.0,2車身,,0,0
124620261010,2026101046,12,1,5,015628,村田祐樹,逃,10.0,,,0,1
124620261010,2026101046,12,2,2,014977,川口聖二,マ,9.8,1/8車輪,,1,0
124620261010,2026101046,12,3,3,015043,大矢崇弘,,9.8,3/4車身,,0,0
124620261010,2026101046,12,4,6,014458,近藤保,,9.7,1/2車身,,0,0
124620261010,2026101046,12,5,4,015235,嵯峨昇喜郎,,10.0,1車輪,,0,0
124620261010,2026101046,12,6,1,014421,松川高大,,9.8,3車身,,0,0
124620261010,2026101046,12,7,7,015122,島川将貴,,9.9,3車身,,0,0
